arm,repeat,instance,instance_sha256,status,our_objective,published_objective,absolute_gap,relative_gap,matches_published,exact_objective,exact_relative_gap,matches_exact,independently_verified,wall_seconds,solver_seconds,iterations,time_limit,solver_options,git_commit,machine,timestamp_utc
base,1,25fv47,e0da0d47ae56bef34f11ac03563027da57dd4ab792d978c0dc8e27a16117f627,optimal,5501.84588828675,5501.8458883,1.3250428310129791e-08,2.4083604992112937e-12,1,0.55018458882867447945812325883916e4,9.918431598121063e-16,1,1,0.331141,0.314054087,4586,120.0,threads=1,5c15999,"cloud container (docker); Intel(R) Xeon(R) Processor @ 2.10GHz; 4 cores; 16 GiB RAM; Linux-x86_64; quiet, one job at a time",2026-09-30T12:35:48+00:00
new,1,25fv47,e0da0d47ae56bef34f11ac03563027da57dd4ab792d978c0dc8e27a16117f627,optimal,5501.84588828675,5501.8458883,1.3250428310129791e-08,2.4083604992112937e-12,1,0.55018458882867447945812325883916e4,9.918431598121063e-16,1,1,0.325977,0.308348199,4586,120.0,threads=1,d03f115,"cloud container (docker); Intel(R) Xeon(R) Processor @ 2.10GHz; 4 cores; 16 GiB RAM; Linux-x86_64; quiet, one job at a time",2026-09-30T12:35:49+00:00
new,1,80bau3b,22aef70f5ce164435b15c5c0aa3be93a99932dc136eb936eb17835a661087b9f,optimal,987224.192409091,987232.16072,7.9683109089965,8.071364797501246e-06,0,0.98722419240909025757911711738799e6,8.254530825464809e-16,1,1,0.385266,0.332103613,3887,120.0,threads=1,d03f115,"cloud container (docker); Intel(R) Xeon(R) Processor @ 2.10GHz; 4 cores; 16 GiB RAM; Linux-x86_64; quiet, one job at a time",2026-09-30T12:35:50+00:00
base,1,80bau3b,22aef70f5ce164435b15c5c0aa3be93a99932dc136eb936eb17835a661087b9f,optimal,987224.192409091,987232.16072,7.9683109089965,8.071364797501246e-06,0,0.98722419240909025757911711738799e6,8.254530825464809e-16,1,1,0.37022,0.320852612,3887,120.0,threads=1,5c15999,"cloud container (docker); Intel(R) Xeon(R) Processor @ 2.10GHz; 4 cores; 16 GiB RAM; Linux-x86_64; quiet, one job at a time",2026-09-30T12:35:52+00:00
base,1,adlittle,db211f7bf735518a246a2a0e385ec51abc09cd601da7ae50d6c3fe083cb6f94b,optimal,225494.96316238042,225494.96316,2.3804022930562496e-06,1.055634351959886e-11,1,0.22549496316238038228101176621492e6,1.29066432564952e-16,1,1,0.005118,0.000937716,86,120.0,threads=1,5c15999,"cloud container (docker); Intel(R) Xeon(R) Processor @ 2.10GHz; 4 cores; 16 GiB RAM; Linux-x86_64; quiet, one job at a time",2026-09-30T12:35:52+00:00
new,1,adlittle,db211f7bf735518a246a2a0e385ec51abc09cd601da7ae50d6c3fe083cb6f94b,optimal,225494.96316238042,225494.96316,2.3804022930562496e-06,1.055634351959886e-11,1,0.22549496316238038228101176621492e6,1.29066432564952e-16,1,1,0.005999,0.00120617,86,120.0,threads=1,d03f115,"cloud container (docker); Intel(R) Xeon(R) Processor @ 2.10GHz; 4 cores; 16 GiB RAM; Linux-x86_64; quiet, one job at a time",2026-09-30T12:35:52+00:00
new,1,afiro,04992b87e57e57c1c417c96b846833bfa12e055eeaa623f043c45fc773b5be41,optimal,-464.75314285714285,-464.75314286,2.857177605619654e-09,6.147731649617561e-12,1,-0.46475314285714285714285714285714e3,0.0,1,1,0.00489,0.000378172,13,120.0,threads=1,d03f115,"cloud container (docker); Intel(R) Xeon(R) Processor @ 2.10GHz; 4 cores; 16 GiB RAM; Linux-x86_64; quiet, one job at a time",2026-09-30T12:35:52+00:00
base,1,afiro,04992b87e57e57c1c417c96b846833bfa12e055eeaa623f043c45fc773b5be41,optimal,-464.75314285714285,-464.75314286,2.857177605619654e-09,6.147731649617561e-12,1,-0.46475314285714285714285714285714e3,0.0,1,1,0.004202,0.000300332,13,120.0,threads=1,5c15999,"cloud container (docker); Intel(R) Xeon(R) Processor @ 2.10GHz; 4 cores; 16 GiB RAM; Linux-x86_64; quiet, one job at a time",2026-09-30T12:35:52+00:00
base,1,agg,d7844795d0c799f5cdc1416c8d242f5e8f351f5a3271f42a2d428f170abf1f03,optimal,-35991767.2865765,-35991767.287,0.0004234984517097473,1.1766536728601052e-11,1,-0.35991767286576506712640824319636e8,2.070079120483366e-16,1,1,0.010124,0.004075553,140,120.0,threads=1,5c15999,"cloud container (docker); Intel(R) Xeon(R) Processor @ 2.10GHz; 4 cores; 16 GiB RAM; Linux-x86_64; quiet, one job at a time",2026-09-30T12:35:52+00:00
new,1,agg,d7844795d0c799f5cdc1416c8d242f5e8f351f5a3271f42a2d428f170abf1f03,optimal,-35991767.2865765,-35991767.287,0.0004234984517097473,1.1766536728601052e-11,1,-0.35991767286576506712640824319636e8,2.070079120483366e-16,1,1,0.00962,0.003866093,140,120.0,threads=1,d03f115,"cloud container (docker); Intel(R) Xeon(R) Processor @ 2.10GHz; 4 cores; 16 GiB RAM; Linux-x86_64; quiet, one job at a time",2026-09-30T12:35:52+00:00
new,1,agg2,0515e9b78a802f9473578b23a7a60075554fc39ea7b5796fb41530cd760e4534,optimal,-20239252.355977118,-20239252.356,2.2880733013153076e-05,1.130512758608398e-12,1,-0.20239252355977109024317661926133e8,3.6812528772701937e-16,1,1,0.011554,0.003901632,165,120.0,threads=1,d03f115,"cloud container (docker); Intel(R) Xeon(R) Processor @ 2.10GHz; 4 cores; 16 GiB RAM; Linux-x86_64; quiet, one job at a time",2026-09-30T12:35:52+00:00
base,1,agg2,0515e9b78a802f9473578b23a7a60075554fc39ea7b5796fb41530cd760e4534,optimal,-20239252.355977118,-20239252.356,2.2880733013153076e-05,1.130512758608398e-12,1,-0.20239252355977109024317661926133e8,3.6812528772701937e-16,1,1,0.011795,0.003935597,165,120.0,threads=1,5c15999,"cloud container (docker); Intel(R) Xeon(R) Processor @ 2.10GHz; 4 cores; 16 GiB RAM; Linux-x86_64; quiet, one job at a time",2026-09-30T12:35:52+00:00
base,1,agg3,1a6e78a0b7d210c935c97527ce49449d0655f9605fcbc33bfdfc93952f3b12d1,optimal,10312115.935089227,10312115.935,8.922629058361053e-05,8.652568604351182e-12,1,0.10312115935089225579061058796215e8,1.8062686270747795e-16,1,1,0.011684,0.004260041,168,120.0,threads=1,5c15999,"cloud container (docker); Intel(R) Xeon(R) Processor @ 2.10GHz; 4 cores; 16 GiB RAM; Linux-x86_64; quiet, one job at a time",2026-09-30T12:35:52+00:00
new,1,agg3,1a6e78a0b7d210c935c97527ce49449d0655f9605fcbc33bfdfc93952f3b12d1,optimal,10312115.935089227,10312115.935,8.922629058361053e-05,8.652568604351182e-12,1,0.10312115935089225579061058796215e8,1.8062686270747795e-16,1,1,0.011253,0.003960911,168,120.0,threads=1,d03f115,"cloud container (docker); Intel(R) Xeon(R) Processor @ 2.10GHz; 4 cores; 16 GiB RAM; Linux-x86_64; quiet, one job at a time",2026-09-30T12:35:52+00:00
new,1,bandm,696daa77a79a0715c2fad877285e49bd7fcd7f5513f3cb83fbe0be916b6d8c81,optimal,-158.62801845012086,-158.62801845,1.2084910849807784e-10,7.61839614961652e-13,1,-0.15862801845012064052174123768736e3,1.4333765098044641e-15,1,1,0.025633,0.01503805,520,120.0,threads=1,d03f115,"cloud container (docker); Intel(R) Xeon(R) Processor @ 2.10GHz; 4 cores; 16 GiB RAM; Linux-x86_64; quiet, one job at a time",2026-09-30T12:35:52+00:00
base,1,bandm,696daa77a79a0715c2fad877285e49bd7fcd7f5513f3cb83fbe0be916b6d8c81,optimal,-158.62801845012086,-158.62801845,1.2084910849807784e-10,7.61839614961652e-13,1,-0.15862801845012064052174123768736e3,1.4333765098044641e-15,1,1,0.018281,0.010974014,520,120.0,threads=1,5c15999,"cloud container (docker); Intel(R) Xeon(R) Processor @ 2.10GHz; 4 cores; 16 GiB RAM; Linux-x86_64; quiet, one job at a time",2026-09-30T12:35:53+00:00
base,1,beaconfd,7138e7b58b1d6160f1ad42112a61ed00b5db1c92d73dc48d77f6a26fc717dbfc,optimal,33592.485807200006,33592.485807,2.000087988562882e-07,5.953974350258128e-12,1,0.335924858072e5,2.1659479610835895e-16,1,1,0.010697,0.001991476,115,120.0,threads=1,5c15999,"cloud container (docker); Intel(R) Xeon(R) Processor @ 2.10GHz; 4 cores; 16 GiB RAM; Linux-x86_64; quiet, one job at a time",2026-09-30T12:35:53+00:00
new,1,beaconfd,7138e7b58b1d6160f1ad42112a61ed00b5db1c92d73dc48d77f6a26fc717dbfc,optimal,33592.485807200006,33592.485807,2.000087988562882e-07,5.953974350258128e-12,1,0.335924858072e5,2.1659479610835895e-16,1,1,0.011333,0.002052242,115,120.0,threads=1,d03f115,"cloud container (docker); Intel(R) Xeon(R) Processor @ 2.10GHz; 4 cores; 16 GiB RAM; Linux-x86_64; quiet, one job at a time",2026-09-30T12:35:53+00:00
new,1,blend,38e1d84a38f1e0adaa16d3dd0abe758f6cea13a21f33681aa92742b693260aef,optimal,-30.812149845828223,-30.812149846,1.7177725908368302e-10,5.574984541560087e-12,1,-0.30812149845828220173774356124984e2,1.1530236275549973e-16,1,1,0.005837,0.001149973,99,120.0,threads=1,d03f115,"cloud container (docker); Intel(R) Xeon(R) Processor @ 2.10GHz; 4 cores; 16 GiB RAM; Linux-x86_64; quiet, one job at a time",2026-09-30T12:35:53+00:00
base,1,blend,38e1d84a38f1e0adaa16d3dd0abe758f6cea13a21f33681aa92742b693260aef,optimal,-30.812149845828223,-30.812149846,1.7177725908368302e-10,5.574984541560087e-12,1,-0.30812149845828220173774356124984e2,1.1530236275549973e-16,1,1,0.005345,0.001372916,99,120.0,threads=1,5c15999,"cloud container (docker); Intel(R) Xeon(R) Processor @ 2.10GHz; 4 cores; 16 GiB RAM; Linux-x86_64; quiet, one job at a time",2026-09-30T12:35:53+00:00
base,1,bnl1,7a842adca058eaa3cb712b3bbae357602f22df6cc318c4d278f6600167fe2300,optimal,1977.629561522888,1977.6292856,0.00027592288802225085,1.3952204795477512e-07,1,0.19776295615228892439564398331821e4,5.748641703862406e-16,1,1,0.0703,0.059117768,1674,120.0,threads=1,5c15999,"cloud container (docker); Intel(R) Xeon(R) Processor @ 2.10GHz; 4 cores; 16 GiB RAM; Linux-x86_64; quiet, one job at a time",2026-09-30T12:35:53+00:00
new,1,bnl1,7a842adca058eaa3cb712b3bbae357602f22df6cc318c4d278f6600167fe2300,optimal,1977.629561522888,1977.6292856,0.00027592288802225085,1.3952204795477512e-07,1,0.19776295615228892439564398331821e4,5.748641703862406e-16,1,1,0.075051,0.062820153,1674,120.0,threads=1,d03f115,"cloud container (docker); Intel(R) Xeon(R) Processor @ 2.10GHz; 4 cores; 16 GiB RAM; Linux-x86_64; quiet, one job at a time",2026-09-30T12:35:54+00:00
new,1,bnl2,eafd7e49005db1a020d420b3fbed2e124bebf46740c0b2550edcbaa17b07ad6b,optimal,1811.236540358547,1811.2365404,4.145294951740652e-08,2.2886546617622845e-11,1,0.1811236540358545170448413697691e4,1.004280425562625e-15,1,1,0.203418,0.173221832,2377,120.0,threads=1,d03f115,"cloud container (docker); Intel(R) Xeon(R) Processor @ 2.10GHz; 4 cores; 16 GiB RAM; Linux-x86_64; quiet, one job at a time",2026-09-30T12:35:54+00:00
base,1,bnl2,eafd7e49005db1a020d420b3fbed2e124bebf46740c0b2550edcbaa17b07ad6b,optimal,1811.236540358547,1811.2365404,4.145294951740652e-08,2.2886546617622845e-11,1,0.1811236540358545170448413697691e4,1.004280425562625e-15,1,1,0.210665,0.183183956,2377,120.0,threads=1,5c15999,"cloud container (docker); Intel(R) Xeon(R) Processor @ 2.10GHz; 4 cores; 16 GiB RAM; Linux-x86_64; quiet, one job at a time",2026-09-30T12:35:54+00:00
base,1,boeing1,1d9d58afaf41bad6866d5355330b261d3776ca86753d121eb9b688ee6128ab9e,optimal,-335.213567507127,-335.21356751,2.8730369194818195e-09,8.570765619133575e-12,1,-0.3352135675071266218429697314682e3,1.0174424493053884e-15,1,1,0.017447,0.010635038,465,120.0,threads=1,5c15999,"cloud container (docker); Intel(R) Xeon(R) Processor @ 2.10GHz; 4 cores; 16 GiB RAM; Linux-x86_64; quiet, one job at a time",2026-09-30T12:35:54+00:00
new,1,boeing1,1d9d58afaf41bad6866d5355330b261d3776ca86753d121eb9b688ee6128ab9e,optimal,-335.213567507127,-335.21356751,2.8730369194818195e-09,8.570765619133575e-12,1,-0.3352135675071266218429697314682e3,1.0174424493053884e-15,1,1,0.020002,0.011376262,465,120.0,threads=1,d03f115,"cloud container (docker); Intel(R) Xeon(R) Processor @ 2.10GHz; 4 cores; 16 GiB RAM; Linux-x86_64; quiet, one job at a time",2026-09-30T12:35:54+00:00
new,1,boeing2,e12e729b8c09bf6e6934af40b728e460d4eb360c42419b791b68fb2271ddd61a,optimal,-315.0187280152028,-315.01872802,4.797243491339032e-09,1.522843902485208e-11,1,-0.31501872801520287870462195913263e3,3.608891396327696e-16,1,1,0.007755,0.002283172,223,120.0,threads=1,d03f115,"cloud container (docker); Intel(R) Xeon(R) Processor @ 2.10GHz; 4 cores; 16 GiB RAM; Linux-x86_64; quiet, one job at a time",2026-09-30T12:35:54+00:00
base,1,boeing2,e12e729b8c09bf6e6934af40b728e460d4eb360c42419b791b68fb2271ddd61a,optimal,-315.0187280152028,-315.01872802,4.797243491339032e-09,1.522843902485208e-11,1,-0.31501872801520287870462195913263e3,3.608891396327696e-16,1,1,0.006528,0.002418371,223,120.0,threads=1,5c15999,"cloud container (docker); Intel(R) Xeon(R) Processor @ 2.10GHz; 4 cores; 16 GiB RAM; Linux-x86_64; quiet, one job at a time",2026-09-30T12:35:54+00:00
base,1,bore3d,c7cfe0d4abd466346e3cda4e16d00651f44f3ce1da317cf583c5fed5dfc0515a,optimal,1373.080394208493,1373.0803942,8.493088898831047e-09,6.185427258816399e-12,1,0.13730803942084927215581987251301e4,3.3118770962322394e-16,1,1,0.00864,0.003087703,162,120.0,threads=1,5c15999,"cloud container (docker); Intel(R) Xeon(R) Processor @ 2.10GHz; 4 cores; 16 GiB RAM; Linux-x86_64; quiet, one job at a time",2026-09-30T12:35:55+00:00
new,1,bore3d,c7cfe0d4abd466346e3cda4e16d00651f44f3ce1da317cf583c5fed5dfc0515a,optimal,1373.080394208493,1373.0803942,8.493088898831047e-09,6.185427258816399e-12,1,0.13730803942084927215581987251301e4,3.3118770962322394e-16,1,1,0.009057,0.002490098,162,120.0,threads=1,d03f115,"cloud container (docker); Intel(R) Xeon(R) Processor @ 2.10GHz; 4 cores; 16 GiB RAM; Linux-x86_64; quiet, one job at a time",2026-09-30T12:35:55+00:00
new,1,brandy,56fa020b84a0a106b7883b7da006c2852449598898c41ec8dd2575151d0e0917,optimal,1518.509896488128,1518.5098965,1.1871861715917476e-08,7.818099666838409e-12,1,0.15185098964881283835426751550618e4,1.4973473401067798e-16,1,1,0.010838,0.004708252,299,120.0,threads=1,d03f115,"cloud container (docker); Intel(R) Xeon(R) Processor @ 2.10GHz; 4 cores; 16 GiB RAM; Linux-x86_64; quiet, one job at a time",2026-09-30T12:35:55+00:00
base,1,brandy,56fa020b84a0a106b7883b7da006c2852449598898c41ec8dd2575151d0e0917,optimal,1518.509896488128,1518.5098965,1.1871861715917476e-08,7.818099666838409e-12,1,0.15185098964881283835426751550618e4,1.4973473401067798e-16,1,1,0.011043,0.004891618,299,120.0,threads=1,5c15999,"cloud container (docker); Intel(R) Xeon(R) Processor @ 2.10GHz; 4 cores; 16 GiB RAM; Linux-x86_64; quiet, one job at a time",2026-09-30T12:35:55+00:00
base,1,capri,4932bc8861fcdaf19256827b7ee229941fa6f2e84f2044b65300326c226fba78,optimal,2690.0129137681615,2690.0129138,3.18386810249649e-08,1.1835884081310426e-11,1,0.26900129137681610087717280693754e4,1.690502482567846e-16,1,1,0.0096,0.003468417,259,120.0,threads=1,5c15999,"cloud container (docker); Intel(R) Xeon(R) Processor @ 2.10GHz; 4 cores; 16 GiB RAM; Linux-x86_64; quiet, one job at a time",2026-09-30T12:35:55+00:00
new,1,capri,4932bc8861fcdaf19256827b7ee229941fa6f2e84f2044b65300326c226fba78,optimal,2690.0129137681615,2690.0129138,3.18386810249649e-08,1.1835884081310426e-11,1,0.26900129137681610087717280693754e4,1.690502482567846e-16,1,1,0.010416,0.003828697,259,120.0,threads=1,d03f115,"cloud container (docker); Intel(R) Xeon(R) Processor @ 2.10GHz; 4 cores; 16 GiB RAM; Linux-x86_64; quiet, one job at a time",2026-09-30T12:35:55+00:00
new,1,cycle,bfc8edde30952b8dfa354679ea3a3231c2e7eb762c0ff8f0f845505741816d53,optimal,-5.226393024894101,-5.2263930249,5.899281063648232e-12,1.1287480745405875e-12,1,-0.52263930248941017172447233836217e1,1.699409928548421e-16,1,1,0.04855,0.021004268,335,120.0,threads=1,d03f115,"cloud container (docker); Intel(R) Xeon(R) Processor @ 2.10GHz; 4 cores; 16 GiB RAM; Linux-x86_64; quiet, one job at a time",2026-09-30T12:35:55+00:00
base,1,cycle,bfc8edde30952b8dfa354679ea3a3231c2e7eb762c0ff8f0f845505741816d53,optimal,-5.226393024894101,-5.2263930249,5.899281063648232e-12,1.1287480745405875e-12,1,-0.52263930248941017172447233836217e1,1.699409928548421e-16,1,1,0.052211,0.022412276,335,120.0,threads=1,5c15999,"cloud container (docker); Intel(R) Xeon(R) Processor @ 2.10GHz; 4 cores; 16 GiB RAM; Linux-x86_64; quiet, one job at a time",2026-09-30T12:35:56+00:00
base,1,czprob,b1f30bd25705fcc3c4f195d7e627e437788035f81fae9198e3096471b947f704,optimal,2185196.698856578,2185196.6989,4.342198371887207e-05,1.98709725951582e-11,1,0.21851966988565774858951155947191e7,4.261962207350949e-16,1,1,0.06764,0.047127409,981,120.0,threads=1,5c15999,"cloud container (docker); Intel(R) Xeon(R) Processor @ 2.10GHz; 4 cores; 16 GiB RAM; Linux-x86_64; quiet, one job at a time",2026-09-30T12:35:56+00:00
new,1,czprob,b1f30bd25705fcc3c4f195d7e627e437788035f81fae9198e3096471b947f704,optimal,2185196.698856578,2185196.6989,4.342198371887207e-05,1.98709725951582e-11,1,0.21851966988565774858951155947191e7,4.261962207350949e-16,1,1,0.049268,0.033889209,981,120.0,threads=1,d03f115,"cloud container (docker); Intel(R) Xeon(R) Processor @ 2.10GHz; 4 cores; 16 GiB RAM; Linux-x86_64; quiet, one job at a time",2026-09-30T12:35:56+00:00
new,1,d2q06c,fb1516a10aba6a4101cea6cec90c1da775ac60d2d2cd96e902bbe21a430790c9,optimal,122784.21081418934,122784.23615,0.02533581065654289,2.0634416478016988e-07,1,0.12278421081418945895739128812392e6,9.481294138307999e-16,1,1,3.675014,3.567543719,14998,120.0,threads=1,d03f115,"cloud container (docker); Intel(R) Xeon(R) Processor @ 2.10GHz; 4 cores; 16 GiB RAM; Linux-x86_64; quiet, one job at a time",2026-09-30T12:36:00+00:00
base,1,d2q06c,fb1516a10aba6a4101cea6cec90c1da775ac60d2d2cd96e902bbe21a430790c9,optimal,122784.21081418934,122784.23615,0.02533581065654289,2.0634416478016988e-07,1,0.12278421081418945895739128812392e6,9.481294138307999e-16,1,1,3.797624,3.675586788,14998,120.0,threads=1,5c15999,"cloud container (docker); Intel(R) Xeon(R) Processor @ 2.10GHz; 4 cores; 16 GiB RAM; Linux-x86_64; quiet, one job at a time",2026-09-30T12:36:04+00:00
base,1,d6cube,8cd94ee7783bcbce884acde1f4769f5c79739c9460fe73cb948924e724b02dfa,optimal,315.49166666666713,315.49166667,3.3328433346468955e-09,1.0563966300044954e-11,1,0.31549166666666666666666666666667e3,1.4413925910979079e-15,1,1,0.149949,0.118013375,868,120.0,threads=1,5c15999,"cloud container (docker); Intel(R) Xeon(R) Processor @ 2.10GHz; 4 cores; 16 GiB RAM; Linux-x86_64; quiet, one job at a time",2026-09-30T12:36:05+00:00
new,1,d6cube,8cd94ee7783bcbce884acde1f4769f5c79739c9460fe73cb948924e724b02dfa,optimal,315.49166666666713,315.49166667,3.3328433346468955e-09,1.0563966300044954e-11,1,0.31549166666666666666666666666667e3,1.4413925910979079e-15,1,1,0.150941,0.11555734,868,120.0,threads=1,d03f115,"cloud container (docker); Intel(R) Xeon(R) Processor @ 2.10GHz; 4 cores; 16 GiB RAM; Linux-x86_64; quiet, one job at a time",2026-09-30T12:36:06+00:00
new,1,degen2,755cf6ca5f3a8ed1b8b68372e8d2d3b5efee784ee69b1dada923c6ff04ee0edb,optimal,-1435.178,-1435.178,0.0,0.0,1,-0.1435178e4,0.0,1,1,0.037497,0.029533321,611,120.0,threads=1,d03f115,"cloud container (docker); Intel(R) Xeon(R) Processor @ 2.10GHz; 4 cores; 16 GiB RAM; Linux-x86_64; quiet, one job at a time",2026-09-30T12:36:06+00:00
base,1,degen2,755cf6ca5f3a8ed1b8b68372e8d2d3b5efee784ee69b1dada923c6ff04ee0edb,optimal,-1435.178,-1435.178,0.0,0.0,1,-0.1435178e4,0.0,1,1,0.03076,0.022521635,611,120.0,threads=1,5c15999,"cloud container (docker); Intel(R) Xeon(R) Processor @ 2.10GHz; 4 cores; 16 GiB RAM; Linux-x86_64; quiet, one job at a time",2026-09-30T12:36:06+00:00
base,1,degen3,08d600688c524fea548e946af5551ef8c359c7a7e71b8841acc839b00eefadeb,optimal,-987.2939999999999,-987.294,1.1368683772161603e-13,1.151499327673581e-16,1,-0.987294e3,1.151499327673581e-16,1,1,0.414218,0.381354713,3164,120.0,threads=1,5c15999,"cloud container (docker); Intel(R) Xeon(R) Processor @ 2.10GHz; 4 cores; 16 GiB RAM; Linux-x86_64; quiet, one job at a time",2026-09-30T12:36:07+00:00
new,1,degen3,08d600688c524fea548e946af5551ef8c359c7a7e71b8841acc839b00eefadeb,optimal,-987.2939999999999,-987.294,1.1368683772161603e-13,1.151499327673581e-16,1,-0.987294e3,1.151499327673581e-16,1,1,0.391525,0.36791092,3164,120.0,threads=1,d03f115,"cloud container (docker); Intel(R) Xeon(R) Processor @ 2.10GHz; 4 cores; 16 GiB RAM; Linux-x86_64; quiet, one job at a time",2026-09-30T12:36:08+00:00
new,1,dfl001,85d47c5f8a5fc53772eabac1805b7a1af72431cad9e14d26d673043980952730,optimal,11266396.046671376,11266400.0,3.953328624367714,3.508954612269859e-07,1,0.11266396046671392202377652175477e8,1.4879475453937559e-15,1,1,98.507995,98.432822123,57076,120.0,threads=1,d03f115,"cloud container (docker); Intel(R) Xeon(R) Processor @ 2.10GHz; 4 cores; 16 GiB RAM; Linux-x86_64; quiet, one job at a time",2026-09-30T12:37:47+00:00
base,1,dfl001,85d47c5f8a5fc53772eabac1805b7a1af72431cad9e14d26d673043980952730,optimal,11266396.0466714,11266400.0,3.953328600153327,3.508954590777291e-07,1,0.11266396046671392202377652175477e8,6.613100201750026e-16,1,1,57.51238,57.437900345,85012,120.0,threads=1,5c15999,"cloud container (docker); Intel(R) Xeon(R) Processor @ 2.10GHz; 4 cores; 16 GiB RAM; Linux-x86_64; quiet, one job at a time",2026-09-30T12:38:45+00:00
base,1,e226,ddf56486daea52c8592b520aeb83d329223a1b45a3e5a269bd663ef9195bd8d8,optimal,-11.638929066370528,-18.751929066,7.112999999629471,0.3793209741032129,0,-0.18751929066370549102605687681285e2,1.1367514242058077e-15,1,1,0.014187,0.007525332,435,120.0,threads=1,5c15999,"cloud container (docker); Intel(R) Xeon(R) Processor @ 2.10GHz; 4 cores; 16 GiB RAM; Linux-x86_64; quiet, one job at a time",2026-09-30T12:38:45+00:00
new,1,e226,ddf56486daea52c8592b520aeb83d329223a1b45a3e5a269bd663ef9195bd8d8,optimal,-11.638929066370528,-18.751929066,7.112999999629471,0.3793209741032129,0,-0.18751929066370549102605687681285e2,1.1367514242058077e-15,1,1,0.019581,0.010284659,435,120.0,threads=1,d03f115,"cloud container (docker); Intel(R) Xeon(R) Processor @ 2.10GHz; 4 cores; 16 GiB RAM; Linux-x86_64; quiet, one job at a time",2026-09-30T12:38:45+00:00
new,1,etamacro,41701e1add7af2ed2b21a421ab7271bc867e6bc7ad98ac189748d6522e7d4926,optimal,-755.7152333505866,-755.71521774,1.561058661536663e-05,2.0656705394990964e-08,1,-0.7557152333749133350792583667773e3,3.2190312516305756e-11,1,1,0.031204,0.022823706,779,120.0,threads=1,d03f115,"cloud container (docker); Intel(R) Xeon(R) Processor @ 2.10GHz; 4 cores; 16 GiB RAM; Linux-x86_64; quiet, one job at a time",2026-09-30T12:38:45+00:00
base,1,etamacro,41701e1add7af2ed2b21a421ab7271bc867e6bc7ad98ac189748d6522e7d4926,optimal,-755.7152333505866,-755.71521774,1.561058661536663e-05,2.0656705394990964e-08,1,-0.7557152333749133350792583667773e3,3.2190312516305756e-11,1,1,0.034697,0.02538551,779,120.0,threads=1,5c15999,"cloud container (docker); Intel(R) Xeon(R) Processor @ 2.10GHz; 4 cores; 16 GiB RAM; Linux-x86_64; quiet, one job at a time",2026-09-30T12:38:45+00:00
base,1,fffff800,9d6695686c15d5f1b4f43b2ce8830c1d38df3a204717d8875f144aa21b33901e,optimal,555679.5648174962,555679.61165,0.046832503750920296,8.427968701579461e-08,1,0.555679564817496376532864378969e6,2.0950081521383547e-16,1,1,0.027447,0.016635116,706,120.0,threads=1,5c15999,"cloud container (docker); Intel(R) Xeon(R) Processor @ 2.10GHz; 4 cores; 16 GiB RAM; Linux-x86_64; quiet, one job at a time",2026-09-30T12:38:45+00:00
new,1,fffff800,9d6695686c15d5f1b4f43b2ce8830c1d38df3a204717d8875f144aa21b33901e,optimal,555679.5648174962,555679.61165,0.046832503750920296,8.427968701579461e-08,1,0.555679564817496376532864378969e6,2.0950081521383547e-16,1,1,0.027332,0.016855106,706,120.0,threads=1,d03f115,"cloud container (docker); Intel(R) Xeon(R) Processor @ 2.10GHz; 4 cores; 16 GiB RAM; Linux-x86_64; quiet, one job at a time",2026-09-30T12:38:46+00:00
new,1,finnis,891821f24a8cd14af78b95bb460a56f0e0b5410a59ad01ab58d9daf3387e7546,optimal,172791.06559561164,172790.96547,0.10012561164330691,5.794609189835839e-07,1,0.17279106559561159432297900375543e6,3.3686730684150445e-16,1,1,0.01803,0.009042,398,120.0,threads=1,d03f115,"cloud container (docker); Intel(R) Xeon(R) Processor @ 2.10GHz; 4 cores; 16 GiB RAM; Linux-x86_64; quiet, one job at a time",2026-09-30T12:38:46+00:00
base,1,finnis,891821f24a8cd14af78b95bb460a56f0e0b5410a59ad01ab58d9daf3387e7546,optimal,172791.06559561164,172790.96547,0.10012561164330691,5.794609189835839e-07,1,0.17279106559561159432297900375543e6,3.3686730684150445e-16,1,1,0.016241,0.008806744,398,120.0,threads=1,5c15999,"cloud container (docker); Intel(R) Xeon(R) Processor @ 2.10GHz; 4 cores; 16 GiB RAM; Linux-x86_64; quiet, one job at a time",2026-09-30T12:38:46+00:00
base,1,fit1d,59cee4fedd040a05c05d8410474ee014f42ef910e083689202be708491fe8717,optimal,-9146.378092420928,-9146.3780924,2.092747308779508e-08,2.2880612277754342e-12,1,-0.91463780924209269467749025024617e4,0.0,1,1,0.017291,0.003447638,56,120.0,threads=1,5c15999,"cloud container (docker); Intel(R) Xeon(R) Processor @ 2.10GHz; 4 cores; 16 GiB RAM; Linux-x86_64; quiet, one job at a time",2026-09-30T12:38:46+00:00
new,1,fit1d,59cee4fedd040a05c05d8410474ee014f42ef910e083689202be708491fe8717,optimal,-9146.378092420928,-9146.3780924,2.092747308779508e-08,2.2880612277754342e-12,1,-0.91463780924209269467749025024617e4,0.0,1,1,0.01805,0.0037223,56,120.0,threads=1,d03f115,"cloud container (docker); Intel(R) Xeon(R) Processor @ 2.10GHz; 4 cores; 16 GiB RAM; Linux-x86_64; quiet, one job at a time",2026-09-30T12:38:46+00:00
new,1,fit1p,416e77d83daf74dee5ec1d253b77f8e252ff3e27cd123459218b02ef2be0df17,optimal,9146.378092420935,9146.3780924,2.0934749045409262e-08,2.288856729288785e-12,1,0.91463780924209269467749025024617e4,7.955015133490479e-16,1,1,0.065311,0.05337343,1088,120.0,threads=1,d03f115,"cloud container (docker); Intel(R) Xeon(R) Processor @ 2.10GHz; 4 cores; 16 GiB RAM; Linux-x86_64; quiet, one job at a time",2026-09-30T12:38:46+00:00
base,1,fit1p,416e77d83daf74dee5ec1d253b77f8e252ff3e27cd123459218b02ef2be0df17,optimal,9146.378092420935,9146.3780924,2.0934749045409262e-08,2.288856729288785e-12,1,0.91463780924209269467749025024617e4,7.955015133490479e-16,1,1,0.065125,0.051814001,1088,120.0,threads=1,5c15999,"cloud container (docker); Intel(R) Xeon(R) Processor @ 2.10GHz; 4 cores; 16 GiB RAM; Linux-x86_64; quiet, one job at a time",2026-09-30T12:38:46+00:00
base,1,fit2d,1c16c328c0358ab175596bdd6b9a2c5d1cb4bb53b099d5d1f2a208a889c7bafc,optimal,-68464.2932938321,-68464.293294,1.6789999790489674e-07,2.4523731981559937e-12,1,-0.68464293293832069575943518435837e5,4.2509502481574083e-16,1,1,0.180354,0.088677901,226,120.0,threads=1,5c15999,"cloud container (docker); Intel(R) Xeon(R) Processor @ 2.10GHz; 4 cores; 16 GiB RAM; Linux-x86_64; quiet, one job at a time",2026-09-30T12:38:47+00:00
new,1,fit2d,1c16c328c0358ab175596bdd6b9a2c5d1cb4bb53b099d5d1f2a208a889c7bafc,optimal,-68464.2932938321,-68464.293294,1.6789999790489674e-07,2.4523731981559937e-12,1,-0.68464293293832069575943518435837e5,4.2509502481574083e-16,1,1,0.179515,0.073625455,226,120.0,threads=1,d03f115,"cloud container (docker); Intel(R) Xeon(R) Processor @ 2.10GHz; 4 cores; 16 GiB RAM; Linux-x86_64; quiet, one job at a time",2026-09-30T12:38:49+00:00
new,1,fit2p,0f44de8ea974ed4cc04fb60ccd2707c2f887dc65f8b6b9bd1e9f01bb59dd4a4f,optimal,68464.29329383219,68464.293232,6.183219375088811e-05,9.031305346476276e-10,1,0.68464293293832069575943518435837e5,1.7003800992629633e-15,1,1,2.719349,2.641454327,10207,120.0,threads=1,d03f115,"cloud container (docker); Intel(R) Xeon(R) Processor @ 2.10GHz; 4 cores; 16 GiB RAM; Linux-x86_64; quiet, one job at a time",2026-09-30T12:38:52+00:00
base,1,fit2p,0f44de8ea974ed4cc04fb60ccd2707c2f887dc65f8b6b9bd1e9f01bb59dd4a4f,optimal,68464.29329383219,68464.293232,6.183219375088811e-05,9.031305346476276e-10,1,0.68464293293832069575943518435837e5,1.7003800992629633e-15,1,1,2.796921,2.733769092,10207,120.0,threads=1,5c15999,"cloud container (docker); Intel(R) Xeon(R) Processor @ 2.10GHz; 4 cores; 16 GiB RAM; Linux-x86_64; quiet, one job at a time",2026-09-30T12:38:55+00:00
base,1,forplan,65ec816c0b3c58ec4d61574df130a3ce464abb42f3d49de21710a787bf3cfdc7,optimal,-664.2189612722065,-664.21873953,0.00022174220646320464,3.3383913049503697e-07,1,-0.66421896127220457481235119701692e3,2.909697485247549e-15,1,1,0.012517,0.005247813,298,120.0,threads=1,5c15999,"cloud container (docker); Intel(R) Xeon(R) Processor @ 2.10GHz; 4 cores; 16 GiB RAM; Linux-x86_64; quiet, one job at a time",2026-09-30T12:38:56+00:00
new,1,forplan,65ec816c0b3c58ec4d61574df130a3ce464abb42f3d49de21710a787bf3cfdc7,optimal,-664.2189612722065,-664.21873953,0.00022174220646320464,3.3383913049503697e-07,1,-0.66421896127220457481235119701692e3,2.909697485247549e-15,1,1,0.012923,0.005450954,298,120.0,threads=1,d03f115,"cloud container (docker); Intel(R) Xeon(R) Processor @ 2.10GHz; 4 cores; 16 GiB RAM; Linux-x86_64; quiet, one job at a time",2026-09-30T12:38:56+00:00
new,1,ganges,f655f33ba979a59d659a8605acaf480c2fe5c610f3a50921bbcac7be40546067,optimal,-109585.73612927819,-109586.36356,0.6274307218118338,5.72544522355929e-06,0,-0.10958573612927811623444890424357e6,6.639511556139013e-16,1,1,0.048896,0.032160439,1183,120.0,threads=1,d03f115,"cloud container (docker); Intel(R) Xeon(R) Processor @ 2.10GHz; 4 cores; 16 GiB RAM; Linux-x86_64; quiet, one job at a time",2026-09-30T12:38:57+00:00
base,1,ganges,f655f33ba979a59d659a8605acaf480c2fe5c610f3a50921bbcac7be40546067,optimal,-109585.73612927819,-109586.36356,0.6274307218118338,5.72544522355929e-06,0,-0.10958573612927811623444890424357e6,6.639511556139013e-16,1,1,0.0557,0.037760319,1183,120.0,threads=1,5c15999,"cloud container (docker); Intel(R) Xeon(R) Processor @ 2.10GHz; 4 cores; 16 GiB RAM; Linux-x86_64; quiet, one job at a time",2026-09-30T12:38:57+00:00
base,1,gfrd-pnc,d66ea78a803e91e4f38dcd74ca4c575aa742e27e7120c1c3494d4d424ee5c936,optimal,6902235.999548811,6902235.9995,4.8811547458171844e-05,7.071845625346303e-12,1,0.69022359995488088295415596232193e7,4.047916825835967e-16,1,1,0.016854,0.01007362,448,120.0,threads=1,5c15999,"cloud container (docker); Intel(R) Xeon(R) Processor @ 2.10GHz; 4 cores; 16 GiB RAM; Linux-x86_64; quiet, one job at a time",2026-09-30T12:38:57+00:00
new,1,gfrd-pnc,d66ea78a803e91e4f38dcd74ca4c575aa742e27e7120c1c3494d4d424ee5c936,optimal,6902235.999548811,6902235.9995,4.8811547458171844e-05,7.071845625346303e-12,1,0.69022359995488088295415596232193e7,4.047916825835967e-16,1,1,0.01861,0.011987254,448,120.0,threads=1,d03f115,"cloud container (docker); Intel(R) Xeon(R) Processor @ 2.10GHz; 4 cores; 16 GiB RAM; Linux-x86_64; quiet, one job at a time",2026-09-30T12:38:57+00:00
new,1,greenbea,cb701e3ba5153e385b8cb6426e34b5d23bad4b1b9c9a037802e351c24b0f653d,optimal,-72555248.12984598,-72462405.908,92842.22184596956,0.0012812467469524025,0,-0.72555248129845987457557870574845e8,2.0537675189505668e-16,1,1,1.301467,1.249890985,8526,120.0,threads=1,d03f115,"cloud container (docker); Intel(R) Xeon(R) Processor @ 2.10GHz; 4 cores; 16 GiB RAM; Linux-x86_64; quiet, one job at a time",2026-09-30T12:38:59+00:00
base,1,greenbea,cb701e3ba5153e385b8cb6426e34b5d23bad4b1b9c9a037802e351c24b0f653d,optimal,-72555248.12984598,-72462405.908,92842.22184596956,0.0012812467469524025,0,-0.72555248129845987457557870574845e8,2.0537675189505668e-16,1,1,1.217362,1.158504499,8526,120.0,threads=1,5c15999,"cloud container (docker); Intel(R) Xeon(R) Processor @ 2.10GHz; 4 cores; 16 GiB RAM; Linux-x86_64; quiet, one job at a time",2026-09-30T12:39:00+00:00
base,1,greenbeb,21f92f6a32f71ec72c8f693d6685e4a91ecb2debec732ec61302bc866f370865,optimal,-4302260.261206586,-4302147.6065,112.65470658615232,2.6185690703858075e-05,0,-0.43022602612065867539213672544432e7,2.1647285800285016e-16,1,1,1.599527,1.544609911,10966,120.0,threads=1,5c15999,"cloud container (docker); Intel(R) Xeon(R) Processor @ 2.10GHz; 4 cores; 16 GiB RAM; Linux-x86_64; quiet, one job at a time",2026-09-30T12:39:02+00:00
new,1,greenbeb,21f92f6a32f71ec72c8f693d6685e4a91ecb2debec732ec61302bc866f370865,optimal,-4302260.261206586,-4302147.6065,112.65470658615232,2.6185690703858075e-05,0,-0.43022602612065867539213672544432e7,2.1647285800285016e-16,1,1,1.516481,1.465389096,10966,120.0,threads=1,d03f115,"cloud container (docker); Intel(R) Xeon(R) Processor @ 2.10GHz; 4 cores; 16 GiB RAM; Linux-x86_64; quiet, one job at a time",2026-09-30T12:39:03+00:00
new,1,grow15,ab84e2f83d00c5bd26291e0505f23804b050bc96dc1e576d9da8f04e1f6ed51f,optimal,-106870941.29357535,-106870941.29,0.003575339913368225,3.345474335878028e-11,1,-0.10687094129357533671604040930313e9,1.3943136472349437e-16,1,1,0.058559,0.041674852,1238,120.0,threads=1,d03f115,"cloud container (docker); Intel(R) Xeon(R) Processor @ 2.10GHz; 4 cores; 16 GiB RAM; Linux-x86_64; quiet, one job at a time",2026-09-30T12:39:04+00:00
base,1,grow15,ab84e2f83d00c5bd26291e0505f23804b050bc96dc1e576d9da8f04e1f6ed51f,optimal,-106870941.29357535,-106870941.29,0.003575339913368225,3.345474335878028e-11,1,-0.10687094129357533671604040930313e9,1.3943136472349437e-16,1,1,0.049973,0.039495238,1238,120.0,threads=1,5c15999,"cloud container (docker); Intel(R) Xeon(R) Processor @ 2.10GHz; 4 cores; 16 GiB RAM; Linux-x86_64; quiet, one job at a time",2026-09-30T12:39:04+00:00
base,1,grow22,671111a1623539730f4caa9366c7eda43fb472137773cd9444dc96ed87f9810e,optimal,-160834336.482563,-160834336.48,0.002562999725341797,1.5935650194077246e-11,1,-0.16083433648256296718456039982613e9,1.8529825806771284e-16,1,1,0.116578,0.104391198,2264,120.0,threads=1,5c15999,"cloud container (docker); Intel(R) Xeon(R) Processor @ 2.10GHz; 4 cores; 16 GiB RAM; Linux-x86_64; quiet, one job at a time",2026-09-30T12:39:04+00:00
new,1,grow22,671111a1623539730f4caa9366c7eda43fb472137773cd9444dc96ed87f9810e,optimal,-160834336.482563,-160834336.48,0.002562999725341797,1.5935650194077246e-11,1,-0.16083433648256296718456039982613e9,1.8529825806771284e-16,1,1,0.115822,0.105352279,2264,120.0,threads=1,d03f115,"cloud container (docker); Intel(R) Xeon(R) Processor @ 2.10GHz; 4 cores; 16 GiB RAM; Linux-x86_64; quiet, one job at a time",2026-09-30T12:39:04+00:00
new,1,grow7,6b8734ffdf991a36f17cfddf306834a4a3ced3e17964cac9fa2983a043906cd4,optimal,-47787811.8147115,-47787811.815,0.00028849393129348755,6.036977219428426e-12,1,-0.47787811814711502616766956242865e8,0.0,1,1,0.012136,0.00628795,337,120.0,threads=1,d03f115,"cloud container (docker); Intel(R) Xeon(R) Processor @ 2.10GHz; 4 cores; 16 GiB RAM; Linux-x86_64; quiet, one job at a time",2026-09-30T12:39:05+00:00
base,1,grow7,6b8734ffdf991a36f17cfddf306834a4a3ced3e17964cac9fa2983a043906cd4,optimal,-47787811.8147115,-47787811.815,0.00028849393129348755,6.036977219428426e-12,1,-0.47787811814711502616766956242865e8,0.0,1,1,0.013,0.007224411,337,120.0,threads=1,5c15999,"cloud container (docker); Intel(R) Xeon(R) Processor @ 2.10GHz; 4 cores; 16 GiB RAM; Linux-x86_64; quiet, one job at a time",2026-09-30T12:39:05+00:00
base,1,israel,96564e1fddcbb6e3d46447fceb54b9d18260b95e95075c3a19f5812f9bf5ceeb,optimal,-896644.821863046,-896644.82186,3.0460068956017494e-06,3.3971164739267804e-12,1,-0.89664482186304572966200464196045e6,3.8950313096677714e-16,1,1,0.009017,0.003430757,170,120.0,threads=1,5c15999,"cloud container (docker); Intel(R) Xeon(R) Processor @ 2.10GHz; 4 cores; 16 GiB RAM; Linux-x86_64; quiet, one job at a time",2026-09-30T12:39:05+00:00
new,1,israel,96564e1fddcbb6e3d46447fceb54b9d18260b95e95075c3a19f5812f9bf5ceeb,optimal,-896644.821863046,-896644.82186,3.0460068956017494e-06,3.3971164739267804e-12,1,-0.89664482186304572966200464196045e6,3.8950313096677714e-16,1,1,0.008493,0.003121931,170,120.0,threads=1,d03f115,"cloud container (docker); Intel(R) Xeon(R) Processor @ 2.10GHz; 4 cores; 16 GiB RAM; Linux-x86_64; quiet, one job at a time",2026-09-30T12:39:05+00:00
new,1,kb2,f0eb647d1d9aac84f49d88662b6b02c6cecc04496e5435be733eced36d7f48f2,optimal,-1749.9001299062058,-1749.9001299,6.205937097547576e-09,3.5464521611883195e-12,1,-0.17499001299062057129526866493726e4,1.2993522976389474e-16,1,1,0.00968,0.000620863,51,120.0,threads=1,d03f115,"cloud container (docker); Intel(R) Xeon(R) Processor @ 2.10GHz; 4 cores; 16 GiB RAM; Linux-x86_64; quiet, one job at a time",2026-09-30T12:39:05+00:00
base,1,kb2,f0eb647d1d9aac84f49d88662b6b02c6cecc04496e5435be733eced36d7f48f2,optimal,-1749.9001299062058,-1749.9001299,6.205937097547576e-09,3.5464521611883195e-12,1,-0.17499001299062057129526866493726e4,1.2993522976389474e-16,1,1,0.005321,0.00081998,51,120.0,threads=1,5c15999,"cloud container (docker); Intel(R) Xeon(R) Processor @ 2.10GHz; 4 cores; 16 GiB RAM; Linux-x86_64; quiet, one job at a time",2026-09-30T12:39:05+00:00
base,1,lotfi,fcb90a1b5e02b2eae67adacd0937a073d420ca92ac6af514ee13a348d7f31623,optimal,-25.264706061880016,-25.264706062,1.1998224636045052e-10,4.74900622496902e-12,1,-0.2526470606188e2,7.030981619376371e-16,1,1,0.010012,0.003613396,200,120.0,threads=1,5c15999,"cloud container (docker); Intel(R) Xeon(R) Processor @ 2.10GHz; 4 cores; 16 GiB RAM; Linux-x86_64; quiet, one job at a time",2026-09-30T12:39:05+00:00
new,1,lotfi,fcb90a1b5e02b2eae67adacd0937a073d420ca92ac6af514ee13a348d7f31623,optimal,-25.264706061880016,-25.264706062,1.1998224636045052e-10,4.74900622496902e-12,1,-0.2526470606188e2,7.030981619376371e-16,1,1,0.010551,0.0034342,200,120.0,threads=1,d03f115,"cloud container (docker); Intel(R) Xeon(R) Processor @ 2.10GHz; 4 cores; 16 GiB RAM; Linux-x86_64; quiet, one job at a time",2026-09-30T12:39:05+00:00
new,1,maros,4910e97a363fca07d2fb72838fa26629329a9a8dcd6a4da186f560424bd67077,optimal,-58063.743701125895,-58063.743701,1.2589589459821582e-07,2.1682359175205506e-12,1,-0.58063743701125895401208534974734e5,0.0,1,1,0.103466,0.085496835,1802,120.0,threads=1,d03f115,"cloud container (docker); Intel(R) Xeon(R) Processor @ 2.10GHz; 4 cores; 16 GiB RAM; Linux-x86_64; quiet, one job at a time",2026-09-30T12:39:05+00:00
base,1,maros,4910e97a363fca07d2fb72838fa26629329a9a8dcd6a4da186f560424bd67077,optimal,-58063.743701125895,-58063.743701,1.2589589459821582e-07,2.1682359175205506e-12,1,-0.58063743701125895401208534974734e5,0.0,1,1,0.10987,0.090919078,1802,120.0,threads=1,5c15999,"cloud container (docker); Intel(R) Xeon(R) Processor @ 2.10GHz; 4 cores; 16 GiB RAM; Linux-x86_64; quiet, one job at a time",2026-09-30T12:39:05+00:00
base,1,maros-r7,e97f59ab32a8280526c26c210aacabd6e0c05300e67a0d4afd00b95d245f8db7,optimal,1497185.1664813687,1497185.1665,1.86313409358263e-05,1.2444246278088076e-11,1,0.14971851664796437907337543903552e7,1.1520347962326122e-12,1,1,10.168733,10.042254697,28,120.0,threads=1,5c15999,"cloud container (docker); Intel(R) Xeon(R) Processor @ 2.10GHz; 4 cores; 16 GiB RAM; Linux-x86_64; quiet, one job at a time",2026-09-30T12:39:16+00:00
new,1,maros-r7,e97f59ab32a8280526c26c210aacabd6e0c05300e67a0d4afd00b95d245f8db7,optimal,1497185.1664813687,1497185.1665,1.86313409358263e-05,1.2444246278088076e-11,1,0.14971851664796437907337543903552e7,1.1520347962326122e-12,1,1,10.171272,10.047849409,28,120.0,threads=1,d03f115,"cloud container (docker); Intel(R) Xeon(R) Processor @ 2.10GHz; 4 cores; 16 GiB RAM; Linux-x86_64; quiet, one job at a time",2026-09-30T12:39:26+00:00
new,1,modszk1,af109be42aa6bd62fc307b623184c69f1030db2f8e1682c636b387a49fd8da43,optimal,320.6197290642054,320.61972906,4.2053898141602986e-09,1.311644117001082e-11,1,0.32061972906431580494333823530763e3,3.4430170516907005e-13,1,1,0.030315,0.017687742,662,120.0,threads=1,d03f115,"cloud container (docker); Intel(R) Xeon(R) Processor @ 2.10GHz; 4 cores; 16 GiB RAM; Linux-x86_64; quiet, one job at a time",2026-09-30T12:39:27+00:00
base,1,modszk1,af109be42aa6bd62fc307b623184c69f1030db2f8e1682c636b387a49fd8da43,optimal,320.6197290642054,320.61972906,4.2053898141602986e-09,1.311644117001082e-11,1,0.32061972906431580494333823530763e3,3.4430170516907005e-13,1,1,0.036203,0.024249578,662,120.0,threads=1,5c15999,"cloud container (docker); Intel(R) Xeon(R) Processor @ 2.10GHz; 4 cores; 16 GiB RAM; Linux-x86_64; quiet, one job at a time",2026-09-30T12:39:27+00:00
base,1,nesm,20b55063a879a649ef5c7a1a701f81917717b414943f58dea37a1c30495bc5ba,optimal,14076036.48756271,14076073.035,36.547437289729714,2.596422823244446e-06,0,0.14076036487562728337980641375835e8,1.3232738852849298e-15,1,1,0.174562,0.148058794,3321,120.0,threads=1,5c15999,"cloud container (docker); Intel(R) Xeon(R) Processor @ 2.10GHz; 4 cores; 16 GiB RAM; Linux-x86_64; quiet, one job at a time",2026-09-30T12:39:27+00:00
new,1,nesm,20b55063a879a649ef5c7a1a701f81917717b414943f58dea37a1c30495bc5ba,optimal,14076036.48756271,14076073.035,36.547437289729714,2.596422823244446e-06,0,0.14076036487562728337980641375835e8,1.3232738852849298e-15,1,1,0.189488,0.164989221,3321,120.0,threads=1,d03f115,"cloud container (docker); Intel(R) Xeon(R) Processor @ 2.10GHz; 4 cores; 16 GiB RAM; Linux-x86_64; quiet, one job at a time",2026-09-30T12:39:28+00:00
new,1,perold,040ed4572876366cd979b6811ee20d706abba6998616b0e53201ea1e043acacd,optimal,-9380.755278235163,-9380.7580773,0.002799064837745391,2.9838365030633286e-07,1,-0.93807552782351606734833270386511e4,1.939064978878833e-16,1,1,0.179903,0.159174275,2492,120.0,threads=1,d03f115,"cloud container (docker); Intel(R) Xeon(R) Processor @ 2.10GHz; 4 cores; 16 GiB RAM; Linux-x86_64; quiet, one job at a time",2026-09-30T12:39:28+00:00
base,1,perold,040ed4572876366cd979b6811ee20d706abba6998616b0e53201ea1e043acacd,optimal,-9380.755278235163,-9380.7580773,0.002799064837745391,2.9838365030633286e-07,1,-0.93807552782351606734833270386511e4,1.939064978878833e-16,1,1,0.197028,0.173717094,2492,120.0,threads=1,5c15999,"cloud container (docker); Intel(R) Xeon(R) Processor @ 2.10GHz; 4 cores; 16 GiB RAM; Linux-x86_64; quiet, one job at a time",2026-09-30T12:39:29+00:00
base,1,pilot,26916951225f695c68c474adb2e1e052e4c1b3479d6a11fbd579fd20d4e7d2eb,optimal,-557.4897292893348,-557.40430007,0.08542921933485559,0.0001532625767761878,0,-0.55748972928406818073034256636894e3,9.447091430823412e-12,1,1,2.017792,1.936625735,6226,120.0,threads=1,5c15999,"cloud container (docker); Intel(R) Xeon(R) Processor @ 2.10GHz; 4 cores; 16 GiB RAM; Linux-x86_64; quiet, one job at a time",2026-09-30T12:39:33+00:00
new,1,pilot,26916951225f695c68c474adb2e1e052e4c1b3479d6a11fbd579fd20d4e7d2eb,optimal,-557.4897292893348,-557.40430007,0.08542921933485559,0.0001532625767761878,0,-0.55748972928406818073034256636894e3,9.447091430823412e-12,1,1,1.739705,1.675452726,6226,120.0,threads=1,d03f115,"cloud container (docker); Intel(R) Xeon(R) Processor @ 2.10GHz; 4 cores; 16 GiB RAM; Linux-x86_64; quiet, one job at a time",2026-09-30T12:39:37+00:00
new,1,pilot.ja,c0cea98ca60001558b561e3195b84b8d3fd33eeeb695ddba6836bfa29d06d50f,optimal,-6113.136465581344,-6113.1344111,0.002054481344202941,3.360765862554062e-07,1,-0.61131364655813432748848620538024e4,1.4877709779482858e-16,1,1,0.280308,0.247797699,3220,120.0,threads=1,d03f115,"cloud container (docker); Intel(R) Xeon(R) Processor @ 2.10GHz; 4 cores; 16 GiB RAM; Linux-x86_64; quiet, one job at a time",2026-09-30T12:39:37+00:00
base,1,pilot.ja,c0cea98ca60001558b561e3195b84b8d3fd33eeeb695ddba6836bfa29d06d50f,optimal,-6113.136465581344,-6113.1344111,0.002054481344202941,3.360765862554062e-07,1,-0.61131364655813432748848620538024e4,1.4877709779482858e-16,1,1,0.32128,0.277454358,3220,120.0,threads=1,5c15999,"cloud container (docker); Intel(R) Xeon(R) Processor @ 2.10GHz; 4 cores; 16 GiB RAM; Linux-x86_64; quiet, one job at a time",2026-09-30T12:39:37+00:00
base,1,pilot.we,5c3e8ed78a522c7df2cac39435efd0552273b8e942b03186997ee9011cd1015a,optimal,-2720107.5328449644,-2720102.7439,4.788944964297116,1.7605750279237147e-06,0,-0.27201075328449639629439185412556e7,1.7119223474989002e-16,1,1,0.335045,0.31778546,5254,120.0,threads=1,5c15999,"cloud container (docker); Intel(R) Xeon(R) Processor @ 2.10GHz; 4 cores; 16 GiB RAM; Linux-x86_64; quiet, one job at a time",2026-09-30T12:39:38+00:00
new,1,pilot.we,5c3e8ed78a522c7df2cac39435efd0552273b8e942b03186997ee9011cd1015a,optimal,-2720107.5328449644,-2720102.7439,4.788944964297116,1.7605750279237147e-06,0,-0.27201075328449639629439185412556e7,1.7119223474989002e-16,1,1,0.351566,0.334770094,5254,120.0,threads=1,d03f115,"cloud container (docker); Intel(R) Xeon(R) Processor @ 2.10GHz; 4 cores; 16 GiB RAM; Linux-x86_64; quiet, one job at a time",2026-09-30T12:39:40+00:00
new,1,pilot4,67e872aae722a493f5c2c8f88e3d70d093eea116093874ea43852c864a687cba,optimal,-2581.1392588847157,-2581.1392641,5.215284545556642e-06,2.0205358998229503e-09,1,-0.25811392588838886745830997266797e4,3.2047299595147063e-13,1,1,0.075971,0.059517682,4,120.0,threads=1,d03f115,"cloud container (docker); Intel(R) Xeon(R) Processor @ 2.10GHz; 4 cores; 16 GiB RAM; Linux-x86_64; quiet, one job at a time",2026-09-30T12:39:40+00:00
base,1,pilot4,67e872aae722a493f5c2c8f88e3d70d093eea116093874ea43852c864a687cba,optimal,-2581.1392588847157,-2581.1392641,5.215284545556642e-06,2.0205358998229503e-09,1,-0.25811392588838886745830997266797e4,3.2047299595147063e-13,1,1,0.074523,0.058652241,4,120.0,threads=1,5c15999,"cloud container (docker); Intel(R) Xeon(R) Processor @ 2.10GHz; 4 cores; 16 GiB RAM; Linux-x86_64; quiet, one job at a time",2026-09-30T12:39:40+00:00
base,1,pilot87,0ecfcc173d82c8a0252f58a99b2a529d8ad0155ee9212b8451cc25c0e387caa4,optimal,301.7103476060874,301.71072827,0.00038066391260827004,1.2616850411352131e-06,0,0.3017103473331105277216600201995e3,9.047647157991478e-10,1,1,29.292119,29.137138413,23291,120.0,threads=1,5c15999,"cloud container (docker); Intel(R) Xeon(R) Processor @ 2.10GHz; 4 cores; 16 GiB RAM; Linux-x86_64; quiet, one job at a time",2026-09-30T12:40:13+00:00
new,1,pilot87,0ecfcc173d82c8a0252f58a99b2a529d8ad0155ee9212b8451cc25c0e387caa4,optimal,301.7103476060874,301.71072827,0.00038066391260827004,1.2616850411352131e-06,0,0.3017103473331105277216600201995e3,9.047647157991478e-10,1,1,29.058505,28.91969398,23291,120.0,threads=1,d03f115,"cloud container (docker); Intel(R) Xeon(R) Processor @ 2.10GHz; 4 cores; 16 GiB RAM; Linux-x86_64; quiet, one job at a time",2026-09-30T12:40:46+00:00
new,1,pilotnov,2b000b6da9fb539e3303d5b81f00cc74f430e7ed52d7666ff1ef835bf060773d,optimal,-4497.276188218868,-4497.2761882,1.8867467588279396e-08,4.195309960678878e-12,1,-0.44972761882188711430996211783943e4,8.089293729884355e-16,1,1,0.196756,0.175110709,2311,120.0,threads=1,d03f115,"cloud container (docker); Intel(R) Xeon(R) Processor @ 2.10GHz; 4 cores; 16 GiB RAM; Linux-x86_64; quiet, one job at a time",2026-09-30T12:40:47+00:00
base,1,pilotnov,2b000b6da9fb539e3303d5b81f00cc74f430e7ed52d7666ff1ef835bf060773d,optimal,-4497.276188218868,-4497.2761882,1.8867467588279396e-08,4.195309960678878e-12,1,-0.44972761882188711430996211783943e4,8.089293729884355e-16,1,1,0.202987,0.183343855,2311,120.0,threads=1,5c15999,"cloud container (docker); Intel(R) Xeon(R) Processor @ 2.10GHz; 4 cores; 16 GiB RAM; Linux-x86_64; quiet, one job at a time",2026-09-30T12:40:48+00:00
base,1,recipe,277b34645cc89526db4a3365fa781ce28aa9768a65c4f301416a8a05c934af61,optimal,-266.61600000000027,-266.616,2.8421709430404007e-13,1.0660166468030429e-15,1,-0.266616e3,1.0660166468030429e-15,1,1,0.006058,0.000826682,40,120.0,threads=1,5c15999,"cloud container (docker); Intel(R) Xeon(R) Processor @ 2.10GHz; 4 cores; 16 GiB RAM; Linux-x86_64; quiet, one job at a time",2026-09-30T12:40:48+00:00
new,1,recipe,277b34645cc89526db4a3365fa781ce28aa9768a65c4f301416a8a05c934af61,optimal,-266.61600000000027,-266.616,2.8421709430404007e-13,1.0660166468030429e-15,1,-0.266616e3,1.0660166468030429e-15,1,1,0.004621,0.000553902,40,120.0,threads=1,d03f115,"cloud container (docker); Intel(R) Xeon(R) Processor @ 2.10GHz; 4 cores; 16 GiB RAM; Linux-x86_64; quiet, one job at a time",2026-09-30T12:40:48+00:00
new,1,sc105,062d034400be956757316a9bde8e6de3d221a88fb5dc502def743f1883e23ec3,optimal,-52.20206121170722,-52.202061212,2.927791342699493e-10,5.608574210909634e-12,1,-0.52202061211707248062628010857689e2,5.444556933324681e-16,1,1,0.005625,0.001094438,98,120.0,threads=1,d03f115,"cloud container (docker); Intel(R) Xeon(R) Processor @ 2.10GHz; 4 cores; 16 GiB RAM; Linux-x86_64; quiet, one job at a time",2026-09-30T12:40:48+00:00
base,1,sc105,062d034400be956757316a9bde8e6de3d221a88fb5dc502def743f1883e23ec3,optimal,-52.20206121170722,-52.202061212,2.927791342699493e-10,5.608574210909634e-12,1,-0.52202061211707248062628010857689e2,5.444556933324681e-16,1,1,0.004845,0.001054646,98,120.0,threads=1,5c15999,"cloud container (docker); Intel(R) Xeon(R) Processor @ 2.10GHz; 4 cores; 16 GiB RAM; Linux-x86_64; quiet, one job at a time",2026-09-30T12:40:48+00:00
base,1,sc205,bcecc8d8cafd08c6d97cf8e39a740f5d777e317600bb9f6f158f2ceb550005f9,optimal,-52.2020612117072,-52.202061212,2.927933451246645e-10,5.608846438756298e-12,1,-0.52202061211707248062628010857689e2,8.166835399987022e-16,1,1,0.0073,0.003053937,232,120.0,threads=1,5c15999,"cloud container (docker); Intel(R) Xeon(R) Processor @ 2.10GHz; 4 cores; 16 GiB RAM; Linux-x86_64; quiet, one job at a time",2026-09-30T12:40:48+00:00
new,1,sc205,bcecc8d8cafd08c6d97cf8e39a740f5d777e317600bb9f6f158f2ceb550005f9,optimal,-52.2020612117072,-52.202061212,2.927933451246645e-10,5.608846438756298e-12,1,-0.52202061211707248062628010857689e2,8.166835399987022e-16,1,1,0.008794,0.003344524,232,120.0,threads=1,d03f115,"cloud container (docker); Intel(R) Xeon(R) Processor @ 2.10GHz; 4 cores; 16 GiB RAM; Linux-x86_64; quiet, one job at a time",2026-09-30T12:40:48+00:00
new,1,sc50a,36bfce2f419555712bf1b9a8477541199073c7654475d933475cea6db0abe2f2,optimal,-64.57507705856447,-64.575077059,4.355200644567958e-10,6.744398679677553e-12,1,-0.64575077058564509026860413914575e2,4.401343478789465e-16,1,1,0.004359,0.000683652,42,120.0,threads=1,d03f115,"cloud container (docker); Intel(R) Xeon(R) Processor @ 2.10GHz; 4 cores; 16 GiB RAM; Linux-x86_64; quiet, one job at a time",2026-09-30T12:40:48+00:00
base,1,sc50a,36bfce2f419555712bf1b9a8477541199073c7654475d933475cea6db0abe2f2,optimal,-64.57507705856447,-64.575077059,4.355200644567958e-10,6.744398679677553e-12,1,-0.64575077058564509026860413914575e2,4.401343478789465e-16,1,1,0.005531,0.000709736,42,120.0,threads=1,5c15999,"cloud container (docker); Intel(R) Xeon(R) Processor @ 2.10GHz; 4 cores; 16 GiB RAM; Linux-x86_64; quiet, one job at a time",2026-09-30T12:40:48+00:00
base,1,sc50b,bfc47ffcf8f037552130a75142a203dc768d82d15c3b7b9f718c444ffa472f15,optimal,-69.99999999999999,-70.0,1.4210854715202004e-14,2.0301221021717148e-16,1,-0.7e2,2.0301221021717148e-16,1,1,0.004073,0.000520167,42,120.0,threads=1,5c15999,"cloud container (docker); Intel(R) Xeon(R) Processor @ 2.10GHz; 4 cores; 16 GiB RAM; Linux-x86_64; quiet, one job at a time",2026-09-30T12:40:48+00:00
new,1,sc50b,bfc47ffcf8f037552130a75142a203dc768d82d15c3b7b9f718c444ffa472f15,optimal,-69.99999999999999,-70.0,1.4210854715202004e-14,2.0301221021717148e-16,1,-0.7e2,2.0301221021717148e-16,1,1,0.004177,0.00048578,42,120.0,threads=1,d03f115,"cloud container (docker); Intel(R) Xeon(R) Processor @ 2.10GHz; 4 cores; 16 GiB RAM; Linux-x86_64; quiet, one job at a time",2026-09-30T12:40:49+00:00
new,1,scagr25,7bac79b91dec46966af26a236d593c823f1e61eb055597426365e4f6bc36df76,optimal,-14753433.060768533,-14753433.061,0.00023146718740463257,1.5689039049257294e-11,1,-0.14753433060768523167790925075974e8,7.575098520698869e-16,1,1,0.012134,0.006052088,457,120.0,threads=1,d03f115,"cloud container (docker); Intel(R) Xeon(R) Processor @ 2.10GHz; 4 cores; 16 GiB RAM; Linux-x86_64; quiet, one job at a time",2026-09-30T12:40:49+00:00
base,1,scagr25,7bac79b91dec46966af26a236d593c823f1e61eb055597426365e4f6bc36df76,optimal,-14753433.060768533,-14753433.061,0.00023146718740463257,1.5689039049257294e-11,1,-0.14753433060768523167790925075974e8,7.575098520698869e-16,1,1,0.012122,0.006119546,457,120.0,threads=1,5c15999,"cloud container (docker); Intel(R) Xeon(R) Processor @ 2.10GHz; 4 cores; 16 GiB RAM; Linux-x86_64; quiet, one job at a time",2026-09-30T12:40:49+00:00
base,1,scagr7,2170c16fd0cc04a823172c1564e89593e75aac5225e2c2f893a6837ba0b26085,optimal,-2331389.824330984,-2331389.2548,0.5695309839211404,2.442882426212426e-07,1,-0.2331389824330984e7,0.0,1,1,0.004996,0.001070932,111,120.0,threads=1,5c15999,"cloud container (docker); Intel(R) Xeon(R) Processor @ 2.10GHz; 4 cores; 16 GiB RAM; Linux-x86_64; quiet, one job at a time",2026-09-30T12:40:49+00:00
new,1,scagr7,2170c16fd0cc04a823172c1564e89593e75aac5225e2c2f893a6837ba0b26085,optimal,-2331389.824330984,-2331389.2548,0.5695309839211404,2.442882426212426e-07,1,-0.2331389824330984e7,0.0,1,1,0.006716,0.001479573,111,120.0,threads=1,d03f115,"cloud container (docker); Intel(R) Xeon(R) Processor @ 2.10GHz; 4 cores; 16 GiB RAM; Linux-x86_64; quiet, one job at a time",2026-09-30T12:40:49+00:00
new,1,scfxm1,3e602523ca64bb4fd7387da7eca577d964e08d7c04326c59937a0d58add7de25,optimal,18416.759028348937,18416.759028,3.4893673728220165e-07,1.89466961451629e-11,1,0.18416759028348943683579089143655e5,3.950726402503032e-16,1,1,0.015304,0.007735562,433,120.0,threads=1,d03f115,"cloud container (docker); Intel(R) Xeon(R) Processor @ 2.10GHz; 4 cores; 16 GiB RAM; Linux-x86_64; quiet, one job at a time",2026-09-30T12:40:49+00:00
base,1,scfxm1,3e602523ca64bb4fd7387da7eca577d964e08d7c04326c59937a0d58add7de25,optimal,18416.759028348937,18416.759028,3.4893673728220165e-07,1.89466961451629e-11,1,0.18416759028348943683579089143655e5,3.950726402503032e-16,1,1,0.016512,0.008563016,433,120.0,threads=1,5c15999,"cloud container (docker); Intel(R) Xeon(R) Processor @ 2.10GHz; 4 cores; 16 GiB RAM; Linux-x86_64; quiet, one job at a time",2026-09-30T12:40:49+00:00
base,1,scfxm2,64d44da9d2e6329705e73b1e083f52a7560124c13af4c67ff60d55b0a46b0f0e,optimal,36660.26156499881,36660.261565,1.1932570487260818e-09,3.254905987537467e-14,1,0.36660261564998812956939504848248e5,1.984698772888764e-16,1,1,0.038486,0.026638741,937,120.0,threads=1,5c15999,"cloud container (docker); Intel(R) Xeon(R) Processor @ 2.10GHz; 4 cores; 16 GiB RAM; Linux-x86_64; quiet, one job at a time",2026-09-30T12:40:49+00:00
new,1,scfxm2,64d44da9d2e6329705e73b1e083f52a7560124c13af4c67ff60d55b0a46b0f0e,optimal,36660.26156499881,36660.261565,1.1932570487260818e-09,3.254905987537467e-14,1,0.36660261564998812956939504848248e5,1.984698772888764e-16,1,1,0.040554,0.028052607,937,120.0,threads=1,d03f115,"cloud container (docker); Intel(R) Xeon(R) Processor @ 2.10GHz; 4 cores; 16 GiB RAM; Linux-x86_64; quiet, one job at a time",2026-09-30T12:40:49+00:00
new,1,scfxm3,515b442feba7cb583e03d4466da264782d898cc69093848052a7fa98ba4eac7b,optimal,54901.25454975145,54901.25455,2.4854671210050583e-07,4.527159062898059e-12,1,0.54901254549751454623888724925519e5,0.0,1,1,0.075891,0.059405085,1641,120.0,threads=1,d03f115,"cloud container (docker); Intel(R) Xeon(R) Processor @ 2.10GHz; 4 cores; 16 GiB RAM; Linux-x86_64; quiet, one job at a time",2026-09-30T12:40:49+00:00
base,1,scfxm3,515b442feba7cb583e03d4466da264782d898cc69093848052a7fa98ba4eac7b,optimal,54901.25454975145,54901.25455,2.4854671210050583e-07,4.527159062898059e-12,1,0.54901254549751454623888724925519e5,0.0,1,1,0.075446,0.059551492,1641,120.0,threads=1,5c15999,"cloud container (docker); Intel(R) Xeon(R) Processor @ 2.10GHz; 4 cores; 16 GiB RAM; Linux-x86_64; quiet, one job at a time",2026-09-30T12:40:49+00:00
base,1,scorpion,39b61cae042ce4adffb441faec77f5cc003fa725baa25edfb1738aef93a83c5d,optimal,1878.1248227381068,1878.1248227,3.810669113590848e-08,2.0289754267304842e-11,1,0.18781248227381066296479411763586e4,1.2106419801839656e-16,1,1,0.009993,0.003920108,242,120.0,threads=1,5c15999,"cloud container (docker); Intel(R) Xeon(R) Processor @ 2.10GHz; 4 cores; 16 GiB RAM; Linux-x86_64; quiet, one job at a time",2026-09-30T12:40:50+00:00
new,1,scorpion,39b61cae042ce4adffb441faec77f5cc003fa725baa25edfb1738aef93a83c5d,optimal,1878.1248227381068,1878.1248227,3.810669113590848e-08,2.0289754267304842e-11,1,0.18781248227381066296479411763586e4,1.2106419801839656e-16,1,1,0.008738,0.003302233,242,120.0,threads=1,d03f115,"cloud container (docker); Intel(R) Xeon(R) Processor @ 2.10GHz; 4 cores; 16 GiB RAM; Linux-x86_64; quiet, one job at a time",2026-09-30T12:40:50+00:00
new,1,scrs8,33b12d5e3d07b47a8b837ab0bf445fbfb5980af5c825bf049c23e71fb3faf026,optimal,904.2969538007919,904.29998619,0.003032389208101449,3.3533000712269414e-06,0,0.90429695380079143579923107948844e3,5.028739165548941e-16,1,1,0.021308,0.012759721,610,120.0,threads=1,d03f115,"cloud container (docker); Intel(R) Xeon(R) Processor @ 2.10GHz; 4 cores; 16 GiB RAM; Linux-x86_64; quiet, one job at a time",2026-09-30T12:40:50+00:00
base,1,scrs8,33b12d5e3d07b47a8b837ab0bf445fbfb5980af5c825bf049c23e71fb3faf026,optimal,904.2969538007919,904.29998619,0.003032389208101449,3.3533000712269414e-06,0,0.90429695380079143579923107948844e3,5.028739165548941e-16,1,1,0.03198,0.019581483,610,120.0,threads=1,5c15999,"cloud container (docker); Intel(R) Xeon(R) Processor @ 2.10GHz; 4 cores; 16 GiB RAM; Linux-x86_64; quiet, one job at a time",2026-09-30T12:40:50+00:00
base,1,scsd1,8c4aac4987a81ef66715b5cb2debdb1993afe6cb5e2a29f32556a03802bf55f5,optimal,8.666666674333365,8.6666666743,3.3365310514454904e-11,3.849843517507819e-12,1,0.86666666743333647292533502995263e1,0.0,1,1,0.010792,0.002711941,98,120.0,threads=1,5c15999,"cloud container (docker); Intel(R) Xeon(R) Processor @ 2.10GHz; 4 cores; 16 GiB RAM; Linux-x86_64; quiet, one job at a time",2026-09-30T12:40:50+00:00
new,1,scsd1,8c4aac4987a81ef66715b5cb2debdb1993afe6cb5e2a29f32556a03802bf55f5,optimal,8.666666674333365,8.6666666743,3.3365310514454904e-11,3.849843517507819e-12,1,0.86666666743333647292533502995263e1,0.0,1,1,0.011254,0.002782845,98,120.0,threads=1,d03f115,"cloud container (docker); Intel(R) Xeon(R) Processor @ 2.10GHz; 4 cores; 16 GiB RAM; Linux-x86_64; quiet, one job at a time",2026-09-30T12:40:50+00:00
new,1,scsd6,f3da742cfa24cfadb99d510847ea1f7a361ba61537d4c2900c09b674912a5891,optimal,50.500000077641246,50.500000078,3.587530272852746e-10,7.104020331310119e-12,1,0.50500000077144345289985489081569e2,9.839680210693766e-12,1,1,0.024996,0.013386246,399,120.0,threads=1,d03f115,"cloud container (docker); Intel(R) Xeon(R) Processor @ 2.10GHz; 4 cores; 16 GiB RAM; Linux-x86_64; quiet, one job at a time",2026-09-30T12:40:50+00:00
base,1,scsd6,f3da742cfa24cfadb99d510847ea1f7a361ba61537d4c2900c09b674912a5891,optimal,50.500000077641246,50.500000078,3.587530272852746e-10,7.104020331310119e-12,1,0.50500000077144345289985489081569e2,9.839680210693766e-12,1,1,0.017061,0.009200703,399,120.0,threads=1,5c15999,"cloud container (docker); Intel(R) Xeon(R) Processor @ 2.10GHz; 4 cores; 16 GiB RAM; Linux-x86_64; quiet, one job at a time",2026-09-30T12:40:50+00:00
base,1,scsd8,2090a22840fe2c75730cd76336702ece7c27a739d58740926b67c4b2e57b8e5c,optimal,904.9999999254642,904.99999993,4.535763764579315e-09,5.011893662906241e-12,1,0.90499999992546440094445846417654e3,2.512416303447055e-16,1,1,0.082315,0.069251657,1563,120.0,threads=1,5c15999,"cloud container (docker); Intel(R) Xeon(R) Processor @ 2.10GHz; 4 cores; 16 GiB RAM; Linux-x86_64; quiet, one job at a time",2026-09-30T12:40:50+00:00
new,1,scsd8,2090a22840fe2c75730cd76336702ece7c27a739d58740926b67c4b2e57b8e5c,optimal,904.9999999254642,904.99999993,4.535763764579315e-09,5.011893662906241e-12,1,0.90499999992546440094445846417654e3,2.512416303447055e-16,1,1,0.078343,0.065193951,1563,120.0,threads=1,d03f115,"cloud container (docker); Intel(R) Xeon(R) Processor @ 2.10GHz; 4 cores; 16 GiB RAM; Linux-x86_64; quiet, one job at a time",2026-09-30T12:40:51+00:00
new,1,sctap1,2b1ab5950d3e37fd21327892e2bc830c5f0d8d3fc1f687c0f57a5cdefd9caa21,optimal,1412.2499999999998,1412.25,2.2737367544323206e-13,1.6100100934199472e-16,1,0.141225e4,1.6100100934199472e-16,1,1,0.009886,0.003992284,278,120.0,threads=1,d03f115,"cloud container (docker); Intel(R) Xeon(R) Processor @ 2.10GHz; 4 cores; 16 GiB RAM; Linux-x86_64; quiet, one job at a time",2026-09-30T12:40:51+00:00
base,1,sctap1,2b1ab5950d3e37fd21327892e2bc830c5f0d8d3fc1f687c0f57a5cdefd9caa21,optimal,1412.2499999999998,1412.25,2.2737367544323206e-13,1.6100100934199472e-16,1,0.141225e4,1.6100100934199472e-16,1,1,0.009384,0.004433545,278,120.0,threads=1,5c15999,"cloud container (docker); Intel(R) Xeon(R) Processor @ 2.10GHz; 4 cores; 16 GiB RAM; Linux-x86_64; quiet, one job at a time",2026-09-30T12:40:51+00:00
base,1,sctap2,673d50e3b929f83b1719d28ee09500890294107099518161bcf2a4f452e95fb2,optimal,1724.8071428571432,1724.8071429,4.285675458959304e-08,2.4847273369668418e-11,1,0.17248071428571428571428571428571e4,1.3182556460578402e-16,1,1,0.030416,0.020791119,775,120.0,threads=1,5c15999,"cloud container (docker); Intel(R) Xeon(R) Processor @ 2.10GHz; 4 cores; 16 GiB RAM; Linux-x86_64; quiet, one job at a time",2026-09-30T12:40:51+00:00
new,1,sctap2,673d50e3b929f83b1719d28ee09500890294107099518161bcf2a4f452e95fb2,optimal,1724.8071428571432,1724.8071429,4.285675458959304e-08,2.4847273369668418e-11,1,0.17248071428571428571428571428571e4,1.3182556460578402e-16,1,1,0.031425,0.021545034,775,120.0,threads=1,d03f115,"cloud container (docker); Intel(R) Xeon(R) Processor @ 2.10GHz; 4 cores; 16 GiB RAM; Linux-x86_64; quiet, one job at a time",2026-09-30T12:40:51+00:00
new,1,sctap3,44e105b02a722bf19292b8aeb4779480c4eb81f40da35d64d8f4534f85000168,optimal,1424.0,1424.0,0.0,0.0,1,0.1424e4,0.0,1,1,0.058126,0.044050391,1111,120.0,threads=1,d03f115,"cloud container (docker); Intel(R) Xeon(R) Processor @ 2.10GHz; 4 cores; 16 GiB RAM; Linux-x86_64; quiet, one job at a time",2026-09-30T12:40:51+00:00
base,1,sctap3,44e105b02a722bf19292b8aeb4779480c4eb81f40da35d64d8f4534f85000168,optimal,1424.0,1424.0,0.0,0.0,1,0.1424e4,0.0,1,1,0.068213,0.050972729,1111,120.0,threads=1,5c15999,"cloud container (docker); Intel(R) Xeon(R) Processor @ 2.10GHz; 4 cores; 16 GiB RAM; Linux-x86_64; quiet, one job at a time",2026-09-30T12:40:51+00:00
base,1,seba,539733cdb036e2d2e8e80e7ea1666848b6b67a36a34b1c6cf9a883e1c868ef1e,optimal,15711.599999999999,15711.6,1.8189894035458565e-12,1.1577365790536013e-16,1,0.157116e5,1.1577365790536013e-16,1,1,0.018717,0.008937173,439,120.0,threads=1,5c15999,"cloud container (docker); Intel(R) Xeon(R) Processor @ 2.10GHz; 4 cores; 16 GiB RAM; Linux-x86_64; quiet, one job at a time",2026-09-30T12:40:51+00:00
new,1,seba,539733cdb036e2d2e8e80e7ea1666848b6b67a36a34b1c6cf9a883e1c868ef1e,optimal,15711.599999999999,15711.6,1.8189894035458565e-12,1.1577365790536013e-16,1,0.157116e5,1.1577365790536013e-16,1,1,0.018078,0.007888629,439,120.0,threads=1,d03f115,"cloud container (docker); Intel(R) Xeon(R) Processor @ 2.10GHz; 4 cores; 16 GiB RAM; Linux-x86_64; quiet, one job at a time",2026-09-30T12:40:52+00:00
new,1,share1b,fafdf8b5e3d50d27f5eff40e46eb104d1e614bf2721cb5be38081f1678dbd562,optimal,-76589.31857918552,-76589.318579,1.85522367246449e-07,2.4223007945303396e-12,1,-0.7658931857918568112797274346007e5,2.0899920573981595e-15,1,1,0.006606,0.001763473,136,120.0,threads=1,d03f115,"cloud container (docker); Intel(R) Xeon(R) Processor @ 2.10GHz; 4 cores; 16 GiB RAM; Linux-x86_64; quiet, one job at a time",2026-09-30T12:40:52+00:00
base,1,share1b,fafdf8b5e3d50d27f5eff40e46eb104d1e614bf2721cb5be38081f1678dbd562,optimal,-76589.31857918552,-76589.318579,1.85522367246449e-07,2.4223007945303396e-12,1,-0.7658931857918568112797274346007e5,2.0899920573981595e-15,1,1,0.006377,0.001807468,136,120.0,threads=1,5c15999,"cloud container (docker); Intel(R) Xeon(R) Processor @ 2.10GHz; 4 cores; 16 GiB RAM; Linux-x86_64; quiet, one job at a time",2026-09-30T12:40:52+00:00
base,1,share2b,2816c0a71096acc08fd88f65c960366856802c074601e5fa544f9c3eab640c96,optimal,-415.7322407414192,-415.73224074,1.4192096386977937e-09,3.4137589044612273e-12,1,-0.41573224074141948654519910873841e3,6.836542044397748e-16,1,1,0.007745,0.001484945,124,120.0,threads=1,5c15999,"cloud container (docker); Intel(R) Xeon(R) Processor @ 2.10GHz; 4 cores; 16 GiB RAM; Linux-x86_64; quiet, one job at a time",2026-09-30T12:40:52+00:00
new,1,share2b,2816c0a71096acc08fd88f65c960366856802c074601e5fa544f9c3eab640c96,optimal,-415.7322407414192,-415.73224074,1.4192096386977937e-09,3.4137589044612273e-12,1,-0.41573224074141948654519910873841e3,6.836542044397748e-16,1,1,0.005972,0.001844889,124,120.0,threads=1,d03f115,"cloud container (docker); Intel(R) Xeon(R) Processor @ 2.10GHz; 4 cores; 16 GiB RAM; Linux-x86_64; quiet, one job at a time",2026-09-30T12:40:52+00:00
new,1,shell,e21331e8282f8d8616cbee27e093e50d140ea03f9bc3fd0b6da0ccff638d2f91,optimal,1208825346.0,1208825346.0,0.0,0.0,1,0.1208825346e10,0.0,1,1,0.018161,0.009209726,461,120.0,threads=1,d03f115,"cloud container (docker); Intel(R) Xeon(R) Processor @ 2.10GHz; 4 cores; 16 GiB RAM; Linux-x86_64; quiet, one job at a time",2026-09-30T12:40:52+00:00
base,1,shell,e21331e8282f8d8616cbee27e093e50d140ea03f9bc3fd0b6da0ccff638d2f91,optimal,1208825346.0,1208825346.0,0.0,0.0,1,0.1208825346e10,0.0,1,1,0.019541,0.009880066,461,120.0,threads=1,5c15999,"cloud container (docker); Intel(R) Xeon(R) Processor @ 2.10GHz; 4 cores; 16 GiB RAM; Linux-x86_64; quiet, one job at a time",2026-09-30T12:40:52+00:00
base,1,ship04l,e7c46bfd6492a400220cf1f5f093f264901fd0e8534dd8cbb060d491612dc881,optimal,1793324.5379703562,1793324.538,2.9643764719367027e-05,1.6530061397825488e-11,1,0.17933245379703557625562556255626e7,2.5966370138154925e-16,1,1,0.02147,0.007044317,447,120.0,threads=1,5c15999,"cloud container (docker); Intel(R) Xeon(R) Processor @ 2.10GHz; 4 cores; 16 GiB RAM; Linux-x86_64; quiet, one job at a time",2026-09-30T12:40:52+00:00
new,1,ship04l,e7c46bfd6492a400220cf1f5f093f264901fd0e8534dd8cbb060d491612dc881,optimal,1793324.5379703562,1793324.538,2.9643764719367027e-05,1.6530061397825488e-11,1,0.17933245379703557625562556255626e7,2.5966370138154925e-16,1,1,0.01897,0.006874105,447,120.0,threads=1,d03f115,"cloud container (docker); Intel(R) Xeon(R) Processor @ 2.10GHz; 4 cores; 16 GiB RAM; Linux-x86_64; quiet, one job at a time",2026-09-30T12:40:53+00:00
new,1,ship04s,2ed2828b251173a05004349121cd9a271a3434bf2efe4e1b70d7e0bdf2d76f94,optimal,1798714.7004453922,1798714.7004,4.5392196625471115e-05,2.5235906848026957e-11,1,0.17987147004453921719954082726049e7,0.0,1,1,0.013262,0.005529717,296,120.0,threads=1,d03f115,"cloud container (docker); Intel(R) Xeon(R) Processor @ 2.10GHz; 4 cores; 16 GiB RAM; Linux-x86_64; quiet, one job at a time",2026-09-30T12:40:53+00:00
base,1,ship04s,2ed2828b251173a05004349121cd9a271a3434bf2efe4e1b70d7e0bdf2d76f94,optimal,1798714.7004453922,1798714.7004,4.5392196625471115e-05,2.5235906848026957e-11,1,0.17987147004453921719954082726049e7,0.0,1,1,0.011718,0.003833618,296,120.0,threads=1,5c15999,"cloud container (docker); Intel(R) Xeon(R) Processor @ 2.10GHz; 4 cores; 16 GiB RAM; Linux-x86_64; quiet, one job at a time",2026-09-30T12:40:53+00:00
base,1,ship08l,58b6142628facaa1b056f32f9f47167097db66825f0c6b42c6f65e4da1b5da07,optimal,1909055.211389131,1909055.2114,1.0869000107049942e-05,5.6933922299078996e-12,1,0.19090552113891315179803819998425e7,3.6588356732404215e-16,1,1,0.034785,0.01866561,743,120.0,threads=1,5c15999,"cloud container (docker); Intel(R) Xeon(R) Processor @ 2.10GHz; 4 cores; 16 GiB RAM; Linux-x86_64; quiet, one job at a time",2026-09-30T12:40:53+00:00
new,1,ship08l,58b6142628facaa1b056f32f9f47167097db66825f0c6b42c6f65e4da1b5da07,optimal,1909055.211389131,1909055.2114,1.0869000107049942e-05,5.6933922299078996e-12,1,0.19090552113891315179803819998425e7,3.6588356732404215e-16,1,1,0.034979,0.018685535,743,120.0,threads=1,d03f115,"cloud container (docker); Intel(R) Xeon(R) Processor @ 2.10GHz; 4 cores; 16 GiB RAM; Linux-x86_64; quiet, one job at a time",2026-09-30T12:40:53+00:00
new,1,ship08s,bdf5671548dde27b0d83c244914036e58081c4683786b2fd132277f577c9a7d8,optimal,1920098.2105346182,1920098.2105,3.461819142103195e-05,1.8029385805227774e-11,1,0.1920098210534619710172695474693e7,7.275585458382624e-16,1,1,0.025814,0.010478405,422,120.0,threads=1,d03f115,"cloud container (docker); Intel(R) Xeon(R) Processor @ 2.10GHz; 4 cores; 16 GiB RAM; Linux-x86_64; quiet, one job at a time",2026-09-30T12:40:53+00:00
base,1,ship08s,bdf5671548dde27b0d83c244914036e58081c4683786b2fd132277f577c9a7d8,optimal,1920098.2105346182,1920098.2105,3.461819142103195e-05,1.8029385805227774e-11,1,0.1920098210534619710172695474693e7,7.275585458382624e-16,1,1,0.019041,0.008003113,422,120.0,threads=1,5c15999,"cloud container (docker); Intel(R) Xeon(R) Processor @ 2.10GHz; 4 cores; 16 GiB RAM; Linux-x86_64; quiet, one job at a time",2026-09-30T12:40:54+00:00
base,1,ship12l,87bf21f83ae0c5a87aa73ee2d8e2bd4a6a72b3c6cbdc603853dbb7b43b824911,optimal,1470187.919329266,1470187.9193,2.926611341536045e-05,1.9906375934101617e-11,1,0.1470187919329264822702175543886e7,7.918397389637529e-16,1,1,0.049514,0.028683997,1063,120.0,threads=1,5c15999,"cloud container (docker); Intel(R) Xeon(R) Processor @ 2.10GHz; 4 cores; 16 GiB RAM; Linux-x86_64; quiet, one job at a time",2026-09-30T12:40:54+00:00
new,1,ship12l,87bf21f83ae0c5a87aa73ee2d8e2bd4a6a72b3c6cbdc603853dbb7b43b824911,optimal,1470187.919329266,1470187.9193,2.926611341536045e-05,1.9906375934101617e-11,1,0.1470187919329264822702175543886e7,7.918397389637529e-16,1,1,0.071446,0.040939475,1063,120.0,threads=1,d03f115,"cloud container (docker); Intel(R) Xeon(R) Processor @ 2.10GHz; 4 cores; 16 GiB RAM; Linux-x86_64; quiet, one job at a time",2026-09-30T12:40:54+00:00
new,1,ship12s,43bacbc026b0b5588ed9bec06b11fadfbff8beb19b4e84881370a57cc6540e5d,optimal,1489236.1344061326,1489236.1344,6.132526323199272e-06,4.1179005676423585e-12,1,0.14892361344061291565686421605401e7,2.3451349145518495e-15,1,1,0.021633,0.009279026,590,120.0,threads=1,d03f115,"cloud container (docker); Intel(R) Xeon(R) Processor @ 2.10GHz; 4 cores; 16 GiB RAM; Linux-x86_64; quiet, one job at a time",2026-09-30T12:40:54+00:00
base,1,ship12s,43bacbc026b0b5588ed9bec06b11fadfbff8beb19b4e84881370a57cc6540e5d,optimal,1489236.1344061326,1489236.1344,6.132526323199272e-06,4.1179005676423585e-12,1,0.14892361344061291565686421605401e7,2.3451349145518495e-15,1,1,0.029524,0.013672322,590,120.0,threads=1,5c15999,"cloud container (docker); Intel(R) Xeon(R) Processor @ 2.10GHz; 4 cores; 16 GiB RAM; Linux-x86_64; quiet, one job at a time",2026-09-30T12:40:54+00:00
base,1,sierra,dbabb4bb56b9de7efbca7df842922c7c1ef620bcbee2aeb28f4bf3c5a3868cc9,optimal,15394362.183631925,15394362.184,0.0003680754452943802,2.3909756110385417e-11,1,0.1539436218363193e8,3.62985837349874e-16,1,1,0.028407,0.017352235,550,120.0,threads=1,5c15999,"cloud container (docker); Intel(R) Xeon(R) Processor @ 2.10GHz; 4 cores; 16 GiB RAM; Linux-x86_64; quiet, one job at a time",2026-09-30T12:40:55+00:00
new,1,sierra,dbabb4bb56b9de7efbca7df842922c7c1ef620bcbee2aeb28f4bf3c5a3868cc9,optimal,15394362.183631925,15394362.184,0.0003680754452943802,2.3909756110385417e-11,1,0.1539436218363193e8,3.62985837349874e-16,1,1,0.032132,0.018461081,550,120.0,threads=1,d03f115,"cloud container (docker); Intel(R) Xeon(R) Processor @ 2.10GHz; 4 cores; 16 GiB RAM; Linux-x86_64; quiet, one job at a time",2026-09-30T12:40:55+00:00
new,1,stair,30a16ec0d02cf6c490495340d2a718f533d8e5d88f839693eb4bc06671bd8649,optimal,-251.2669511929633,-251.26695119,2.9633042686327826e-09,1.17934501716146e-11,1,-0.25126695119296330352803637106304e3,0.0,1,1,0.027195,0.015164345,445,120.0,threads=1,d03f115,"cloud container (docker); Intel(R) Xeon(R) Processor @ 2.10GHz; 4 cores; 16 GiB RAM; Linux-x86_64; quiet, one job at a time",2026-09-30T12:40:55+00:00
base,1,stair,30a16ec0d02cf6c490495340d2a718f533d8e5d88f839693eb4bc06671bd8649,optimal,-251.2669511929633,-251.26695119,2.9633042686327826e-09,1.17934501716146e-11,1,-0.25126695119296330352803637106304e3,0.0,1,1,0.028374,0.015662092,445,120.0,threads=1,5c15999,"cloud container (docker); Intel(R) Xeon(R) Processor @ 2.10GHz; 4 cores; 16 GiB RAM; Linux-x86_64; quiet, one job at a time",2026-09-30T12:40:55+00:00
base,1,standata,a513e8587cb8d72ac1f6fb07b33642a212f55646fb2c04521cdfd04b959c6fb1,optimal,1257.6995000000002,1257.6995,2.2737367544323206e-13,1.8078537476021266e-16,1,0.12576995e4,1.8078537476021266e-16,1,1,0.012007,0.002332501,51,120.0,threads=1,5c15999,"cloud container (docker); Intel(R) Xeon(R) Processor @ 2.10GHz; 4 cores; 16 GiB RAM; Linux-x86_64; quiet, one job at a time",2026-09-30T12:40:55+00:00
new,1,standata,a513e8587cb8d72ac1f6fb07b33642a212f55646fb2c04521cdfd04b959c6fb1,optimal,1257.6995000000002,1257.6995,2.2737367544323206e-13,1.8078537476021266e-16,1,0.12576995e4,1.8078537476021266e-16,1,1,0.009026,0.001829678,51,120.0,threads=1,d03f115,"cloud container (docker); Intel(R) Xeon(R) Processor @ 2.10GHz; 4 cores; 16 GiB RAM; Linux-x86_64; quiet, one job at a time",2026-09-30T12:40:56+00:00
new,1,standmps,93bd6bc6251b7fee0f943e1c69a7b7e836b4b34e4c011c1a871be66a1cb7e00d,optimal,1406.0175000000002,1406.0175,2.2737367544323206e-13,1.617146838095771e-16,1,0.14060175e4,1.617146838095771e-16,1,1,0.013815,0.004379094,197,120.0,threads=1,d03f115,"cloud container (docker); Intel(R) Xeon(R) Processor @ 2.10GHz; 4 cores; 16 GiB RAM; Linux-x86_64; quiet, one job at a time",2026-09-30T12:40:56+00:00
base,1,standmps,93bd6bc6251b7fee0f943e1c69a7b7e836b4b34e4c011c1a871be66a1cb7e00d,optimal,1406.0175000000002,1406.0175,2.2737367544323206e-13,1.617146838095771e-16,1,0.14060175e4,1.617146838095771e-16,1,1,0.015727,0.005609284,197,120.0,threads=1,5c15999,"cloud container (docker); Intel(R) Xeon(R) Processor @ 2.10GHz; 4 cores; 16 GiB RAM; Linux-x86_64; quiet, one job at a time",2026-09-30T12:40:56+00:00
base,1,stocfor1,98e1cb3940233e044e3d0e50869539087acdf8f0862916f777e553afc705ba90,optimal,-41131.97621943643,-41131.976219,4.3643376557156444e-07,1.0610571280306333e-11,1,-0.41131976219436406065682760731514e5,5.306789230378818e-16,1,1,0.010896,0.003577331,104,120.0,threads=1,5c15999,"cloud container (docker); Intel(R) Xeon(R) Processor @ 2.10GHz; 4 cores; 16 GiB RAM; Linux-x86_64; quiet, one job at a time",2026-09-30T12:40:56+00:00
new,1,stocfor1,98e1cb3940233e044e3d0e50869539087acdf8f0862916f777e553afc705ba90,optimal,-41131.97621943643,-41131.976219,4.3643376557156444e-07,1.0610571280306333e-11,1,-0.41131976219436406065682760731514e5,5.306789230378818e-16,1,1,0.005565,0.001404316,104,120.0,threads=1,d03f115,"cloud container (docker); Intel(R) Xeon(R) Processor @ 2.10GHz; 4 cores; 16 GiB RAM; Linux-x86_64; quiet, one job at a time",2026-09-30T12:40:56+00:00
new,1,stocfor2,d54988bc39e9c48d13c8a3248913e9b6b77c2f8e9b9f4c3e4c76b060f6096b50,optimal,-39024.4085378821,-39024.408538,1.1790689313784242e-07,3.021362720283912e-12,1,-0.39024408537882029604587908772433e5,1.6780169381448573e-15,1,1,0.127183,0.109091266,1877,120.0,threads=1,d03f115,"cloud container (docker); Intel(R) Xeon(R) Processor @ 2.10GHz; 4 cores; 16 GiB RAM; Linux-x86_64; quiet, one job at a time",2026-09-30T12:40:56+00:00
base,1,stocfor2,d54988bc39e9c48d13c8a3248913e9b6b77c2f8e9b9f4c3e4c76b060f6096b50,optimal,-39024.4085378821,-39024.408538,1.1790689313784242e-07,3.021362720283912e-12,1,-0.39024408537882029604587908772433e5,1.6780169381448573e-15,1,1,0.161466,0.144958161,1877,120.0,threads=1,5c15999,"cloud container (docker); Intel(R) Xeon(R) Processor @ 2.10GHz; 4 cores; 16 GiB RAM; Linux-x86_64; quiet, one job at a time",2026-09-30T12:40:57+00:00
base,1,tuff,768782d2ab2d7d044061f56ba54ddd53cf5ea0666a965edd33d48803098e15e2,optimal,0.29214776509361284,0.29214776509,3.612832255583953e-12,3.612832255583953e-12,1,0.29214776509361284488226309994302e0,0.0,1,1,0.011923,0.004556285,242,120.0,threads=1,5c15999,"cloud container (docker); Intel(R) Xeon(R) Processor @ 2.10GHz; 4 cores; 16 GiB RAM; Linux-x86_64; quiet, one job at a time",2026-09-30T12:40:57+00:00
new,1,tuff,768782d2ab2d7d044061f56ba54ddd53cf5ea0666a965edd33d48803098e15e2,optimal,0.29214776509361284,0.29214776509,3.612832255583953e-12,3.612832255583953e-12,1,0.29214776509361284488226309994302e0,0.0,1,1,0.012474,0.004667733,242,120.0,threads=1,d03f115,"cloud container (docker); Intel(R) Xeon(R) Processor @ 2.10GHz; 4 cores; 16 GiB RAM; Linux-x86_64; quiet, one job at a time",2026-09-30T12:40:57+00:00
new,1,vtp.base,7c34b37d7714796bc0fe30d920f3ecf9866c018a018ee0349ceb85350581dc68,optimal,129831.46246136139,129831.46246,1.3613898772746325e-06,1.0485824094402891e-11,1,0.1298314624613613657395984384889e6,1.1208311877945293e-16,1,1,0.007498,0.002428025,162,120.0,threads=1,d03f115,"cloud container (docker); Intel(R) Xeon(R) Processor @ 2.10GHz; 4 cores; 16 GiB RAM; Linux-x86_64; quiet, one job at a time",2026-09-30T12:40:57+00:00
base,1,vtp.base,7c34b37d7714796bc0fe30d920f3ecf9866c018a018ee0349ceb85350581dc68,optimal,129831.46246136139,129831.46246,1.3613898772746325e-06,1.0485824094402891e-11,1,0.1298314624613613657395984384889e6,1.1208311877945293e-16,1,1,0.009321,0.002861949,162,120.0,threads=1,5c15999,"cloud container (docker); Intel(R) Xeon(R) Processor @ 2.10GHz; 4 cores; 16 GiB RAM; Linux-x86_64; quiet, one job at a time",2026-09-30T12:40:57+00:00
base,1,wood1p,af3cac48f0727f1d9e1f1ecfa6de30168678800b39e38a808b5df90a48d61330,optimal,1.4429024115734101,1.4429024116,2.65898414397725e-11,1.8428024810276435e-11,1,0.14429024115734092400010936668043e1,6.155498892898885e-16,1,1,0.101018,0.034654555,219,120.0,threads=1,5c15999,"cloud container (docker); Intel(R) Xeon(R) Processor @ 2.10GHz; 4 cores; 16 GiB RAM; Linux-x86_64; quiet, one job at a time",2026-09-30T12:40:58+00:00
new,1,wood1p,af3cac48f0727f1d9e1f1ecfa6de30168678800b39e38a808b5df90a48d61330,optimal,1.4429024115734101,1.4429024116,2.65898414397725e-11,1.8428024810276435e-11,1,0.14429024115734092400010936668043e1,6.155498892898885e-16,1,1,0.082569,0.022169282,219,120.0,threads=1,d03f115,"cloud container (docker); Intel(R) Xeon(R) Processor @ 2.10GHz; 4 cores; 16 GiB RAM; Linux-x86_64; quiet, one job at a time",2026-09-30T12:40:59+00:00
new,1,woodw,01450b5407d3bb282595e2874e78c26dd7cdde87d70d663065e58bd3e6c288b0,optimal,1.3044763330842293,1.3044763331,1.577071806480035e-11,1.2089692748447418e-11,1,0.1304476333084229269005552085566e1,0.0,1,1,0.371128,0.323840663,2495,120.0,threads=1,d03f115,"cloud container (docker); Intel(R) Xeon(R) Processor @ 2.10GHz; 4 cores; 16 GiB RAM; Linux-x86_64; quiet, one job at a time",2026-09-30T12:41:15+00:00
base,1,woodw,01450b5407d3bb282595e2874e78c26dd7cdde87d70d663065e58bd3e6c288b0,optimal,1.3044763330842293,1.3044763331,1.577071806480035e-11,1.2089692748447418e-11,1,0.1304476333084229269005552085566e1,0.0,1,1,0.322013,0.280460929,2495,120.0,threads=1,5c15999,"cloud container (docker); Intel(R) Xeon(R) Processor @ 2.10GHz; 4 cores; 16 GiB RAM; Linux-x86_64; quiet, one job at a time",2026-09-30T12:41:32+00:00
new,2,25fv47,e0da0d47ae56bef34f11ac03563027da57dd4ab792d978c0dc8e27a16117f627,optimal,5501.84588828675,5501.8458883,1.3250428310129791e-08,2.4083604992112937e-12,1,0.55018458882867447945812325883916e4,9.918431598121063e-16,1,,0.338228,0.321082385,4586,120.0,threads=1,d03f115,"cloud container (docker); Intel(R) Xeon(R) Processor @ 2.10GHz; 4 cores; 16 GiB RAM; Linux-x86_64; quiet, one job at a time",2026-09-30T12:41:32+00:00
base,2,25fv47,e0da0d47ae56bef34f11ac03563027da57dd4ab792d978c0dc8e27a16117f627,optimal,5501.84588828675,5501.8458883,1.3250428310129791e-08,2.4083604992112937e-12,1,0.55018458882867447945812325883916e4,9.918431598121063e-16,1,,0.322502,0.305496253,4586,120.0,threads=1,5c15999,"cloud container (docker); Intel(R) Xeon(R) Processor @ 2.10GHz; 4 cores; 16 GiB RAM; Linux-x86_64; quiet, one job at a time",2026-09-30T12:41:33+00:00
base,2,80bau3b,22aef70f5ce164435b15c5c0aa3be93a99932dc136eb936eb17835a661087b9f,optimal,987224.192409091,987232.16072,7.9683109089965,8.071364797501246e-06,0,0.98722419240909025757911711738799e6,8.254530825464809e-16,1,,0.351947,0.308563915,3887,120.0,threads=1,5c15999,"cloud container (docker); Intel(R) Xeon(R) Processor @ 2.10GHz; 4 cores; 16 GiB RAM; Linux-x86_64; quiet, one job at a time",2026-09-30T12:41:33+00:00
new,2,80bau3b,22aef70f5ce164435b15c5c0aa3be93a99932dc136eb936eb17835a661087b9f,optimal,987224.192409091,987232.16072,7.9683109089965,8.071364797501246e-06,0,0.98722419240909025757911711738799e6,8.254530825464809e-16,1,,0.365555,0.320193755,3887,120.0,threads=1,d03f115,"cloud container (docker); Intel(R) Xeon(R) Processor @ 2.10GHz; 4 cores; 16 GiB RAM; Linux-x86_64; quiet, one job at a time",2026-09-30T12:41:33+00:00
new,2,adlittle,db211f7bf735518a246a2a0e385ec51abc09cd601da7ae50d6c3fe083cb6f94b,optimal,225494.96316238042,225494.96316,2.3804022930562496e-06,1.055634351959886e-11,1,0.22549496316238038228101176621492e6,1.29066432564952e-16,1,,0.005344,0.000981386,86,120.0,threads=1,d03f115,"cloud container (docker); Intel(R) Xeon(R) Processor @ 2.10GHz; 4 cores; 16 GiB RAM; Linux-x86_64; quiet, one job at a time",2026-09-30T12:41:33+00:00
base,2,adlittle,db211f7bf735518a246a2a0e385ec51abc09cd601da7ae50d6c3fe083cb6f94b,optimal,225494.96316238042,225494.96316,2.3804022930562496e-06,1.055634351959886e-11,1,0.22549496316238038228101176621492e6,1.29066432564952e-16,1,,0.006126,0.001153532,86,120.0,threads=1,5c15999,"cloud container (docker); Intel(R) Xeon(R) Processor @ 2.10GHz; 4 cores; 16 GiB RAM; Linux-x86_64; quiet, one job at a time",2026-09-30T12:41:33+00:00
base,2,afiro,04992b87e57e57c1c417c96b846833bfa12e055eeaa623f043c45fc773b5be41,optimal,-464.75314285714285,-464.75314286,2.857177605619654e-09,6.147731649617561e-12,1,-0.46475314285714285714285714285714e3,0.0,1,,0.003419,0.000301573,13,120.0,threads=1,5c15999,"cloud container (docker); Intel(R) Xeon(R) Processor @ 2.10GHz; 4 cores; 16 GiB RAM; Linux-x86_64; quiet, one job at a time",2026-09-30T12:41:33+00:00
new,2,afiro,04992b87e57e57c1c417c96b846833bfa12e055eeaa623f043c45fc773b5be41,optimal,-464.75314285714285,-464.75314286,2.857177605619654e-09,6.147731649617561e-12,1,-0.46475314285714285714285714285714e3,0.0,1,,0.003614,0.000267593,13,120.0,threads=1,d03f115,"cloud container (docker); Intel(R) Xeon(R) Processor @ 2.10GHz; 4 cores; 16 GiB RAM; Linux-x86_64; quiet, one job at a time",2026-09-30T12:41:33+00:00
new,2,agg,d7844795d0c799f5cdc1416c8d242f5e8f351f5a3271f42a2d428f170abf1f03,optimal,-35991767.2865765,-35991767.287,0.0004234984517097473,1.1766536728601052e-11,1,-0.35991767286576506712640824319636e8,2.070079120483366e-16,1,,0.009422,0.004252676,140,120.0,threads=1,d03f115,"cloud container (docker); Intel(R) Xeon(R) Processor @ 2.10GHz; 4 cores; 16 GiB RAM; Linux-x86_64; quiet, one job at a time",2026-09-30T12:41:33+00:00
base,2,agg,d7844795d0c799f5cdc1416c8d242f5e8f351f5a3271f42a2d428f170abf1f03,optimal,-35991767.2865765,-35991767.287,0.0004234984517097473,1.1766536728601052e-11,1,-0.35991767286576506712640824319636e8,2.070079120483366e-16,1,,0.010425,0.004442032,140,120.0,threads=1,5c15999,"cloud container (docker); Intel(R) Xeon(R) Processor @ 2.10GHz; 4 cores; 16 GiB RAM; Linux-x86_64; quiet, one job at a time",2026-09-30T12:41:33+00:00
base,2,agg2,0515e9b78a802f9473578b23a7a60075554fc39ea7b5796fb41530cd760e4534,optimal,-20239252.355977118,-20239252.356,2.2880733013153076e-05,1.130512758608398e-12,1,-0.20239252355977109024317661926133e8,3.6812528772701937e-16,1,,0.014021,0.004650329,165,120.0,threads=1,5c15999,"cloud container (docker); Intel(R) Xeon(R) Processor @ 2.10GHz; 4 cores; 16 GiB RAM; Linux-x86_64; quiet, one job at a time",2026-09-30T12:41:33+00:00
new,2,agg2,0515e9b78a802f9473578b23a7a60075554fc39ea7b5796fb41530cd760e4534,optimal,-20239252.355977118,-20239252.356,2.2880733013153076e-05,1.130512758608398e-12,1,-0.20239252355977109024317661926133e8,3.6812528772701937e-16,1,,0.012691,0.00405315,165,120.0,threads=1,d03f115,"cloud container (docker); Intel(R) Xeon(R) Processor @ 2.10GHz; 4 cores; 16 GiB RAM; Linux-x86_64; quiet, one job at a time",2026-09-30T12:41:33+00:00
new,2,agg3,1a6e78a0b7d210c935c97527ce49449d0655f9605fcbc33bfdfc93952f3b12d1,optimal,10312115.935089227,10312115.935,8.922629058361053e-05,8.652568604351182e-12,1,0.10312115935089225579061058796215e8,1.8062686270747795e-16,1,,0.011551,0.004224328,168,120.0,threads=1,d03f115,"cloud container (docker); Intel(R) Xeon(R) Processor @ 2.10GHz; 4 cores; 16 GiB RAM; Linux-x86_64; quiet, one job at a time",2026-09-30T12:41:34+00:00
base,2,agg3,1a6e78a0b7d210c935c97527ce49449d0655f9605fcbc33bfdfc93952f3b12d1,optimal,10312115.935089227,10312115.935,8.922629058361053e-05,8.652568604351182e-12,1,0.10312115935089225579061058796215e8,1.8062686270747795e-16,1,,0.010542,0.003968018,168,120.0,threads=1,5c15999,"cloud container (docker); Intel(R) Xeon(R) Processor @ 2.10GHz; 4 cores; 16 GiB RAM; Linux-x86_64; quiet, one job at a time",2026-09-30T12:41:34+00:00
base,2,bandm,696daa77a79a0715c2fad877285e49bd7fcd7f5513f3cb83fbe0be916b6d8c81,optimal,-158.62801845012086,-158.62801845,1.2084910849807784e-10,7.61839614961652e-13,1,-0.15862801845012064052174123768736e3,1.4333765098044641e-15,1,,0.018797,0.011195961,520,120.0,threads=1,5c15999,"cloud container (docker); Intel(R) Xeon(R) Processor @ 2.10GHz; 4 cores; 16 GiB RAM; Linux-x86_64; quiet, one job at a time",2026-09-30T12:41:34+00:00
new,2,bandm,696daa77a79a0715c2fad877285e49bd7fcd7f5513f3cb83fbe0be916b6d8c81,optimal,-158.62801845012086,-158.62801845,1.2084910849807784e-10,7.61839614961652e-13,1,-0.15862801845012064052174123768736e3,1.4333765098044641e-15,1,,0.02051,0.012364588,520,120.0,threads=1,d03f115,"cloud container (docker); Intel(R) Xeon(R) Processor @ 2.10GHz; 4 cores; 16 GiB RAM; Linux-x86_64; quiet, one job at a time",2026-09-30T12:41:34+00:00
new,2,beaconfd,7138e7b58b1d6160f1ad42112a61ed00b5db1c92d73dc48d77f6a26fc717dbfc,optimal,33592.485807200006,33592.485807,2.000087988562882e-07,5.953974350258128e-12,1,0.335924858072e5,2.1659479610835895e-16,1,,0.007482,0.001733832,115,120.0,threads=1,d03f115,"cloud container (docker); Intel(R) Xeon(R) Processor @ 2.10GHz; 4 cores; 16 GiB RAM; Linux-x86_64; quiet, one job at a time",2026-09-30T12:41:34+00:00
base,2,beaconfd,7138e7b58b1d6160f1ad42112a61ed00b5db1c92d73dc48d77f6a26fc717dbfc,optimal,33592.485807200006,33592.485807,2.000087988562882e-07,5.953974350258128e-12,1,0.335924858072e5,2.1659479610835895e-16,1,,0.00833,0.002340433,115,120.0,threads=1,5c15999,"cloud container (docker); Intel(R) Xeon(R) Processor @ 2.10GHz; 4 cores; 16 GiB RAM; Linux-x86_64; quiet, one job at a time",2026-09-30T12:41:34+00:00
base,2,blend,38e1d84a38f1e0adaa16d3dd0abe758f6cea13a21f33681aa92742b693260aef,optimal,-30.812149845828223,-30.812149846,1.7177725908368302e-10,5.574984541560087e-12,1,-0.30812149845828220173774356124984e2,1.1530236275549973e-16,1,,0.004818,0.001043693,99,120.0,threads=1,5c15999,"cloud container (docker); Intel(R) Xeon(R) Processor @ 2.10GHz; 4 cores; 16 GiB RAM; Linux-x86_64; quiet, one job at a time",2026-09-30T12:41:34+00:00
new,2,blend,38e1d84a38f1e0adaa16d3dd0abe758f6cea13a21f33681aa92742b693260aef,optimal,-30.812149845828223,-30.812149846,1.7177725908368302e-10,5.574984541560087e-12,1,-0.30812149845828220173774356124984e2,1.1530236275549973e-16,1,,0.005461,0.001151044,99,120.0,threads=1,d03f115,"cloud container (docker); Intel(R) Xeon(R) Processor @ 2.10GHz; 4 cores; 16 GiB RAM; Linux-x86_64; quiet, one job at a time",2026-09-30T12:41:34+00:00
new,2,bnl1,7a842adca058eaa3cb712b3bbae357602f22df6cc318c4d278f6600167fe2300,optimal,1977.629561522888,1977.6292856,0.00027592288802225085,1.3952204795477512e-07,1,0.19776295615228892439564398331821e4,5.748641703862406e-16,1,,0.069412,0.058608761,1674,120.0,threads=1,d03f115,"cloud container (docker); Intel(R) Xeon(R) Processor @ 2.10GHz; 4 cores; 16 GiB RAM; Linux-x86_64; quiet, one job at a time",2026-09-30T12:41:34+00:00
base,2,bnl1,7a842adca058eaa3cb712b3bbae357602f22df6cc318c4d278f6600167fe2300,optimal,1977.629561522888,1977.6292856,0.00027592288802225085,1.3952204795477512e-07,1,0.19776295615228892439564398331821e4,5.748641703862406e-16,1,,0.088575,0.073116691,1674,120.0,threads=1,5c15999,"cloud container (docker); Intel(R) Xeon(R) Processor @ 2.10GHz; 4 cores; 16 GiB RAM; Linux-x86_64; quiet, one job at a time",2026-09-30T12:41:34+00:00
base,2,bnl2,eafd7e49005db1a020d420b3fbed2e124bebf46740c0b2550edcbaa17b07ad6b,optimal,1811.236540358547,1811.2365404,4.145294951740652e-08,2.2886546617622845e-11,1,0.1811236540358545170448413697691e4,1.004280425562625e-15,1,,0.219883,0.185184284,2377,120.0,threads=1,5c15999,"cloud container (docker); Intel(R) Xeon(R) Processor @ 2.10GHz; 4 cores; 16 GiB RAM; Linux-x86_64; quiet, one job at a time",2026-09-30T12:41:34+00:00
new,2,bnl2,eafd7e49005db1a020d420b3fbed2e124bebf46740c0b2550edcbaa17b07ad6b,optimal,1811.236540358547,1811.2365404,4.145294951740652e-08,2.2886546617622845e-11,1,0.1811236540358545170448413697691e4,1.004280425562625e-15,1,,0.202814,0.171457747,2377,120.0,threads=1,d03f115,"cloud container (docker); Intel(R) Xeon(R) Processor @ 2.10GHz; 4 cores; 16 GiB RAM; Linux-x86_64; quiet, one job at a time",2026-09-30T12:41:34+00:00
new,2,boeing1,1d9d58afaf41bad6866d5355330b261d3776ca86753d121eb9b688ee6128ab9e,optimal,-335.213567507127,-335.21356751,2.8730369194818195e-09,8.570765619133575e-12,1,-0.3352135675071266218429697314682e3,1.0174424493053884e-15,1,,0.021777,0.01191974,465,120.0,threads=1,d03f115,"cloud container (docker); Intel(R) Xeon(R) Processor @ 2.10GHz; 4 cores; 16 GiB RAM; Linux-x86_64; quiet, one job at a time",2026-09-30T12:41:34+00:00
base,2,boeing1,1d9d58afaf41bad6866d5355330b261d3776ca86753d121eb9b688ee6128ab9e,optimal,-335.213567507127,-335.21356751,2.8730369194818195e-09,8.570765619133575e-12,1,-0.3352135675071266218429697314682e3,1.0174424493053884e-15,1,,0.020955,0.01266092,465,120.0,threads=1,5c15999,"cloud container (docker); Intel(R) Xeon(R) Processor @ 2.10GHz; 4 cores; 16 GiB RAM; Linux-x86_64; quiet, one job at a time",2026-09-30T12:41:34+00:00
base,2,boeing2,e12e729b8c09bf6e6934af40b728e460d4eb360c42419b791b68fb2271ddd61a,optimal,-315.0187280152028,-315.01872802,4.797243491339032e-09,1.522843902485208e-11,1,-0.31501872801520287870462195913263e3,3.608891396327696e-16,1,,0.006865,0.002562639,223,120.0,threads=1,5c15999,"cloud container (docker); Intel(R) Xeon(R) Processor @ 2.10GHz; 4 cores; 16 GiB RAM; Linux-x86_64; quiet, one job at a time",2026-09-30T12:41:34+00:00
new,2,boeing2,e12e729b8c09bf6e6934af40b728e460d4eb360c42419b791b68fb2271ddd61a,optimal,-315.0187280152028,-315.01872802,4.797243491339032e-09,1.522843902485208e-11,1,-0.31501872801520287870462195913263e3,3.608891396327696e-16,1,,0.00847,0.003021537,223,120.0,threads=1,d03f115,"cloud container (docker); Intel(R) Xeon(R) Processor @ 2.10GHz; 4 cores; 16 GiB RAM; Linux-x86_64; quiet, one job at a time",2026-09-30T12:41:34+00:00
new,2,bore3d,c7cfe0d4abd466346e3cda4e16d00651f44f3ce1da317cf583c5fed5dfc0515a,optimal,1373.080394208493,1373.0803942,8.493088898831047e-09,6.185427258816399e-12,1,0.13730803942084927215581987251301e4,3.3118770962322394e-16,1,,0.009815,0.002540255,162,120.0,threads=1,d03f115,"cloud container (docker); Intel(R) Xeon(R) Processor @ 2.10GHz; 4 cores; 16 GiB RAM; Linux-x86_64; quiet, one job at a time",2026-09-30T12:41:34+00:00
base,2,bore3d,c7cfe0d4abd466346e3cda4e16d00651f44f3ce1da317cf583c5fed5dfc0515a,optimal,1373.080394208493,1373.0803942,8.493088898831047e-09,6.185427258816399e-12,1,0.13730803942084927215581987251301e4,3.3118770962322394e-16,1,,0.009836,0.003288742,162,120.0,threads=1,5c15999,"cloud container (docker); Intel(R) Xeon(R) Processor @ 2.10GHz; 4 cores; 16 GiB RAM; Linux-x86_64; quiet, one job at a time",2026-09-30T12:41:34+00:00
base,2,brandy,56fa020b84a0a106b7883b7da006c2852449598898c41ec8dd2575151d0e0917,optimal,1518.509896488128,1518.5098965,1.1871861715917476e-08,7.818099666838409e-12,1,0.15185098964881283835426751550618e4,1.4973473401067798e-16,1,,0.011837,0.004969644,299,120.0,threads=1,5c15999,"cloud container (docker); Intel(R) Xeon(R) Processor @ 2.10GHz; 4 cores; 16 GiB RAM; Linux-x86_64; quiet, one job at a time",2026-09-30T12:41:34+00:00
new,2,brandy,56fa020b84a0a106b7883b7da006c2852449598898c41ec8dd2575151d0e0917,optimal,1518.509896488128,1518.5098965,1.1871861715917476e-08,7.818099666838409e-12,1,0.15185098964881283835426751550618e4,1.4973473401067798e-16,1,,0.010821,0.004805724,299,120.0,threads=1,d03f115,"cloud container (docker); Intel(R) Xeon(R) Processor @ 2.10GHz; 4 cores; 16 GiB RAM; Linux-x86_64; quiet, one job at a time",2026-09-30T12:41:34+00:00
new,2,capri,4932bc8861fcdaf19256827b7ee229941fa6f2e84f2044b65300326c226fba78,optimal,2690.0129137681615,2690.0129138,3.18386810249649e-08,1.1835884081310426e-11,1,0.26900129137681610087717280693754e4,1.690502482567846e-16,1,,0.012495,0.00463366,259,120.0,threads=1,d03f115,"cloud container (docker); Intel(R) Xeon(R) Processor @ 2.10GHz; 4 cores; 16 GiB RAM; Linux-x86_64; quiet, one job at a time",2026-09-30T12:41:34+00:00
base,2,capri,4932bc8861fcdaf19256827b7ee229941fa6f2e84f2044b65300326c226fba78,optimal,2690.0129137681615,2690.0129138,3.18386810249649e-08,1.1835884081310426e-11,1,0.26900129137681610087717280693754e4,1.690502482567846e-16,1,,0.012283,0.004716162,259,120.0,threads=1,5c15999,"cloud container (docker); Intel(R) Xeon(R) Processor @ 2.10GHz; 4 cores; 16 GiB RAM; Linux-x86_64; quiet, one job at a time",2026-09-30T12:41:34+00:00
base,2,cycle,bfc8edde30952b8dfa354679ea3a3231c2e7eb762c0ff8f0f845505741816d53,optimal,-5.226393024894101,-5.2263930249,5.899281063648232e-12,1.1287480745405875e-12,1,-0.52263930248941017172447233836217e1,1.699409928548421e-16,1,,0.054096,0.022875147,335,120.0,threads=1,5c15999,"cloud container (docker); Intel(R) Xeon(R) Processor @ 2.10GHz; 4 cores; 16 GiB RAM; Linux-x86_64; quiet, one job at a time",2026-09-30T12:41:34+00:00
new,2,cycle,bfc8edde30952b8dfa354679ea3a3231c2e7eb762c0ff8f0f845505741816d53,optimal,-5.226393024894101,-5.2263930249,5.899281063648232e-12,1.1287480745405875e-12,1,-0.52263930248941017172447233836217e1,1.699409928548421e-16,1,,0.045951,0.020162647,335,120.0,threads=1,d03f115,"cloud container (docker); Intel(R) Xeon(R) Processor @ 2.10GHz; 4 cores; 16 GiB RAM; Linux-x86_64; quiet, one job at a time",2026-09-30T12:41:34+00:00
new,2,czprob,b1f30bd25705fcc3c4f195d7e627e437788035f81fae9198e3096471b947f704,optimal,2185196.698856578,2185196.6989,4.342198371887207e-05,1.98709725951582e-11,1,0.21851966988565774858951155947191e7,4.261962207350949e-16,1,,0.048038,0.033558922,981,120.0,threads=1,d03f115,"cloud container (docker); Intel(R) Xeon(R) Processor @ 2.10GHz; 4 cores; 16 GiB RAM; Linux-x86_64; quiet, one job at a time",2026-09-30T12:41:34+00:00
base,2,czprob,b1f30bd25705fcc3c4f195d7e627e437788035f81fae9198e3096471b947f704,optimal,2185196.698856578,2185196.6989,4.342198371887207e-05,1.98709725951582e-11,1,0.21851966988565774858951155947191e7,4.261962207350949e-16,1,,0.06351,0.045278421,981,120.0,threads=1,5c15999,"cloud container (docker); Intel(R) Xeon(R) Processor @ 2.10GHz; 4 cores; 16 GiB RAM; Linux-x86_64; quiet, one job at a time",2026-09-30T12:41:35+00:00
base,2,d2q06c,fb1516a10aba6a4101cea6cec90c1da775ac60d2d2cd96e902bbe21a430790c9,optimal,122784.21081418934,122784.23615,0.02533581065654289,2.0634416478016988e-07,1,0.12278421081418945895739128812392e6,9.481294138307999e-16,1,,3.800611,3.670782253,14998,120.0,threads=1,5c15999,"cloud container (docker); Intel(R) Xeon(R) Processor @ 2.10GHz; 4 cores; 16 GiB RAM; Linux-x86_64; quiet, one job at a time",2026-09-30T12:41:38+00:00
new,2,d2q06c,fb1516a10aba6a4101cea6cec90c1da775ac60d2d2cd96e902bbe21a430790c9,optimal,122784.21081418934,122784.23615,0.02533581065654289,2.0634416478016988e-07,1,0.12278421081418945895739128812392e6,9.481294138307999e-16,1,,3.575265,3.465203841,14998,120.0,threads=1,d03f115,"cloud container (docker); Intel(R) Xeon(R) Processor @ 2.10GHz; 4 cores; 16 GiB RAM; Linux-x86_64; quiet, one job at a time",2026-09-30T12:41:42+00:00
new,2,d6cube,8cd94ee7783bcbce884acde1f4769f5c79739c9460fe73cb948924e724b02dfa,optimal,315.49166666666713,315.49166667,3.3328433346468955e-09,1.0563966300044954e-11,1,0.31549166666666666666666666666667e3,1.4413925910979079e-15,1,,0.134168,0.104150402,868,120.0,threads=1,d03f115,"cloud container (docker); Intel(R) Xeon(R) Processor @ 2.10GHz; 4 cores; 16 GiB RAM; Linux-x86_64; quiet, one job at a time",2026-09-30T12:41:42+00:00
base,2,d6cube,8cd94ee7783bcbce884acde1f4769f5c79739c9460fe73cb948924e724b02dfa,optimal,315.49166666666713,315.49166667,3.3328433346468955e-09,1.0563966300044954e-11,1,0.31549166666666666666666666666667e3,1.4413925910979079e-15,1,,0.153911,0.114304412,868,120.0,threads=1,5c15999,"cloud container (docker); Intel(R) Xeon(R) Processor @ 2.10GHz; 4 cores; 16 GiB RAM; Linux-x86_64; quiet, one job at a time",2026-09-30T12:41:42+00:00
base,2,degen2,755cf6ca5f3a8ed1b8b68372e8d2d3b5efee784ee69b1dada923c6ff04ee0edb,optimal,-1435.178,-1435.178,0.0,0.0,1,-0.1435178e4,0.0,1,,0.026955,0.019897372,611,120.0,threads=1,5c15999,"cloud container (docker); Intel(R) Xeon(R) Processor @ 2.10GHz; 4 cores; 16 GiB RAM; Linux-x86_64; quiet, one job at a time",2026-09-30T12:41:42+00:00
new,2,degen2,755cf6ca5f3a8ed1b8b68372e8d2d3b5efee784ee69b1dada923c6ff04ee0edb,optimal,-1435.178,-1435.178,0.0,0.0,1,-0.1435178e4,0.0,1,,0.027079,0.020141747,611,120.0,threads=1,d03f115,"cloud container (docker); Intel(R) Xeon(R) Processor @ 2.10GHz; 4 cores; 16 GiB RAM; Linux-x86_64; quiet, one job at a time",2026-09-30T12:41:42+00:00
new,2,degen3,08d600688c524fea548e946af5551ef8c359c7a7e71b8841acc839b00eefadeb,optimal,-987.2939999999999,-987.294,1.1368683772161603e-13,1.151499327673581e-16,1,-0.987294e3,1.151499327673581e-16,1,,0.407211,0.382864165,3164,120.0,threads=1,d03f115,"cloud container (docker); Intel(R) Xeon(R) Processor @ 2.10GHz; 4 cores; 16 GiB RAM; Linux-x86_64; quiet, one job at a time",2026-09-30T12:41:43+00:00
base,2,degen3,08d600688c524fea548e946af5551ef8c359c7a7e71b8841acc839b00eefadeb,optimal,-987.2939999999999,-987.294,1.1368683772161603e-13,1.151499327673581e-16,1,-0.987294e3,1.151499327673581e-16,1,,0.402013,0.376927011,3164,120.0,threads=1,5c15999,"cloud container (docker); Intel(R) Xeon(R) Processor @ 2.10GHz; 4 cores; 16 GiB RAM; Linux-x86_64; quiet, one job at a time",2026-09-30T12:41:43+00:00
base,2,dfl001,85d47c5f8a5fc53772eabac1805b7a1af72431cad9e14d26d673043980952730,optimal,11266396.046671376,11266400.0,3.953328624367714,3.508954612269859e-07,1,0.11266396046671392202377652175477e8,1.4879475453937559e-15,1,,98.833931,98.748187557,57076,120.0,threads=1,5c15999,"cloud container (docker); Intel(R) Xeon(R) Processor @ 2.10GHz; 4 cores; 16 GiB RAM; Linux-x86_64; quiet, one job at a time",2026-09-30T12:43:22+00:00
new,2,dfl001,85d47c5f8a5fc53772eabac1805b7a1af72431cad9e14d26d673043980952730,optimal,11266396.0466714,11266400.0,3.953328600153327,3.508954590777291e-07,1,0.11266396046671392202377652175477e8,6.613100201750026e-16,1,,59.932097,59.83664143,85012,120.0,threads=1,d03f115,"cloud container (docker); Intel(R) Xeon(R) Processor @ 2.10GHz; 4 cores; 16 GiB RAM; Linux-x86_64; quiet, one job at a time",2026-09-30T12:44:22+00:00
new,2,e226,ddf56486daea52c8592b520aeb83d329223a1b45a3e5a269bd663ef9195bd8d8,optimal,-11.638929066370528,-18.751929066,7.112999999629471,0.3793209741032129,0,-0.18751929066370549102605687681285e2,1.1367514242058077e-15,1,,0.017892,0.00960019,435,120.0,threads=1,d03f115,"cloud container (docker); Intel(R) Xeon(R) Processor @ 2.10GHz; 4 cores; 16 GiB RAM; Linux-x86_64; quiet, one job at a time",2026-09-30T12:44:22+00:00
base,2,e226,ddf56486daea52c8592b520aeb83d329223a1b45a3e5a269bd663ef9195bd8d8,optimal,-11.638929066370528,-18.751929066,7.112999999629471,0.3793209741032129,0,-0.18751929066370549102605687681285e2,1.1367514242058077e-15,1,,0.016814,0.008405049,435,120.0,threads=1,5c15999,"cloud container (docker); Intel(R) Xeon(R) Processor @ 2.10GHz; 4 cores; 16 GiB RAM; Linux-x86_64; quiet, one job at a time",2026-09-30T12:44:22+00:00
base,2,etamacro,41701e1add7af2ed2b21a421ab7271bc867e6bc7ad98ac189748d6522e7d4926,optimal,-755.7152333505866,-755.71521774,1.561058661536663e-05,2.0656705394990964e-08,1,-0.7557152333749133350792583667773e3,3.2190312516305756e-11,1,,0.036737,0.027847507,779,120.0,threads=1,5c15999,"cloud container (docker); Intel(R) Xeon(R) Processor @ 2.10GHz; 4 cores; 16 GiB RAM; Linux-x86_64; quiet, one job at a time",2026-09-30T12:44:22+00:00
new,2,etamacro,41701e1add7af2ed2b21a421ab7271bc867e6bc7ad98ac189748d6522e7d4926,optimal,-755.7152333505866,-755.71521774,1.561058661536663e-05,2.0656705394990964e-08,1,-0.7557152333749133350792583667773e3,3.2190312516305756e-11,1,,0.028074,0.021339607,779,120.0,threads=1,d03f115,"cloud container (docker); Intel(R) Xeon(R) Processor @ 2.10GHz; 4 cores; 16 GiB RAM; Linux-x86_64; quiet, one job at a time",2026-09-30T12:44:22+00:00
new,2,fffff800,9d6695686c15d5f1b4f43b2ce8830c1d38df3a204717d8875f144aa21b33901e,optimal,555679.5648174962,555679.61165,0.046832503750920296,8.427968701579461e-08,1,0.555679564817496376532864378969e6,2.0950081521383547e-16,1,,0.03337,0.020380774,706,120.0,threads=1,d03f115,"cloud container (docker); Intel(R) Xeon(R) Processor @ 2.10GHz; 4 cores; 16 GiB RAM; Linux-x86_64; quiet, one job at a time",2026-09-30T12:44:22+00:00
base,2,fffff800,9d6695686c15d5f1b4f43b2ce8830c1d38df3a204717d8875f144aa21b33901e,optimal,555679.5648174962,555679.61165,0.046832503750920296,8.427968701579461e-08,1,0.555679564817496376532864378969e6,2.0950081521383547e-16,1,,0.033461,0.020702454,706,120.0,threads=1,5c15999,"cloud container (docker); Intel(R) Xeon(R) Processor @ 2.10GHz; 4 cores; 16 GiB RAM; Linux-x86_64; quiet, one job at a time",2026-09-30T12:44:22+00:00
base,2,finnis,891821f24a8cd14af78b95bb460a56f0e0b5410a59ad01ab58d9daf3387e7546,optimal,172791.06559561164,172790.96547,0.10012561164330691,5.794609189835839e-07,1,0.17279106559561159432297900375543e6,3.3686730684150445e-16,1,,0.017651,0.0093146,398,120.0,threads=1,5c15999,"cloud container (docker); Intel(R) Xeon(R) Processor @ 2.10GHz; 4 cores; 16 GiB RAM; Linux-x86_64; quiet, one job at a time",2026-09-30T12:44:22+00:00
new,2,finnis,891821f24a8cd14af78b95bb460a56f0e0b5410a59ad01ab58d9daf3387e7546,optimal,172791.06559561164,172790.96547,0.10012561164330691,5.794609189835839e-07,1,0.17279106559561159432297900375543e6,3.3686730684150445e-16,1,,0.016387,0.009035521,398,120.0,threads=1,d03f115,"cloud container (docker); Intel(R) Xeon(R) Processor @ 2.10GHz; 4 cores; 16 GiB RAM; Linux-x86_64; quiet, one job at a time",2026-09-30T12:44:22+00:00
new,2,fit1d,59cee4fedd040a05c05d8410474ee014f42ef910e083689202be708491fe8717,optimal,-9146.378092420928,-9146.3780924,2.092747308779508e-08,2.2880612277754342e-12,1,-0.91463780924209269467749025024617e4,0.0,1,,0.014985,0.003296953,56,120.0,threads=1,d03f115,"cloud container (docker); Intel(R) Xeon(R) Processor @ 2.10GHz; 4 cores; 16 GiB RAM; Linux-x86_64; quiet, one job at a time",2026-09-30T12:44:22+00:00
base,2,fit1d,59cee4fedd040a05c05d8410474ee014f42ef910e083689202be708491fe8717,optimal,-9146.378092420928,-9146.3780924,2.092747308779508e-08,2.2880612277754342e-12,1,-0.91463780924209269467749025024617e4,0.0,1,,0.015216,0.003458773,56,120.0,threads=1,5c15999,"cloud container (docker); Intel(R) Xeon(R) Processor @ 2.10GHz; 4 cores; 16 GiB RAM; Linux-x86_64; quiet, one job at a time",2026-09-30T12:44:22+00:00
base,2,fit1p,416e77d83daf74dee5ec1d253b77f8e252ff3e27cd123459218b02ef2be0df17,optimal,9146.378092420935,9146.3780924,2.0934749045409262e-08,2.288856729288785e-12,1,0.91463780924209269467749025024617e4,7.955015133490479e-16,1,,0.081724,0.066351641,1088,120.0,threads=1,5c15999,"cloud container (docker); Intel(R) Xeon(R) Processor @ 2.10GHz; 4 cores; 16 GiB RAM; Linux-x86_64; quiet, one job at a time",2026-09-30T12:44:22+00:00
new,2,fit1p,416e77d83daf74dee5ec1d253b77f8e252ff3e27cd123459218b02ef2be0df17,optimal,9146.378092420935,9146.3780924,2.0934749045409262e-08,2.288856729288785e-12,1,0.91463780924209269467749025024617e4,7.955015133490479e-16,1,,0.071227,0.05615422,1088,120.0,threads=1,d03f115,"cloud container (docker); Intel(R) Xeon(R) Processor @ 2.10GHz; 4 cores; 16 GiB RAM; Linux-x86_64; quiet, one job at a time",2026-09-30T12:44:22+00:00
new,2,fit2d,1c16c328c0358ab175596bdd6b9a2c5d1cb4bb53b099d5d1f2a208a889c7bafc,optimal,-68464.2932938321,-68464.293294,1.6789999790489674e-07,2.4523731981559937e-12,1,-0.68464293293832069575943518435837e5,4.2509502481574083e-16,1,,0.186585,0.077114609,226,120.0,threads=1,d03f115,"cloud container (docker); Intel(R) Xeon(R) Processor @ 2.10GHz; 4 cores; 16 GiB RAM; Linux-x86_64; quiet, one job at a time",2026-09-30T12:44:22+00:00
base,2,fit2d,1c16c328c0358ab175596bdd6b9a2c5d1cb4bb53b099d5d1f2a208a889c7bafc,optimal,-68464.2932938321,-68464.293294,1.6789999790489674e-07,2.4523731981559937e-12,1,-0.68464293293832069575943518435837e5,4.2509502481574083e-16,1,,0.196314,0.086589288,226,120.0,threads=1,5c15999,"cloud container (docker); Intel(R) Xeon(R) Processor @ 2.10GHz; 4 cores; 16 GiB RAM; Linux-x86_64; quiet, one job at a time",2026-09-30T12:44:23+00:00
base,2,fit2p,0f44de8ea974ed4cc04fb60ccd2707c2f887dc65f8b6b9bd1e9f01bb59dd4a4f,optimal,68464.29329383219,68464.293232,6.183219375088811e-05,9.031305346476276e-10,1,0.68464293293832069575943518435837e5,1.7003800992629633e-15,1,,2.891033,2.825262819,10207,120.0,threads=1,5c15999,"cloud container (docker); Intel(R) Xeon(R) Processor @ 2.10GHz; 4 cores; 16 GiB RAM; Linux-x86_64; quiet, one job at a time",2026-09-30T12:44:26+00:00
new,2,fit2p,0f44de8ea974ed4cc04fb60ccd2707c2f887dc65f8b6b9bd1e9f01bb59dd4a4f,optimal,68464.29329383219,68464.293232,6.183219375088811e-05,9.031305346476276e-10,1,0.68464293293832069575943518435837e5,1.7003800992629633e-15,1,,2.884138,2.81100156,10207,120.0,threads=1,d03f115,"cloud container (docker); Intel(R) Xeon(R) Processor @ 2.10GHz; 4 cores; 16 GiB RAM; Linux-x86_64; quiet, one job at a time",2026-09-30T12:44:28+00:00
new,2,forplan,65ec816c0b3c58ec4d61574df130a3ce464abb42f3d49de21710a787bf3cfdc7,optimal,-664.2189612722065,-664.21873953,0.00022174220646320464,3.3383913049503697e-07,1,-0.66421896127220457481235119701692e3,2.909697485247549e-15,1,,0.014889,0.005383982,298,120.0,threads=1,d03f115,"cloud container (docker); Intel(R) Xeon(R) Processor @ 2.10GHz; 4 cores; 16 GiB RAM; Linux-x86_64; quiet, one job at a time",2026-09-30T12:44:28+00:00
base,2,forplan,65ec816c0b3c58ec4d61574df130a3ce464abb42f3d49de21710a787bf3cfdc7,optimal,-664.2189612722065,-664.21873953,0.00022174220646320464,3.3383913049503697e-07,1,-0.66421896127220457481235119701692e3,2.909697485247549e-15,1,,0.01632,0.006734558,298,120.0,threads=1,5c15999,"cloud container (docker); Intel(R) Xeon(R) Processor @ 2.10GHz; 4 cores; 16 GiB RAM; Linux-x86_64; quiet, one job at a time",2026-09-30T12:44:28+00:00
base,2,ganges,f655f33ba979a59d659a8605acaf480c2fe5c610f3a50921bbcac7be40546067,optimal,-109585.73612927819,-109586.36356,0.6274307218118338,5.72544522355929e-06,0,-0.10958573612927811623444890424357e6,6.639511556139013e-16,1,,0.056747,0.040414487,1183,120.0,threads=1,5c15999,"cloud container (docker); Intel(R) Xeon(R) Processor @ 2.10GHz; 4 cores; 16 GiB RAM; Linux-x86_64; quiet, one job at a time",2026-09-30T12:44:28+00:00
new,2,ganges,f655f33ba979a59d659a8605acaf480c2fe5c610f3a50921bbcac7be40546067,optimal,-109585.73612927819,-109586.36356,0.6274307218118338,5.72544522355929e-06,0,-0.10958573612927811623444890424357e6,6.639511556139013e-16,1,,0.055882,0.039355494,1183,120.0,threads=1,d03f115,"cloud container (docker); Intel(R) Xeon(R) Processor @ 2.10GHz; 4 cores; 16 GiB RAM; Linux-x86_64; quiet, one job at a time",2026-09-30T12:44:29+00:00
new,2,gfrd-pnc,d66ea78a803e91e4f38dcd74ca4c575aa742e27e7120c1c3494d4d424ee5c936,optimal,6902235.999548811,6902235.9995,4.8811547458171844e-05,7.071845625346303e-12,1,0.69022359995488088295415596232193e7,4.047916825835967e-16,1,,0.01985,0.012564678,448,120.0,threads=1,d03f115,"cloud container (docker); Intel(R) Xeon(R) Processor @ 2.10GHz; 4 cores; 16 GiB RAM; Linux-x86_64; quiet, one job at a time",2026-09-30T12:44:29+00:00
base,2,gfrd-pnc,d66ea78a803e91e4f38dcd74ca4c575aa742e27e7120c1c3494d4d424ee5c936,optimal,6902235.999548811,6902235.9995,4.8811547458171844e-05,7.071845625346303e-12,1,0.69022359995488088295415596232193e7,4.047916825835967e-16,1,,0.025447,0.014285558,448,120.0,threads=1,5c15999,"cloud container (docker); Intel(R) Xeon(R) Processor @ 2.10GHz; 4 cores; 16 GiB RAM; Linux-x86_64; quiet, one job at a time",2026-09-30T12:44:29+00:00
base,2,greenbea,cb701e3ba5153e385b8cb6426e34b5d23bad4b1b9c9a037802e351c24b0f653d,optimal,-72555248.12984598,-72462405.908,92842.22184596956,0.0012812467469524025,0,-0.72555248129845987457557870574845e8,2.0537675189505668e-16,1,,1.156218,1.101321137,8526,120.0,threads=1,5c15999,"cloud container (docker); Intel(R) Xeon(R) Processor @ 2.10GHz; 4 cores; 16 GiB RAM; Linux-x86_64; quiet, one job at a time",2026-09-30T12:44:30+00:00
new,2,greenbea,cb701e3ba5153e385b8cb6426e34b5d23bad4b1b9c9a037802e351c24b0f653d,optimal,-72555248.12984598,-72462405.908,92842.22184596956,0.0012812467469524025,0,-0.72555248129845987457557870574845e8,2.0537675189505668e-16,1,,1.307502,1.249041015,8526,120.0,threads=1,d03f115,"cloud container (docker); Intel(R) Xeon(R) Processor @ 2.10GHz; 4 cores; 16 GiB RAM; Linux-x86_64; quiet, one job at a time",2026-09-30T12:44:31+00:00
new,2,greenbeb,21f92f6a32f71ec72c8f693d6685e4a91ecb2debec732ec61302bc866f370865,optimal,-4302260.261206586,-4302147.6065,112.65470658615232,2.6185690703858075e-05,0,-0.43022602612065867539213672544432e7,2.1647285800285016e-16,1,,1.709357,1.658607699,10966,120.0,threads=1,d03f115,"cloud container (docker); Intel(R) Xeon(R) Processor @ 2.10GHz; 4 cores; 16 GiB RAM; Linux-x86_64; quiet, one job at a time",2026-09-30T12:44:33+00:00
base,2,greenbeb,21f92f6a32f71ec72c8f693d6685e4a91ecb2debec732ec61302bc866f370865,optimal,-4302260.261206586,-4302147.6065,112.65470658615232,2.6185690703858075e-05,0,-0.43022602612065867539213672544432e7,2.1647285800285016e-16,1,,1.524928,1.47712083,10966,120.0,threads=1,5c15999,"cloud container (docker); Intel(R) Xeon(R) Processor @ 2.10GHz; 4 cores; 16 GiB RAM; Linux-x86_64; quiet, one job at a time",2026-09-30T12:44:34+00:00
base,2,grow15,ab84e2f83d00c5bd26291e0505f23804b050bc96dc1e576d9da8f04e1f6ed51f,optimal,-106870941.29357535,-106870941.29,0.003575339913368225,3.345474335878028e-11,1,-0.10687094129357533671604040930313e9,1.3943136472349437e-16,1,,0.061409,0.051753991,1238,120.0,threads=1,5c15999,"cloud container (docker); Intel(R) Xeon(R) Processor @ 2.10GHz; 4 cores; 16 GiB RAM; Linux-x86_64; quiet, one job at a time",2026-09-30T12:44:34+00:00
new,2,grow15,ab84e2f83d00c5bd26291e0505f23804b050bc96dc1e576d9da8f04e1f6ed51f,optimal,-106870941.29357535,-106870941.29,0.003575339913368225,3.345474335878028e-11,1,-0.10687094129357533671604040930313e9,1.3943136472349437e-16,1,,0.046558,0.038626703,1238,120.0,threads=1,d03f115,"cloud container (docker); Intel(R) Xeon(R) Processor @ 2.10GHz; 4 cores; 16 GiB RAM; Linux-x86_64; quiet, one job at a time",2026-09-30T12:44:34+00:00
new,2,grow22,671111a1623539730f4caa9366c7eda43fb472137773cd9444dc96ed87f9810e,optimal,-160834336.482563,-160834336.48,0.002562999725341797,1.5935650194077246e-11,1,-0.16083433648256296718456039982613e9,1.8529825806771284e-16,1,,0.105826,0.095835936,2264,120.0,threads=1,d03f115,"cloud container (docker); Intel(R) Xeon(R) Processor @ 2.10GHz; 4 cores; 16 GiB RAM; Linux-x86_64; quiet, one job at a time",2026-09-30T12:44:35+00:00
base,2,grow22,671111a1623539730f4caa9366c7eda43fb472137773cd9444dc96ed87f9810e,optimal,-160834336.482563,-160834336.48,0.002562999725341797,1.5935650194077246e-11,1,-0.16083433648256296718456039982613e9,1.8529825806771284e-16,1,,0.123591,0.111044531,2264,120.0,threads=1,5c15999,"cloud container (docker); Intel(R) Xeon(R) Processor @ 2.10GHz; 4 cores; 16 GiB RAM; Linux-x86_64; quiet, one job at a time",2026-09-30T12:44:35+00:00
base,2,grow7,6b8734ffdf991a36f17cfddf306834a4a3ced3e17964cac9fa2983a043906cd4,optimal,-47787811.8147115,-47787811.815,0.00028849393129348755,6.036977219428426e-12,1,-0.47787811814711502616766956242865e8,0.0,1,,0.014848,0.008183499,337,120.0,threads=1,5c15999,"cloud container (docker); Intel(R) Xeon(R) Processor @ 2.10GHz; 4 cores; 16 GiB RAM; Linux-x86_64; quiet, one job at a time",2026-09-30T12:44:35+00:00
new,2,grow7,6b8734ffdf991a36f17cfddf306834a4a3ced3e17964cac9fa2983a043906cd4,optimal,-47787811.8147115,-47787811.815,0.00028849393129348755,6.036977219428426e-12,1,-0.47787811814711502616766956242865e8,0.0,1,,0.015632,0.008917244,337,120.0,threads=1,d03f115,"cloud container (docker); Intel(R) Xeon(R) Processor @ 2.10GHz; 4 cores; 16 GiB RAM; Linux-x86_64; quiet, one job at a time",2026-09-30T12:44:35+00:00
new,2,israel,96564e1fddcbb6e3d46447fceb54b9d18260b95e95075c3a19f5812f9bf5ceeb,optimal,-896644.821863046,-896644.82186,3.0460068956017494e-06,3.3971164739267804e-12,1,-0.89664482186304572966200464196045e6,3.8950313096677714e-16,1,,0.008217,0.00313554,170,120.0,threads=1,d03f115,"cloud container (docker); Intel(R) Xeon(R) Processor @ 2.10GHz; 4 cores; 16 GiB RAM; Linux-x86_64; quiet, one job at a time",2026-09-30T12:44:35+00:00
base,2,israel,96564e1fddcbb6e3d46447fceb54b9d18260b95e95075c3a19f5812f9bf5ceeb,optimal,-896644.821863046,-896644.82186,3.0460068956017494e-06,3.3971164739267804e-12,1,-0.89664482186304572966200464196045e6,3.8950313096677714e-16,1,,0.009187,0.003331954,170,120.0,threads=1,5c15999,"cloud container (docker); Intel(R) Xeon(R) Processor @ 2.10GHz; 4 cores; 16 GiB RAM; Linux-x86_64; quiet, one job at a time",2026-09-30T12:44:35+00:00
base,2,kb2,f0eb647d1d9aac84f49d88662b6b02c6cecc04496e5435be733eced36d7f48f2,optimal,-1749.9001299062058,-1749.9001299,6.205937097547576e-09,3.5464521611883195e-12,1,-0.17499001299062057129526866493726e4,1.2993522976389474e-16,1,,0.00533,0.000789955,51,120.0,threads=1,5c15999,"cloud container (docker); Intel(R) Xeon(R) Processor @ 2.10GHz; 4 cores; 16 GiB RAM; Linux-x86_64; quiet, one job at a time",2026-09-30T12:44:35+00:00
new,2,kb2,f0eb647d1d9aac84f49d88662b6b02c6cecc04496e5435be733eced36d7f48f2,optimal,-1749.9001299062058,-1749.9001299,6.205937097547576e-09,3.5464521611883195e-12,1,-0.17499001299062057129526866493726e4,1.2993522976389474e-16,1,,0.004394,0.000599319,51,120.0,threads=1,d03f115,"cloud container (docker); Intel(R) Xeon(R) Processor @ 2.10GHz; 4 cores; 16 GiB RAM; Linux-x86_64; quiet, one job at a time",2026-09-30T12:44:35+00:00
new,2,lotfi,fcb90a1b5e02b2eae67adacd0937a073d420ca92ac6af514ee13a348d7f31623,optimal,-25.264706061880016,-25.264706062,1.1998224636045052e-10,4.74900622496902e-12,1,-0.2526470606188e2,7.030981619376371e-16,1,,0.010221,0.003793258,200,120.0,threads=1,d03f115,"cloud container (docker); Intel(R) Xeon(R) Processor @ 2.10GHz; 4 cores; 16 GiB RAM; Linux-x86_64; quiet, one job at a time",2026-09-30T12:44:35+00:00
base,2,lotfi,fcb90a1b5e02b2eae67adacd0937a073d420ca92ac6af514ee13a348d7f31623,optimal,-25.264706061880016,-25.264706062,1.1998224636045052e-10,4.74900622496902e-12,1,-0.2526470606188e2,7.030981619376371e-16,1,,0.00784,0.002841636,200,120.0,threads=1,5c15999,"cloud container (docker); Intel(R) Xeon(R) Processor @ 2.10GHz; 4 cores; 16 GiB RAM; Linux-x86_64; quiet, one job at a time",2026-09-30T12:44:35+00:00
base,2,maros,4910e97a363fca07d2fb72838fa26629329a9a8dcd6a4da186f560424bd67077,optimal,-58063.743701125895,-58063.743701,1.2589589459821582e-07,2.1682359175205506e-12,1,-0.58063743701125895401208534974734e5,0.0,1,,0.100794,0.080082569,1802,120.0,threads=1,5c15999,"cloud container (docker); Intel(R) Xeon(R) Processor @ 2.10GHz; 4 cores; 16 GiB RAM; Linux-x86_64; quiet, one job at a time",2026-09-30T12:44:35+00:00
new,2,maros,4910e97a363fca07d2fb72838fa26629329a9a8dcd6a4da186f560424bd67077,optimal,-58063.743701125895,-58063.743701,1.2589589459821582e-07,2.1682359175205506e-12,1,-0.58063743701125895401208534974734e5,0.0,1,,0.124135,0.102159425,1802,120.0,threads=1,d03f115,"cloud container (docker); Intel(R) Xeon(R) Processor @ 2.10GHz; 4 cores; 16 GiB RAM; Linux-x86_64; quiet, one job at a time",2026-09-30T12:44:35+00:00
new,2,maros-r7,e97f59ab32a8280526c26c210aacabd6e0c05300e67a0d4afd00b95d245f8db7,optimal,1497185.1664813687,1497185.1665,1.86313409358263e-05,1.2444246278088076e-11,1,0.14971851664796437907337543903552e7,1.1520347962326122e-12,1,,11.570744,11.427847025,28,120.0,threads=1,d03f115,"cloud container (docker); Intel(R) Xeon(R) Processor @ 2.10GHz; 4 cores; 16 GiB RAM; Linux-x86_64; quiet, one job at a time",2026-09-30T12:44:47+00:00
base,2,maros-r7,e97f59ab32a8280526c26c210aacabd6e0c05300e67a0d4afd00b95d245f8db7,optimal,1497185.1664813687,1497185.1665,1.86313409358263e-05,1.2444246278088076e-11,1,0.14971851664796437907337543903552e7,1.1520347962326122e-12,1,,10.617138,10.499610757,28,120.0,threads=1,5c15999,"cloud container (docker); Intel(R) Xeon(R) Processor @ 2.10GHz; 4 cores; 16 GiB RAM; Linux-x86_64; quiet, one job at a time",2026-09-30T12:44:57+00:00
base,2,modszk1,af109be42aa6bd62fc307b623184c69f1030db2f8e1682c636b387a49fd8da43,optimal,320.6197290642054,320.61972906,4.2053898141602986e-09,1.311644117001082e-11,1,0.32061972906431580494333823530763e3,3.4430170516907005e-13,1,,0.036669,0.024837689,662,120.0,threads=1,5c15999,"cloud container (docker); Intel(R) Xeon(R) Processor @ 2.10GHz; 4 cores; 16 GiB RAM; Linux-x86_64; quiet, one job at a time",2026-09-30T12:44:57+00:00
new,2,modszk1,af109be42aa6bd62fc307b623184c69f1030db2f8e1682c636b387a49fd8da43,optimal,320.6197290642054,320.61972906,4.2053898141602986e-09,1.311644117001082e-11,1,0.32061972906431580494333823530763e3,3.4430170516907005e-13,1,,0.035995,0.023579118,662,120.0,threads=1,d03f115,"cloud container (docker); Intel(R) Xeon(R) Processor @ 2.10GHz; 4 cores; 16 GiB RAM; Linux-x86_64; quiet, one job at a time",2026-09-30T12:44:57+00:00
new,2,nesm,20b55063a879a649ef5c7a1a701f81917717b414943f58dea37a1c30495bc5ba,optimal,14076036.48756271,14076073.035,36.547437289729714,2.596422823244446e-06,0,0.14076036487562728337980641375835e8,1.3232738852849298e-15,1,,0.175319,0.150104708,3321,120.0,threads=1,d03f115,"cloud container (docker); Intel(R) Xeon(R) Processor @ 2.10GHz; 4 cores; 16 GiB RAM; Linux-x86_64; quiet, one job at a time",2026-09-30T12:44:57+00:00
base,2,nesm,20b55063a879a649ef5c7a1a701f81917717b414943f58dea37a1c30495bc5ba,optimal,14076036.48756271,14076073.035,36.547437289729714,2.596422823244446e-06,0,0.14076036487562728337980641375835e8,1.3232738852849298e-15,1,,0.200792,0.176855652,3321,120.0,threads=1,5c15999,"cloud container (docker); Intel(R) Xeon(R) Processor @ 2.10GHz; 4 cores; 16 GiB RAM; Linux-x86_64; quiet, one job at a time",2026-09-30T12:44:58+00:00
base,2,perold,040ed4572876366cd979b6811ee20d706abba6998616b0e53201ea1e043acacd,optimal,-9380.755278235163,-9380.7580773,0.002799064837745391,2.9838365030633286e-07,1,-0.93807552782351606734833270386511e4,1.939064978878833e-16,1,,0.186617,0.168462208,2492,120.0,threads=1,5c15999,"cloud container (docker); Intel(R) Xeon(R) Processor @ 2.10GHz; 4 cores; 16 GiB RAM; Linux-x86_64; quiet, one job at a time",2026-09-30T12:44:58+00:00
new,2,perold,040ed4572876366cd979b6811ee20d706abba6998616b0e53201ea1e043acacd,optimal,-9380.755278235163,-9380.7580773,0.002799064837745391,2.9838365030633286e-07,1,-0.93807552782351606734833270386511e4,1.939064978878833e-16,1,,0.183691,0.164623373,2492,120.0,threads=1,d03f115,"cloud container (docker); Intel(R) Xeon(R) Processor @ 2.10GHz; 4 cores; 16 GiB RAM; Linux-x86_64; quiet, one job at a time",2026-09-30T12:44:58+00:00
new,2,pilot,26916951225f695c68c474adb2e1e052e4c1b3479d6a11fbd579fd20d4e7d2eb,optimal,-557.4897292893348,-557.40430007,0.08542921933485559,0.0001532625767761878,0,-0.55748972928406818073034256636894e3,9.447091430823412e-12,1,,1.881582,1.822426311,6226,120.0,threads=1,d03f115,"cloud container (docker); Intel(R) Xeon(R) Processor @ 2.10GHz; 4 cores; 16 GiB RAM; Linux-x86_64; quiet, one job at a time",2026-09-30T12:45:00+00:00
base,2,pilot,26916951225f695c68c474adb2e1e052e4c1b3479d6a11fbd579fd20d4e7d2eb,optimal,-557.4897292893348,-557.40430007,0.08542921933485559,0.0001532625767761878,0,-0.55748972928406818073034256636894e3,9.447091430823412e-12,1,,2.37282,2.30329217,6226,120.0,threads=1,5c15999,"cloud container (docker); Intel(R) Xeon(R) Processor @ 2.10GHz; 4 cores; 16 GiB RAM; Linux-x86_64; quiet, one job at a time",2026-09-30T12:45:02+00:00
base,2,pilot.ja,c0cea98ca60001558b561e3195b84b8d3fd33eeeb695ddba6836bfa29d06d50f,optimal,-6113.136465581344,-6113.1344111,0.002054481344202941,3.360765862554062e-07,1,-0.61131364655813432748848620538024e4,1.4877709779482858e-16,1,,0.316146,0.282944056,3220,120.0,threads=1,5c15999,"cloud container (docker); Intel(R) Xeon(R) Processor @ 2.10GHz; 4 cores; 16 GiB RAM; Linux-x86_64; quiet, one job at a time",2026-09-30T12:45:03+00:00
new,2,pilot.ja,c0cea98ca60001558b561e3195b84b8d3fd33eeeb695ddba6836bfa29d06d50f,optimal,-6113.136465581344,-6113.1344111,0.002054481344202941,3.360765862554062e-07,1,-0.61131364655813432748848620538024e4,1.4877709779482858e-16,1,,0.281265,0.245175851,3220,120.0,threads=1,d03f115,"cloud container (docker); Intel(R) Xeon(R) Processor @ 2.10GHz; 4 cores; 16 GiB RAM; Linux-x86_64; quiet, one job at a time",2026-09-30T12:45:03+00:00
new,2,pilot.we,5c3e8ed78a522c7df2cac39435efd0552273b8e942b03186997ee9011cd1015a,optimal,-2720107.5328449644,-2720102.7439,4.788944964297116,1.7605750279237147e-06,0,-0.27201075328449639629439185412556e7,1.7119223474989002e-16,1,,0.333451,0.315902973,5254,120.0,threads=1,d03f115,"cloud container (docker); Intel(R) Xeon(R) Processor @ 2.10GHz; 4 cores; 16 GiB RAM; Linux-x86_64; quiet, one job at a time",2026-09-30T12:45:03+00:00
base,2,pilot.we,5c3e8ed78a522c7df2cac39435efd0552273b8e942b03186997ee9011cd1015a,optimal,-2720107.5328449644,-2720102.7439,4.788944964297116,1.7605750279237147e-06,0,-0.27201075328449639629439185412556e7,1.7119223474989002e-16,1,,0.449918,0.428789515,5254,120.0,threads=1,5c15999,"cloud container (docker); Intel(R) Xeon(R) Processor @ 2.10GHz; 4 cores; 16 GiB RAM; Linux-x86_64; quiet, one job at a time",2026-09-30T12:45:04+00:00
base,2,pilot4,67e872aae722a493f5c2c8f88e3d70d093eea116093874ea43852c864a687cba,optimal,-2581.1392588847157,-2581.1392641,5.215284545556642e-06,2.0205358998229503e-09,1,-0.25811392588838886745830997266797e4,3.2047299595147063e-13,1,,0.083794,0.065617108,4,120.0,threads=1,5c15999,"cloud container (docker); Intel(R) Xeon(R) Processor @ 2.10GHz; 4 cores; 16 GiB RAM; Linux-x86_64; quiet, one job at a time",2026-09-30T12:45:04+00:00
new,2,pilot4,67e872aae722a493f5c2c8f88e3d70d093eea116093874ea43852c864a687cba,optimal,-2581.1392588847157,-2581.1392641,5.215284545556642e-06,2.0205358998229503e-09,1,-0.25811392588838886745830997266797e4,3.2047299595147063e-13,1,,0.063195,0.047570418,4,120.0,threads=1,d03f115,"cloud container (docker); Intel(R) Xeon(R) Processor @ 2.10GHz; 4 cores; 16 GiB RAM; Linux-x86_64; quiet, one job at a time",2026-09-30T12:45:04+00:00
new,2,pilot87,0ecfcc173d82c8a0252f58a99b2a529d8ad0155ee9212b8451cc25c0e387caa4,optimal,301.7103476060874,301.71072827,0.00038066391260827004,1.2616850411352131e-06,0,0.3017103473331105277216600201995e3,9.047647157991478e-10,1,,29.37245,29.227682372,23291,120.0,threads=1,d03f115,"cloud container (docker); Intel(R) Xeon(R) Processor @ 2.10GHz; 4 cores; 16 GiB RAM; Linux-x86_64; quiet, one job at a time",2026-09-30T12:45:33+00:00
base,2,pilot87,0ecfcc173d82c8a0252f58a99b2a529d8ad0155ee9212b8451cc25c0e387caa4,optimal,301.7103476060874,301.71072827,0.00038066391260827004,1.2616850411352131e-06,0,0.3017103473331105277216600201995e3,9.047647157991478e-10,1,,29.187087,29.050750428,23291,120.0,threads=1,5c15999,"cloud container (docker); Intel(R) Xeon(R) Processor @ 2.10GHz; 4 cores; 16 GiB RAM; Linux-x86_64; quiet, one job at a time",2026-09-30T12:46:02+00:00
base,2,pilotnov,2b000b6da9fb539e3303d5b81f00cc74f430e7ed52d7666ff1ef835bf060773d,optimal,-4497.276188218868,-4497.2761882,1.8867467588279396e-08,4.195309960678878e-12,1,-0.44972761882188711430996211783943e4,8.089293729884355e-16,1,,0.236277,0.212527046,2311,120.0,threads=1,5c15999,"cloud container (docker); Intel(R) Xeon(R) Processor @ 2.10GHz; 4 cores; 16 GiB RAM; Linux-x86_64; quiet, one job at a time",2026-09-30T12:46:03+00:00
new,2,pilotnov,2b000b6da9fb539e3303d5b81f00cc74f430e7ed52d7666ff1ef835bf060773d,optimal,-4497.276188218868,-4497.2761882,1.8867467588279396e-08,4.195309960678878e-12,1,-0.44972761882188711430996211783943e4,8.089293729884355e-16,1,,0.210558,0.189180374,2311,120.0,threads=1,d03f115,"cloud container (docker); Intel(R) Xeon(R) Processor @ 2.10GHz; 4 cores; 16 GiB RAM; Linux-x86_64; quiet, one job at a time",2026-09-30T12:46:03+00:00
new,2,recipe,277b34645cc89526db4a3365fa781ce28aa9768a65c4f301416a8a05c934af61,optimal,-266.61600000000027,-266.616,2.8421709430404007e-13,1.0660166468030429e-15,1,-0.266616e3,1.0660166468030429e-15,1,,0.006537,0.000821027,40,120.0,threads=1,d03f115,"cloud container (docker); Intel(R) Xeon(R) Processor @ 2.10GHz; 4 cores; 16 GiB RAM; Linux-x86_64; quiet, one job at a time",2026-09-30T12:46:03+00:00
base,2,recipe,277b34645cc89526db4a3365fa781ce28aa9768a65c4f301416a8a05c934af61,optimal,-266.61600000000027,-266.616,2.8421709430404007e-13,1.0660166468030429e-15,1,-0.266616e3,1.0660166468030429e-15,1,,0.004644,0.000582266,40,120.0,threads=1,5c15999,"cloud container (docker); Intel(R) Xeon(R) Processor @ 2.10GHz; 4 cores; 16 GiB RAM; Linux-x86_64; quiet, one job at a time",2026-09-30T12:46:03+00:00
base,2,sc105,062d034400be956757316a9bde8e6de3d221a88fb5dc502def743f1883e23ec3,optimal,-52.20206121170722,-52.202061212,2.927791342699493e-10,5.608574210909634e-12,1,-0.52202061211707248062628010857689e2,5.444556933324681e-16,1,,0.006601,0.001518445,98,120.0,threads=1,5c15999,"cloud container (docker); Intel(R) Xeon(R) Processor @ 2.10GHz; 4 cores; 16 GiB RAM; Linux-x86_64; quiet, one job at a time",2026-09-30T12:46:03+00:00
new,2,sc105,062d034400be956757316a9bde8e6de3d221a88fb5dc502def743f1883e23ec3,optimal,-52.20206121170722,-52.202061212,2.927791342699493e-10,5.608574210909634e-12,1,-0.52202061211707248062628010857689e2,5.444556933324681e-16,1,,0.005703,0.001128751,98,120.0,threads=1,d03f115,"cloud container (docker); Intel(R) Xeon(R) Processor @ 2.10GHz; 4 cores; 16 GiB RAM; Linux-x86_64; quiet, one job at a time",2026-09-30T12:46:03+00:00
new,2,sc205,bcecc8d8cafd08c6d97cf8e39a740f5d777e317600bb9f6f158f2ceb550005f9,optimal,-52.2020612117072,-52.202061212,2.927933451246645e-10,5.608846438756298e-12,1,-0.52202061211707248062628010857689e2,8.166835399987022e-16,1,,0.010924,0.004216266,232,120.0,threads=1,d03f115,"cloud container (docker); Intel(R) Xeon(R) Processor @ 2.10GHz; 4 cores; 16 GiB RAM; Linux-x86_64; quiet, one job at a time",2026-09-30T12:46:03+00:00
base,2,sc205,bcecc8d8cafd08c6d97cf8e39a740f5d777e317600bb9f6f158f2ceb550005f9,optimal,-52.2020612117072,-52.202061212,2.927933451246645e-10,5.608846438756298e-12,1,-0.52202061211707248062628010857689e2,8.166835399987022e-16,1,,0.008139,0.003406591,232,120.0,threads=1,5c15999,"cloud container (docker); Intel(R) Xeon(R) Processor @ 2.10GHz; 4 cores; 16 GiB RAM; Linux-x86_64; quiet, one job at a time",2026-09-30T12:46:03+00:00
base,2,sc50a,36bfce2f419555712bf1b9a8477541199073c7654475d933475cea6db0abe2f2,optimal,-64.57507705856447,-64.575077059,4.355200644567958e-10,6.744398679677553e-12,1,-0.64575077058564509026860413914575e2,4.401343478789465e-16,1,,0.005164,0.00068557,42,120.0,threads=1,5c15999,"cloud container (docker); Intel(R) Xeon(R) Processor @ 2.10GHz; 4 cores; 16 GiB RAM; Linux-x86_64; quiet, one job at a time",2026-09-30T12:46:03+00:00
new,2,sc50a,36bfce2f419555712bf1b9a8477541199073c7654475d933475cea6db0abe2f2,optimal,-64.57507705856447,-64.575077059,4.355200644567958e-10,6.744398679677553e-12,1,-0.64575077058564509026860413914575e2,4.401343478789465e-16,1,,0.004995,0.000560774,42,120.0,threads=1,d03f115,"cloud container (docker); Intel(R) Xeon(R) Processor @ 2.10GHz; 4 cores; 16 GiB RAM; Linux-x86_64; quiet, one job at a time",2026-09-30T12:46:03+00:00
new,2,sc50b,bfc47ffcf8f037552130a75142a203dc768d82d15c3b7b9f718c444ffa472f15,optimal,-69.99999999999999,-70.0,1.4210854715202004e-14,2.0301221021717148e-16,1,-0.7e2,2.0301221021717148e-16,1,,0.004994,0.000643815,42,120.0,threads=1,d03f115,"cloud container (docker); Intel(R) Xeon(R) Processor @ 2.10GHz; 4 cores; 16 GiB RAM; Linux-x86_64; quiet, one job at a time",2026-09-30T12:46:03+00:00
base,2,sc50b,bfc47ffcf8f037552130a75142a203dc768d82d15c3b7b9f718c444ffa472f15,optimal,-69.99999999999999,-70.0,1.4210854715202004e-14,2.0301221021717148e-16,1,-0.7e2,2.0301221021717148e-16,1,,0.00425,0.00049454,42,120.0,threads=1,5c15999,"cloud container (docker); Intel(R) Xeon(R) Processor @ 2.10GHz; 4 cores; 16 GiB RAM; Linux-x86_64; quiet, one job at a time",2026-09-30T12:46:03+00:00
base,2,scagr25,7bac79b91dec46966af26a236d593c823f1e61eb055597426365e4f6bc36df76,optimal,-14753433.060768533,-14753433.061,0.00023146718740463257,1.5689039049257294e-11,1,-0.14753433060768523167790925075974e8,7.575098520698869e-16,1,,0.017386,0.009292323,457,120.0,threads=1,5c15999,"cloud container (docker); Intel(R) Xeon(R) Processor @ 2.10GHz; 4 cores; 16 GiB RAM; Linux-x86_64; quiet, one job at a time",2026-09-30T12:46:03+00:00
new,2,scagr25,7bac79b91dec46966af26a236d593c823f1e61eb055597426365e4f6bc36df76,optimal,-14753433.060768533,-14753433.061,0.00023146718740463257,1.5689039049257294e-11,1,-0.14753433060768523167790925075974e8,7.575098520698869e-16,1,,0.019094,0.012355407,457,120.0,threads=1,d03f115,"cloud container (docker); Intel(R) Xeon(R) Processor @ 2.10GHz; 4 cores; 16 GiB RAM; Linux-x86_64; quiet, one job at a time",2026-09-30T12:46:03+00:00
new,2,scagr7,2170c16fd0cc04a823172c1564e89593e75aac5225e2c2f893a6837ba0b26085,optimal,-2331389.824330984,-2331389.2548,0.5695309839211404,2.442882426212426e-07,1,-0.2331389824330984e7,0.0,1,,0.004695,0.001015681,111,120.0,threads=1,d03f115,"cloud container (docker); Intel(R) Xeon(R) Processor @ 2.10GHz; 4 cores; 16 GiB RAM; Linux-x86_64; quiet, one job at a time",2026-09-30T12:46:03+00:00
base,2,scagr7,2170c16fd0cc04a823172c1564e89593e75aac5225e2c2f893a6837ba0b26085,optimal,-2331389.824330984,-2331389.2548,0.5695309839211404,2.442882426212426e-07,1,-0.2331389824330984e7,0.0,1,,0.0053,0.001107165,111,120.0,threads=1,5c15999,"cloud container (docker); Intel(R) Xeon(R) Processor @ 2.10GHz; 4 cores; 16 GiB RAM; Linux-x86_64; quiet, one job at a time",2026-09-30T12:46:03+00:00
base,2,scfxm1,3e602523ca64bb4fd7387da7eca577d964e08d7c04326c59937a0d58add7de25,optimal,18416.759028348937,18416.759028,3.4893673728220165e-07,1.89466961451629e-11,1,0.18416759028348943683579089143655e5,3.950726402503032e-16,1,,0.022289,0.011821157,433,120.0,threads=1,5c15999,"cloud container (docker); Intel(R) Xeon(R) Processor @ 2.10GHz; 4 cores; 16 GiB RAM; Linux-x86_64; quiet, one job at a time",2026-09-30T12:46:03+00:00
new,2,scfxm1,3e602523ca64bb4fd7387da7eca577d964e08d7c04326c59937a0d58add7de25,optimal,18416.759028348937,18416.759028,3.4893673728220165e-07,1.89466961451629e-11,1,0.18416759028348943683579089143655e5,3.950726402503032e-16,1,,0.018918,0.010068645,433,120.0,threads=1,d03f115,"cloud container (docker); Intel(R) Xeon(R) Processor @ 2.10GHz; 4 cores; 16 GiB RAM; Linux-x86_64; quiet, one job at a time",2026-09-30T12:46:03+00:00
new,2,scfxm2,64d44da9d2e6329705e73b1e083f52a7560124c13af4c67ff60d55b0a46b0f0e,optimal,36660.26156499881,36660.261565,1.1932570487260818e-09,3.254905987537467e-14,1,0.36660261564998812956939504848248e5,1.984698772888764e-16,1,,0.046504,0.034638744,937,120.0,threads=1,d03f115,"cloud container (docker); Intel(R) Xeon(R) Processor @ 2.10GHz; 4 cores; 16 GiB RAM; Linux-x86_64; quiet, one job at a time",2026-09-30T12:46:03+00:00
base,2,scfxm2,64d44da9d2e6329705e73b1e083f52a7560124c13af4c67ff60d55b0a46b0f0e,optimal,36660.26156499881,36660.261565,1.1932570487260818e-09,3.254905987537467e-14,1,0.36660261564998812956939504848248e5,1.984698772888764e-16,1,,0.038895,0.026304595,937,120.0,threads=1,5c15999,"cloud container (docker); Intel(R) Xeon(R) Processor @ 2.10GHz; 4 cores; 16 GiB RAM; Linux-x86_64; quiet, one job at a time",2026-09-30T12:46:03+00:00
base,2,scfxm3,515b442feba7cb583e03d4466da264782d898cc69093848052a7fa98ba4eac7b,optimal,54901.25454975145,54901.25455,2.4854671210050583e-07,4.527159062898059e-12,1,0.54901254549751454623888724925519e5,0.0,1,,0.078457,0.061306378,1641,120.0,threads=1,5c15999,"cloud container (docker); Intel(R) Xeon(R) Processor @ 2.10GHz; 4 cores; 16 GiB RAM; Linux-x86_64; quiet, one job at a time",2026-09-30T12:46:03+00:00
new,2,scfxm3,515b442feba7cb583e03d4466da264782d898cc69093848052a7fa98ba4eac7b,optimal,54901.25454975145,54901.25455,2.4854671210050583e-07,4.527159062898059e-12,1,0.54901254549751454623888724925519e5,0.0,1,,0.092456,0.072925629,1641,120.0,threads=1,d03f115,"cloud container (docker); Intel(R) Xeon(R) Processor @ 2.10GHz; 4 cores; 16 GiB RAM; Linux-x86_64; quiet, one job at a time",2026-09-30T12:46:03+00:00
new,2,scorpion,39b61cae042ce4adffb441faec77f5cc003fa725baa25edfb1738aef93a83c5d,optimal,1878.1248227381068,1878.1248227,3.810669113590848e-08,2.0289754267304842e-11,1,0.18781248227381066296479411763586e4,1.2106419801839656e-16,1,,0.011491,0.003659701,242,120.0,threads=1,d03f115,"cloud container (docker); Intel(R) Xeon(R) Processor @ 2.10GHz; 4 cores; 16 GiB RAM; Linux-x86_64; quiet, one job at a time",2026-09-30T12:46:03+00:00
base,2,scorpion,39b61cae042ce4adffb441faec77f5cc003fa725baa25edfb1738aef93a83c5d,optimal,1878.1248227381068,1878.1248227,3.810669113590848e-08,2.0289754267304842e-11,1,0.18781248227381066296479411763586e4,1.2106419801839656e-16,1,,0.009536,0.003494739,242,120.0,threads=1,5c15999,"cloud container (docker); Intel(R) Xeon(R) Processor @ 2.10GHz; 4 cores; 16 GiB RAM; Linux-x86_64; quiet, one job at a time",2026-09-30T12:46:03+00:00
base,2,scrs8,33b12d5e3d07b47a8b837ab0bf445fbfb5980af5c825bf049c23e71fb3faf026,optimal,904.2969538007919,904.29998619,0.003032389208101449,3.3533000712269414e-06,0,0.90429695380079143579923107948844e3,5.028739165548941e-16,1,,0.025415,0.014676382,610,120.0,threads=1,5c15999,"cloud container (docker); Intel(R) Xeon(R) Processor @ 2.10GHz; 4 cores; 16 GiB RAM; Linux-x86_64; quiet, one job at a time",2026-09-30T12:46:03+00:00
new,2,scrs8,33b12d5e3d07b47a8b837ab0bf445fbfb5980af5c825bf049c23e71fb3faf026,optimal,904.2969538007919,904.29998619,0.003032389208101449,3.3533000712269414e-06,0,0.90429695380079143579923107948844e3,5.028739165548941e-16,1,,0.030674,0.018842914,610,120.0,threads=1,d03f115,"cloud container (docker); Intel(R) Xeon(R) Processor @ 2.10GHz; 4 cores; 16 GiB RAM; Linux-x86_64; quiet, one job at a time",2026-09-30T12:46:03+00:00
new,2,scsd1,8c4aac4987a81ef66715b5cb2debdb1993afe6cb5e2a29f32556a03802bf55f5,optimal,8.666666674333365,8.6666666743,3.3365310514454904e-11,3.849843517507819e-12,1,0.86666666743333647292533502995263e1,0.0,1,,0.008357,0.001886368,98,120.0,threads=1,d03f115,"cloud container (docker); Intel(R) Xeon(R) Processor @ 2.10GHz; 4 cores; 16 GiB RAM; Linux-x86_64; quiet, one job at a time",2026-09-30T12:46:03+00:00
base,2,scsd1,8c4aac4987a81ef66715b5cb2debdb1993afe6cb5e2a29f32556a03802bf55f5,optimal,8.666666674333365,8.6666666743,3.3365310514454904e-11,3.849843517507819e-12,1,0.86666666743333647292533502995263e1,0.0,1,,0.010701,0.002734823,98,120.0,threads=1,5c15999,"cloud container (docker); Intel(R) Xeon(R) Processor @ 2.10GHz; 4 cores; 16 GiB RAM; Linux-x86_64; quiet, one job at a time",2026-09-30T12:46:03+00:00
base,2,scsd6,f3da742cfa24cfadb99d510847ea1f7a361ba61537d4c2900c09b674912a5891,optimal,50.500000077641246,50.500000078,3.587530272852746e-10,7.104020331310119e-12,1,0.50500000077144345289985489081569e2,9.839680210693766e-12,1,,0.021745,0.011518061,399,120.0,threads=1,5c15999,"cloud container (docker); Intel(R) Xeon(R) Processor @ 2.10GHz; 4 cores; 16 GiB RAM; Linux-x86_64; quiet, one job at a time",2026-09-30T12:46:03+00:00
new,2,scsd6,f3da742cfa24cfadb99d510847ea1f7a361ba61537d4c2900c09b674912a5891,optimal,50.500000077641246,50.500000078,3.587530272852746e-10,7.104020331310119e-12,1,0.50500000077144345289985489081569e2,9.839680210693766e-12,1,,0.017325,0.009849954,399,120.0,threads=1,d03f115,"cloud container (docker); Intel(R) Xeon(R) Processor @ 2.10GHz; 4 cores; 16 GiB RAM; Linux-x86_64; quiet, one job at a time",2026-09-30T12:46:03+00:00
new,2,scsd8,2090a22840fe2c75730cd76336702ece7c27a739d58740926b67c4b2e57b8e5c,optimal,904.9999999254642,904.99999993,4.535763764579315e-09,5.011893662906241e-12,1,0.90499999992546440094445846417654e3,2.512416303447055e-16,1,,0.090154,0.076311086,1563,120.0,threads=1,d03f115,"cloud container (docker); Intel(R) Xeon(R) Processor @ 2.10GHz; 4 cores; 16 GiB RAM; Linux-x86_64; quiet, one job at a time",2026-09-30T12:46:03+00:00
base,2,scsd8,2090a22840fe2c75730cd76336702ece7c27a739d58740926b67c4b2e57b8e5c,optimal,904.9999999254642,904.99999993,4.535763764579315e-09,5.011893662906241e-12,1,0.90499999992546440094445846417654e3,2.512416303447055e-16,1,,0.083875,0.071264299,1563,120.0,threads=1,5c15999,"cloud container (docker); Intel(R) Xeon(R) Processor @ 2.10GHz; 4 cores; 16 GiB RAM; Linux-x86_64; quiet, one job at a time",2026-09-30T12:46:04+00:00
base,2,sctap1,2b1ab5950d3e37fd21327892e2bc830c5f0d8d3fc1f687c0f57a5cdefd9caa21,optimal,1412.2499999999998,1412.25,2.2737367544323206e-13,1.6100100934199472e-16,1,0.141225e4,1.6100100934199472e-16,1,,0.011024,0.004483292,278,120.0,threads=1,5c15999,"cloud container (docker); Intel(R) Xeon(R) Processor @ 2.10GHz; 4 cores; 16 GiB RAM; Linux-x86_64; quiet, one job at a time",2026-09-30T12:46:04+00:00
new,2,sctap1,2b1ab5950d3e37fd21327892e2bc830c5f0d8d3fc1f687c0f57a5cdefd9caa21,optimal,1412.2499999999998,1412.25,2.2737367544323206e-13,1.6100100934199472e-16,1,0.141225e4,1.6100100934199472e-16,1,,0.009909,0.00453436,278,120.0,threads=1,d03f115,"cloud container (docker); Intel(R) Xeon(R) Processor @ 2.10GHz; 4 cores; 16 GiB RAM; Linux-x86_64; quiet, one job at a time",2026-09-30T12:46:04+00:00
new,2,sctap2,673d50e3b929f83b1719d28ee09500890294107099518161bcf2a4f452e95fb2,optimal,1724.8071428571432,1724.8071429,4.285675458959304e-08,2.4847273369668418e-11,1,0.17248071428571428571428571428571e4,1.3182556460578402e-16,1,,0.031605,0.021717345,775,120.0,threads=1,d03f115,"cloud container (docker); Intel(R) Xeon(R) Processor @ 2.10GHz; 4 cores; 16 GiB RAM; Linux-x86_64; quiet, one job at a time",2026-09-30T12:46:04+00:00
base,2,sctap2,673d50e3b929f83b1719d28ee09500890294107099518161bcf2a4f452e95fb2,optimal,1724.8071428571432,1724.8071429,4.285675458959304e-08,2.4847273369668418e-11,1,0.17248071428571428571428571428571e4,1.3182556460578402e-16,1,,0.031681,0.021074495,775,120.0,threads=1,5c15999,"cloud container (docker); Intel(R) Xeon(R) Processor @ 2.10GHz; 4 cores; 16 GiB RAM; Linux-x86_64; quiet, one job at a time",2026-09-30T12:46:04+00:00
base,2,sctap3,44e105b02a722bf19292b8aeb4779480c4eb81f40da35d64d8f4534f85000168,optimal,1424.0,1424.0,0.0,0.0,1,0.1424e4,0.0,1,,0.050143,0.037785715,1111,120.0,threads=1,5c15999,"cloud container (docker); Intel(R) Xeon(R) Processor @ 2.10GHz; 4 cores; 16 GiB RAM; Linux-x86_64; quiet, one job at a time",2026-09-30T12:46:04+00:00
new,2,sctap3,44e105b02a722bf19292b8aeb4779480c4eb81f40da35d64d8f4534f85000168,optimal,1424.0,1424.0,0.0,0.0,1,0.1424e4,0.0,1,,0.047341,0.035339306,1111,120.0,threads=1,d03f115,"cloud container (docker); Intel(R) Xeon(R) Processor @ 2.10GHz; 4 cores; 16 GiB RAM; Linux-x86_64; quiet, one job at a time",2026-09-30T12:46:04+00:00
new,2,seba,539733cdb036e2d2e8e80e7ea1666848b6b67a36a34b1c6cf9a883e1c868ef1e,optimal,15711.599999999999,15711.6,1.8189894035458565e-12,1.1577365790536013e-16,1,0.157116e5,1.1577365790536013e-16,1,,0.013946,0.006596354,439,120.0,threads=1,d03f115,"cloud container (docker); Intel(R) Xeon(R) Processor @ 2.10GHz; 4 cores; 16 GiB RAM; Linux-x86_64; quiet, one job at a time",2026-09-30T12:46:04+00:00
base,2,seba,539733cdb036e2d2e8e80e7ea1666848b6b67a36a34b1c6cf9a883e1c868ef1e,optimal,15711.599999999999,15711.6,1.8189894035458565e-12,1.1577365790536013e-16,1,0.157116e5,1.1577365790536013e-16,1,,0.013916,0.0065632,439,120.0,threads=1,5c15999,"cloud container (docker); Intel(R) Xeon(R) Processor @ 2.10GHz; 4 cores; 16 GiB RAM; Linux-x86_64; quiet, one job at a time",2026-09-30T12:46:04+00:00
base,2,share1b,fafdf8b5e3d50d27f5eff40e46eb104d1e614bf2721cb5be38081f1678dbd562,optimal,-76589.31857918552,-76589.318579,1.85522367246449e-07,2.4223007945303396e-12,1,-0.7658931857918568112797274346007e5,2.0899920573981595e-15,1,,0.007236,0.002140108,136,120.0,threads=1,5c15999,"cloud container (docker); Intel(R) Xeon(R) Processor @ 2.10GHz; 4 cores; 16 GiB RAM; Linux-x86_64; quiet, one job at a time",2026-09-30T12:46:04+00:00
new,2,share1b,fafdf8b5e3d50d27f5eff40e46eb104d1e614bf2721cb5be38081f1678dbd562,optimal,-76589.31857918552,-76589.318579,1.85522367246449e-07,2.4223007945303396e-12,1,-0.7658931857918568112797274346007e5,2.0899920573981595e-15,1,,0.006626,0.001714159,136,120.0,threads=1,d03f115,"cloud container (docker); Intel(R) Xeon(R) Processor @ 2.10GHz; 4 cores; 16 GiB RAM; Linux-x86_64; quiet, one job at a time",2026-09-30T12:46:04+00:00
new,2,share2b,2816c0a71096acc08fd88f65c960366856802c074601e5fa544f9c3eab640c96,optimal,-415.7322407414192,-415.73224074,1.4192096386977937e-09,3.4137589044612273e-12,1,-0.41573224074141948654519910873841e3,6.836542044397748e-16,1,,0.005525,0.001585396,124,120.0,threads=1,d03f115,"cloud container (docker); Intel(R) Xeon(R) Processor @ 2.10GHz; 4 cores; 16 GiB RAM; Linux-x86_64; quiet, one job at a time",2026-09-30T12:46:04+00:00
base,2,share2b,2816c0a71096acc08fd88f65c960366856802c074601e5fa544f9c3eab640c96,optimal,-415.7322407414192,-415.73224074,1.4192096386977937e-09,3.4137589044612273e-12,1,-0.41573224074141948654519910873841e3,6.836542044397748e-16,1,,0.005023,0.001334015,124,120.0,threads=1,5c15999,"cloud container (docker); Intel(R) Xeon(R) Processor @ 2.10GHz; 4 cores; 16 GiB RAM; Linux-x86_64; quiet, one job at a time",2026-09-30T12:46:04+00:00
base,2,shell,e21331e8282f8d8616cbee27e093e50d140ea03f9bc3fd0b6da0ccff638d2f91,optimal,1208825346.0,1208825346.0,0.0,0.0,1,0.1208825346e10,0.0,1,,0.017807,0.009055089,461,120.0,threads=1,5c15999,"cloud container (docker); Intel(R) Xeon(R) Processor @ 2.10GHz; 4 cores; 16 GiB RAM; Linux-x86_64; quiet, one job at a time",2026-09-30T12:46:04+00:00
new,2,shell,e21331e8282f8d8616cbee27e093e50d140ea03f9bc3fd0b6da0ccff638d2f91,optimal,1208825346.0,1208825346.0,0.0,0.0,1,0.1208825346e10,0.0,1,,0.018149,0.009239061,461,120.0,threads=1,d03f115,"cloud container (docker); Intel(R) Xeon(R) Processor @ 2.10GHz; 4 cores; 16 GiB RAM; Linux-x86_64; quiet, one job at a time",2026-09-30T12:46:04+00:00
new,2,ship04l,e7c46bfd6492a400220cf1f5f093f264901fd0e8534dd8cbb060d491612dc881,optimal,1793324.5379703562,1793324.538,2.9643764719367027e-05,1.6530061397825488e-11,1,0.17933245379703557625562556255626e7,2.5966370138154925e-16,1,,0.017094,0.006578699,447,120.0,threads=1,d03f115,"cloud container (docker); Intel(R) Xeon(R) Processor @ 2.10GHz; 4 cores; 16 GiB RAM; Linux-x86_64; quiet, one job at a time",2026-09-30T12:46:04+00:00
base,2,ship04l,e7c46bfd6492a400220cf1f5f093f264901fd0e8534dd8cbb060d491612dc881,optimal,1793324.5379703562,1793324.538,2.9643764719367027e-05,1.6530061397825488e-11,1,0.17933245379703557625562556255626e7,2.5966370138154925e-16,1,,0.020547,0.008091135,447,120.0,threads=1,5c15999,"cloud container (docker); Intel(R) Xeon(R) Processor @ 2.10GHz; 4 cores; 16 GiB RAM; Linux-x86_64; quiet, one job at a time",2026-09-30T12:46:04+00:00
base,2,ship04s,2ed2828b251173a05004349121cd9a271a3434bf2efe4e1b70d7e0bdf2d76f94,optimal,1798714.7004453922,1798714.7004,4.5392196625471115e-05,2.5235906848026957e-11,1,0.17987147004453921719954082726049e7,0.0,1,,0.01226,0.004695977,296,120.0,threads=1,5c15999,"cloud container (docker); Intel(R) Xeon(R) Processor @ 2.10GHz; 4 cores; 16 GiB RAM; Linux-x86_64; quiet, one job at a time",2026-09-30T12:46:04+00:00
new,2,ship04s,2ed2828b251173a05004349121cd9a271a3434bf2efe4e1b70d7e0bdf2d76f94,optimal,1798714.7004453922,1798714.7004,4.5392196625471115e-05,2.5235906848026957e-11,1,0.17987147004453921719954082726049e7,0.0,1,,0.012678,0.004302078,296,120.0,threads=1,d03f115,"cloud container (docker); Intel(R) Xeon(R) Processor @ 2.10GHz; 4 cores; 16 GiB RAM; Linux-x86_64; quiet, one job at a time",2026-09-30T12:46:04+00:00
new,2,ship08l,58b6142628facaa1b056f32f9f47167097db66825f0c6b42c6f65e4da1b5da07,optimal,1909055.211389131,1909055.2114,1.0869000107049942e-05,5.6933922299078996e-12,1,0.19090552113891315179803819998425e7,3.6588356732404215e-16,1,,0.038032,0.021488472,743,120.0,threads=1,d03f115,"cloud container (docker); Intel(R) Xeon(R) Processor @ 2.10GHz; 4 cores; 16 GiB RAM; Linux-x86_64; quiet, one job at a time",2026-09-30T12:46:04+00:00
base,2,ship08l,58b6142628facaa1b056f32f9f47167097db66825f0c6b42c6f65e4da1b5da07,optimal,1909055.211389131,1909055.2114,1.0869000107049942e-05,5.6933922299078996e-12,1,0.19090552113891315179803819998425e7,3.6588356732404215e-16,1,,0.049785,0.027461424,743,120.0,threads=1,5c15999,"cloud container (docker); Intel(R) Xeon(R) Processor @ 2.10GHz; 4 cores; 16 GiB RAM; Linux-x86_64; quiet, one job at a time",2026-09-30T12:46:04+00:00
base,2,ship08s,bdf5671548dde27b0d83c244914036e58081c4683786b2fd132277f577c9a7d8,optimal,1920098.2105346182,1920098.2105,3.461819142103195e-05,1.8029385805227774e-11,1,0.1920098210534619710172695474693e7,7.275585458382624e-16,1,,0.020635,0.007665659,422,120.0,threads=1,5c15999,"cloud container (docker); Intel(R) Xeon(R) Processor @ 2.10GHz; 4 cores; 16 GiB RAM; Linux-x86_64; quiet, one job at a time",2026-09-30T12:46:04+00:00
new,2,ship08s,bdf5671548dde27b0d83c244914036e58081c4683786b2fd132277f577c9a7d8,optimal,1920098.2105346182,1920098.2105,3.461819142103195e-05,1.8029385805227774e-11,1,0.1920098210534619710172695474693e7,7.275585458382624e-16,1,,0.018043,0.007470946,422,120.0,threads=1,d03f115,"cloud container (docker); Intel(R) Xeon(R) Processor @ 2.10GHz; 4 cores; 16 GiB RAM; Linux-x86_64; quiet, one job at a time",2026-09-30T12:46:04+00:00
new,2,ship12l,87bf21f83ae0c5a87aa73ee2d8e2bd4a6a72b3c6cbdc603853dbb7b43b824911,optimal,1470187.919329266,1470187.9193,2.926611341536045e-05,1.9906375934101617e-11,1,0.1470187919329264822702175543886e7,7.918397389637529e-16,1,,0.051292,0.030465958,1063,120.0,threads=1,d03f115,"cloud container (docker); Intel(R) Xeon(R) Processor @ 2.10GHz; 4 cores; 16 GiB RAM; Linux-x86_64; quiet, one job at a time",2026-09-30T12:46:04+00:00
base,2,ship12l,87bf21f83ae0c5a87aa73ee2d8e2bd4a6a72b3c6cbdc603853dbb7b43b824911,optimal,1470187.919329266,1470187.9193,2.926611341536045e-05,1.9906375934101617e-11,1,0.1470187919329264822702175543886e7,7.918397389637529e-16,1,,0.049473,0.028698623,1063,120.0,threads=1,5c15999,"cloud container (docker); Intel(R) Xeon(R) Processor @ 2.10GHz; 4 cores; 16 GiB RAM; Linux-x86_64; quiet, one job at a time",2026-09-30T12:46:04+00:00
base,2,ship12s,43bacbc026b0b5588ed9bec06b11fadfbff8beb19b4e84881370a57cc6540e5d,optimal,1489236.1344061326,1489236.1344,6.132526323199272e-06,4.1179005676423585e-12,1,0.14892361344061291565686421605401e7,2.3451349145518495e-15,1,,0.023113,0.009976445,590,120.0,threads=1,5c15999,"cloud container (docker); Intel(R) Xeon(R) Processor @ 2.10GHz; 4 cores; 16 GiB RAM; Linux-x86_64; quiet, one job at a time",2026-09-30T12:46:04+00:00
new,2,ship12s,43bacbc026b0b5588ed9bec06b11fadfbff8beb19b4e84881370a57cc6540e5d,optimal,1489236.1344061326,1489236.1344,6.132526323199272e-06,4.1179005676423585e-12,1,0.14892361344061291565686421605401e7,2.3451349145518495e-15,1,,0.021526,0.009443045,590,120.0,threads=1,d03f115,"cloud container (docker); Intel(R) Xeon(R) Processor @ 2.10GHz; 4 cores; 16 GiB RAM; Linux-x86_64; quiet, one job at a time",2026-09-30T12:46:04+00:00
new,2,sierra,dbabb4bb56b9de7efbca7df842922c7c1ef620bcbee2aeb28f4bf3c5a3868cc9,optimal,15394362.183631925,15394362.184,0.0003680754452943802,2.3909756110385417e-11,1,0.1539436218363193e8,3.62985837349874e-16,1,,0.032171,0.02038202,550,120.0,threads=1,d03f115,"cloud container (docker); Intel(R) Xeon(R) Processor @ 2.10GHz; 4 cores; 16 GiB RAM; Linux-x86_64; quiet, one job at a time",2026-09-30T12:46:04+00:00
base,2,sierra,dbabb4bb56b9de7efbca7df842922c7c1ef620bcbee2aeb28f4bf3c5a3868cc9,optimal,15394362.183631925,15394362.184,0.0003680754452943802,2.3909756110385417e-11,1,0.1539436218363193e8,3.62985837349874e-16,1,,0.02929,0.018550511,550,120.0,threads=1,5c15999,"cloud container (docker); Intel(R) Xeon(R) Processor @ 2.10GHz; 4 cores; 16 GiB RAM; Linux-x86_64; quiet, one job at a time",2026-09-30T12:46:04+00:00
base,2,stair,30a16ec0d02cf6c490495340d2a718f533d8e5d88f839693eb4bc06671bd8649,optimal,-251.2669511929633,-251.26695119,2.9633042686327826e-09,1.17934501716146e-11,1,-0.25126695119296330352803637106304e3,0.0,1,,0.026224,0.015122113,445,120.0,threads=1,5c15999,"cloud container (docker); Intel(R) Xeon(R) Processor @ 2.10GHz; 4 cores; 16 GiB RAM; Linux-x86_64; quiet, one job at a time",2026-09-30T12:46:04+00:00
new,2,stair,30a16ec0d02cf6c490495340d2a718f533d8e5d88f839693eb4bc06671bd8649,optimal,-251.2669511929633,-251.26695119,2.9633042686327826e-09,1.17934501716146e-11,1,-0.25126695119296330352803637106304e3,0.0,1,,0.02642,0.015884292,445,120.0,threads=1,d03f115,"cloud container (docker); Intel(R) Xeon(R) Processor @ 2.10GHz; 4 cores; 16 GiB RAM; Linux-x86_64; quiet, one job at a time",2026-09-30T12:46:04+00:00
new,2,standata,a513e8587cb8d72ac1f6fb07b33642a212f55646fb2c04521cdfd04b959c6fb1,optimal,1257.6995000000002,1257.6995,2.2737367544323206e-13,1.8078537476021266e-16,1,0.12576995e4,1.8078537476021266e-16,1,,0.008738,0.001709067,51,120.0,threads=1,d03f115,"cloud container (docker); Intel(R) Xeon(R) Processor @ 2.10GHz; 4 cores; 16 GiB RAM; Linux-x86_64; quiet, one job at a time",2026-09-30T12:46:04+00:00
base,2,standata,a513e8587cb8d72ac1f6fb07b33642a212f55646fb2c04521cdfd04b959c6fb1,optimal,1257.6995000000002,1257.6995,2.2737367544323206e-13,1.8078537476021266e-16,1,0.12576995e4,1.8078537476021266e-16,1,,0.008278,0.001626317,51,120.0,threads=1,5c15999,"cloud container (docker); Intel(R) Xeon(R) Processor @ 2.10GHz; 4 cores; 16 GiB RAM; Linux-x86_64; quiet, one job at a time",2026-09-30T12:46:04+00:00
base,2,standmps,93bd6bc6251b7fee0f943e1c69a7b7e836b4b34e4c011c1a871be66a1cb7e00d,optimal,1406.0175000000002,1406.0175,2.2737367544323206e-13,1.617146838095771e-16,1,0.14060175e4,1.617146838095771e-16,1,,0.011729,0.003973133,197,120.0,threads=1,5c15999,"cloud container (docker); Intel(R) Xeon(R) Processor @ 2.10GHz; 4 cores; 16 GiB RAM; Linux-x86_64; quiet, one job at a time",2026-09-30T12:46:04+00:00
new,2,standmps,93bd6bc6251b7fee0f943e1c69a7b7e836b4b34e4c011c1a871be66a1cb7e00d,optimal,1406.0175000000002,1406.0175,2.2737367544323206e-13,1.617146838095771e-16,1,0.14060175e4,1.617146838095771e-16,1,,0.010994,0.003942077,197,120.0,threads=1,d03f115,"cloud container (docker); Intel(R) Xeon(R) Processor @ 2.10GHz; 4 cores; 16 GiB RAM; Linux-x86_64; quiet, one job at a time",2026-09-30T12:46:04+00:00
new,2,stocfor1,98e1cb3940233e044e3d0e50869539087acdf8f0862916f777e553afc705ba90,optimal,-41131.97621943643,-41131.976219,4.3643376557156444e-07,1.0610571280306333e-11,1,-0.41131976219436406065682760731514e5,5.306789230378818e-16,1,,0.005063,0.001241539,104,120.0,threads=1,d03f115,"cloud container (docker); Intel(R) Xeon(R) Processor @ 2.10GHz; 4 cores; 16 GiB RAM; Linux-x86_64; quiet, one job at a time",2026-09-30T12:46:04+00:00
base,2,stocfor1,98e1cb3940233e044e3d0e50869539087acdf8f0862916f777e553afc705ba90,optimal,-41131.97621943643,-41131.976219,4.3643376557156444e-07,1.0610571280306333e-11,1,-0.41131976219436406065682760731514e5,5.306789230378818e-16,1,,0.005183,0.00148674,104,120.0,threads=1,5c15999,"cloud container (docker); Intel(R) Xeon(R) Processor @ 2.10GHz; 4 cores; 16 GiB RAM; Linux-x86_64; quiet, one job at a time",2026-09-30T12:46:04+00:00
base,2,stocfor2,d54988bc39e9c48d13c8a3248913e9b6b77c2f8e9b9f4c3e4c76b060f6096b50,optimal,-39024.4085378821,-39024.408538,1.1790689313784242e-07,3.021362720283912e-12,1,-0.39024408537882029604587908772433e5,1.6780169381448573e-15,1,,0.117312,0.103428288,1877,120.0,threads=1,5c15999,"cloud container (docker); Intel(R) Xeon(R) Processor @ 2.10GHz; 4 cores; 16 GiB RAM; Linux-x86_64; quiet, one job at a time",2026-09-30T12:46:04+00:00
new,2,stocfor2,d54988bc39e9c48d13c8a3248913e9b6b77c2f8e9b9f4c3e4c76b060f6096b50,optimal,-39024.4085378821,-39024.408538,1.1790689313784242e-07,3.021362720283912e-12,1,-0.39024408537882029604587908772433e5,1.6780169381448573e-15,1,,0.115898,0.101935648,1877,120.0,threads=1,d03f115,"cloud container (docker); Intel(R) Xeon(R) Processor @ 2.10GHz; 4 cores; 16 GiB RAM; Linux-x86_64; quiet, one job at a time",2026-09-30T12:46:05+00:00
new,2,tuff,768782d2ab2d7d044061f56ba54ddd53cf5ea0666a965edd33d48803098e15e2,optimal,0.29214776509361284,0.29214776509,3.612832255583953e-12,3.612832255583953e-12,1,0.29214776509361284488226309994302e0,0.0,1,,0.012249,0.004606328,242,120.0,threads=1,d03f115,"cloud container (docker); Intel(R) Xeon(R) Processor @ 2.10GHz; 4 cores; 16 GiB RAM; Linux-x86_64; quiet, one job at a time",2026-09-30T12:46:05+00:00
base,2,tuff,768782d2ab2d7d044061f56ba54ddd53cf5ea0666a965edd33d48803098e15e2,optimal,0.29214776509361284,0.29214776509,3.612832255583953e-12,3.612832255583953e-12,1,0.29214776509361284488226309994302e0,0.0,1,,0.01262,0.004634954,242,120.0,threads=1,5c15999,"cloud container (docker); Intel(R) Xeon(R) Processor @ 2.10GHz; 4 cores; 16 GiB RAM; Linux-x86_64; quiet, one job at a time",2026-09-30T12:46:05+00:00
base,2,vtp.base,7c34b37d7714796bc0fe30d920f3ecf9866c018a018ee0349ceb85350581dc68,optimal,129831.46246136139,129831.46246,1.3613898772746325e-06,1.0485824094402891e-11,1,0.1298314624613613657395984384889e6,1.1208311877945293e-16,1,,0.007265,0.002447629,162,120.0,threads=1,5c15999,"cloud container (docker); Intel(R) Xeon(R) Processor @ 2.10GHz; 4 cores; 16 GiB RAM; Linux-x86_64; quiet, one job at a time",2026-09-30T12:46:05+00:00
new,2,vtp.base,7c34b37d7714796bc0fe30d920f3ecf9866c018a018ee0349ceb85350581dc68,optimal,129831.46246136139,129831.46246,1.3613898772746325e-06,1.0485824094402891e-11,1,0.1298314624613613657395984384889e6,1.1208311877945293e-16,1,,0.007005,0.002361388,162,120.0,threads=1,d03f115,"cloud container (docker); Intel(R) Xeon(R) Processor @ 2.10GHz; 4 cores; 16 GiB RAM; Linux-x86_64; quiet, one job at a time",2026-09-30T12:46:05+00:00
new,2,wood1p,af3cac48f0727f1d9e1f1ecfa6de30168678800b39e38a808b5df90a48d61330,optimal,1.4429024115734101,1.4429024116,2.65898414397725e-11,1.8428024810276435e-11,1,0.14429024115734092400010936668043e1,6.155498892898885e-16,1,,0.076833,0.021346533,219,120.0,threads=1,d03f115,"cloud container (docker); Intel(R) Xeon(R) Processor @ 2.10GHz; 4 cores; 16 GiB RAM; Linux-x86_64; quiet, one job at a time",2026-09-30T12:46:05+00:00
base,2,wood1p,af3cac48f0727f1d9e1f1ecfa6de30168678800b39e38a808b5df90a48d61330,optimal,1.4429024115734101,1.4429024116,2.65898414397725e-11,1.8428024810276435e-11,1,0.14429024115734092400010936668043e1,6.155498892898885e-16,1,,0.08005,0.022048976,219,120.0,threads=1,5c15999,"cloud container (docker); Intel(R) Xeon(R) Processor @ 2.10GHz; 4 cores; 16 GiB RAM; Linux-x86_64; quiet, one job at a time",2026-09-30T12:46:05+00:00
base,2,woodw,01450b5407d3bb282595e2874e78c26dd7cdde87d70d663065e58bd3e6c288b0,optimal,1.3044763330842293,1.3044763331,1.577071806480035e-11,1.2089692748447418e-11,1,0.1304476333084229269005552085566e1,0.0,1,,0.402263,0.353282604,2495,120.0,threads=1,5c15999,"cloud container (docker); Intel(R) Xeon(R) Processor @ 2.10GHz; 4 cores; 16 GiB RAM; Linux-x86_64; quiet, one job at a time",2026-09-30T12:46:05+00:00
new,2,woodw,01450b5407d3bb282595e2874e78c26dd7cdde87d70d663065e58bd3e6c288b0,optimal,1.3044763330842293,1.3044763331,1.577071806480035e-11,1.2089692748447418e-11,1,0.1304476333084229269005552085566e1,0.0,1,,0.360219,0.316837822,2495,120.0,threads=1,d03f115,"cloud container (docker); Intel(R) Xeon(R) Processor @ 2.10GHz; 4 cores; 16 GiB RAM; Linux-x86_64; quiet, one job at a time",2026-09-30T12:46:06+00:00
base,3,25fv47,e0da0d47ae56bef34f11ac03563027da57dd4ab792d978c0dc8e27a16117f627,optimal,5501.84588828675,5501.8458883,1.3250428310129791e-08,2.4083604992112937e-12,1,0.55018458882867447945812325883916e4,9.918431598121063e-16,1,,0.311966,0.295246937,4586,120.0,threads=1,5c15999,"cloud container (docker); Intel(R) Xeon(R) Processor @ 2.10GHz; 4 cores; 16 GiB RAM; Linux-x86_64; quiet, one job at a time",2026-09-30T12:46:06+00:00
new,3,25fv47,e0da0d47ae56bef34f11ac03563027da57dd4ab792d978c0dc8e27a16117f627,optimal,5501.84588828675,5501.8458883,1.3250428310129791e-08,2.4083604992112937e-12,1,0.55018458882867447945812325883916e4,9.918431598121063e-16,1,,0.346334,0.330022851,4586,120.0,threads=1,d03f115,"cloud container (docker); Intel(R) Xeon(R) Processor @ 2.10GHz; 4 cores; 16 GiB RAM; Linux-x86_64; quiet, one job at a time",2026-09-30T12:46:06+00:00
new,3,80bau3b,22aef70f5ce164435b15c5c0aa3be93a99932dc136eb936eb17835a661087b9f,optimal,987224.192409091,987232.16072,7.9683109089965,8.071364797501246e-06,0,0.98722419240909025757911711738799e6,8.254530825464809e-16,1,,0.353479,0.306983873,3887,120.0,threads=1,d03f115,"cloud container (docker); Intel(R) Xeon(R) Processor @ 2.10GHz; 4 cores; 16 GiB RAM; Linux-x86_64; quiet, one job at a time",2026-09-30T12:46:07+00:00
base,3,80bau3b,22aef70f5ce164435b15c5c0aa3be93a99932dc136eb936eb17835a661087b9f,optimal,987224.192409091,987232.16072,7.9683109089965,8.071364797501246e-06,0,0.98722419240909025757911711738799e6,8.254530825464809e-16,1,,0.337779,0.293618742,3887,120.0,threads=1,5c15999,"cloud container (docker); Intel(R) Xeon(R) Processor @ 2.10GHz; 4 cores; 16 GiB RAM; Linux-x86_64; quiet, one job at a time",2026-09-30T12:46:07+00:00
base,3,adlittle,db211f7bf735518a246a2a0e385ec51abc09cd601da7ae50d6c3fe083cb6f94b,optimal,225494.96316238042,225494.96316,2.3804022930562496e-06,1.055634351959886e-11,1,0.22549496316238038228101176621492e6,1.29066432564952e-16,1,,0.004903,0.000928453,86,120.0,threads=1,5c15999,"cloud container (docker); Intel(R) Xeon(R) Processor @ 2.10GHz; 4 cores; 16 GiB RAM; Linux-x86_64; quiet, one job at a time",2026-09-30T12:46:07+00:00
new,3,adlittle,db211f7bf735518a246a2a0e385ec51abc09cd601da7ae50d6c3fe083cb6f94b,optimal,225494.96316238042,225494.96316,2.3804022930562496e-06,1.055634351959886e-11,1,0.22549496316238038228101176621492e6,1.29066432564952e-16,1,,0.004916,0.000989607,86,120.0,threads=1,d03f115,"cloud container (docker); Intel(R) Xeon(R) Processor @ 2.10GHz; 4 cores; 16 GiB RAM; Linux-x86_64; quiet, one job at a time",2026-09-30T12:46:07+00:00
new,3,afiro,04992b87e57e57c1c417c96b846833bfa12e055eeaa623f043c45fc773b5be41,optimal,-464.75314285714285,-464.75314286,2.857177605619654e-09,6.147731649617561e-12,1,-0.46475314285714285714285714285714e3,0.0,1,,0.00493,0.000359801,13,120.0,threads=1,d03f115,"cloud container (docker); Intel(R) Xeon(R) Processor @ 2.10GHz; 4 cores; 16 GiB RAM; Linux-x86_64; quiet, one job at a time",2026-09-30T12:46:07+00:00
base,3,afiro,04992b87e57e57c1c417c96b846833bfa12e055eeaa623f043c45fc773b5be41,optimal,-464.75314285714285,-464.75314286,2.857177605619654e-09,6.147731649617561e-12,1,-0.46475314285714285714285714285714e3,0.0,1,,0.003408,0.000304383,13,120.0,threads=1,5c15999,"cloud container (docker); Intel(R) Xeon(R) Processor @ 2.10GHz; 4 cores; 16 GiB RAM; Linux-x86_64; quiet, one job at a time",2026-09-30T12:46:07+00:00
base,3,agg,d7844795d0c799f5cdc1416c8d242f5e8f351f5a3271f42a2d428f170abf1f03,optimal,-35991767.2865765,-35991767.287,0.0004234984517097473,1.1766536728601052e-11,1,-0.35991767286576506712640824319636e8,2.070079120483366e-16,1,,0.009172,0.003761159,140,120.0,threads=1,5c15999,"cloud container (docker); Intel(R) Xeon(R) Processor @ 2.10GHz; 4 cores; 16 GiB RAM; Linux-x86_64; quiet, one job at a time",2026-09-30T12:46:07+00:00
new,3,agg,d7844795d0c799f5cdc1416c8d242f5e8f351f5a3271f42a2d428f170abf1f03,optimal,-35991767.2865765,-35991767.287,0.0004234984517097473,1.1766536728601052e-11,1,-0.35991767286576506712640824319636e8,2.070079120483366e-16,1,,0.008696,0.003650773,140,120.0,threads=1,d03f115,"cloud container (docker); Intel(R) Xeon(R) Processor @ 2.10GHz; 4 cores; 16 GiB RAM; Linux-x86_64; quiet, one job at a time",2026-09-30T12:46:07+00:00
new,3,agg2,0515e9b78a802f9473578b23a7a60075554fc39ea7b5796fb41530cd760e4534,optimal,-20239252.355977118,-20239252.356,2.2880733013153076e-05,1.130512758608398e-12,1,-0.20239252355977109024317661926133e8,3.6812528772701937e-16,1,,0.010102,0.003805148,165,120.0,threads=1,d03f115,"cloud container (docker); Intel(R) Xeon(R) Processor @ 2.10GHz; 4 cores; 16 GiB RAM; Linux-x86_64; quiet, one job at a time",2026-09-30T12:46:07+00:00
base,3,agg2,0515e9b78a802f9473578b23a7a60075554fc39ea7b5796fb41530cd760e4534,optimal,-20239252.355977118,-20239252.356,2.2880733013153076e-05,1.130512758608398e-12,1,-0.20239252355977109024317661926133e8,3.6812528772701937e-16,1,,0.015138,0.00560012,165,120.0,threads=1,5c15999,"cloud container (docker); Intel(R) Xeon(R) Processor @ 2.10GHz; 4 cores; 16 GiB RAM; Linux-x86_64; quiet, one job at a time",2026-09-30T12:46:07+00:00
base,3,agg3,1a6e78a0b7d210c935c97527ce49449d0655f9605fcbc33bfdfc93952f3b12d1,optimal,10312115.935089227,10312115.935,8.922629058361053e-05,8.652568604351182e-12,1,0.10312115935089225579061058796215e8,1.8062686270747795e-16,1,,0.010664,0.004038757,168,120.0,threads=1,5c15999,"cloud container (docker); Intel(R) Xeon(R) Processor @ 2.10GHz; 4 cores; 16 GiB RAM; Linux-x86_64; quiet, one job at a time",2026-09-30T12:46:07+00:00
new,3,agg3,1a6e78a0b7d210c935c97527ce49449d0655f9605fcbc33bfdfc93952f3b12d1,optimal,10312115.935089227,10312115.935,8.922629058361053e-05,8.652568604351182e-12,1,0.10312115935089225579061058796215e8,1.8062686270747795e-16,1,,0.015221,0.005802709,168,120.0,threads=1,d03f115,"cloud container (docker); Intel(R) Xeon(R) Processor @ 2.10GHz; 4 cores; 16 GiB RAM; Linux-x86_64; quiet, one job at a time",2026-09-30T12:46:07+00:00
new,3,bandm,696daa77a79a0715c2fad877285e49bd7fcd7f5513f3cb83fbe0be916b6d8c81,optimal,-158.62801845012086,-158.62801845,1.2084910849807784e-10,7.61839614961652e-13,1,-0.15862801845012064052174123768736e3,1.4333765098044641e-15,1,,0.020092,0.012110273,520,120.0,threads=1,d03f115,"cloud container (docker); Intel(R) Xeon(R) Processor @ 2.10GHz; 4 cores; 16 GiB RAM; Linux-x86_64; quiet, one job at a time",2026-09-30T12:46:07+00:00
base,3,bandm,696daa77a79a0715c2fad877285e49bd7fcd7f5513f3cb83fbe0be916b6d8c81,optimal,-158.62801845012086,-158.62801845,1.2084910849807784e-10,7.61839614961652e-13,1,-0.15862801845012064052174123768736e3,1.4333765098044641e-15,1,,0.017844,0.010761114,520,120.0,threads=1,5c15999,"cloud container (docker); Intel(R) Xeon(R) Processor @ 2.10GHz; 4 cores; 16 GiB RAM; Linux-x86_64; quiet, one job at a time",2026-09-30T12:46:07+00:00
base,3,beaconfd,7138e7b58b1d6160f1ad42112a61ed00b5db1c92d73dc48d77f6a26fc717dbfc,optimal,33592.485807200006,33592.485807,2.000087988562882e-07,5.953974350258128e-12,1,0.335924858072e5,2.1659479610835895e-16,1,,0.007626,0.001802374,115,120.0,threads=1,5c15999,"cloud container (docker); Intel(R) Xeon(R) Processor @ 2.10GHz; 4 cores; 16 GiB RAM; Linux-x86_64; quiet, one job at a time",2026-09-30T12:46:07+00:00
new,3,beaconfd,7138e7b58b1d6160f1ad42112a61ed00b5db1c92d73dc48d77f6a26fc717dbfc,optimal,33592.485807200006,33592.485807,2.000087988562882e-07,5.953974350258128e-12,1,0.335924858072e5,2.1659479610835895e-16,1,,0.00787,0.001739634,115,120.0,threads=1,d03f115,"cloud container (docker); Intel(R) Xeon(R) Processor @ 2.10GHz; 4 cores; 16 GiB RAM; Linux-x86_64; quiet, one job at a time",2026-09-30T12:46:07+00:00
new,3,blend,38e1d84a38f1e0adaa16d3dd0abe758f6cea13a21f33681aa92742b693260aef,optimal,-30.812149845828223,-30.812149846,1.7177725908368302e-10,5.574984541560087e-12,1,-0.30812149845828220173774356124984e2,1.1530236275549973e-16,1,,0.004896,0.001180076,99,120.0,threads=1,d03f115,"cloud container (docker); Intel(R) Xeon(R) Processor @ 2.10GHz; 4 cores; 16 GiB RAM; Linux-x86_64; quiet, one job at a time",2026-09-30T12:46:07+00:00
base,3,blend,38e1d84a38f1e0adaa16d3dd0abe758f6cea13a21f33681aa92742b693260aef,optimal,-30.812149845828223,-30.812149846,1.7177725908368302e-10,5.574984541560087e-12,1,-0.30812149845828220173774356124984e2,1.1530236275549973e-16,1,,0.004751,0.001059961,99,120.0,threads=1,5c15999,"cloud container (docker); Intel(R) Xeon(R) Processor @ 2.10GHz; 4 cores; 16 GiB RAM; Linux-x86_64; quiet, one job at a time",2026-09-30T12:46:07+00:00
base,3,bnl1,7a842adca058eaa3cb712b3bbae357602f22df6cc318c4d278f6600167fe2300,optimal,1977.629561522888,1977.6292856,0.00027592288802225085,1.3952204795477512e-07,1,0.19776295615228892439564398331821e4,5.748641703862406e-16,1,,0.073476,0.059521133,1674,120.0,threads=1,5c15999,"cloud container (docker); Intel(R) Xeon(R) Processor @ 2.10GHz; 4 cores; 16 GiB RAM; Linux-x86_64; quiet, one job at a time",2026-09-30T12:46:07+00:00
new,3,bnl1,7a842adca058eaa3cb712b3bbae357602f22df6cc318c4d278f6600167fe2300,optimal,1977.629561522888,1977.6292856,0.00027592288802225085,1.3952204795477512e-07,1,0.19776295615228892439564398331821e4,5.748641703862406e-16,1,,0.07736,0.064588862,1674,120.0,threads=1,d03f115,"cloud container (docker); Intel(R) Xeon(R) Processor @ 2.10GHz; 4 cores; 16 GiB RAM; Linux-x86_64; quiet, one job at a time",2026-09-30T12:46:07+00:00
new,3,bnl2,eafd7e49005db1a020d420b3fbed2e124bebf46740c0b2550edcbaa17b07ad6b,optimal,1811.236540358547,1811.2365404,4.145294951740652e-08,2.2886546617622845e-11,1,0.1811236540358545170448413697691e4,1.004280425562625e-15,1,,0.212152,0.175443934,2377,120.0,threads=1,d03f115,"cloud container (docker); Intel(R) Xeon(R) Processor @ 2.10GHz; 4 cores; 16 GiB RAM; Linux-x86_64; quiet, one job at a time",2026-09-30T12:46:07+00:00
base,3,bnl2,eafd7e49005db1a020d420b3fbed2e124bebf46740c0b2550edcbaa17b07ad6b,optimal,1811.236540358547,1811.2365404,4.145294951740652e-08,2.2886546617622845e-11,1,0.1811236540358545170448413697691e4,1.004280425562625e-15,1,,0.193348,0.16534347,2377,120.0,threads=1,5c15999,"cloud container (docker); Intel(R) Xeon(R) Processor @ 2.10GHz; 4 cores; 16 GiB RAM; Linux-x86_64; quiet, one job at a time",2026-09-30T12:46:08+00:00
base,3,boeing1,1d9d58afaf41bad6866d5355330b261d3776ca86753d121eb9b688ee6128ab9e,optimal,-335.213567507127,-335.21356751,2.8730369194818195e-09,8.570765619133575e-12,1,-0.3352135675071266218429697314682e3,1.0174424493053884e-15,1,,0.016584,0.009815209,465,120.0,threads=1,5c15999,"cloud container (docker); Intel(R) Xeon(R) Processor @ 2.10GHz; 4 cores; 16 GiB RAM; Linux-x86_64; quiet, one job at a time",2026-09-30T12:46:08+00:00
new,3,boeing1,1d9d58afaf41bad6866d5355330b261d3776ca86753d121eb9b688ee6128ab9e,optimal,-335.213567507127,-335.21356751,2.8730369194818195e-09,8.570765619133575e-12,1,-0.3352135675071266218429697314682e3,1.0174424493053884e-15,1,,0.02023,0.011477514,465,120.0,threads=1,d03f115,"cloud container (docker); Intel(R) Xeon(R) Processor @ 2.10GHz; 4 cores; 16 GiB RAM; Linux-x86_64; quiet, one job at a time",2026-09-30T12:46:08+00:00
new,3,boeing2,e12e729b8c09bf6e6934af40b728e460d4eb360c42419b791b68fb2271ddd61a,optimal,-315.0187280152028,-315.01872802,4.797243491339032e-09,1.522843902485208e-11,1,-0.31501872801520287870462195913263e3,3.608891396327696e-16,1,,0.00687,0.002422532,223,120.0,threads=1,d03f115,"cloud container (docker); Intel(R) Xeon(R) Processor @ 2.10GHz; 4 cores; 16 GiB RAM; Linux-x86_64; quiet, one job at a time",2026-09-30T12:46:08+00:00
base,3,boeing2,e12e729b8c09bf6e6934af40b728e460d4eb360c42419b791b68fb2271ddd61a,optimal,-315.0187280152028,-315.01872802,4.797243491339032e-09,1.522843902485208e-11,1,-0.31501872801520287870462195913263e3,3.608891396327696e-16,1,,0.006715,0.002308651,223,120.0,threads=1,5c15999,"cloud container (docker); Intel(R) Xeon(R) Processor @ 2.10GHz; 4 cores; 16 GiB RAM; Linux-x86_64; quiet, one job at a time",2026-09-30T12:46:08+00:00
base,3,bore3d,c7cfe0d4abd466346e3cda4e16d00651f44f3ce1da317cf583c5fed5dfc0515a,optimal,1373.080394208493,1373.0803942,8.493088898831047e-09,6.185427258816399e-12,1,0.13730803942084927215581987251301e4,3.3118770962322394e-16,1,,0.010864,0.003432876,162,120.0,threads=1,5c15999,"cloud container (docker); Intel(R) Xeon(R) Processor @ 2.10GHz; 4 cores; 16 GiB RAM; Linux-x86_64; quiet, one job at a time",2026-09-30T12:46:08+00:00
new,3,bore3d,c7cfe0d4abd466346e3cda4e16d00651f44f3ce1da317cf583c5fed5dfc0515a,optimal,1373.080394208493,1373.0803942,8.493088898831047e-09,6.185427258816399e-12,1,0.13730803942084927215581987251301e4,3.3118770962322394e-16,1,,0.007927,0.002508574,162,120.0,threads=1,d03f115,"cloud container (docker); Intel(R) Xeon(R) Processor @ 2.10GHz; 4 cores; 16 GiB RAM; Linux-x86_64; quiet, one job at a time",2026-09-30T12:46:08+00:00
new,3,brandy,56fa020b84a0a106b7883b7da006c2852449598898c41ec8dd2575151d0e0917,optimal,1518.509896488128,1518.5098965,1.1871861715917476e-08,7.818099666838409e-12,1,0.15185098964881283835426751550618e4,1.4973473401067798e-16,1,,0.015454,0.007072954,299,120.0,threads=1,d03f115,"cloud container (docker); Intel(R) Xeon(R) Processor @ 2.10GHz; 4 cores; 16 GiB RAM; Linux-x86_64; quiet, one job at a time",2026-09-30T12:46:08+00:00
base,3,brandy,56fa020b84a0a106b7883b7da006c2852449598898c41ec8dd2575151d0e0917,optimal,1518.509896488128,1518.5098965,1.1871861715917476e-08,7.818099666838409e-12,1,0.15185098964881283835426751550618e4,1.4973473401067798e-16,1,,0.010603,0.00474087,299,120.0,threads=1,5c15999,"cloud container (docker); Intel(R) Xeon(R) Processor @ 2.10GHz; 4 cores; 16 GiB RAM; Linux-x86_64; quiet, one job at a time",2026-09-30T12:46:08+00:00
base,3,capri,4932bc8861fcdaf19256827b7ee229941fa6f2e84f2044b65300326c226fba78,optimal,2690.0129137681615,2690.0129138,3.18386810249649e-08,1.1835884081310426e-11,1,0.26900129137681610087717280693754e4,1.690502482567846e-16,1,,0.012892,0.005027013,259,120.0,threads=1,5c15999,"cloud container (docker); Intel(R) Xeon(R) Processor @ 2.10GHz; 4 cores; 16 GiB RAM; Linux-x86_64; quiet, one job at a time",2026-09-30T12:46:08+00:00
new,3,capri,4932bc8861fcdaf19256827b7ee229941fa6f2e84f2044b65300326c226fba78,optimal,2690.0129137681615,2690.0129138,3.18386810249649e-08,1.1835884081310426e-11,1,0.26900129137681610087717280693754e4,1.690502482567846e-16,1,,0.009554,0.003575644,259,120.0,threads=1,d03f115,"cloud container (docker); Intel(R) Xeon(R) Processor @ 2.10GHz; 4 cores; 16 GiB RAM; Linux-x86_64; quiet, one job at a time",2026-09-30T12:46:08+00:00
new,3,cycle,bfc8edde30952b8dfa354679ea3a3231c2e7eb762c0ff8f0f845505741816d53,optimal,-5.226393024894101,-5.2263930249,5.899281063648232e-12,1.1287480745405875e-12,1,-0.52263930248941017172447233836217e1,1.699409928548421e-16,1,,0.06402,0.027955093,335,120.0,threads=1,d03f115,"cloud container (docker); Intel(R) Xeon(R) Processor @ 2.10GHz; 4 cores; 16 GiB RAM; Linux-x86_64; quiet, one job at a time",2026-09-30T12:46:08+00:00
base,3,cycle,bfc8edde30952b8dfa354679ea3a3231c2e7eb762c0ff8f0f845505741816d53,optimal,-5.226393024894101,-5.2263930249,5.899281063648232e-12,1.1287480745405875e-12,1,-0.52263930248941017172447233836217e1,1.699409928548421e-16,1,,0.063806,0.028103206,335,120.0,threads=1,5c15999,"cloud container (docker); Intel(R) Xeon(R) Processor @ 2.10GHz; 4 cores; 16 GiB RAM; Linux-x86_64; quiet, one job at a time",2026-09-30T12:46:08+00:00
base,3,czprob,b1f30bd25705fcc3c4f195d7e627e437788035f81fae9198e3096471b947f704,optimal,2185196.698856578,2185196.6989,4.342198371887207e-05,1.98709725951582e-11,1,0.21851966988565774858951155947191e7,4.261962207350949e-16,1,,0.06968,0.048252971,981,120.0,threads=1,5c15999,"cloud container (docker); Intel(R) Xeon(R) Processor @ 2.10GHz; 4 cores; 16 GiB RAM; Linux-x86_64; quiet, one job at a time",2026-09-30T12:46:08+00:00
new,3,czprob,b1f30bd25705fcc3c4f195d7e627e437788035f81fae9198e3096471b947f704,optimal,2185196.698856578,2185196.6989,4.342198371887207e-05,1.98709725951582e-11,1,0.21851966988565774858951155947191e7,4.261962207350949e-16,1,,0.054863,0.03863634,981,120.0,threads=1,d03f115,"cloud container (docker); Intel(R) Xeon(R) Processor @ 2.10GHz; 4 cores; 16 GiB RAM; Linux-x86_64; quiet, one job at a time",2026-09-30T12:46:08+00:00
new,3,d2q06c,fb1516a10aba6a4101cea6cec90c1da775ac60d2d2cd96e902bbe21a430790c9,optimal,122784.21081418934,122784.23615,0.02533581065654289,2.0634416478016988e-07,1,0.12278421081418945895739128812392e6,9.481294138307999e-16,1,,3.539314,3.426250784,14998,120.0,threads=1,d03f115,"cloud container (docker); Intel(R) Xeon(R) Processor @ 2.10GHz; 4 cores; 16 GiB RAM; Linux-x86_64; quiet, one job at a time",2026-09-30T12:46:12+00:00
base,3,d2q06c,fb1516a10aba6a4101cea6cec90c1da775ac60d2d2cd96e902bbe21a430790c9,optimal,122784.21081418934,122784.23615,0.02533581065654289,2.0634416478016988e-07,1,0.12278421081418945895739128812392e6,9.481294138307999e-16,1,,3.594351,3.44965292,14998,120.0,threads=1,5c15999,"cloud container (docker); Intel(R) Xeon(R) Processor @ 2.10GHz; 4 cores; 16 GiB RAM; Linux-x86_64; quiet, one job at a time",2026-09-30T12:46:15+00:00
base,3,d6cube,8cd94ee7783bcbce884acde1f4769f5c79739c9460fe73cb948924e724b02dfa,optimal,315.49166666666713,315.49166667,3.3328433346468955e-09,1.0563966300044954e-11,1,0.31549166666666666666666666666667e3,1.4413925910979079e-15,1,,0.153606,0.120951271,868,120.0,threads=1,5c15999,"cloud container (docker); Intel(R) Xeon(R) Processor @ 2.10GHz; 4 cores; 16 GiB RAM; Linux-x86_64; quiet, one job at a time",2026-09-30T12:46:15+00:00
new,3,d6cube,8cd94ee7783bcbce884acde1f4769f5c79739c9460fe73cb948924e724b02dfa,optimal,315.49166666666713,315.49166667,3.3328433346468955e-09,1.0563966300044954e-11,1,0.31549166666666666666666666666667e3,1.4413925910979079e-15,1,,0.180103,0.137662777,868,120.0,threads=1,d03f115,"cloud container (docker); Intel(R) Xeon(R) Processor @ 2.10GHz; 4 cores; 16 GiB RAM; Linux-x86_64; quiet, one job at a time",2026-09-30T12:46:15+00:00
new,3,degen2,755cf6ca5f3a8ed1b8b68372e8d2d3b5efee784ee69b1dada923c6ff04ee0edb,optimal,-1435.178,-1435.178,0.0,0.0,1,-0.1435178e4,0.0,1,,0.028959,0.021168811,611,120.0,threads=1,d03f115,"cloud container (docker); Intel(R) Xeon(R) Processor @ 2.10GHz; 4 cores; 16 GiB RAM; Linux-x86_64; quiet, one job at a time",2026-09-30T12:46:15+00:00
base,3,degen2,755cf6ca5f3a8ed1b8b68372e8d2d3b5efee784ee69b1dada923c6ff04ee0edb,optimal,-1435.178,-1435.178,0.0,0.0,1,-0.1435178e4,0.0,1,,0.026704,0.019815211,611,120.0,threads=1,5c15999,"cloud container (docker); Intel(R) Xeon(R) Processor @ 2.10GHz; 4 cores; 16 GiB RAM; Linux-x86_64; quiet, one job at a time",2026-09-30T12:46:16+00:00
base,3,degen3,08d600688c524fea548e946af5551ef8c359c7a7e71b8841acc839b00eefadeb,optimal,-987.2939999999999,-987.294,1.1368683772161603e-13,1.151499327673581e-16,1,-0.987294e3,1.151499327673581e-16,1,,0.460892,0.43615554,3164,120.0,threads=1,5c15999,"cloud container (docker); Intel(R) Xeon(R) Processor @ 2.10GHz; 4 cores; 16 GiB RAM; Linux-x86_64; quiet, one job at a time",2026-09-30T12:46:16+00:00
new,3,degen3,08d600688c524fea548e946af5551ef8c359c7a7e71b8841acc839b00eefadeb,optimal,-987.2939999999999,-987.294,1.1368683772161603e-13,1.151499327673581e-16,1,-0.987294e3,1.151499327673581e-16,1,,0.451054,0.425287944,3164,120.0,threads=1,d03f115,"cloud container (docker); Intel(R) Xeon(R) Processor @ 2.10GHz; 4 cores; 16 GiB RAM; Linux-x86_64; quiet, one job at a time",2026-09-30T12:46:16+00:00
new,3,dfl001,85d47c5f8a5fc53772eabac1805b7a1af72431cad9e14d26d673043980952730,optimal,11266396.046671376,11266400.0,3.953328624367714,3.508954612269859e-07,1,0.11266396046671392202377652175477e8,1.4879475453937559e-15,1,,98.780024,98.681778886,57076,120.0,threads=1,d03f115,"cloud container (docker); Intel(R) Xeon(R) Processor @ 2.10GHz; 4 cores; 16 GiB RAM; Linux-x86_64; quiet, one job at a time",2026-09-30T12:47:55+00:00
base,3,dfl001,85d47c5f8a5fc53772eabac1805b7a1af72431cad9e14d26d673043980952730,optimal,11266396.0466714,11266400.0,3.953328600153327,3.508954590777291e-07,1,0.11266396046671392202377652175477e8,6.613100201750026e-16,1,,59.845417,59.748669066,85012,120.0,threads=1,5c15999,"cloud container (docker); Intel(R) Xeon(R) Processor @ 2.10GHz; 4 cores; 16 GiB RAM; Linux-x86_64; quiet, one job at a time",2026-09-30T12:48:55+00:00
base,3,e226,ddf56486daea52c8592b520aeb83d329223a1b45a3e5a269bd663ef9195bd8d8,optimal,-11.638929066370528,-18.751929066,7.112999999629471,0.3793209741032129,0,-0.18751929066370549102605687681285e2,1.1367514242058077e-15,1,,0.021219,0.01142067,435,120.0,threads=1,5c15999,"cloud container (docker); Intel(R) Xeon(R) Processor @ 2.10GHz; 4 cores; 16 GiB RAM; Linux-x86_64; quiet, one job at a time",2026-09-30T12:48:55+00:00
new,3,e226,ddf56486daea52c8592b520aeb83d329223a1b45a3e5a269bd663ef9195bd8d8,optimal,-11.638929066370528,-18.751929066,7.112999999629471,0.3793209741032129,0,-0.18751929066370549102605687681285e2,1.1367514242058077e-15,1,,0.021008,0.010350674,435,120.0,threads=1,d03f115,"cloud container (docker); Intel(R) Xeon(R) Processor @ 2.10GHz; 4 cores; 16 GiB RAM; Linux-x86_64; quiet, one job at a time",2026-09-30T12:48:55+00:00
new,3,etamacro,41701e1add7af2ed2b21a421ab7271bc867e6bc7ad98ac189748d6522e7d4926,optimal,-755.7152333505866,-755.71521774,1.561058661536663e-05,2.0656705394990964e-08,1,-0.7557152333749133350792583667773e3,3.2190312516305756e-11,1,,0.037567,0.02790779,779,120.0,threads=1,d03f115,"cloud container (docker); Intel(R) Xeon(R) Processor @ 2.10GHz; 4 cores; 16 GiB RAM; Linux-x86_64; quiet, one job at a time",2026-09-30T12:48:55+00:00
base,3,etamacro,41701e1add7af2ed2b21a421ab7271bc867e6bc7ad98ac189748d6522e7d4926,optimal,-755.7152333505866,-755.71521774,1.561058661536663e-05,2.0656705394990964e-08,1,-0.7557152333749133350792583667773e3,3.2190312516305756e-11,1,,0.026667,0.019626099,779,120.0,threads=1,5c15999,"cloud container (docker); Intel(R) Xeon(R) Processor @ 2.10GHz; 4 cores; 16 GiB RAM; Linux-x86_64; quiet, one job at a time",2026-09-30T12:48:55+00:00
base,3,fffff800,9d6695686c15d5f1b4f43b2ce8830c1d38df3a204717d8875f144aa21b33901e,optimal,555679.5648174962,555679.61165,0.046832503750920296,8.427968701579461e-08,1,0.555679564817496376532864378969e6,2.0950081521383547e-16,1,,0.037814,0.02341967,706,120.0,threads=1,5c15999,"cloud container (docker); Intel(R) Xeon(R) Processor @ 2.10GHz; 4 cores; 16 GiB RAM; Linux-x86_64; quiet, one job at a time",2026-09-30T12:48:55+00:00
new,3,fffff800,9d6695686c15d5f1b4f43b2ce8830c1d38df3a204717d8875f144aa21b33901e,optimal,555679.5648174962,555679.61165,0.046832503750920296,8.427968701579461e-08,1,0.555679564817496376532864378969e6,2.0950081521383547e-16,1,,0.036621,0.022758639,706,120.0,threads=1,d03f115,"cloud container (docker); Intel(R) Xeon(R) Processor @ 2.10GHz; 4 cores; 16 GiB RAM; Linux-x86_64; quiet, one job at a time",2026-09-30T12:48:55+00:00
new,3,finnis,891821f24a8cd14af78b95bb460a56f0e0b5410a59ad01ab58d9daf3387e7546,optimal,172791.06559561164,172790.96547,0.10012561164330691,5.794609189835839e-07,1,0.17279106559561159432297900375543e6,3.3686730684150445e-16,1,,0.022015,0.00898583,398,120.0,threads=1,d03f115,"cloud container (docker); Intel(R) Xeon(R) Processor @ 2.10GHz; 4 cores; 16 GiB RAM; Linux-x86_64; quiet, one job at a time",2026-09-30T12:48:55+00:00
base,3,finnis,891821f24a8cd14af78b95bb460a56f0e0b5410a59ad01ab58d9daf3387e7546,optimal,172791.06559561164,172790.96547,0.10012561164330691,5.794609189835839e-07,1,0.17279106559561159432297900375543e6,3.3686730684150445e-16,1,,0.017173,0.009691018,398,120.0,threads=1,5c15999,"cloud container (docker); Intel(R) Xeon(R) Processor @ 2.10GHz; 4 cores; 16 GiB RAM; Linux-x86_64; quiet, one job at a time",2026-09-30T12:48:55+00:00
base,3,fit1d,59cee4fedd040a05c05d8410474ee014f42ef910e083689202be708491fe8717,optimal,-9146.378092420928,-9146.3780924,2.092747308779508e-08,2.2880612277754342e-12,1,-0.91463780924209269467749025024617e4,0.0,1,,0.017353,0.003507068,56,120.0,threads=1,5c15999,"cloud container (docker); Intel(R) Xeon(R) Processor @ 2.10GHz; 4 cores; 16 GiB RAM; Linux-x86_64; quiet, one job at a time",2026-09-30T12:48:55+00:00
new,3,fit1d,59cee4fedd040a05c05d8410474ee014f42ef910e083689202be708491fe8717,optimal,-9146.378092420928,-9146.3780924,2.092747308779508e-08,2.2880612277754342e-12,1,-0.91463780924209269467749025024617e4,0.0,1,,0.019642,0.003484856,56,120.0,threads=1,d03f115,"cloud container (docker); Intel(R) Xeon(R) Processor @ 2.10GHz; 4 cores; 16 GiB RAM; Linux-x86_64; quiet, one job at a time",2026-09-30T12:48:55+00:00
new,3,fit1p,416e77d83daf74dee5ec1d253b77f8e252ff3e27cd123459218b02ef2be0df17,optimal,9146.378092420935,9146.3780924,2.0934749045409262e-08,2.288856729288785e-12,1,0.91463780924209269467749025024617e4,7.955015133490479e-16,1,,0.066548,0.05425531,1088,120.0,threads=1,d03f115,"cloud container (docker); Intel(R) Xeon(R) Processor @ 2.10GHz; 4 cores; 16 GiB RAM; Linux-x86_64; quiet, one job at a time",2026-09-30T12:48:55+00:00
base,3,fit1p,416e77d83daf74dee5ec1d253b77f8e252ff3e27cd123459218b02ef2be0df17,optimal,9146.378092420935,9146.3780924,2.0934749045409262e-08,2.288856729288785e-12,1,0.91463780924209269467749025024617e4,7.955015133490479e-16,1,,0.073201,0.059828576,1088,120.0,threads=1,5c15999,"cloud container (docker); Intel(R) Xeon(R) Processor @ 2.10GHz; 4 cores; 16 GiB RAM; Linux-x86_64; quiet, one job at a time",2026-09-30T12:48:55+00:00
base,3,fit2d,1c16c328c0358ab175596bdd6b9a2c5d1cb4bb53b099d5d1f2a208a889c7bafc,optimal,-68464.2932938321,-68464.293294,1.6789999790489674e-07,2.4523731981559937e-12,1,-0.68464293293832069575943518435837e5,4.2509502481574083e-16,1,,0.178309,0.078373686,226,120.0,threads=1,5c15999,"cloud container (docker); Intel(R) Xeon(R) Processor @ 2.10GHz; 4 cores; 16 GiB RAM; Linux-x86_64; quiet, one job at a time",2026-09-30T12:48:56+00:00
new,3,fit2d,1c16c328c0358ab175596bdd6b9a2c5d1cb4bb53b099d5d1f2a208a889c7bafc,optimal,-68464.2932938321,-68464.293294,1.6789999790489674e-07,2.4523731981559937e-12,1,-0.68464293293832069575943518435837e5,4.2509502481574083e-16,1,,0.205526,0.098778138,226,120.0,threads=1,d03f115,"cloud container (docker); Intel(R) Xeon(R) Processor @ 2.10GHz; 4 cores; 16 GiB RAM; Linux-x86_64; quiet, one job at a time",2026-09-30T12:48:56+00:00
new,3,fit2p,0f44de8ea974ed4cc04fb60ccd2707c2f887dc65f8b6b9bd1e9f01bb59dd4a4f,optimal,68464.29329383219,68464.293232,6.183219375088811e-05,9.031305346476276e-10,1,0.68464293293832069575943518435837e5,1.7003800992629633e-15,1,,2.918513,2.835063743,10207,120.0,threads=1,d03f115,"cloud container (docker); Intel(R) Xeon(R) Processor @ 2.10GHz; 4 cores; 16 GiB RAM; Linux-x86_64; quiet, one job at a time",2026-09-30T12:48:59+00:00
base,3,fit2p,0f44de8ea974ed4cc04fb60ccd2707c2f887dc65f8b6b9bd1e9f01bb59dd4a4f,optimal,68464.29329383219,68464.293232,6.183219375088811e-05,9.031305346476276e-10,1,0.68464293293832069575943518435837e5,1.7003800992629633e-15,1,,3.164616,3.094041069,10207,120.0,threads=1,5c15999,"cloud container (docker); Intel(R) Xeon(R) Processor @ 2.10GHz; 4 cores; 16 GiB RAM; Linux-x86_64; quiet, one job at a time",2026-09-30T12:49:02+00:00
base,3,forplan,65ec816c0b3c58ec4d61574df130a3ce464abb42f3d49de21710a787bf3cfdc7,optimal,-664.2189612722065,-664.21873953,0.00022174220646320464,3.3383913049503697e-07,1,-0.66421896127220457481235119701692e3,2.909697485247549e-15,1,,0.017635,0.007283101,298,120.0,threads=1,5c15999,"cloud container (docker); Intel(R) Xeon(R) Processor @ 2.10GHz; 4 cores; 16 GiB RAM; Linux-x86_64; quiet, one job at a time",2026-09-30T12:49:02+00:00
new,3,forplan,65ec816c0b3c58ec4d61574df130a3ce464abb42f3d49de21710a787bf3cfdc7,optimal,-664.2189612722065,-664.21873953,0.00022174220646320464,3.3383913049503697e-07,1,-0.66421896127220457481235119701692e3,2.909697485247549e-15,1,,0.016352,0.006698042,298,120.0,threads=1,d03f115,"cloud container (docker); Intel(R) Xeon(R) Processor @ 2.10GHz; 4 cores; 16 GiB RAM; Linux-x86_64; quiet, one job at a time",2026-09-30T12:49:02+00:00
new,3,ganges,f655f33ba979a59d659a8605acaf480c2fe5c610f3a50921bbcac7be40546067,optimal,-109585.73612927819,-109586.36356,0.6274307218118338,5.72544522355929e-06,0,-0.10958573612927811623444890424357e6,6.639511556139013e-16,1,,0.078245,0.048639008,1183,120.0,threads=1,d03f115,"cloud container (docker); Intel(R) Xeon(R) Processor @ 2.10GHz; 4 cores; 16 GiB RAM; Linux-x86_64; quiet, one job at a time",2026-09-30T12:49:02+00:00
base,3,ganges,f655f33ba979a59d659a8605acaf480c2fe5c610f3a50921bbcac7be40546067,optimal,-109585.73612927819,-109586.36356,0.6274307218118338,5.72544522355929e-06,0,-0.10958573612927811623444890424357e6,6.639511556139013e-16,1,,0.044022,0.03016142,1183,120.0,threads=1,5c15999,"cloud container (docker); Intel(R) Xeon(R) Processor @ 2.10GHz; 4 cores; 16 GiB RAM; Linux-x86_64; quiet, one job at a time",2026-09-30T12:49:02+00:00
base,3,gfrd-pnc,d66ea78a803e91e4f38dcd74ca4c575aa742e27e7120c1c3494d4d424ee5c936,optimal,6902235.999548811,6902235.9995,4.8811547458171844e-05,7.071845625346303e-12,1,0.69022359995488088295415596232193e7,4.047916825835967e-16,1,,0.022105,0.013761692,448,120.0,threads=1,5c15999,"cloud container (docker); Intel(R) Xeon(R) Processor @ 2.10GHz; 4 cores; 16 GiB RAM; Linux-x86_64; quiet, one job at a time",2026-09-30T12:49:02+00:00
new,3,gfrd-pnc,d66ea78a803e91e4f38dcd74ca4c575aa742e27e7120c1c3494d4d424ee5c936,optimal,6902235.999548811,6902235.9995,4.8811547458171844e-05,7.071845625346303e-12,1,0.69022359995488088295415596232193e7,4.047916825835967e-16,1,,0.016551,0.010088558,448,120.0,threads=1,d03f115,"cloud container (docker); Intel(R) Xeon(R) Processor @ 2.10GHz; 4 cores; 16 GiB RAM; Linux-x86_64; quiet, one job at a time",2026-09-30T12:49:02+00:00
new,3,greenbea,cb701e3ba5153e385b8cb6426e34b5d23bad4b1b9c9a037802e351c24b0f653d,optimal,-72555248.12984598,-72462405.908,92842.22184596956,0.0012812467469524025,0,-0.72555248129845987457557870574845e8,2.0537675189505668e-16,1,,1.314919,1.266133714,8526,120.0,threads=1,d03f115,"cloud container (docker); Intel(R) Xeon(R) Processor @ 2.10GHz; 4 cores; 16 GiB RAM; Linux-x86_64; quiet, one job at a time",2026-09-30T12:49:03+00:00
base,3,greenbea,cb701e3ba5153e385b8cb6426e34b5d23bad4b1b9c9a037802e351c24b0f653d,optimal,-72555248.12984598,-72462405.908,92842.22184596956,0.0012812467469524025,0,-0.72555248129845987457557870574845e8,2.0537675189505668e-16,1,,1.228703,1.18090142,8526,120.0,threads=1,5c15999,"cloud container (docker); Intel(R) Xeon(R) Processor @ 2.10GHz; 4 cores; 16 GiB RAM; Linux-x86_64; quiet, one job at a time",2026-09-30T12:49:05+00:00
base,3,greenbeb,21f92f6a32f71ec72c8f693d6685e4a91ecb2debec732ec61302bc866f370865,optimal,-4302260.261206586,-4302147.6065,112.65470658615232,2.6185690703858075e-05,0,-0.43022602612065867539213672544432e7,2.1647285800285016e-16,1,,1.557816,1.502736234,10966,120.0,threads=1,5c15999,"cloud container (docker); Intel(R) Xeon(R) Processor @ 2.10GHz; 4 cores; 16 GiB RAM; Linux-x86_64; quiet, one job at a time",2026-09-30T12:49:06+00:00
new,3,greenbeb,21f92f6a32f71ec72c8f693d6685e4a91ecb2debec732ec61302bc866f370865,optimal,-4302260.261206586,-4302147.6065,112.65470658615232,2.6185690703858075e-05,0,-0.43022602612065867539213672544432e7,2.1647285800285016e-16,1,,1.729004,1.67434667,10966,120.0,threads=1,d03f115,"cloud container (docker); Intel(R) Xeon(R) Processor @ 2.10GHz; 4 cores; 16 GiB RAM; Linux-x86_64; quiet, one job at a time",2026-09-30T12:49:08+00:00
new,3,grow15,ab84e2f83d00c5bd26291e0505f23804b050bc96dc1e576d9da8f04e1f6ed51f,optimal,-106870941.29357535,-106870941.29,0.003575339913368225,3.345474335878028e-11,1,-0.10687094129357533671604040930313e9,1.3943136472349437e-16,1,,0.051065,0.042265437,1238,120.0,threads=1,d03f115,"cloud container (docker); Intel(R) Xeon(R) Processor @ 2.10GHz; 4 cores; 16 GiB RAM; Linux-x86_64; quiet, one job at a time",2026-09-30T12:49:08+00:00
base,3,grow15,ab84e2f83d00c5bd26291e0505f23804b050bc96dc1e576d9da8f04e1f6ed51f,optimal,-106870941.29357535,-106870941.29,0.003575339913368225,3.345474335878028e-11,1,-0.10687094129357533671604040930313e9,1.3943136472349437e-16,1,,0.146183,0.136333595,1238,120.0,threads=1,5c15999,"cloud container (docker); Intel(R) Xeon(R) Processor @ 2.10GHz; 4 cores; 16 GiB RAM; Linux-x86_64; quiet, one job at a time",2026-09-30T12:49:08+00:00
base,3,grow22,671111a1623539730f4caa9366c7eda43fb472137773cd9444dc96ed87f9810e,optimal,-160834336.482563,-160834336.48,0.002562999725341797,1.5935650194077246e-11,1,-0.16083433648256296718456039982613e9,1.8529825806771284e-16,1,,0.124738,0.111087326,2264,120.0,threads=1,5c15999,"cloud container (docker); Intel(R) Xeon(R) Processor @ 2.10GHz; 4 cores; 16 GiB RAM; Linux-x86_64; quiet, one job at a time",2026-09-30T12:49:08+00:00
new,3,grow22,671111a1623539730f4caa9366c7eda43fb472137773cd9444dc96ed87f9810e,optimal,-160834336.482563,-160834336.48,0.002562999725341797,1.5935650194077246e-11,1,-0.16083433648256296718456039982613e9,1.8529825806771284e-16,1,,0.135456,0.123444023,2264,120.0,threads=1,d03f115,"cloud container (docker); Intel(R) Xeon(R) Processor @ 2.10GHz; 4 cores; 16 GiB RAM; Linux-x86_64; quiet, one job at a time",2026-09-30T12:49:08+00:00
new,3,grow7,6b8734ffdf991a36f17cfddf306834a4a3ced3e17964cac9fa2983a043906cd4,optimal,-47787811.8147115,-47787811.815,0.00028849393129348755,6.036977219428426e-12,1,-0.47787811814711502616766956242865e8,0.0,1,,0.014917,0.008149737,337,120.0,threads=1,d03f115,"cloud container (docker); Intel(R) Xeon(R) Processor @ 2.10GHz; 4 cores; 16 GiB RAM; Linux-x86_64; quiet, one job at a time",2026-09-30T12:49:08+00:00
base,3,grow7,6b8734ffdf991a36f17cfddf306834a4a3ced3e17964cac9fa2983a043906cd4,optimal,-47787811.8147115,-47787811.815,0.00028849393129348755,6.036977219428426e-12,1,-0.47787811814711502616766956242865e8,0.0,1,,0.016859,0.009505284,337,120.0,threads=1,5c15999,"cloud container (docker); Intel(R) Xeon(R) Processor @ 2.10GHz; 4 cores; 16 GiB RAM; Linux-x86_64; quiet, one job at a time",2026-09-30T12:49:08+00:00
base,3,israel,96564e1fddcbb6e3d46447fceb54b9d18260b95e95075c3a19f5812f9bf5ceeb,optimal,-896644.821863046,-896644.82186,3.0460068956017494e-06,3.3971164739267804e-12,1,-0.89664482186304572966200464196045e6,3.8950313096677714e-16,1,,0.010745,0.004237269,170,120.0,threads=1,5c15999,"cloud container (docker); Intel(R) Xeon(R) Processor @ 2.10GHz; 4 cores; 16 GiB RAM; Linux-x86_64; quiet, one job at a time",2026-09-30T12:49:08+00:00
new,3,israel,96564e1fddcbb6e3d46447fceb54b9d18260b95e95075c3a19f5812f9bf5ceeb,optimal,-896644.821863046,-896644.82186,3.0460068956017494e-06,3.3971164739267804e-12,1,-0.89664482186304572966200464196045e6,3.8950313096677714e-16,1,,0.010776,0.004338507,170,120.0,threads=1,d03f115,"cloud container (docker); Intel(R) Xeon(R) Processor @ 2.10GHz; 4 cores; 16 GiB RAM; Linux-x86_64; quiet, one job at a time",2026-09-30T12:49:09+00:00
new,3,kb2,f0eb647d1d9aac84f49d88662b6b02c6cecc04496e5435be733eced36d7f48f2,optimal,-1749.9001299062058,-1749.9001299,6.205937097547576e-09,3.5464521611883195e-12,1,-0.17499001299062057129526866493726e4,1.2993522976389474e-16,1,,0.004903,0.000740903,51,120.0,threads=1,d03f115,"cloud container (docker); Intel(R) Xeon(R) Processor @ 2.10GHz; 4 cores; 16 GiB RAM; Linux-x86_64; quiet, one job at a time",2026-09-30T12:49:09+00:00
base,3,kb2,f0eb647d1d9aac84f49d88662b6b02c6cecc04496e5435be733eced36d7f48f2,optimal,-1749.9001299062058,-1749.9001299,6.205937097547576e-09,3.5464521611883195e-12,1,-0.17499001299062057129526866493726e4,1.2993522976389474e-16,1,,0.005016,0.000589558,51,120.0,threads=1,5c15999,"cloud container (docker); Intel(R) Xeon(R) Processor @ 2.10GHz; 4 cores; 16 GiB RAM; Linux-x86_64; quiet, one job at a time",2026-09-30T12:49:09+00:00
base,3,lotfi,fcb90a1b5e02b2eae67adacd0937a073d420ca92ac6af514ee13a348d7f31623,optimal,-25.264706061880016,-25.264706062,1.1998224636045052e-10,4.74900622496902e-12,1,-0.2526470606188e2,7.030981619376371e-16,1,,0.008899,0.002889055,200,120.0,threads=1,5c15999,"cloud container (docker); Intel(R) Xeon(R) Processor @ 2.10GHz; 4 cores; 16 GiB RAM; Linux-x86_64; quiet, one job at a time",2026-09-30T12:49:09+00:00
new,3,lotfi,fcb90a1b5e02b2eae67adacd0937a073d420ca92ac6af514ee13a348d7f31623,optimal,-25.264706061880016,-25.264706062,1.1998224636045052e-10,4.74900622496902e-12,1,-0.2526470606188e2,7.030981619376371e-16,1,,0.010462,0.003755254,200,120.0,threads=1,d03f115,"cloud container (docker); Intel(R) Xeon(R) Processor @ 2.10GHz; 4 cores; 16 GiB RAM; Linux-x86_64; quiet, one job at a time",2026-09-30T12:49:09+00:00
new,3,maros,4910e97a363fca07d2fb72838fa26629329a9a8dcd6a4da186f560424bd67077,optimal,-58063.743701125895,-58063.743701,1.2589589459821582e-07,2.1682359175205506e-12,1,-0.58063743701125895401208534974734e5,0.0,1,,0.13073,0.105449437,1802,120.0,threads=1,d03f115,"cloud container (docker); Intel(R) Xeon(R) Processor @ 2.10GHz; 4 cores; 16 GiB RAM; Linux-x86_64; quiet, one job at a time",2026-09-30T12:49:09+00:00
base,3,maros,4910e97a363fca07d2fb72838fa26629329a9a8dcd6a4da186f560424bd67077,optimal,-58063.743701125895,-58063.743701,1.2589589459821582e-07,2.1682359175205506e-12,1,-0.58063743701125895401208534974734e5,0.0,1,,0.127999,0.103381505,1802,120.0,threads=1,5c15999,"cloud container (docker); Intel(R) Xeon(R) Processor @ 2.10GHz; 4 cores; 16 GiB RAM; Linux-x86_64; quiet, one job at a time",2026-09-30T12:49:09+00:00
base,3,maros-r7,e97f59ab32a8280526c26c210aacabd6e0c05300e67a0d4afd00b95d245f8db7,optimal,1497185.1664813687,1497185.1665,1.86313409358263e-05,1.2444246278088076e-11,1,0.14971851664796437907337543903552e7,1.1520347962326122e-12,1,,10.820806,10.706037764,28,120.0,threads=1,5c15999,"cloud container (docker); Intel(R) Xeon(R) Processor @ 2.10GHz; 4 cores; 16 GiB RAM; Linux-x86_64; quiet, one job at a time",2026-09-30T12:49:20+00:00
new,3,maros-r7,e97f59ab32a8280526c26c210aacabd6e0c05300e67a0d4afd00b95d245f8db7,optimal,1497185.1664813687,1497185.1665,1.86313409358263e-05,1.2444246278088076e-11,1,0.14971851664796437907337543903552e7,1.1520347962326122e-12,1,,11.235044,11.127401873,28,120.0,threads=1,d03f115,"cloud container (docker); Intel(R) Xeon(R) Processor @ 2.10GHz; 4 cores; 16 GiB RAM; Linux-x86_64; quiet, one job at a time",2026-09-30T12:49:31+00:00
new,3,modszk1,af109be42aa6bd62fc307b623184c69f1030db2f8e1682c636b387a49fd8da43,optimal,320.6197290642054,320.61972906,4.2053898141602986e-09,1.311644117001082e-11,1,0.32061972906431580494333823530763e3,3.4430170516907005e-13,1,,0.028856,0.019500612,662,120.0,threads=1,d03f115,"cloud container (docker); Intel(R) Xeon(R) Processor @ 2.10GHz; 4 cores; 16 GiB RAM; Linux-x86_64; quiet, one job at a time",2026-09-30T12:49:31+00:00
base,3,modszk1,af109be42aa6bd62fc307b623184c69f1030db2f8e1682c636b387a49fd8da43,optimal,320.6197290642054,320.61972906,4.2053898141602986e-09,1.311644117001082e-11,1,0.32061972906431580494333823530763e3,3.4430170516907005e-13,1,,0.027841,0.018774943,662,120.0,threads=1,5c15999,"cloud container (docker); Intel(R) Xeon(R) Processor @ 2.10GHz; 4 cores; 16 GiB RAM; Linux-x86_64; quiet, one job at a time",2026-09-30T12:49:31+00:00
base,3,nesm,20b55063a879a649ef5c7a1a701f81917717b414943f58dea37a1c30495bc5ba,optimal,14076036.48756271,14076073.035,36.547437289729714,2.596422823244446e-06,0,0.14076036487562728337980641375835e8,1.3232738852849298e-15,1,,0.19928,0.175288527,3321,120.0,threads=1,5c15999,"cloud container (docker); Intel(R) Xeon(R) Processor @ 2.10GHz; 4 cores; 16 GiB RAM; Linux-x86_64; quiet, one job at a time",2026-09-30T12:49:31+00:00
new,3,nesm,20b55063a879a649ef5c7a1a701f81917717b414943f58dea37a1c30495bc5ba,optimal,14076036.48756271,14076073.035,36.547437289729714,2.596422823244446e-06,0,0.14076036487562728337980641375835e8,1.3232738852849298e-15,1,,0.17062,0.148973016,3321,120.0,threads=1,d03f115,"cloud container (docker); Intel(R) Xeon(R) Processor @ 2.10GHz; 4 cores; 16 GiB RAM; Linux-x86_64; quiet, one job at a time",2026-09-30T12:49:31+00:00
new,3,perold,040ed4572876366cd979b6811ee20d706abba6998616b0e53201ea1e043acacd,optimal,-9380.755278235163,-9380.7580773,0.002799064837745391,2.9838365030633286e-07,1,-0.93807552782351606734833270386511e4,1.939064978878833e-16,1,,0.165503,0.148847896,2492,120.0,threads=1,d03f115,"cloud container (docker); Intel(R) Xeon(R) Processor @ 2.10GHz; 4 cores; 16 GiB RAM; Linux-x86_64; quiet, one job at a time",2026-09-30T12:49:31+00:00
base,3,perold,040ed4572876366cd979b6811ee20d706abba6998616b0e53201ea1e043acacd,optimal,-9380.755278235163,-9380.7580773,0.002799064837745391,2.9838365030633286e-07,1,-0.93807552782351606734833270386511e4,1.939064978878833e-16,1,,0.173312,0.158043998,2492,120.0,threads=1,5c15999,"cloud container (docker); Intel(R) Xeon(R) Processor @ 2.10GHz; 4 cores; 16 GiB RAM; Linux-x86_64; quiet, one job at a time",2026-09-30T12:49:32+00:00
base,3,pilot,26916951225f695c68c474adb2e1e052e4c1b3479d6a11fbd579fd20d4e7d2eb,optimal,-557.4897292893348,-557.40430007,0.08542921933485559,0.0001532625767761878,0,-0.55748972928406818073034256636894e3,9.447091430823412e-12,1,,1.777639,1.718521263,6226,120.0,threads=1,5c15999,"cloud container (docker); Intel(R) Xeon(R) Processor @ 2.10GHz; 4 cores; 16 GiB RAM; Linux-x86_64; quiet, one job at a time",2026-09-30T12:49:33+00:00
new,3,pilot,26916951225f695c68c474adb2e1e052e4c1b3479d6a11fbd579fd20d4e7d2eb,optimal,-557.4897292893348,-557.40430007,0.08542921933485559,0.0001532625767761878,0,-0.55748972928406818073034256636894e3,9.447091430823412e-12,1,,1.91452,1.85943047,6226,120.0,threads=1,d03f115,"cloud container (docker); Intel(R) Xeon(R) Processor @ 2.10GHz; 4 cores; 16 GiB RAM; Linux-x86_64; quiet, one job at a time",2026-09-30T12:49:35+00:00
new,3,pilot.ja,c0cea98ca60001558b561e3195b84b8d3fd33eeeb695ddba6836bfa29d06d50f,optimal,-6113.136465581344,-6113.1344111,0.002054481344202941,3.360765862554062e-07,1,-0.61131364655813432748848620538024e4,1.4877709779482858e-16,1,,0.360795,0.318058608,3220,120.0,threads=1,d03f115,"cloud container (docker); Intel(R) Xeon(R) Processor @ 2.10GHz; 4 cores; 16 GiB RAM; Linux-x86_64; quiet, one job at a time",2026-09-30T12:49:36+00:00
base,3,pilot.ja,c0cea98ca60001558b561e3195b84b8d3fd33eeeb695ddba6836bfa29d06d50f,optimal,-6113.136465581344,-6113.1344111,0.002054481344202941,3.360765862554062e-07,1,-0.61131364655813432748848620538024e4,1.4877709779482858e-16,1,,0.305286,0.264908194,3220,120.0,threads=1,5c15999,"cloud container (docker); Intel(R) Xeon(R) Processor @ 2.10GHz; 4 cores; 16 GiB RAM; Linux-x86_64; quiet, one job at a time",2026-09-30T12:49:36+00:00
base,3,pilot.we,5c3e8ed78a522c7df2cac39435efd0552273b8e942b03186997ee9011cd1015a,optimal,-2720107.5328449644,-2720102.7439,4.788944964297116,1.7605750279237147e-06,0,-0.27201075328449639629439185412556e7,1.7119223474989002e-16,1,,0.436217,0.416860974,5254,120.0,threads=1,5c15999,"cloud container (docker); Intel(R) Xeon(R) Processor @ 2.10GHz; 4 cores; 16 GiB RAM; Linux-x86_64; quiet, one job at a time",2026-09-30T12:49:36+00:00
new,3,pilot.we,5c3e8ed78a522c7df2cac39435efd0552273b8e942b03186997ee9011cd1015a,optimal,-2720107.5328449644,-2720102.7439,4.788944964297116,1.7605750279237147e-06,0,-0.27201075328449639629439185412556e7,1.7119223474989002e-16,1,,0.358678,0.340602665,5254,120.0,threads=1,d03f115,"cloud container (docker); Intel(R) Xeon(R) Processor @ 2.10GHz; 4 cores; 16 GiB RAM; Linux-x86_64; quiet, one job at a time",2026-09-30T12:49:37+00:00
new,3,pilot4,67e872aae722a493f5c2c8f88e3d70d093eea116093874ea43852c864a687cba,optimal,-2581.1392588847157,-2581.1392641,5.215284545556642e-06,2.0205358998229503e-09,1,-0.25811392588838886745830997266797e4,3.2047299595147063e-13,1,,0.065079,0.051578955,4,120.0,threads=1,d03f115,"cloud container (docker); Intel(R) Xeon(R) Processor @ 2.10GHz; 4 cores; 16 GiB RAM; Linux-x86_64; quiet, one job at a time",2026-09-30T12:49:37+00:00
base,3,pilot4,67e872aae722a493f5c2c8f88e3d70d093eea116093874ea43852c864a687cba,optimal,-2581.1392588847157,-2581.1392641,5.215284545556642e-06,2.0205358998229503e-09,1,-0.25811392588838886745830997266797e4,3.2047299595147063e-13,1,,0.061556,0.048671262,4,120.0,threads=1,5c15999,"cloud container (docker); Intel(R) Xeon(R) Processor @ 2.10GHz; 4 cores; 16 GiB RAM; Linux-x86_64; quiet, one job at a time",2026-09-30T12:49:37+00:00
base,3,pilot87,0ecfcc173d82c8a0252f58a99b2a529d8ad0155ee9212b8451cc25c0e387caa4,optimal,301.7103476060874,301.71072827,0.00038066391260827004,1.2616850411352131e-06,0,0.3017103473331105277216600201995e3,9.047647157991478e-10,1,,31.272241,31.108841637,23291,120.0,threads=1,5c15999,"cloud container (docker); Intel(R) Xeon(R) Processor @ 2.10GHz; 4 cores; 16 GiB RAM; Linux-x86_64; quiet, one job at a time",2026-09-30T12:50:08+00:00
new,3,pilot87,0ecfcc173d82c8a0252f58a99b2a529d8ad0155ee9212b8451cc25c0e387caa4,optimal,301.7103476060874,301.71072827,0.00038066391260827004,1.2616850411352131e-06,0,0.3017103473331105277216600201995e3,9.047647157991478e-10,1,,29.131397,28.97812748,23291,120.0,threads=1,d03f115,"cloud container (docker); Intel(R) Xeon(R) Processor @ 2.10GHz; 4 cores; 16 GiB RAM; Linux-x86_64; quiet, one job at a time",2026-09-30T12:50:37+00:00
new,3,pilotnov,2b000b6da9fb539e3303d5b81f00cc74f430e7ed52d7666ff1ef835bf060773d,optimal,-4497.276188218868,-4497.2761882,1.8867467588279396e-08,4.195309960678878e-12,1,-0.44972761882188711430996211783943e4,8.089293729884355e-16,1,,0.20097,0.178955653,2311,120.0,threads=1,d03f115,"cloud container (docker); Intel(R) Xeon(R) Processor @ 2.10GHz; 4 cores; 16 GiB RAM; Linux-x86_64; quiet, one job at a time",2026-09-30T12:50:38+00:00
base,3,pilotnov,2b000b6da9fb539e3303d5b81f00cc74f430e7ed52d7666ff1ef835bf060773d,optimal,-4497.276188218868,-4497.2761882,1.8867467588279396e-08,4.195309960678878e-12,1,-0.44972761882188711430996211783943e4,8.089293729884355e-16,1,,0.187261,0.168087902,2311,120.0,threads=1,5c15999,"cloud container (docker); Intel(R) Xeon(R) Processor @ 2.10GHz; 4 cores; 16 GiB RAM; Linux-x86_64; quiet, one job at a time",2026-09-30T12:50:38+00:00
base,3,recipe,277b34645cc89526db4a3365fa781ce28aa9768a65c4f301416a8a05c934af61,optimal,-266.61600000000027,-266.616,2.8421709430404007e-13,1.0660166468030429e-15,1,-0.266616e3,1.0660166468030429e-15,1,,0.004765,0.000566282,40,120.0,threads=1,5c15999,"cloud container (docker); Intel(R) Xeon(R) Processor @ 2.10GHz; 4 cores; 16 GiB RAM; Linux-x86_64; quiet, one job at a time",2026-09-30T12:50:38+00:00
new,3,recipe,277b34645cc89526db4a3365fa781ce28aa9768a65c4f301416a8a05c934af61,optimal,-266.61600000000027,-266.616,2.8421709430404007e-13,1.0660166468030429e-15,1,-0.266616e3,1.0660166468030429e-15,1,,0.004451,0.0005408,40,120.0,threads=1,d03f115,"cloud container (docker); Intel(R) Xeon(R) Processor @ 2.10GHz; 4 cores; 16 GiB RAM; Linux-x86_64; quiet, one job at a time",2026-09-30T12:50:38+00:00
new,3,sc105,062d034400be956757316a9bde8e6de3d221a88fb5dc502def743f1883e23ec3,optimal,-52.20206121170722,-52.202061212,2.927791342699493e-10,5.608574210909634e-12,1,-0.52202061211707248062628010857689e2,5.444556933324681e-16,1,,0.004467,0.001043694,98,120.0,threads=1,d03f115,"cloud container (docker); Intel(R) Xeon(R) Processor @ 2.10GHz; 4 cores; 16 GiB RAM; Linux-x86_64; quiet, one job at a time",2026-09-30T12:50:38+00:00
base,3,sc105,062d034400be956757316a9bde8e6de3d221a88fb5dc502def743f1883e23ec3,optimal,-52.20206121170722,-52.202061212,2.927791342699493e-10,5.608574210909634e-12,1,-0.52202061211707248062628010857689e2,5.444556933324681e-16,1,,0.005556,0.001360955,98,120.0,threads=1,5c15999,"cloud container (docker); Intel(R) Xeon(R) Processor @ 2.10GHz; 4 cores; 16 GiB RAM; Linux-x86_64; quiet, one job at a time",2026-09-30T12:50:38+00:00
base,3,sc205,bcecc8d8cafd08c6d97cf8e39a740f5d777e317600bb9f6f158f2ceb550005f9,optimal,-52.2020612117072,-52.202061212,2.927933451246645e-10,5.608846438756298e-12,1,-0.52202061211707248062628010857689e2,8.166835399987022e-16,1,,0.007142,0.002800688,232,120.0,threads=1,5c15999,"cloud container (docker); Intel(R) Xeon(R) Processor @ 2.10GHz; 4 cores; 16 GiB RAM; Linux-x86_64; quiet, one job at a time",2026-09-30T12:50:38+00:00
new,3,sc205,bcecc8d8cafd08c6d97cf8e39a740f5d777e317600bb9f6f158f2ceb550005f9,optimal,-52.2020612117072,-52.202061212,2.927933451246645e-10,5.608846438756298e-12,1,-0.52202061211707248062628010857689e2,8.166835399987022e-16,1,,0.007729,0.003589657,232,120.0,threads=1,d03f115,"cloud container (docker); Intel(R) Xeon(R) Processor @ 2.10GHz; 4 cores; 16 GiB RAM; Linux-x86_64; quiet, one job at a time",2026-09-30T12:50:38+00:00
new,3,sc50a,36bfce2f419555712bf1b9a8477541199073c7654475d933475cea6db0abe2f2,optimal,-64.57507705856447,-64.575077059,4.355200644567958e-10,6.744398679677553e-12,1,-0.64575077058564509026860413914575e2,4.401343478789465e-16,1,,0.003858,0.000448761,42,120.0,threads=1,d03f115,"cloud container (docker); Intel(R) Xeon(R) Processor @ 2.10GHz; 4 cores; 16 GiB RAM; Linux-x86_64; quiet, one job at a time",2026-09-30T12:50:38+00:00
base,3,sc50a,36bfce2f419555712bf1b9a8477541199073c7654475d933475cea6db0abe2f2,optimal,-64.57507705856447,-64.575077059,4.355200644567958e-10,6.744398679677553e-12,1,-0.64575077058564509026860413914575e2,4.401343478789465e-16,1,,0.004315,0.000585808,42,120.0,threads=1,5c15999,"cloud container (docker); Intel(R) Xeon(R) Processor @ 2.10GHz; 4 cores; 16 GiB RAM; Linux-x86_64; quiet, one job at a time",2026-09-30T12:50:38+00:00
base,3,sc50b,bfc47ffcf8f037552130a75142a203dc768d82d15c3b7b9f718c444ffa472f15,optimal,-69.99999999999999,-70.0,1.4210854715202004e-14,2.0301221021717148e-16,1,-0.7e2,2.0301221021717148e-16,1,,0.00364,0.000503827,42,120.0,threads=1,5c15999,"cloud container (docker); Intel(R) Xeon(R) Processor @ 2.10GHz; 4 cores; 16 GiB RAM; Linux-x86_64; quiet, one job at a time",2026-09-30T12:50:38+00:00
new,3,sc50b,bfc47ffcf8f037552130a75142a203dc768d82d15c3b7b9f718c444ffa472f15,optimal,-69.99999999999999,-70.0,1.4210854715202004e-14,2.0301221021717148e-16,1,-0.7e2,2.0301221021717148e-16,1,,0.003438,0.000459235,42,120.0,threads=1,d03f115,"cloud container (docker); Intel(R) Xeon(R) Processor @ 2.10GHz; 4 cores; 16 GiB RAM; Linux-x86_64; quiet, one job at a time",2026-09-30T12:50:38+00:00
new,3,scagr25,7bac79b91dec46966af26a236d593c823f1e61eb055597426365e4f6bc36df76,optimal,-14753433.060768533,-14753433.061,0.00023146718740463257,1.5689039049257294e-11,1,-0.14753433060768523167790925075974e8,7.575098520698869e-16,1,,0.011456,0.00610532,457,120.0,threads=1,d03f115,"cloud container (docker); Intel(R) Xeon(R) Processor @ 2.10GHz; 4 cores; 16 GiB RAM; Linux-x86_64; quiet, one job at a time",2026-09-30T12:50:38+00:00
base,3,scagr25,7bac79b91dec46966af26a236d593c823f1e61eb055597426365e4f6bc36df76,optimal,-14753433.060768533,-14753433.061,0.00023146718740463257,1.5689039049257294e-11,1,-0.14753433060768523167790925075974e8,7.575098520698869e-16,1,,0.011462,0.00584811,457,120.0,threads=1,5c15999,"cloud container (docker); Intel(R) Xeon(R) Processor @ 2.10GHz; 4 cores; 16 GiB RAM; Linux-x86_64; quiet, one job at a time",2026-09-30T12:50:38+00:00
base,3,scagr7,2170c16fd0cc04a823172c1564e89593e75aac5225e2c2f893a6837ba0b26085,optimal,-2331389.824330984,-2331389.2548,0.5695309839211404,2.442882426212426e-07,1,-0.2331389824330984e7,0.0,1,,0.005227,0.001302138,111,120.0,threads=1,5c15999,"cloud container (docker); Intel(R) Xeon(R) Processor @ 2.10GHz; 4 cores; 16 GiB RAM; Linux-x86_64; quiet, one job at a time",2026-09-30T12:50:38+00:00
new,3,scagr7,2170c16fd0cc04a823172c1564e89593e75aac5225e2c2f893a6837ba0b26085,optimal,-2331389.824330984,-2331389.2548,0.5695309839211404,2.442882426212426e-07,1,-0.2331389824330984e7,0.0,1,,0.005226,0.001151311,111,120.0,threads=1,d03f115,"cloud container (docker); Intel(R) Xeon(R) Processor @ 2.10GHz; 4 cores; 16 GiB RAM; Linux-x86_64; quiet, one job at a time",2026-09-30T12:50:38+00:00
new,3,scfxm1,3e602523ca64bb4fd7387da7eca577d964e08d7c04326c59937a0d58add7de25,optimal,18416.759028348937,18416.759028,3.4893673728220165e-07,1.89466961451629e-11,1,0.18416759028348943683579089143655e5,3.950726402503032e-16,1,,0.015414,0.008122315,433,120.0,threads=1,d03f115,"cloud container (docker); Intel(R) Xeon(R) Processor @ 2.10GHz; 4 cores; 16 GiB RAM; Linux-x86_64; quiet, one job at a time",2026-09-30T12:50:38+00:00
base,3,scfxm1,3e602523ca64bb4fd7387da7eca577d964e08d7c04326c59937a0d58add7de25,optimal,18416.759028348937,18416.759028,3.4893673728220165e-07,1.89466961451629e-11,1,0.18416759028348943683579089143655e5,3.950726402503032e-16,1,,0.014702,0.007717465,433,120.0,threads=1,5c15999,"cloud container (docker); Intel(R) Xeon(R) Processor @ 2.10GHz; 4 cores; 16 GiB RAM; Linux-x86_64; quiet, one job at a time",2026-09-30T12:50:38+00:00
base,3,scfxm2,64d44da9d2e6329705e73b1e083f52a7560124c13af4c67ff60d55b0a46b0f0e,optimal,36660.26156499881,36660.261565,1.1932570487260818e-09,3.254905987537467e-14,1,0.36660261564998812956939504848248e5,1.984698772888764e-16,1,,0.038954,0.027431903,937,120.0,threads=1,5c15999,"cloud container (docker); Intel(R) Xeon(R) Processor @ 2.10GHz; 4 cores; 16 GiB RAM; Linux-x86_64; quiet, one job at a time",2026-09-30T12:50:38+00:00
new,3,scfxm2,64d44da9d2e6329705e73b1e083f52a7560124c13af4c67ff60d55b0a46b0f0e,optimal,36660.26156499881,36660.261565,1.1932570487260818e-09,3.254905987537467e-14,1,0.36660261564998812956939504848248e5,1.984698772888764e-16,1,,0.036337,0.025180165,937,120.0,threads=1,d03f115,"cloud container (docker); Intel(R) Xeon(R) Processor @ 2.10GHz; 4 cores; 16 GiB RAM; Linux-x86_64; quiet, one job at a time",2026-09-30T12:50:38+00:00
new,3,scfxm3,515b442feba7cb583e03d4466da264782d898cc69093848052a7fa98ba4eac7b,optimal,54901.25454975145,54901.25455,2.4854671210050583e-07,4.527159062898059e-12,1,0.54901254549751454623888724925519e5,0.0,1,,0.075457,0.059122171,1641,120.0,threads=1,d03f115,"cloud container (docker); Intel(R) Xeon(R) Processor @ 2.10GHz; 4 cores; 16 GiB RAM; Linux-x86_64; quiet, one job at a time",2026-09-30T12:50:38+00:00
base,3,scfxm3,515b442feba7cb583e03d4466da264782d898cc69093848052a7fa98ba4eac7b,optimal,54901.25454975145,54901.25455,2.4854671210050583e-07,4.527159062898059e-12,1,0.54901254549751454623888724925519e5,0.0,1,,0.073071,0.057272244,1641,120.0,threads=1,5c15999,"cloud container (docker); Intel(R) Xeon(R) Processor @ 2.10GHz; 4 cores; 16 GiB RAM; Linux-x86_64; quiet, one job at a time",2026-09-30T12:50:38+00:00
base,3,scorpion,39b61cae042ce4adffb441faec77f5cc003fa725baa25edfb1738aef93a83c5d,optimal,1878.1248227381068,1878.1248227,3.810669113590848e-08,2.0289754267304842e-11,1,0.18781248227381066296479411763586e4,1.2106419801839656e-16,1,,0.01061,0.003812355,242,120.0,threads=1,5c15999,"cloud container (docker); Intel(R) Xeon(R) Processor @ 2.10GHz; 4 cores; 16 GiB RAM; Linux-x86_64; quiet, one job at a time",2026-09-30T12:50:38+00:00
new,3,scorpion,39b61cae042ce4adffb441faec77f5cc003fa725baa25edfb1738aef93a83c5d,optimal,1878.1248227381068,1878.1248227,3.810669113590848e-08,2.0289754267304842e-11,1,0.18781248227381066296479411763586e4,1.2106419801839656e-16,1,,0.008653,0.003355701,242,120.0,threads=1,d03f115,"cloud container (docker); Intel(R) Xeon(R) Processor @ 2.10GHz; 4 cores; 16 GiB RAM; Linux-x86_64; quiet, one job at a time",2026-09-30T12:50:38+00:00
new,3,scrs8,33b12d5e3d07b47a8b837ab0bf445fbfb5980af5c825bf049c23e71fb3faf026,optimal,904.2969538007919,904.29998619,0.003032389208101449,3.3533000712269414e-06,0,0.90429695380079143579923107948844e3,5.028739165548941e-16,1,,0.02189,0.013178082,610,120.0,threads=1,d03f115,"cloud container (docker); Intel(R) Xeon(R) Processor @ 2.10GHz; 4 cores; 16 GiB RAM; Linux-x86_64; quiet, one job at a time",2026-09-30T12:50:38+00:00
base,3,scrs8,33b12d5e3d07b47a8b837ab0bf445fbfb5980af5c825bf049c23e71fb3faf026,optimal,904.2969538007919,904.29998619,0.003032389208101449,3.3533000712269414e-06,0,0.90429695380079143579923107948844e3,5.028739165548941e-16,1,,0.021953,0.013329896,610,120.0,threads=1,5c15999,"cloud container (docker); Intel(R) Xeon(R) Processor @ 2.10GHz; 4 cores; 16 GiB RAM; Linux-x86_64; quiet, one job at a time",2026-09-30T12:50:38+00:00
base,3,scsd1,8c4aac4987a81ef66715b5cb2debdb1993afe6cb5e2a29f32556a03802bf55f5,optimal,8.666666674333365,8.6666666743,3.3365310514454904e-11,3.849843517507819e-12,1,0.86666666743333647292533502995263e1,0.0,1,,0.007635,0.001869487,98,120.0,threads=1,5c15999,"cloud container (docker); Intel(R) Xeon(R) Processor @ 2.10GHz; 4 cores; 16 GiB RAM; Linux-x86_64; quiet, one job at a time",2026-09-30T12:50:38+00:00
new,3,scsd1,8c4aac4987a81ef66715b5cb2debdb1993afe6cb5e2a29f32556a03802bf55f5,optimal,8.666666674333365,8.6666666743,3.3365310514454904e-11,3.849843517507819e-12,1,0.86666666743333647292533502995263e1,0.0,1,,0.00719,0.001793404,98,120.0,threads=1,d03f115,"cloud container (docker); Intel(R) Xeon(R) Processor @ 2.10GHz; 4 cores; 16 GiB RAM; Linux-x86_64; quiet, one job at a time",2026-09-30T12:50:38+00:00
new,3,scsd6,f3da742cfa24cfadb99d510847ea1f7a361ba61537d4c2900c09b674912a5891,optimal,50.500000077641246,50.500000078,3.587530272852746e-10,7.104020331310119e-12,1,0.50500000077144345289985489081569e2,9.839680210693766e-12,1,,0.017119,0.009193268,399,120.0,threads=1,d03f115,"cloud container (docker); Intel(R) Xeon(R) Processor @ 2.10GHz; 4 cores; 16 GiB RAM; Linux-x86_64; quiet, one job at a time",2026-09-30T12:50:38+00:00
base,3,scsd6,f3da742cfa24cfadb99d510847ea1f7a361ba61537d4c2900c09b674912a5891,optimal,50.500000077641246,50.500000078,3.587530272852746e-10,7.104020331310119e-12,1,0.50500000077144345289985489081569e2,9.839680210693766e-12,1,,0.01613,0.008801205,399,120.0,threads=1,5c15999,"cloud container (docker); Intel(R) Xeon(R) Processor @ 2.10GHz; 4 cores; 16 GiB RAM; Linux-x86_64; quiet, one job at a time",2026-09-30T12:50:38+00:00
base,3,scsd8,2090a22840fe2c75730cd76336702ece7c27a739d58740926b67c4b2e57b8e5c,optimal,904.9999999254642,904.99999993,4.535763764579315e-09,5.011893662906241e-12,1,0.90499999992546440094445846417654e3,2.512416303447055e-16,1,,0.077988,0.065218332,1563,120.0,threads=1,5c15999,"cloud container (docker); Intel(R) Xeon(R) Processor @ 2.10GHz; 4 cores; 16 GiB RAM; Linux-x86_64; quiet, one job at a time",2026-09-30T12:50:38+00:00
new,3,scsd8,2090a22840fe2c75730cd76336702ece7c27a739d58740926b67c4b2e57b8e5c,optimal,904.9999999254642,904.99999993,4.535763764579315e-09,5.011893662906241e-12,1,0.90499999992546440094445846417654e3,2.512416303447055e-16,1,,0.088944,0.074477635,1563,120.0,threads=1,d03f115,"cloud container (docker); Intel(R) Xeon(R) Processor @ 2.10GHz; 4 cores; 16 GiB RAM; Linux-x86_64; quiet, one job at a time",2026-09-30T12:50:38+00:00
new,3,sctap1,2b1ab5950d3e37fd21327892e2bc830c5f0d8d3fc1f687c0f57a5cdefd9caa21,optimal,1412.2499999999998,1412.25,2.2737367544323206e-13,1.6100100934199472e-16,1,0.141225e4,1.6100100934199472e-16,1,,0.009014,0.003855252,278,120.0,threads=1,d03f115,"cloud container (docker); Intel(R) Xeon(R) Processor @ 2.10GHz; 4 cores; 16 GiB RAM; Linux-x86_64; quiet, one job at a time",2026-09-30T12:50:38+00:00
base,3,sctap1,2b1ab5950d3e37fd21327892e2bc830c5f0d8d3fc1f687c0f57a5cdefd9caa21,optimal,1412.2499999999998,1412.25,2.2737367544323206e-13,1.6100100934199472e-16,1,0.141225e4,1.6100100934199472e-16,1,,0.009682,0.004421957,278,120.0,threads=1,5c15999,"cloud container (docker); Intel(R) Xeon(R) Processor @ 2.10GHz; 4 cores; 16 GiB RAM; Linux-x86_64; quiet, one job at a time",2026-09-30T12:50:38+00:00
base,3,sctap2,673d50e3b929f83b1719d28ee09500890294107099518161bcf2a4f452e95fb2,optimal,1724.8071428571432,1724.8071429,4.285675458959304e-08,2.4847273369668418e-11,1,0.17248071428571428571428571428571e4,1.3182556460578402e-16,1,,0.031459,0.021730206,775,120.0,threads=1,5c15999,"cloud container (docker); Intel(R) Xeon(R) Processor @ 2.10GHz; 4 cores; 16 GiB RAM; Linux-x86_64; quiet, one job at a time",2026-09-30T12:50:38+00:00
new,3,sctap2,673d50e3b929f83b1719d28ee09500890294107099518161bcf2a4f452e95fb2,optimal,1724.8071428571432,1724.8071429,4.285675458959304e-08,2.4847273369668418e-11,1,0.17248071428571428571428571428571e4,1.3182556460578402e-16,1,,0.041933,0.029860795,775,120.0,threads=1,d03f115,"cloud container (docker); Intel(R) Xeon(R) Processor @ 2.10GHz; 4 cores; 16 GiB RAM; Linux-x86_64; quiet, one job at a time",2026-09-30T12:50:38+00:00
new,3,sctap3,44e105b02a722bf19292b8aeb4779480c4eb81f40da35d64d8f4534f85000168,optimal,1424.0,1424.0,0.0,0.0,1,0.1424e4,0.0,1,,0.050181,0.037713003,1111,120.0,threads=1,d03f115,"cloud container (docker); Intel(R) Xeon(R) Processor @ 2.10GHz; 4 cores; 16 GiB RAM; Linux-x86_64; quiet, one job at a time",2026-09-30T12:50:39+00:00
base,3,sctap3,44e105b02a722bf19292b8aeb4779480c4eb81f40da35d64d8f4534f85000168,optimal,1424.0,1424.0,0.0,0.0,1,0.1424e4,0.0,1,,0.051785,0.039281763,1111,120.0,threads=1,5c15999,"cloud container (docker); Intel(R) Xeon(R) Processor @ 2.10GHz; 4 cores; 16 GiB RAM; Linux-x86_64; quiet, one job at a time",2026-09-30T12:50:39+00:00
base,3,seba,539733cdb036e2d2e8e80e7ea1666848b6b67a36a34b1c6cf9a883e1c868ef1e,optimal,15711.599999999999,15711.6,1.8189894035458565e-12,1.1577365790536013e-16,1,0.157116e5,1.1577365790536013e-16,1,,0.014465,0.007070753,439,120.0,threads=1,5c15999,"cloud container (docker); Intel(R) Xeon(R) Processor @ 2.10GHz; 4 cores; 16 GiB RAM; Linux-x86_64; quiet, one job at a time",2026-09-30T12:50:39+00:00
new,3,seba,539733cdb036e2d2e8e80e7ea1666848b6b67a36a34b1c6cf9a883e1c868ef1e,optimal,15711.599999999999,15711.6,1.8189894035458565e-12,1.1577365790536013e-16,1,0.157116e5,1.1577365790536013e-16,1,,0.014138,0.006754476,439,120.0,threads=1,d03f115,"cloud container (docker); Intel(R) Xeon(R) Processor @ 2.10GHz; 4 cores; 16 GiB RAM; Linux-x86_64; quiet, one job at a time",2026-09-30T12:50:39+00:00
new,3,share1b,fafdf8b5e3d50d27f5eff40e46eb104d1e614bf2721cb5be38081f1678dbd562,optimal,-76589.31857918552,-76589.318579,1.85522367246449e-07,2.4223007945303396e-12,1,-0.7658931857918568112797274346007e5,2.0899920573981595e-15,1,,0.00641,0.001800051,136,120.0,threads=1,d03f115,"cloud container (docker); Intel(R) Xeon(R) Processor @ 2.10GHz; 4 cores; 16 GiB RAM; Linux-x86_64; quiet, one job at a time",2026-09-30T12:50:39+00:00
base,3,share1b,fafdf8b5e3d50d27f5eff40e46eb104d1e614bf2721cb5be38081f1678dbd562,optimal,-76589.31857918552,-76589.318579,1.85522367246449e-07,2.4223007945303396e-12,1,-0.7658931857918568112797274346007e5,2.0899920573981595e-15,1,,0.006229,0.001700573,136,120.0,threads=1,5c15999,"cloud container (docker); Intel(R) Xeon(R) Processor @ 2.10GHz; 4 cores; 16 GiB RAM; Linux-x86_64; quiet, one job at a time",2026-09-30T12:50:39+00:00
base,3,share2b,2816c0a71096acc08fd88f65c960366856802c074601e5fa544f9c3eab640c96,optimal,-415.7322407414192,-415.73224074,1.4192096386977937e-09,3.4137589044612273e-12,1,-0.41573224074141948654519910873841e3,6.836542044397748e-16,1,,0.005014,0.001357172,124,120.0,threads=1,5c15999,"cloud container (docker); Intel(R) Xeon(R) Processor @ 2.10GHz; 4 cores; 16 GiB RAM; Linux-x86_64; quiet, one job at a time",2026-09-30T12:50:39+00:00
new,3,share2b,2816c0a71096acc08fd88f65c960366856802c074601e5fa544f9c3eab640c96,optimal,-415.7322407414192,-415.73224074,1.4192096386977937e-09,3.4137589044612273e-12,1,-0.41573224074141948654519910873841e3,6.836542044397748e-16,1,,0.005097,0.001370624,124,120.0,threads=1,d03f115,"cloud container (docker); Intel(R) Xeon(R) Processor @ 2.10GHz; 4 cores; 16 GiB RAM; Linux-x86_64; quiet, one job at a time",2026-09-30T12:50:39+00:00
new,3,shell,e21331e8282f8d8616cbee27e093e50d140ea03f9bc3fd0b6da0ccff638d2f91,optimal,1208825346.0,1208825346.0,0.0,0.0,1,0.1208825346e10,0.0,1,,0.028862,0.014555468,461,120.0,threads=1,d03f115,"cloud container (docker); Intel(R) Xeon(R) Processor @ 2.10GHz; 4 cores; 16 GiB RAM; Linux-x86_64; quiet, one job at a time",2026-09-30T12:50:39+00:00
base,3,shell,e21331e8282f8d8616cbee27e093e50d140ea03f9bc3fd0b6da0ccff638d2f91,optimal,1208825346.0,1208825346.0,0.0,0.0,1,0.1208825346e10,0.0,1,,0.020029,0.010125963,461,120.0,threads=1,5c15999,"cloud container (docker); Intel(R) Xeon(R) Processor @ 2.10GHz; 4 cores; 16 GiB RAM; Linux-x86_64; quiet, one job at a time",2026-09-30T12:50:39+00:00
base,3,ship04l,e7c46bfd6492a400220cf1f5f093f264901fd0e8534dd8cbb060d491612dc881,optimal,1793324.5379703562,1793324.538,2.9643764719367027e-05,1.6530061397825488e-11,1,0.17933245379703557625562556255626e7,2.5966370138154925e-16,1,,0.01713,0.006351258,447,120.0,threads=1,5c15999,"cloud container (docker); Intel(R) Xeon(R) Processor @ 2.10GHz; 4 cores; 16 GiB RAM; Linux-x86_64; quiet, one job at a time",2026-09-30T12:50:39+00:00
new,3,ship04l,e7c46bfd6492a400220cf1f5f093f264901fd0e8534dd8cbb060d491612dc881,optimal,1793324.5379703562,1793324.538,2.9643764719367027e-05,1.6530061397825488e-11,1,0.17933245379703557625562556255626e7,2.5966370138154925e-16,1,,0.020143,0.007007541,447,120.0,threads=1,d03f115,"cloud container (docker); Intel(R) Xeon(R) Processor @ 2.10GHz; 4 cores; 16 GiB RAM; Linux-x86_64; quiet, one job at a time",2026-09-30T12:50:39+00:00
new,3,ship04s,2ed2828b251173a05004349121cd9a271a3434bf2efe4e1b70d7e0bdf2d76f94,optimal,1798714.7004453922,1798714.7004,4.5392196625471115e-05,2.5235906848026957e-11,1,0.17987147004453921719954082726049e7,0.0,1,,0.011414,0.003875044,296,120.0,threads=1,d03f115,"cloud container (docker); Intel(R) Xeon(R) Processor @ 2.10GHz; 4 cores; 16 GiB RAM; Linux-x86_64; quiet, one job at a time",2026-09-30T12:50:39+00:00
base,3,ship04s,2ed2828b251173a05004349121cd9a271a3434bf2efe4e1b70d7e0bdf2d76f94,optimal,1798714.7004453922,1798714.7004,4.5392196625471115e-05,2.5235906848026957e-11,1,0.17987147004453921719954082726049e7,0.0,1,,0.011299,0.003708497,296,120.0,threads=1,5c15999,"cloud container (docker); Intel(R) Xeon(R) Processor @ 2.10GHz; 4 cores; 16 GiB RAM; Linux-x86_64; quiet, one job at a time",2026-09-30T12:50:39+00:00
base,3,ship08l,58b6142628facaa1b056f32f9f47167097db66825f0c6b42c6f65e4da1b5da07,optimal,1909055.211389131,1909055.2114,1.0869000107049942e-05,5.6933922299078996e-12,1,0.19090552113891315179803819998425e7,3.6588356732404215e-16,1,,0.049068,0.027135787,743,120.0,threads=1,5c15999,"cloud container (docker); Intel(R) Xeon(R) Processor @ 2.10GHz; 4 cores; 16 GiB RAM; Linux-x86_64; quiet, one job at a time",2026-09-30T12:50:39+00:00
new,3,ship08l,58b6142628facaa1b056f32f9f47167097db66825f0c6b42c6f65e4da1b5da07,optimal,1909055.211389131,1909055.2114,1.0869000107049942e-05,5.6933922299078996e-12,1,0.19090552113891315179803819998425e7,3.6588356732404215e-16,1,,0.044537,0.02374163,743,120.0,threads=1,d03f115,"cloud container (docker); Intel(R) Xeon(R) Processor @ 2.10GHz; 4 cores; 16 GiB RAM; Linux-x86_64; quiet, one job at a time",2026-09-30T12:50:39+00:00
new,3,ship08s,bdf5671548dde27b0d83c244914036e58081c4683786b2fd132277f577c9a7d8,optimal,1920098.2105346182,1920098.2105,3.461819142103195e-05,1.8029385805227774e-11,1,0.1920098210534619710172695474693e7,7.275585458382624e-16,1,,0.018097,0.007088828,422,120.0,threads=1,d03f115,"cloud container (docker); Intel(R) Xeon(R) Processor @ 2.10GHz; 4 cores; 16 GiB RAM; Linux-x86_64; quiet, one job at a time",2026-09-30T12:50:39+00:00
base,3,ship08s,bdf5671548dde27b0d83c244914036e58081c4683786b2fd132277f577c9a7d8,optimal,1920098.2105346182,1920098.2105,3.461819142103195e-05,1.8029385805227774e-11,1,0.1920098210534619710172695474693e7,7.275585458382624e-16,1,,0.023157,0.007120698,422,120.0,threads=1,5c15999,"cloud container (docker); Intel(R) Xeon(R) Processor @ 2.10GHz; 4 cores; 16 GiB RAM; Linux-x86_64; quiet, one job at a time",2026-09-30T12:50:39+00:00
base,3,ship12l,87bf21f83ae0c5a87aa73ee2d8e2bd4a6a72b3c6cbdc603853dbb7b43b824911,optimal,1470187.919329266,1470187.9193,2.926611341536045e-05,1.9906375934101617e-11,1,0.1470187919329264822702175543886e7,7.918397389637529e-16,1,,0.047563,0.02814876,1063,120.0,threads=1,5c15999,"cloud container (docker); Intel(R) Xeon(R) Processor @ 2.10GHz; 4 cores; 16 GiB RAM; Linux-x86_64; quiet, one job at a time",2026-09-30T12:50:39+00:00
new,3,ship12l,87bf21f83ae0c5a87aa73ee2d8e2bd4a6a72b3c6cbdc603853dbb7b43b824911,optimal,1470187.919329266,1470187.9193,2.926611341536045e-05,1.9906375934101617e-11,1,0.1470187919329264822702175543886e7,7.918397389637529e-16,1,,0.061061,0.035396278,1063,120.0,threads=1,d03f115,"cloud container (docker); Intel(R) Xeon(R) Processor @ 2.10GHz; 4 cores; 16 GiB RAM; Linux-x86_64; quiet, one job at a time",2026-09-30T12:50:39+00:00
new,3,ship12s,43bacbc026b0b5588ed9bec06b11fadfbff8beb19b4e84881370a57cc6540e5d,optimal,1489236.1344061326,1489236.1344,6.132526323199272e-06,4.1179005676423585e-12,1,0.14892361344061291565686421605401e7,2.3451349145518495e-15,1,,0.026447,0.010562224,590,120.0,threads=1,d03f115,"cloud container (docker); Intel(R) Xeon(R) Processor @ 2.10GHz; 4 cores; 16 GiB RAM; Linux-x86_64; quiet, one job at a time",2026-09-30T12:50:39+00:00
base,3,ship12s,43bacbc026b0b5588ed9bec06b11fadfbff8beb19b4e84881370a57cc6540e5d,optimal,1489236.1344061326,1489236.1344,6.132526323199272e-06,4.1179005676423585e-12,1,0.14892361344061291565686421605401e7,2.3451349145518495e-15,1,,0.021469,0.009079512,590,120.0,threads=1,5c15999,"cloud container (docker); Intel(R) Xeon(R) Processor @ 2.10GHz; 4 cores; 16 GiB RAM; Linux-x86_64; quiet, one job at a time",2026-09-30T12:50:39+00:00
base,3,sierra,dbabb4bb56b9de7efbca7df842922c7c1ef620bcbee2aeb28f4bf3c5a3868cc9,optimal,15394362.183631925,15394362.184,0.0003680754452943802,2.3909756110385417e-11,1,0.1539436218363193e8,3.62985837349874e-16,1,,0.026875,0.016619876,550,120.0,threads=1,5c15999,"cloud container (docker); Intel(R) Xeon(R) Processor @ 2.10GHz; 4 cores; 16 GiB RAM; Linux-x86_64; quiet, one job at a time",2026-09-30T12:50:39+00:00
new,3,sierra,dbabb4bb56b9de7efbca7df842922c7c1ef620bcbee2aeb28f4bf3c5a3868cc9,optimal,15394362.183631925,15394362.184,0.0003680754452943802,2.3909756110385417e-11,1,0.1539436218363193e8,3.62985837349874e-16,1,,0.027642,0.017093747,550,120.0,threads=1,d03f115,"cloud container (docker); Intel(R) Xeon(R) Processor @ 2.10GHz; 4 cores; 16 GiB RAM; Linux-x86_64; quiet, one job at a time",2026-09-30T12:50:39+00:00
new,3,stair,30a16ec0d02cf6c490495340d2a718f533d8e5d88f839693eb4bc06671bd8649,optimal,-251.2669511929633,-251.26695119,2.9633042686327826e-09,1.17934501716146e-11,1,-0.25126695119296330352803637106304e3,0.0,1,,0.029121,0.017990218,445,120.0,threads=1,d03f115,"cloud container (docker); Intel(R) Xeon(R) Processor @ 2.10GHz; 4 cores; 16 GiB RAM; Linux-x86_64; quiet, one job at a time",2026-09-30T12:50:39+00:00
base,3,stair,30a16ec0d02cf6c490495340d2a718f533d8e5d88f839693eb4bc06671bd8649,optimal,-251.2669511929633,-251.26695119,2.9633042686327826e-09,1.17934501716146e-11,1,-0.25126695119296330352803637106304e3,0.0,1,,0.032685,0.020644184,445,120.0,threads=1,5c15999,"cloud container (docker); Intel(R) Xeon(R) Processor @ 2.10GHz; 4 cores; 16 GiB RAM; Linux-x86_64; quiet, one job at a time",2026-09-30T12:50:39+00:00
base,3,standata,a513e8587cb8d72ac1f6fb07b33642a212f55646fb2c04521cdfd04b959c6fb1,optimal,1257.6995000000002,1257.6995,2.2737367544323206e-13,1.8078537476021266e-16,1,0.12576995e4,1.8078537476021266e-16,1,,0.009342,0.00178859,51,120.0,threads=1,5c15999,"cloud container (docker); Intel(R) Xeon(R) Processor @ 2.10GHz; 4 cores; 16 GiB RAM; Linux-x86_64; quiet, one job at a time",2026-09-30T12:50:39+00:00
new,3,standata,a513e8587cb8d72ac1f6fb07b33642a212f55646fb2c04521cdfd04b959c6fb1,optimal,1257.6995000000002,1257.6995,2.2737367544323206e-13,1.8078537476021266e-16,1,0.12576995e4,1.8078537476021266e-16,1,,0.011864,0.002298071,51,120.0,threads=1,d03f115,"cloud container (docker); Intel(R) Xeon(R) Processor @ 2.10GHz; 4 cores; 16 GiB RAM; Linux-x86_64; quiet, one job at a time",2026-09-30T12:50:39+00:00
new,3,standmps,93bd6bc6251b7fee0f943e1c69a7b7e836b4b34e4c011c1a871be66a1cb7e00d,optimal,1406.0175000000002,1406.0175,2.2737367544323206e-13,1.617146838095771e-16,1,0.14060175e4,1.617146838095771e-16,1,,0.011846,0.004156277,197,120.0,threads=1,d03f115,"cloud container (docker); Intel(R) Xeon(R) Processor @ 2.10GHz; 4 cores; 16 GiB RAM; Linux-x86_64; quiet, one job at a time",2026-09-30T12:50:39+00:00
base,3,standmps,93bd6bc6251b7fee0f943e1c69a7b7e836b4b34e4c011c1a871be66a1cb7e00d,optimal,1406.0175000000002,1406.0175,2.2737367544323206e-13,1.617146838095771e-16,1,0.14060175e4,1.617146838095771e-16,1,,0.01177,0.004022192,197,120.0,threads=1,5c15999,"cloud container (docker); Intel(R) Xeon(R) Processor @ 2.10GHz; 4 cores; 16 GiB RAM; Linux-x86_64; quiet, one job at a time",2026-09-30T12:50:39+00:00
base,3,stocfor1,98e1cb3940233e044e3d0e50869539087acdf8f0862916f777e553afc705ba90,optimal,-41131.97621943643,-41131.976219,4.3643376557156444e-07,1.0610571280306333e-11,1,-0.41131976219436406065682760731514e5,5.306789230378818e-16,1,,0.006358,0.001646007,104,120.0,threads=1,5c15999,"cloud container (docker); Intel(R) Xeon(R) Processor @ 2.10GHz; 4 cores; 16 GiB RAM; Linux-x86_64; quiet, one job at a time",2026-09-30T12:50:39+00:00
new,3,stocfor1,98e1cb3940233e044e3d0e50869539087acdf8f0862916f777e553afc705ba90,optimal,-41131.97621943643,-41131.976219,4.3643376557156444e-07,1.0610571280306333e-11,1,-0.41131976219436406065682760731514e5,5.306789230378818e-16,1,,0.005085,0.001341305,104,120.0,threads=1,d03f115,"cloud container (docker); Intel(R) Xeon(R) Processor @ 2.10GHz; 4 cores; 16 GiB RAM; Linux-x86_64; quiet, one job at a time",2026-09-30T12:50:39+00:00
new,3,stocfor2,d54988bc39e9c48d13c8a3248913e9b6b77c2f8e9b9f4c3e4c76b060f6096b50,optimal,-39024.4085378821,-39024.408538,1.1790689313784242e-07,3.021362720283912e-12,1,-0.39024408537882029604587908772433e5,1.6780169381448573e-15,1,,0.141169,0.123352669,1877,120.0,threads=1,d03f115,"cloud container (docker); Intel(R) Xeon(R) Processor @ 2.10GHz; 4 cores; 16 GiB RAM; Linux-x86_64; quiet, one job at a time",2026-09-30T12:50:39+00:00
base,3,stocfor2,d54988bc39e9c48d13c8a3248913e9b6b77c2f8e9b9f4c3e4c76b060f6096b50,optimal,-39024.4085378821,-39024.408538,1.1790689313784242e-07,3.021362720283912e-12,1,-0.39024408537882029604587908772433e5,1.6780169381448573e-15,1,,0.120667,0.104868014,1877,120.0,threads=1,5c15999,"cloud container (docker); Intel(R) Xeon(R) Processor @ 2.10GHz; 4 cores; 16 GiB RAM; Linux-x86_64; quiet, one job at a time",2026-09-30T12:50:39+00:00
base,3,tuff,768782d2ab2d7d044061f56ba54ddd53cf5ea0666a965edd33d48803098e15e2,optimal,0.29214776509361284,0.29214776509,3.612832255583953e-12,3.612832255583953e-12,1,0.29214776509361284488226309994302e0,0.0,1,,0.012771,0.004755759,242,120.0,threads=1,5c15999,"cloud container (docker); Intel(R) Xeon(R) Processor @ 2.10GHz; 4 cores; 16 GiB RAM; Linux-x86_64; quiet, one job at a time",2026-09-30T12:50:39+00:00
new,3,tuff,768782d2ab2d7d044061f56ba54ddd53cf5ea0666a965edd33d48803098e15e2,optimal,0.29214776509361284,0.29214776509,3.612832255583953e-12,3.612832255583953e-12,1,0.29214776509361284488226309994302e0,0.0,1,,0.012888,0.005220576,242,120.0,threads=1,d03f115,"cloud container (docker); Intel(R) Xeon(R) Processor @ 2.10GHz; 4 cores; 16 GiB RAM; Linux-x86_64; quiet, one job at a time",2026-09-30T12:50:40+00:00
new,3,vtp.base,7c34b37d7714796bc0fe30d920f3ecf9866c018a018ee0349ceb85350581dc68,optimal,129831.46246136139,129831.46246,1.3613898772746325e-06,1.0485824094402891e-11,1,0.1298314624613613657395984384889e6,1.1208311877945293e-16,1,,0.00663,0.002187694,162,120.0,threads=1,d03f115,"cloud container (docker); Intel(R) Xeon(R) Processor @ 2.10GHz; 4 cores; 16 GiB RAM; Linux-x86_64; quiet, one job at a time",2026-09-30T12:50:40+00:00
base,3,vtp.base,7c34b37d7714796bc0fe30d920f3ecf9866c018a018ee0349ceb85350581dc68,optimal,129831.46246136139,129831.46246,1.3613898772746325e-06,1.0485824094402891e-11,1,0.1298314624613613657395984384889e6,1.1208311877945293e-16,1,,0.008233,0.002312252,162,120.0,threads=1,5c15999,"cloud container (docker); Intel(R) Xeon(R) Processor @ 2.10GHz; 4 cores; 16 GiB RAM; Linux-x86_64; quiet, one job at a time",2026-09-30T12:50:40+00:00
base,3,wood1p,af3cac48f0727f1d9e1f1ecfa6de30168678800b39e38a808b5df90a48d61330,optimal,1.4429024115734101,1.4429024116,2.65898414397725e-11,1.8428024810276435e-11,1,0.14429024115734092400010936668043e1,6.155498892898885e-16,1,,0.084838,0.024250213,219,120.0,threads=1,5c15999,"cloud container (docker); Intel(R) Xeon(R) Processor @ 2.10GHz; 4 cores; 16 GiB RAM; Linux-x86_64; quiet, one job at a time",2026-09-30T12:50:40+00:00
new,3,wood1p,af3cac48f0727f1d9e1f1ecfa6de30168678800b39e38a808b5df90a48d61330,optimal,1.4429024115734101,1.4429024116,2.65898414397725e-11,1.8428024810276435e-11,1,0.14429024115734092400010936668043e1,6.155498892898885e-16,1,,0.082065,0.021401086,219,120.0,threads=1,d03f115,"cloud container (docker); Intel(R) Xeon(R) Processor @ 2.10GHz; 4 cores; 16 GiB RAM; Linux-x86_64; quiet, one job at a time",2026-09-30T12:50:40+00:00
new,3,woodw,01450b5407d3bb282595e2874e78c26dd7cdde87d70d663065e58bd3e6c288b0,optimal,1.3044763330842293,1.3044763331,1.577071806480035e-11,1.2089692748447418e-11,1,0.1304476333084229269005552085566e1,0.0,1,,0.3759,0.329798495,2495,120.0,threads=1,d03f115,"cloud container (docker); Intel(R) Xeon(R) Processor @ 2.10GHz; 4 cores; 16 GiB RAM; Linux-x86_64; quiet, one job at a time",2026-09-30T12:50:40+00:00
base,3,woodw,01450b5407d3bb282595e2874e78c26dd7cdde87d70d663065e58bd3e6c288b0,optimal,1.3044763330842293,1.3044763331,1.577071806480035e-11,1.2089692748447418e-11,1,0.1304476333084229269005552085566e1,0.0,1,,0.319038,0.276712227,2495,120.0,threads=1,5c15999,"cloud container (docker); Intel(R) Xeon(R) Processor @ 2.10GHz; 4 cores; 16 GiB RAM; Linux-x86_64; quiet, one job at a time",2026-09-30T12:50:40+00:00
