arm,repeat,instance,instance_sha256,status,our_objective,published_objective,absolute_gap,relative_gap,matches_published,exact_objective,exact_relative_gap,matches_exact,independently_verified,wall_seconds,solver_seconds,iterations,time_limit,solver_options,git_commit,machine,timestamp_utc
base,1,25fv47,e0da0d47ae56bef34f11ac03563027da57dd4ab792d978c0dc8e27a16117f627,optimal,5501.84588828675,5501.8458883,1.3250428310129791e-08,2.4083604992112937e-12,1,0.55018458882867447945812325883916e4,9.918431598121063e-16,1,1,1.768365,1.676201,4586,600.0,threads=1,9a50cc78,Windows-AMD64,2026-09-30T15:43:41+00:00
new,1,25fv47,e0da0d47ae56bef34f11ac03563027da57dd4ab792d978c0dc8e27a16117f627,optimal,5501.84588828675,5501.8458883,1.3250428310129791e-08,2.4083604992112937e-12,1,0.55018458882867447945812325883916e4,9.918431598121063e-16,1,1,1.120522,1.0196336,4586,600.0,threads=1,6379d2c0,Windows-AMD64,2026-09-30T15:43:44+00:00
new,1,80bau3b,22aef70f5ce164435b15c5c0aa3be93a99932dc136eb936eb17835a661087b9f,optimal,987224.192409091,987232.16072,7.9683109089965,8.071364797501246e-06,0,0.98722419240909025757911711738799e6,8.254530825464809e-16,1,1,0.826328,0.6428661,3887,600.0,threads=1,6379d2c0,Windows-AMD64,2026-09-30T15:43:49+00:00
base,1,80bau3b,22aef70f5ce164435b15c5c0aa3be93a99932dc136eb936eb17835a661087b9f,optimal,987224.192409091,987232.16072,7.9683109089965,8.071364797501246e-06,0,0.98722419240909025757911711738799e6,8.254530825464809e-16,1,1,0.841411,0.6520701,3887,600.0,threads=1,9a50cc78,Windows-AMD64,2026-09-30T15:43:54+00:00
base,1,adlittle,db211f7bf735518a246a2a0e385ec51abc09cd601da7ae50d6c3fe083cb6f94b,optimal,225494.96316238042,225494.96316,2.3804022930562496e-06,1.055634351959886e-11,1,0.22549496316238038228101176621492e6,1.29066432564952e-16,1,1,0.059331,0.0086458,86,600.0,threads=1,9a50cc78,Windows-AMD64,2026-09-30T15:43:55+00:00
new,1,adlittle,db211f7bf735518a246a2a0e385ec51abc09cd601da7ae50d6c3fe083cb6f94b,optimal,225494.96316238042,225494.96316,2.3804022930562496e-06,1.055634351959886e-11,1,0.22549496316238038228101176621492e6,1.29066432564952e-16,1,1,0.057224,0.0116322,86,600.0,threads=1,6379d2c0,Windows-AMD64,2026-09-30T15:43:55+00:00
new,1,afiro,04992b87e57e57c1c417c96b846833bfa12e055eeaa623f043c45fc773b5be41,optimal,-464.75314285714285,-464.75314286,2.857177605619654e-09,6.147731649617561e-12,1,-0.46475314285714285714285714285714e3,0.0,1,1,0.080421,0.0030036,13,600.0,threads=1,6379d2c0,Windows-AMD64,2026-09-30T15:43:56+00:00
base,1,afiro,04992b87e57e57c1c417c96b846833bfa12e055eeaa623f043c45fc773b5be41,optimal,-464.75314285714285,-464.75314286,2.857177605619654e-09,6.147731649617561e-12,1,-0.46475314285714285714285714285714e3,0.0,1,1,0.205806,0.10321,13,600.0,threads=1,9a50cc78,Windows-AMD64,2026-09-30T15:43:56+00:00
base,1,agg,d7844795d0c799f5cdc1416c8d242f5e8f351f5a3271f42a2d428f170abf1f03,optimal,-35991767.2865765,-35991767.287,0.0004234984517097473,1.1766536728601052e-11,1,-0.35991767286576506712640824319636e8,2.070079120483366e-16,1,1,0.112148,0.0390837,140,600.0,threads=1,9a50cc78,Windows-AMD64,2026-09-30T15:43:57+00:00
new,1,agg,d7844795d0c799f5cdc1416c8d242f5e8f351f5a3271f42a2d428f170abf1f03,optimal,-35991767.2865765,-35991767.287,0.0004234984517097473,1.1766536728601052e-11,1,-0.35991767286576506712640824319636e8,2.070079120483366e-16,1,1,0.147714,0.0907101,140,600.0,threads=1,6379d2c0,Windows-AMD64,2026-09-30T15:43:57+00:00
new,1,agg2,0515e9b78a802f9473578b23a7a60075554fc39ea7b5796fb41530cd760e4534,optimal,-20239252.355977118,-20239252.356,2.2880733013153076e-05,1.130512758608398e-12,1,-0.20239252355977109024317661926133e8,3.6812528772701937e-16,1,1,0.243903,0.1484424,165,600.0,threads=1,6379d2c0,Windows-AMD64,2026-09-30T15:43:58+00:00
base,1,agg2,0515e9b78a802f9473578b23a7a60075554fc39ea7b5796fb41530cd760e4534,optimal,-20239252.355977118,-20239252.356,2.2880733013153076e-05,1.130512758608398e-12,1,-0.20239252355977109024317661926133e8,3.6812528772701937e-16,1,1,0.179786,0.0850633,165,600.0,threads=1,9a50cc78,Windows-AMD64,2026-09-30T15:43:58+00:00
base,1,agg3,1a6e78a0b7d210c935c97527ce49449d0655f9605fcbc33bfdfc93952f3b12d1,optimal,10312115.935089227,10312115.935,8.922629058361053e-05,8.652568604351182e-12,1,0.10312115935089225579061058796215e8,1.8062686270747795e-16,1,1,0.128594,0.040416,168,600.0,threads=1,9a50cc78,Windows-AMD64,2026-09-30T15:43:59+00:00
new,1,agg3,1a6e78a0b7d210c935c97527ce49449d0655f9605fcbc33bfdfc93952f3b12d1,optimal,10312115.935089227,10312115.935,8.922629058361053e-05,8.652568604351182e-12,1,0.10312115935089225579061058796215e8,1.8062686270747795e-16,1,1,0.154925,0.0644113,168,600.0,threads=1,6379d2c0,Windows-AMD64,2026-09-30T15:44:00+00:00
new,1,bandm,696daa77a79a0715c2fad877285e49bd7fcd7f5513f3cb83fbe0be916b6d8c81,optimal,-158.62801845012086,-158.62801845,1.2084910849807784e-10,7.61839614961652e-13,1,-0.15862801845012064052174123768736e3,1.4333765098044641e-15,1,1,0.221074,0.0832672,520,600.0,threads=1,6379d2c0,Windows-AMD64,2026-09-30T15:44:01+00:00
base,1,bandm,696daa77a79a0715c2fad877285e49bd7fcd7f5513f3cb83fbe0be916b6d8c81,optimal,-158.62801845012086,-158.62801845,1.2084910849807784e-10,7.61839614961652e-13,1,-0.15862801845012064052174123768736e3,1.4333765098044641e-15,1,1,0.092924,0.0329331,520,600.0,threads=1,9a50cc78,Windows-AMD64,2026-09-30T15:44:01+00:00
base,1,beaconfd,7138e7b58b1d6160f1ad42112a61ed00b5db1c92d73dc48d77f6a26fc717dbfc,optimal,33592.485807200006,33592.485807,2.000087988562882e-07,5.953974350258128e-12,1,0.335924858072e5,2.1659479610835895e-16,1,1,0.073818,0.0079941,115,600.0,threads=1,9a50cc78,Windows-AMD64,2026-09-30T15:44:02+00:00
new,1,beaconfd,7138e7b58b1d6160f1ad42112a61ed00b5db1c92d73dc48d77f6a26fc717dbfc,optimal,33592.485807200006,33592.485807,2.000087988562882e-07,5.953974350258128e-12,1,0.335924858072e5,2.1659479610835895e-16,1,1,0.16823,0.0841829,115,600.0,threads=1,6379d2c0,Windows-AMD64,2026-09-30T15:44:02+00:00
new,1,blend,38e1d84a38f1e0adaa16d3dd0abe758f6cea13a21f33681aa92742b693260aef,optimal,-30.812149845828223,-30.812149846,1.7177725908368302e-10,5.574984541560087e-12,1,-0.30812149845828220173774356124984e2,1.1530236275549973e-16,1,1,0.153371,0.0781107,99,600.0,threads=1,6379d2c0,Windows-AMD64,2026-09-30T15:44:03+00:00
base,1,blend,38e1d84a38f1e0adaa16d3dd0abe758f6cea13a21f33681aa92742b693260aef,optimal,-30.812149845828223,-30.812149846,1.7177725908368302e-10,5.574984541560087e-12,1,-0.30812149845828220173774356124984e2,1.1530236275549973e-16,1,1,0.063403,0.0072309,99,600.0,threads=1,9a50cc78,Windows-AMD64,2026-09-30T15:44:03+00:00
base,1,bnl1,7a842adca058eaa3cb712b3bbae357602f22df6cc318c4d278f6600167fe2300,optimal,1977.629561522888,1977.6292856,0.00027592288802225085,1.3952204795477512e-07,1,0.19776295615228892439564398331821e4,5.748641703862406e-16,1,1,0.223817,0.1480012,1674,600.0,threads=1,9a50cc78,Windows-AMD64,2026-09-30T15:44:04+00:00
new,1,bnl1,7a842adca058eaa3cb712b3bbae357602f22df6cc318c4d278f6600167fe2300,optimal,1977.629561522888,1977.6292856,0.00027592288802225085,1.3952204795477512e-07,1,0.19776295615228892439564398331821e4,5.748641703862406e-16,1,1,0.457464,0.3889154,1674,600.0,threads=1,6379d2c0,Windows-AMD64,2026-09-30T15:44:06+00:00
new,1,bnl2,eafd7e49005db1a020d420b3fbed2e124bebf46740c0b2550edcbaa17b07ad6b,optimal,1811.236540358547,1811.2365404,4.145294951740652e-08,2.2886546617622845e-11,1,0.1811236540358545170448413697691e4,1.004280425562625e-15,1,1,0.502096,0.3820417,2377,600.0,threads=1,6379d2c0,Windows-AMD64,2026-09-30T15:44:07+00:00
base,1,bnl2,eafd7e49005db1a020d420b3fbed2e124bebf46740c0b2550edcbaa17b07ad6b,optimal,1811.236540358547,1811.2365404,4.145294951740652e-08,2.2886546617622845e-11,1,0.1811236540358545170448413697691e4,1.004280425562625e-15,1,1,0.582099,0.4544335,2377,600.0,threads=1,9a50cc78,Windows-AMD64,2026-09-30T15:44:08+00:00
base,1,boeing1,1d9d58afaf41bad6866d5355330b261d3776ca86753d121eb9b688ee6128ab9e,optimal,-335.213567507127,-335.21356751,2.8730369194818195e-09,8.570765619133575e-12,1,-0.3352135675071266218429697314682e3,1.0174424493053884e-15,1,1,0.133817,0.0524397,465,600.0,threads=1,9a50cc78,Windows-AMD64,2026-09-30T15:44:08+00:00
new,1,boeing1,1d9d58afaf41bad6866d5355330b261d3776ca86753d121eb9b688ee6128ab9e,optimal,-335.213567507127,-335.21356751,2.8730369194818195e-09,8.570765619133575e-12,1,-0.3352135675071266218429697314682e3,1.0174424493053884e-15,1,1,0.14987,0.03952,465,600.0,threads=1,6379d2c0,Windows-AMD64,2026-09-30T15:44:09+00:00
new,1,boeing2,e12e729b8c09bf6e6934af40b728e460d4eb360c42419b791b68fb2271ddd61a,optimal,-315.0187280152028,-315.01872802,4.797243491339032e-09,1.522843902485208e-11,1,-0.31501872801520287870462195913263e3,3.608891396327696e-16,1,1,0.239019,0.1239435,223,600.0,threads=1,6379d2c0,Windows-AMD64,2026-09-30T15:44:09+00:00
base,1,boeing2,e12e729b8c09bf6e6934af40b728e460d4eb360c42419b791b68fb2271ddd61a,optimal,-315.0187280152028,-315.01872802,4.797243491339032e-09,1.522843902485208e-11,1,-0.31501872801520287870462195913263e3,3.608891396327696e-16,1,1,0.071105,0.0110239,223,600.0,threads=1,9a50cc78,Windows-AMD64,2026-09-30T15:44:10+00:00
base,1,bore3d,c7cfe0d4abd466346e3cda4e16d00651f44f3ce1da317cf583c5fed5dfc0515a,optimal,1373.080394208493,1373.0803942,8.493088898831047e-09,6.185427258816399e-12,1,0.13730803942084927215581987251301e4,3.3118770962322394e-16,1,1,0.12619,0.0158063,162,600.0,threads=1,9a50cc78,Windows-AMD64,2026-09-30T15:44:10+00:00
new,1,bore3d,c7cfe0d4abd466346e3cda4e16d00651f44f3ce1da317cf583c5fed5dfc0515a,optimal,1373.080394208493,1373.0803942,8.493088898831047e-09,6.185427258816399e-12,1,0.13730803942084927215581987251301e4,3.3118770962322394e-16,1,1,0.059363,0.0061378,162,600.0,threads=1,6379d2c0,Windows-AMD64,2026-09-30T15:44:11+00:00
new,1,brandy,56fa020b84a0a106b7883b7da006c2852449598898c41ec8dd2575151d0e0917,optimal,1518.509896488128,1518.5098965,1.1871861715917476e-08,7.818099666838409e-12,1,0.15185098964881283835426751550618e4,1.4973473401067798e-16,1,1,0.102858,0.0251145,299,600.0,threads=1,6379d2c0,Windows-AMD64,2026-09-30T15:44:11+00:00
base,1,brandy,56fa020b84a0a106b7883b7da006c2852449598898c41ec8dd2575151d0e0917,optimal,1518.509896488128,1518.5098965,1.1871861715917476e-08,7.818099666838409e-12,1,0.15185098964881283835426751550618e4,1.4973473401067798e-16,1,1,0.248376,0.1746472,299,600.0,threads=1,9a50cc78,Windows-AMD64,2026-09-30T15:44:12+00:00
base,1,capri,4932bc8861fcdaf19256827b7ee229941fa6f2e84f2044b65300326c226fba78,optimal,2690.0129137681615,2690.0129138,3.18386810249649e-08,1.1835884081310426e-11,1,0.26900129137681610087717280693754e4,1.690502482567846e-16,1,1,0.148787,0.0842436,259,600.0,threads=1,9a50cc78,Windows-AMD64,2026-09-30T15:44:12+00:00
new,1,capri,4932bc8861fcdaf19256827b7ee229941fa6f2e84f2044b65300326c226fba78,optimal,2690.0129137681615,2690.0129138,3.18386810249649e-08,1.1835884081310426e-11,1,0.26900129137681610087717280693754e4,1.690502482567846e-16,1,1,0.076533,0.0199123,259,600.0,threads=1,6379d2c0,Windows-AMD64,2026-09-30T15:44:13+00:00
new,1,cycle,bfc8edde30952b8dfa354679ea3a3231c2e7eb762c0ff8f0f845505741816d53,optimal,-5.226393024894101,-5.2263930249,5.899281063648232e-12,1.1287480745405875e-12,1,-0.52263930248941017172447233836217e1,1.699409928548421e-16,1,1,0.202329,0.052368,335,600.0,threads=1,6379d2c0,Windows-AMD64,2026-09-30T15:44:15+00:00
base,1,cycle,bfc8edde30952b8dfa354679ea3a3231c2e7eb762c0ff8f0f845505741816d53,optimal,-5.226393024894101,-5.2263930249,5.899281063648232e-12,1.1287480745405875e-12,1,-0.52263930248941017172447233836217e1,1.699409928548421e-16,1,1,0.215796,0.0474701,335,600.0,threads=1,9a50cc78,Windows-AMD64,2026-09-30T15:44:17+00:00
base,1,czprob,b1f30bd25705fcc3c4f195d7e627e437788035f81fae9198e3096471b947f704,optimal,2185196.698856578,2185196.6989,4.342198371887207e-05,1.98709725951582e-11,1,0.21851966988565774858951155947191e7,4.261962207350949e-16,1,1,0.17395,0.0910814,981,600.0,threads=1,9a50cc78,Windows-AMD64,2026-09-30T15:44:18+00:00
new,1,czprob,b1f30bd25705fcc3c4f195d7e627e437788035f81fae9198e3096471b947f704,optimal,2185196.698856578,2185196.6989,4.342198371887207e-05,1.98709725951582e-11,1,0.21851966988565774858951155947191e7,4.261962207350949e-16,1,1,0.213128,0.0861499,981,600.0,threads=1,6379d2c0,Windows-AMD64,2026-09-30T15:44:19+00:00
new,1,d2q06c,fb1516a10aba6a4101cea6cec90c1da775ac60d2d2cd96e902bbe21a430790c9,optimal,122784.21081418934,122784.23615,0.02533581065654289,2.0634416478016988e-07,1,0.12278421081418945895739128812392e6,9.481294138307999e-16,1,1,6.910059,6.5779836,14998,600.0,threads=1,6379d2c0,Windows-AMD64,2026-09-30T15:44:26+00:00
base,1,d2q06c,fb1516a10aba6a4101cea6cec90c1da775ac60d2d2cd96e902bbe21a430790c9,optimal,122784.21081418934,122784.23615,0.02533581065654289,2.0634416478016988e-07,1,0.12278421081418945895739128812392e6,9.481294138307999e-16,1,1,7.65863,7.299794,14998,600.0,threads=1,9a50cc78,Windows-AMD64,2026-09-30T15:44:35+00:00
base,1,d6cube,8cd94ee7783bcbce884acde1f4769f5c79739c9460fe73cb948924e724b02dfa,optimal,315.49166666666713,315.49166667,3.3328433346468955e-09,1.0563966300044954e-11,1,0.31549166666666666666666666666667e3,1.4413925910979079e-15,1,1,0.451312,0.3078473,868,600.0,threads=1,9a50cc78,Windows-AMD64,2026-09-30T15:44:37+00:00
new,1,d6cube,8cd94ee7783bcbce884acde1f4769f5c79739c9460fe73cb948924e724b02dfa,optimal,315.49166666666713,315.49166667,3.3328433346468955e-09,1.0563966300044954e-11,1,0.31549166666666666666666666666667e3,1.4413925910979079e-15,1,1,0.360399,0.2086461,868,600.0,threads=1,6379d2c0,Windows-AMD64,2026-09-30T15:44:39+00:00
new,1,degen2,755cf6ca5f3a8ed1b8b68372e8d2d3b5efee784ee69b1dada923c6ff04ee0edb,optimal,-1435.178,-1435.178,0.0,0.0,1,-0.1435178e4,0.0,1,1,0.194747,0.1076671,611,600.0,threads=1,6379d2c0,Windows-AMD64,2026-09-30T15:44:40+00:00
base,1,degen2,755cf6ca5f3a8ed1b8b68372e8d2d3b5efee784ee69b1dada923c6ff04ee0edb,optimal,-1435.178,-1435.178,0.0,0.0,1,-0.1435178e4,0.0,1,1,0.26109,0.106078,611,600.0,threads=1,9a50cc78,Windows-AMD64,2026-09-30T15:44:41+00:00
base,1,degen3,08d600688c524fea548e946af5551ef8c359c7a7e71b8841acc839b00eefadeb,optimal,-987.2939999999999,-987.294,1.1368683772161603e-13,1.151499327673581e-16,1,-0.987294e3,1.151499327673581e-16,1,1,1.489499,1.2451757,3164,600.0,threads=1,9a50cc78,Windows-AMD64,2026-09-30T15:44:45+00:00
new,1,degen3,08d600688c524fea548e946af5551ef8c359c7a7e71b8841acc839b00eefadeb,optimal,-987.2939999999999,-987.294,1.1368683772161603e-13,1.151499327673581e-16,1,-0.987294e3,1.151499327673581e-16,1,1,1.980327,1.7458016,3164,600.0,threads=1,6379d2c0,Windows-AMD64,2026-09-30T15:44:52+00:00
new,1,dfl001,85d47c5f8a5fc53772eabac1805b7a1af72431cad9e14d26d673043980952730,optimal,11266396.0466714,11266400.0,3.953328600153327,3.508954590777291e-07,1,0.11266396046671392202377652175477e8,6.613100201750026e-16,1,1,213.326906,212.5476739,85012,600.0,threads=1,6379d2c0,Windows-AMD64,2026-09-30T15:48:27+00:00
base,1,dfl001,85d47c5f8a5fc53772eabac1805b7a1af72431cad9e14d26d673043980952730,optimal,11266396.0466714,11266400.0,3.953328600153327,3.508954590777291e-07,1,0.11266396046671392202377652175477e8,6.613100201750026e-16,1,1,202.727434,202.125395,85012,600.0,threads=1,9a50cc78,Windows-AMD64,2026-09-30T15:51:50+00:00
base,1,e226,ddf56486daea52c8592b520aeb83d329223a1b45a3e5a269bd663ef9195bd8d8,optimal,-11.638929066370528,-18.751929066,7.112999999629471,0.3793209741032129,0,-0.18751929066370549102605687681285e2,1.1367514242058077e-15,1,1,0.245425,0.1290061,435,600.0,threads=1,9a50cc78,Windows-AMD64,2026-09-30T15:51:51+00:00
new,1,e226,ddf56486daea52c8592b520aeb83d329223a1b45a3e5a269bd663ef9195bd8d8,optimal,-11.638929066370528,-18.751929066,7.112999999629471,0.3793209741032129,0,-0.18751929066370549102605687681285e2,1.1367514242058077e-15,1,1,0.29932,0.1856838,435,600.0,threads=1,6379d2c0,Windows-AMD64,2026-09-30T15:51:52+00:00
new,1,etamacro,41701e1add7af2ed2b21a421ab7271bc867e6bc7ad98ac189748d6522e7d4926,optimal,-755.7152333505866,-755.71521774,1.561058661536663e-05,2.0656705394990964e-08,1,-0.7557152333749133350792583667773e3,3.2190312516305756e-11,1,1,0.276615,0.2160231,779,600.0,threads=1,6379d2c0,Windows-AMD64,2026-09-30T15:51:52+00:00
base,1,etamacro,41701e1add7af2ed2b21a421ab7271bc867e6bc7ad98ac189748d6522e7d4926,optimal,-755.7152333505866,-755.71521774,1.561058661536663e-05,2.0656705394990964e-08,1,-0.7557152333749133350792583667773e3,3.2190312516305756e-11,1,1,0.303521,0.2000707,779,600.0,threads=1,9a50cc78,Windows-AMD64,2026-09-30T15:51:53+00:00
base,1,fffff800,9d6695686c15d5f1b4f43b2ce8830c1d38df3a204717d8875f144aa21b33901e,optimal,555679.5648174962,555679.61165,0.046832503750920296,8.427968701579461e-08,1,0.555679564817496376532864378969e6,2.0950081521383547e-16,1,1,0.179709,0.1072682,706,600.0,threads=1,9a50cc78,Windows-AMD64,2026-09-30T15:51:54+00:00
new,1,fffff800,9d6695686c15d5f1b4f43b2ce8830c1d38df3a204717d8875f144aa21b33901e,optimal,555679.5648174962,555679.61165,0.046832503750920296,8.427968701579461e-08,1,0.555679564817496376532864378969e6,2.0950081521383547e-16,1,1,0.349649,0.2364895,706,600.0,threads=1,6379d2c0,Windows-AMD64,2026-09-30T15:51:56+00:00
new,1,finnis,891821f24a8cd14af78b95bb460a56f0e0b5410a59ad01ab58d9daf3387e7546,optimal,172791.06559561164,172790.96547,0.10012561164330691,5.794609189835839e-07,1,0.17279106559561159432297900375543e6,3.3686730684150445e-16,1,1,3.274466,0.7835797,398,600.0,threads=1,6379d2c0,Windows-AMD64,2026-09-30T15:51:59+00:00
base,1,finnis,891821f24a8cd14af78b95bb460a56f0e0b5410a59ad01ab58d9daf3387e7546,optimal,172791.06559561164,172790.96547,0.10012561164330691,5.794609189835839e-07,1,0.17279106559561159432297900375543e6,3.3686730684150445e-16,1,1,0.827335,0.7452099,398,600.0,threads=1,9a50cc78,Windows-AMD64,2026-09-30T15:52:00+00:00
base,1,fit1d,59cee4fedd040a05c05d8410474ee014f42ef910e083689202be708491fe8717,optimal,-9146.378092420928,-9146.3780924,2.092747308779508e-08,2.2880612277754342e-12,1,-0.91463780924209269467749025024617e4,0.0,1,1,0.186461,0.0486843,56,600.0,threads=1,9a50cc78,Windows-AMD64,2026-09-30T15:52:01+00:00
new,1,fit1d,59cee4fedd040a05c05d8410474ee014f42ef910e083689202be708491fe8717,optimal,-9146.378092420928,-9146.3780924,2.092747308779508e-08,2.2880612277754342e-12,1,-0.91463780924209269467749025024617e4,0.0,1,1,0.208029,0.1073737,56,600.0,threads=1,6379d2c0,Windows-AMD64,2026-09-30T15:52:02+00:00
new,1,fit1p,416e77d83daf74dee5ec1d253b77f8e252ff3e27cd123459218b02ef2be0df17,optimal,9146.378092420935,9146.3780924,2.0934749045409262e-08,2.288856729288785e-12,1,0.91463780924209269467749025024617e4,7.955015133490479e-16,1,1,0.628242,0.5175862,1088,600.0,threads=1,6379d2c0,Windows-AMD64,2026-09-30T15:52:03+00:00
base,1,fit1p,416e77d83daf74dee5ec1d253b77f8e252ff3e27cd123459218b02ef2be0df17,optimal,9146.378092420935,9146.3780924,2.0934749045409262e-08,2.288856729288785e-12,1,0.91463780924209269467749025024617e4,7.955015133490479e-16,1,1,0.374743,0.2993591,1088,600.0,threads=1,9a50cc78,Windows-AMD64,2026-09-30T15:52:04+00:00
base,1,fit2d,1c16c328c0358ab175596bdd6b9a2c5d1cb4bb53b099d5d1f2a208a889c7bafc,optimal,-68464.2932938321,-68464.293294,1.6789999790489674e-07,2.4523731981559937e-12,1,-0.68464293293832069575943518435837e5,4.2509502481574083e-16,1,1,0.626968,0.2627719,226,600.0,threads=1,9a50cc78,Windows-AMD64,2026-09-30T15:52:09+00:00
new,1,fit2d,1c16c328c0358ab175596bdd6b9a2c5d1cb4bb53b099d5d1f2a208a889c7bafc,optimal,-68464.2932938321,-68464.293294,1.6789999790489674e-07,2.4523731981559937e-12,1,-0.68464293293832069575943518435837e5,4.2509502481574083e-16,1,1,0.402432,0.1063226,226,600.0,threads=1,6379d2c0,Windows-AMD64,2026-09-30T15:52:12+00:00
new,1,fit2p,0f44de8ea974ed4cc04fb60ccd2707c2f887dc65f8b6b9bd1e9f01bb59dd4a4f,optimal,68464.29329383219,68464.293232,6.183219375088811e-05,9.031305346476276e-10,1,0.68464293293832069575943518435837e5,1.7003800992629633e-15,1,1,11.322942,10.9553043,10207,600.0,threads=1,6379d2c0,Windows-AMD64,2026-09-30T15:52:25+00:00
base,1,fit2p,0f44de8ea974ed4cc04fb60ccd2707c2f887dc65f8b6b9bd1e9f01bb59dd4a4f,optimal,68464.29329383219,68464.293232,6.183219375088811e-05,9.031305346476276e-10,1,0.68464293293832069575943518435837e5,1.7003800992629633e-15,1,1,12.85562,12.4838572,10207,600.0,threads=1,9a50cc78,Windows-AMD64,2026-09-30T15:52:39+00:00
base,1,forplan,65ec816c0b3c58ec4d61574df130a3ce464abb42f3d49de21710a787bf3cfdc7,optimal,-664.2189612722065,-664.21873953,0.00022174220646320464,3.3383913049503697e-07,1,-0.66421896127220457481235119701692e3,2.909697485247549e-15,1,1,0.234365,0.1173702,298,600.0,threads=1,9a50cc78,Windows-AMD64,2026-09-30T15:52:41+00:00
new,1,forplan,65ec816c0b3c58ec4d61574df130a3ce464abb42f3d49de21710a787bf3cfdc7,optimal,-664.2189612722065,-664.21873953,0.00022174220646320464,3.3383913049503697e-07,1,-0.66421896127220457481235119701692e3,2.909697485247549e-15,1,1,0.236398,0.1306068,298,600.0,threads=1,6379d2c0,Windows-AMD64,2026-09-30T15:52:43+00:00
new,1,ganges,f655f33ba979a59d659a8605acaf480c2fe5c610f3a50921bbcac7be40546067,optimal,-109585.73612927819,-109586.36356,0.6274307218118338,5.72544522355929e-06,0,-0.10958573612927811623444890424357e6,6.639511556139013e-16,1,1,0.26748,0.1788061,1183,600.0,threads=1,6379d2c0,Windows-AMD64,2026-09-30T15:52:44+00:00
base,1,ganges,f655f33ba979a59d659a8605acaf480c2fe5c610f3a50921bbcac7be40546067,optimal,-109585.73612927819,-109586.36356,0.6274307218118338,5.72544522355929e-06,0,-0.10958573612927811623444890424357e6,6.639511556139013e-16,1,1,0.317841,0.2264132,1183,600.0,threads=1,9a50cc78,Windows-AMD64,2026-09-30T15:52:45+00:00
base,1,gfrd-pnc,d66ea78a803e91e4f38dcd74ca4c575aa742e27e7120c1c3494d4d424ee5c936,optimal,6902235.999548811,6902235.9995,4.8811547458171844e-05,7.071845625346303e-12,1,0.69022359995488088295415596232193e7,4.047916825835967e-16,1,1,0.323664,0.1890831,448,600.0,threads=1,9a50cc78,Windows-AMD64,2026-09-30T15:52:46+00:00
new,1,gfrd-pnc,d66ea78a803e91e4f38dcd74ca4c575aa742e27e7120c1c3494d4d424ee5c936,optimal,6902235.999548811,6902235.9995,4.8811547458171844e-05,7.071845625346303e-12,1,0.69022359995488088295415596232193e7,4.047916825835967e-16,1,1,0.146364,0.0829165,448,600.0,threads=1,6379d2c0,Windows-AMD64,2026-09-30T15:52:46+00:00
new,1,greenbea,cb701e3ba5153e385b8cb6426e34b5d23bad4b1b9c9a037802e351c24b0f653d,optimal,-72555248.12984598,-72462405.908,92842.22184596956,0.0012812467469524025,0,-0.72555248129845987457557870574845e8,2.0537675189505668e-16,1,1,2.581017,2.399741,8526,600.0,threads=1,6379d2c0,Windows-AMD64,2026-09-30T15:52:49+00:00
base,1,greenbea,cb701e3ba5153e385b8cb6426e34b5d23bad4b1b9c9a037802e351c24b0f653d,optimal,-72555248.12984598,-72462405.908,92842.22184596956,0.0012812467469524025,0,-0.72555248129845987457557870574845e8,2.0537675189505668e-16,1,1,2.646233,2.4093804,8526,600.0,threads=1,9a50cc78,Windows-AMD64,2026-09-30T15:52:53+00:00
base,1,greenbeb,21f92f6a32f71ec72c8f693d6685e4a91ecb2debec732ec61302bc866f370865,optimal,-4302260.261206586,-4302147.6065,112.65470658615232,2.6185690703858075e-05,0,-0.43022602612065867539213672544432e7,2.1647285800285016e-16,1,1,4.233363,3.8571533,10966,600.0,threads=1,9a50cc78,Windows-AMD64,2026-09-30T15:52:58+00:00
new,1,greenbeb,21f92f6a32f71ec72c8f693d6685e4a91ecb2debec732ec61302bc866f370865,optimal,-4302260.261206586,-4302147.6065,112.65470658615232,2.6185690703858075e-05,0,-0.43022602612065867539213672544432e7,2.1647285800285016e-16,1,1,5.658648,5.197745,10966,600.0,threads=1,6379d2c0,Windows-AMD64,2026-09-30T15:53:04+00:00
new,1,grow15,ab84e2f83d00c5bd26291e0505f23804b050bc96dc1e576d9da8f04e1f6ed51f,optimal,-106870941.29357535,-106870941.29,0.003575339913368225,3.345474335878028e-11,1,-0.10687094129357533671604040930313e9,1.3943136472349437e-16,1,1,0.283992,0.1944371,1238,600.0,threads=1,6379d2c0,Windows-AMD64,2026-09-30T15:53:05+00:00
base,1,grow15,ab84e2f83d00c5bd26291e0505f23804b050bc96dc1e576d9da8f04e1f6ed51f,optimal,-106870941.29357535,-106870941.29,0.003575339913368225,3.345474335878028e-11,1,-0.10687094129357533671604040930313e9,1.3943136472349437e-16,1,1,0.388032,0.2986014,1238,600.0,threads=1,9a50cc78,Windows-AMD64,2026-09-30T15:53:06+00:00
base,1,grow22,671111a1623539730f4caa9366c7eda43fb472137773cd9444dc96ed87f9810e,optimal,-160834336.482563,-160834336.48,0.002562999725341797,1.5935650194077246e-11,1,-0.16083433648256296718456039982613e9,1.8529825806771284e-16,1,1,0.736021,0.6104157,2264,600.0,threads=1,9a50cc78,Windows-AMD64,2026-09-30T15:53:08+00:00
new,1,grow22,671111a1623539730f4caa9366c7eda43fb472137773cd9444dc96ed87f9810e,optimal,-160834336.482563,-160834336.48,0.002562999725341797,1.5935650194077246e-11,1,-0.16083433648256296718456039982613e9,1.8529825806771284e-16,1,1,0.817921,0.6825963,2264,600.0,threads=1,6379d2c0,Windows-AMD64,2026-09-30T15:53:10+00:00
new,1,grow7,6b8734ffdf991a36f17cfddf306834a4a3ced3e17964cac9fa2983a043906cd4,optimal,-47787811.8147115,-47787811.815,0.00028849393129348755,6.036977219428426e-12,1,-0.47787811814711502616766956242865e8,0.0,1,1,0.276872,0.0281862,337,600.0,threads=1,6379d2c0,Windows-AMD64,2026-09-30T15:53:11+00:00
base,1,grow7,6b8734ffdf991a36f17cfddf306834a4a3ced3e17964cac9fa2983a043906cd4,optimal,-47787811.8147115,-47787811.815,0.00028849393129348755,6.036977219428426e-12,1,-0.47787811814711502616766956242865e8,0.0,1,1,0.521339,0.3377282,337,600.0,threads=1,9a50cc78,Windows-AMD64,2026-09-30T15:53:12+00:00
base,1,israel,96564e1fddcbb6e3d46447fceb54b9d18260b95e95075c3a19f5812f9bf5ceeb,optimal,-896644.821863046,-896644.82186,3.0460068956017494e-06,3.3971164739267804e-12,1,-0.89664482186304572966200464196045e6,3.8950313096677714e-16,1,1,0.326488,0.2017779,170,600.0,threads=1,9a50cc78,Windows-AMD64,2026-09-30T15:53:13+00:00
new,1,israel,96564e1fddcbb6e3d46447fceb54b9d18260b95e95075c3a19f5812f9bf5ceeb,optimal,-896644.821863046,-896644.82186,3.0460068956017494e-06,3.3971164739267804e-12,1,-0.89664482186304572966200464196045e6,3.8950313096677714e-16,1,1,0.653801,0.3395896,170,600.0,threads=1,6379d2c0,Windows-AMD64,2026-09-30T15:53:14+00:00
new,1,kb2,f0eb647d1d9aac84f49d88662b6b02c6cecc04496e5435be733eced36d7f48f2,optimal,-1749.9001299062058,-1749.9001299,6.205937097547576e-09,3.5464521611883195e-12,1,-0.17499001299062057129526866493726e4,1.2993522976389474e-16,1,1,0.131683,0.0453459,51,600.0,threads=1,6379d2c0,Windows-AMD64,2026-09-30T15:53:15+00:00
base,1,kb2,f0eb647d1d9aac84f49d88662b6b02c6cecc04496e5435be733eced36d7f48f2,optimal,-1749.9001299062058,-1749.9001299,6.205937097547576e-09,3.5464521611883195e-12,1,-0.17499001299062057129526866493726e4,1.2993522976389474e-16,1,1,0.198365,0.0881784,51,600.0,threads=1,9a50cc78,Windows-AMD64,2026-09-30T15:53:15+00:00
base,1,lotfi,fcb90a1b5e02b2eae67adacd0937a073d420ca92ac6af514ee13a348d7f31623,optimal,-25.264706061880016,-25.264706062,1.1998224636045052e-10,4.74900622496902e-12,1,-0.2526470606188e2,7.030981619376371e-16,1,1,0.179021,0.1150709,200,600.0,threads=1,9a50cc78,Windows-AMD64,2026-09-30T15:53:16+00:00
new,1,lotfi,fcb90a1b5e02b2eae67adacd0937a073d420ca92ac6af514ee13a348d7f31623,optimal,-25.264706061880016,-25.264706062,1.1998224636045052e-10,4.74900622496902e-12,1,-0.2526470606188e2,7.030981619376371e-16,1,1,0.164828,0.0841412,200,600.0,threads=1,6379d2c0,Windows-AMD64,2026-09-30T15:53:16+00:00
new,1,maros,4910e97a363fca07d2fb72838fa26629329a9a8dcd6a4da186f560424bd67077,optimal,-58063.743701125895,-58063.743701,1.2589589459821582e-07,2.1682359175205506e-12,1,-0.58063743701125895401208534974734e5,0.0,1,1,0.54639,0.4371189,1802,600.0,threads=1,6379d2c0,Windows-AMD64,2026-09-30T15:53:17+00:00
base,1,maros,4910e97a363fca07d2fb72838fa26629329a9a8dcd6a4da186f560424bd67077,optimal,-58063.743701125895,-58063.743701,1.2589589459821582e-07,2.1682359175205506e-12,1,-0.58063743701125895401208534974734e5,0.0,1,1,0.951909,0.717698,1802,600.0,threads=1,9a50cc78,Windows-AMD64,2026-09-30T15:53:19+00:00
base,1,maros-r7,e97f59ab32a8280526c26c210aacabd6e0c05300e67a0d4afd00b95d245f8db7,optimal,1497185.1664813687,1497185.1665,1.86313409358263e-05,1.2444246278088076e-11,1,0.14971851664796437907337543903552e7,1.1520347962326122e-12,1,1,48.510575,47.6014639,28,600.0,threads=1,9a50cc78,Windows-AMD64,2026-09-30T15:54:10+00:00
new,1,maros-r7,e97f59ab32a8280526c26c210aacabd6e0c05300e67a0d4afd00b95d245f8db7,optimal,1497185.1664813687,1497185.1665,1.86313409358263e-05,1.2444246278088076e-11,1,0.14971851664796437907337543903552e7,1.1520347962326122e-12,1,1,48.433775,46.2074267,28,600.0,threads=1,6379d2c0,Windows-AMD64,2026-09-30T15:55:00+00:00
new,1,modszk1,af109be42aa6bd62fc307b623184c69f1030db2f8e1682c636b387a49fd8da43,optimal,320.6197290642054,320.61972906,4.2053898141602986e-09,1.311644117001082e-11,1,0.32061972906431580494333823530763e3,3.4430170516907005e-13,1,1,0.776366,0.2501787,662,600.0,threads=1,6379d2c0,Windows-AMD64,2026-09-30T15:55:03+00:00
base,1,modszk1,af109be42aa6bd62fc307b623184c69f1030db2f8e1682c636b387a49fd8da43,optimal,320.6197290642054,320.61972906,4.2053898141602986e-09,1.311644117001082e-11,1,0.32061972906431580494333823530763e3,3.4430170516907005e-13,1,1,0.865842,0.4096158,662,600.0,threads=1,9a50cc78,Windows-AMD64,2026-09-30T15:55:04+00:00
base,1,nesm,20b55063a879a649ef5c7a1a701f81917717b414943f58dea37a1c30495bc5ba,optimal,14076036.48756271,14076073.035,36.547437289729714,2.596422823244446e-06,0,0.14076036487562728337980641375835e8,1.3232738852849298e-15,1,1,4.334387,0.7700864,3321,600.0,threads=1,9a50cc78,Windows-AMD64,2026-09-30T15:55:16+00:00
new,1,nesm,20b55063a879a649ef5c7a1a701f81917717b414943f58dea37a1c30495bc5ba,optimal,14076036.48756271,14076073.035,36.547437289729714,2.596422823244446e-06,0,0.14076036487562728337980641375835e8,1.3232738852849298e-15,1,1,1.4398,0.7886884,3321,600.0,threads=1,6379d2c0,Windows-AMD64,2026-09-30T15:55:19+00:00
new,1,perold,040ed4572876366cd979b6811ee20d706abba6998616b0e53201ea1e043acacd,optimal,-9380.755278235163,-9380.7580773,0.002799064837745391,2.9838365030633286e-07,1,-0.93807552782351606734833270386511e4,1.939064978878833e-16,1,1,0.93406,0.8175168,2492,600.0,threads=1,6379d2c0,Windows-AMD64,2026-09-30T15:55:20+00:00
base,1,perold,040ed4572876366cd979b6811ee20d706abba6998616b0e53201ea1e043acacd,optimal,-9380.755278235163,-9380.7580773,0.002799064837745391,2.9838365030633286e-07,1,-0.93807552782351606734833270386511e4,1.939064978878833e-16,1,1,0.48175,0.381696,2492,600.0,threads=1,9a50cc78,Windows-AMD64,2026-09-30T15:55:21+00:00
base,1,pilot,26916951225f695c68c474adb2e1e052e4c1b3479d6a11fbd579fd20d4e7d2eb,optimal,-557.4897292893348,-557.40430007,0.08542921933485559,0.0001532625767761878,0,-0.55748972928406818073034256636894e3,9.447091430823412e-12,1,1,5.384806,5.041264,6226,600.0,threads=1,9a50cc78,Windows-AMD64,2026-09-30T15:55:39+00:00
new,1,pilot,26916951225f695c68c474adb2e1e052e4c1b3479d6a11fbd579fd20d4e7d2eb,optimal,-557.4897292893348,-557.40430007,0.08542921933485559,0.0001532625767761878,0,-0.55748972928406818073034256636894e3,9.447091430823412e-12,1,1,11.997912,11.2530601,6226,600.0,threads=1,6379d2c0,Windows-AMD64,2026-09-30T15:56:04+00:00
new,1,pilot.ja,c0cea98ca60001558b561e3195b84b8d3fd33eeeb695ddba6836bfa29d06d50f,optimal,-6113.136465581344,-6113.1344111,0.002054481344202941,3.360765862554062e-07,1,-0.61131364655813432748848620538024e4,1.4877709779482858e-16,1,1,2.202813,2.0273645,3220,600.0,threads=1,6379d2c0,Windows-AMD64,2026-09-30T15:56:06+00:00
base,1,pilot.ja,c0cea98ca60001558b561e3195b84b8d3fd33eeeb695ddba6836bfa29d06d50f,optimal,-6113.136465581344,-6113.1344111,0.002054481344202941,3.360765862554062e-07,1,-0.61131364655813432748848620538024e4,1.4877709779482858e-16,1,1,1.320984,1.1416789,3220,600.0,threads=1,9a50cc78,Windows-AMD64,2026-09-30T15:56:08+00:00
base,1,pilot.we,5c3e8ed78a522c7df2cac39435efd0552273b8e942b03186997ee9011cd1015a,optimal,-2720107.5328449644,-2720102.7439,4.788944964297116,1.7605750279237147e-06,0,-0.27201075328449639629439185412556e7,1.7119223474989002e-16,1,1,2.748895,2.642063,5254,600.0,threads=1,9a50cc78,Windows-AMD64,2026-09-30T15:56:13+00:00
new,1,pilot.we,5c3e8ed78a522c7df2cac39435efd0552273b8e942b03186997ee9011cd1015a,optimal,-2720107.5328449644,-2720102.7439,4.788944964297116,1.7605750279237147e-06,0,-0.27201075328449639629439185412556e7,1.7119223474989002e-16,1,1,2.476296,2.3155377,5254,600.0,threads=1,6379d2c0,Windows-AMD64,2026-09-30T15:56:18+00:00
new,1,pilot4,67e872aae722a493f5c2c8f88e3d70d093eea116093874ea43852c864a687cba,optimal,-2581.1392588847157,-2581.1392641,5.215284545556642e-06,2.0205358998229503e-09,1,-0.25811392588838886745830997266797e4,3.2047299595147063e-13,1,1,0.591057,0.4666597,4,600.0,threads=1,6379d2c0,Windows-AMD64,2026-09-30T15:56:19+00:00
base,1,pilot4,67e872aae722a493f5c2c8f88e3d70d093eea116093874ea43852c864a687cba,optimal,-2581.1392588847157,-2581.1392641,5.215284545556642e-06,2.0205358998229503e-09,1,-0.25811392588838886745830997266797e4,3.2047299595147063e-13,1,1,0.848489,0.6663497,4,600.0,threads=1,9a50cc78,Windows-AMD64,2026-09-30T15:56:20+00:00
base,1,pilot87,0ecfcc173d82c8a0252f58a99b2a529d8ad0155ee9212b8451cc25c0e387caa4,optimal,301.7103476060874,301.71072827,0.00038066391260827004,1.2616850411352131e-06,0,0.3017103473331105277216600201995e3,9.047647157991478e-10,1,1,161.94961,160.8428159,23291,600.0,threads=1,9a50cc78,Windows-AMD64,2026-09-30T15:59:35+00:00
new,1,pilot87,0ecfcc173d82c8a0252f58a99b2a529d8ad0155ee9212b8451cc25c0e387caa4,optimal,301.7103476060874,301.71072827,0.00038066391260827004,1.2616850411352131e-06,0,0.3017103473331105277216600201995e3,9.047647157991478e-10,1,1,153.788523,152.8153849,23291,600.0,threads=1,6379d2c0,Windows-AMD64,2026-09-30T16:02:31+00:00
new,1,pilotnov,2b000b6da9fb539e3303d5b81f00cc74f430e7ed52d7666ff1ef835bf060773d,optimal,-4497.276188218868,-4497.2761882,1.8867467588279396e-08,4.195309960678878e-12,1,-0.44972761882188711430996211783943e4,8.089293729884355e-16,1,1,4.723515,3.8050026,2311,600.0,threads=1,6379d2c0,Windows-AMD64,2026-09-30T16:02:40+00:00
base,1,pilotnov,2b000b6da9fb539e3303d5b81f00cc74f430e7ed52d7666ff1ef835bf060773d,optimal,-4497.276188218868,-4497.2761882,1.8867467588279396e-08,4.195309960678878e-12,1,-0.44972761882188711430996211783943e4,8.089293729884355e-16,1,1,7.102838,3.9014587,2311,600.0,threads=1,9a50cc78,Windows-AMD64,2026-09-30T16:02:54+00:00
base,1,recipe,277b34645cc89526db4a3365fa781ce28aa9768a65c4f301416a8a05c934af61,optimal,-266.61600000000027,-266.616,2.8421709430404007e-13,1.0660166468030429e-15,1,-0.266616e3,1.0660166468030429e-15,1,1,0.75668,0.3717521,40,600.0,threads=1,9a50cc78,Windows-AMD64,2026-09-30T16:02:55+00:00
new,1,recipe,277b34645cc89526db4a3365fa781ce28aa9768a65c4f301416a8a05c934af61,optimal,-266.61600000000027,-266.616,2.8421709430404007e-13,1.0660166468030429e-15,1,-0.266616e3,1.0660166468030429e-15,1,1,0.841659,0.3892285,40,600.0,threads=1,6379d2c0,Windows-AMD64,2026-09-30T16:02:56+00:00
new,1,sc105,062d034400be956757316a9bde8e6de3d221a88fb5dc502def743f1883e23ec3,optimal,-52.20206121170722,-52.202061212,2.927791342699493e-10,5.608574210909634e-12,1,-0.52202061211707248062628010857689e2,5.444556933324681e-16,1,1,0.897221,0.5041355,98,600.0,threads=1,6379d2c0,Windows-AMD64,2026-09-30T16:02:58+00:00
base,1,sc105,062d034400be956757316a9bde8e6de3d221a88fb5dc502def743f1883e23ec3,optimal,-52.20206121170722,-52.202061212,2.927791342699493e-10,5.608574210909634e-12,1,-0.52202061211707248062628010857689e2,5.444556933324681e-16,1,1,1.076946,0.9149007,98,600.0,threads=1,9a50cc78,Windows-AMD64,2026-09-30T16:03:00+00:00
base,1,sc205,bcecc8d8cafd08c6d97cf8e39a740f5d777e317600bb9f6f158f2ceb550005f9,optimal,-52.2020612117072,-52.202061212,2.927933451246645e-10,5.608846438756298e-12,1,-0.52202061211707248062628010857689e2,8.166835399987022e-16,1,1,1.356498,1.0804758,232,600.0,threads=1,9a50cc78,Windows-AMD64,2026-09-30T16:03:02+00:00
new,1,sc205,bcecc8d8cafd08c6d97cf8e39a740f5d777e317600bb9f6f158f2ceb550005f9,optimal,-52.2020612117072,-52.202061212,2.927933451246645e-10,5.608846438756298e-12,1,-0.52202061211707248062628010857689e2,8.166835399987022e-16,1,1,1.197801,1.0625711,232,600.0,threads=1,6379d2c0,Windows-AMD64,2026-09-30T16:03:04+00:00
new,1,sc50a,36bfce2f419555712bf1b9a8477541199073c7654475d933475cea6db0abe2f2,optimal,-64.57507705856447,-64.575077059,4.355200644567958e-10,6.744398679677553e-12,1,-0.64575077058564509026860413914575e2,4.401343478789465e-16,1,1,1.317418,0.8608526,42,600.0,threads=1,6379d2c0,Windows-AMD64,2026-09-30T16:03:06+00:00
base,1,sc50a,36bfce2f419555712bf1b9a8477541199073c7654475d933475cea6db0abe2f2,optimal,-64.57507705856447,-64.575077059,4.355200644567958e-10,6.744398679677553e-12,1,-0.64575077058564509026860413914575e2,4.401343478789465e-16,1,1,1.045322,0.6318196,42,600.0,threads=1,9a50cc78,Windows-AMD64,2026-09-30T16:03:08+00:00
base,1,sc50b,bfc47ffcf8f037552130a75142a203dc768d82d15c3b7b9f718c444ffa472f15,optimal,-69.99999999999999,-70.0,1.4210854715202004e-14,2.0301221021717148e-16,1,-0.7e2,2.0301221021717148e-16,1,1,0.667827,0.5073929,42,600.0,threads=1,9a50cc78,Windows-AMD64,2026-09-30T16:03:10+00:00
new,1,sc50b,bfc47ffcf8f037552130a75142a203dc768d82d15c3b7b9f718c444ffa472f15,optimal,-69.99999999999999,-70.0,1.4210854715202004e-14,2.0301221021717148e-16,1,-0.7e2,2.0301221021717148e-16,1,1,0.881866,0.6227235,42,600.0,threads=1,6379d2c0,Windows-AMD64,2026-09-30T16:03:11+00:00
new,1,scagr25,7bac79b91dec46966af26a236d593c823f1e61eb055597426365e4f6bc36df76,optimal,-14753433.060768533,-14753433.061,0.00023146718740463257,1.5689039049257294e-11,1,-0.14753433060768523167790925075974e8,7.575098520698869e-16,1,1,1.165026,0.7865404,457,600.0,threads=1,6379d2c0,Windows-AMD64,2026-09-30T16:03:14+00:00
base,1,scagr25,7bac79b91dec46966af26a236d593c823f1e61eb055597426365e4f6bc36df76,optimal,-14753433.060768533,-14753433.061,0.00023146718740463257,1.5689039049257294e-11,1,-0.14753433060768523167790925075974e8,7.575098520698869e-16,1,1,1.932093,1.2050124,457,600.0,threads=1,9a50cc78,Windows-AMD64,2026-09-30T16:03:17+00:00
base,1,scagr7,2170c16fd0cc04a823172c1564e89593e75aac5225e2c2f893a6837ba0b26085,optimal,-2331389.824330984,-2331389.2548,0.5695309839211404,2.442882426212426e-07,1,-0.2331389824330984e7,0.0,1,1,0.754449,0.4150311,111,600.0,threads=1,9a50cc78,Windows-AMD64,2026-09-30T16:03:18+00:00
new,1,scagr7,2170c16fd0cc04a823172c1564e89593e75aac5225e2c2f893a6837ba0b26085,optimal,-2331389.824330984,-2331389.2548,0.5695309839211404,2.442882426212426e-07,1,-0.2331389824330984e7,0.0,1,1,0.901576,0.5623395,111,600.0,threads=1,6379d2c0,Windows-AMD64,2026-09-30T16:03:20+00:00
new,1,scfxm1,3e602523ca64bb4fd7387da7eca577d964e08d7c04326c59937a0d58add7de25,optimal,18416.759028348937,18416.759028,3.4893673728220165e-07,1.89466961451629e-11,1,0.18416759028348943683579089143655e5,3.950726402503032e-16,1,1,2.111848,1.6067609,433,600.0,threads=1,6379d2c0,Windows-AMD64,2026-09-30T16:03:23+00:00
base,1,scfxm1,3e602523ca64bb4fd7387da7eca577d964e08d7c04326c59937a0d58add7de25,optimal,18416.759028348937,18416.759028,3.4893673728220165e-07,1.89466961451629e-11,1,0.18416759028348943683579089143655e5,3.950726402503032e-16,1,1,1.95522,1.6250597,433,600.0,threads=1,9a50cc78,Windows-AMD64,2026-09-30T16:03:26+00:00
base,1,scfxm2,64d44da9d2e6329705e73b1e083f52a7560124c13af4c67ff60d55b0a46b0f0e,optimal,36660.26156499881,36660.261565,1.1932570487260818e-09,3.254905987537467e-14,1,0.36660261564998812956939504848248e5,1.984698772888764e-16,1,1,3.081449,2.7726326,937,600.0,threads=1,9a50cc78,Windows-AMD64,2026-09-30T16:03:30+00:00
new,1,scfxm2,64d44da9d2e6329705e73b1e083f52a7560124c13af4c67ff60d55b0a46b0f0e,optimal,36660.26156499881,36660.261565,1.1932570487260818e-09,3.254905987537467e-14,1,0.36660261564998812956939504848248e5,1.984698772888764e-16,1,1,1.799794,1.564438,937,600.0,threads=1,6379d2c0,Windows-AMD64,2026-09-30T16:03:33+00:00
new,1,scfxm3,515b442feba7cb583e03d4466da264782d898cc69093848052a7fa98ba4eac7b,optimal,54901.25454975145,54901.25455,2.4854671210050583e-07,4.527159062898059e-12,1,0.54901254549751454623888724925519e5,0.0,1,1,0.357732,0.2216372,1641,600.0,threads=1,6379d2c0,Windows-AMD64,2026-09-30T16:03:34+00:00
base,1,scfxm3,515b442feba7cb583e03d4466da264782d898cc69093848052a7fa98ba4eac7b,optimal,54901.25454975145,54901.25455,2.4854671210050583e-07,4.527159062898059e-12,1,0.54901254549751454623888724925519e5,0.0,1,1,2.797533,2.5664709,1641,600.0,threads=1,9a50cc78,Windows-AMD64,2026-09-30T16:03:39+00:00
base,1,scorpion,39b61cae042ce4adffb441faec77f5cc003fa725baa25edfb1738aef93a83c5d,optimal,1878.1248227381068,1878.1248227,3.810669113590848e-08,2.0289754267304842e-11,1,0.18781248227381066296479411763586e4,1.2106419801839656e-16,1,1,0.788022,0.6575452,242,600.0,threads=1,9a50cc78,Windows-AMD64,2026-09-30T16:03:40+00:00
new,1,scorpion,39b61cae042ce4adffb441faec77f5cc003fa725baa25edfb1738aef93a83c5d,optimal,1878.1248227381068,1878.1248227,3.810669113590848e-08,2.0289754267304842e-11,1,0.18781248227381066296479411763586e4,1.2106419801839656e-16,1,1,0.74941,0.5895602,242,600.0,threads=1,6379d2c0,Windows-AMD64,2026-09-30T16:03:42+00:00
new,1,scrs8,33b12d5e3d07b47a8b837ab0bf445fbfb5980af5c825bf049c23e71fb3faf026,optimal,904.2969538007919,904.29998619,0.003032389208101449,3.3533000712269414e-06,0,0.90429695380079143579923107948844e3,5.028739165548941e-16,1,1,2.264847,1.7799628,610,600.0,threads=1,6379d2c0,Windows-AMD64,2026-09-30T16:03:45+00:00
base,1,scrs8,33b12d5e3d07b47a8b837ab0bf445fbfb5980af5c825bf049c23e71fb3faf026,optimal,904.2969538007919,904.29998619,0.003032389208101449,3.3533000712269414e-06,0,0.90429695380079143579923107948844e3,5.028739165548941e-16,1,1,1.885399,1.6323302,610,600.0,threads=1,9a50cc78,Windows-AMD64,2026-09-30T16:03:48+00:00
base,1,scsd1,8c4aac4987a81ef66715b5cb2debdb1993afe6cb5e2a29f32556a03802bf55f5,optimal,8.666666674333365,8.6666666743,3.3365310514454904e-11,3.849843517507819e-12,1,0.86666666743333647292533502995263e1,0.0,1,1,0.891852,0.4714203,98,600.0,threads=1,9a50cc78,Windows-AMD64,2026-09-30T16:03:50+00:00
new,1,scsd1,8c4aac4987a81ef66715b5cb2debdb1993afe6cb5e2a29f32556a03802bf55f5,optimal,8.666666674333365,8.6666666743,3.3365310514454904e-11,3.849843517507819e-12,1,0.86666666743333647292533502995263e1,0.0,1,1,0.986516,0.5619668,98,600.0,threads=1,6379d2c0,Windows-AMD64,2026-09-30T16:03:52+00:00
new,1,scsd6,f3da742cfa24cfadb99d510847ea1f7a361ba61537d4c2900c09b674912a5891,optimal,50.500000077641246,50.500000078,3.587530272852746e-10,7.104020331310119e-12,1,0.50500000077144345289985489081569e2,9.839680210693766e-12,1,1,1.727657,1.4424291,399,600.0,threads=1,6379d2c0,Windows-AMD64,2026-09-30T16:03:56+00:00
base,1,scsd6,f3da742cfa24cfadb99d510847ea1f7a361ba61537d4c2900c09b674912a5891,optimal,50.500000077641246,50.500000078,3.587530272852746e-10,7.104020331310119e-12,1,0.50500000077144345289985489081569e2,9.839680210693766e-12,1,1,2.647229,1.7185689,399,600.0,threads=1,9a50cc78,Windows-AMD64,2026-09-30T16:03:59+00:00
base,1,scsd8,2090a22840fe2c75730cd76336702ece7c27a739d58740926b67c4b2e57b8e5c,optimal,904.9999999254642,904.99999993,4.535763764579315e-09,5.011893662906241e-12,1,0.90499999992546440094445846417654e3,2.512416303447055e-16,1,1,3.681622,3.4994103,1563,600.0,threads=1,9a50cc78,Windows-AMD64,2026-09-30T16:04:04+00:00
new,1,scsd8,2090a22840fe2c75730cd76336702ece7c27a739d58740926b67c4b2e57b8e5c,optimal,904.9999999254642,904.99999993,4.535763764579315e-09,5.011893662906241e-12,1,0.90499999992546440094445846417654e3,2.512416303447055e-16,1,1,4.241727,3.8198987,1563,600.0,threads=1,6379d2c0,Windows-AMD64,2026-09-30T16:04:09+00:00
new,1,sctap1,2b1ab5950d3e37fd21327892e2bc830c5f0d8d3fc1f687c0f57a5cdefd9caa21,optimal,1412.2499999999998,1412.25,2.2737367544323206e-13,1.6100100934199472e-16,1,0.141225e4,1.6100100934199472e-16,1,1,0.932059,0.7584971,278,600.0,threads=1,6379d2c0,Windows-AMD64,2026-09-30T16:04:11+00:00
base,1,sctap1,2b1ab5950d3e37fd21327892e2bc830c5f0d8d3fc1f687c0f57a5cdefd9caa21,optimal,1412.2499999999998,1412.25,2.2737367544323206e-13,1.6100100934199472e-16,1,0.141225e4,1.6100100934199472e-16,1,1,0.792976,0.6935625,278,600.0,threads=1,9a50cc78,Windows-AMD64,2026-09-30T16:04:13+00:00
base,1,sctap2,673d50e3b929f83b1719d28ee09500890294107099518161bcf2a4f452e95fb2,optimal,1724.8071428571432,1724.8071429,4.285675458959304e-08,2.4847273369668418e-11,1,0.17248071428571428571428571428571e4,1.3182556460578402e-16,1,1,1.233056,1.0599125,775,600.0,threads=1,9a50cc78,Windows-AMD64,2026-09-30T16:04:15+00:00
new,1,sctap2,673d50e3b929f83b1719d28ee09500890294107099518161bcf2a4f452e95fb2,optimal,1724.8071428571432,1724.8071429,4.285675458959304e-08,2.4847273369668418e-11,1,0.17248071428571428571428571428571e4,1.3182556460578402e-16,1,1,1.201773,0.9734316,775,600.0,threads=1,6379d2c0,Windows-AMD64,2026-09-30T16:04:17+00:00
new,1,sctap3,44e105b02a722bf19292b8aeb4779480c4eb81f40da35d64d8f4534f85000168,optimal,1424.0,1424.0,0.0,0.0,1,0.1424e4,0.0,1,1,2.269108,1.8298077,1111,600.0,threads=1,6379d2c0,Windows-AMD64,2026-09-30T16:04:20+00:00
base,1,sctap3,44e105b02a722bf19292b8aeb4779480c4eb81f40da35d64d8f4534f85000168,optimal,1424.0,1424.0,0.0,0.0,1,0.1424e4,0.0,1,1,2.18688,1.890736,1111,600.0,threads=1,9a50cc78,Windows-AMD64,2026-09-30T16:04:24+00:00
base,1,seba,539733cdb036e2d2e8e80e7ea1666848b6b67a36a34b1c6cf9a883e1c868ef1e,optimal,15711.599999999999,15711.6,1.8189894035458565e-12,1.1577365790536013e-16,1,0.157116e5,1.1577365790536013e-16,1,1,1.014703,0.7345905,439,600.0,threads=1,9a50cc78,Windows-AMD64,2026-09-30T16:04:27+00:00
new,1,seba,539733cdb036e2d2e8e80e7ea1666848b6b67a36a34b1c6cf9a883e1c868ef1e,optimal,15711.599999999999,15711.6,1.8189894035458565e-12,1.1577365790536013e-16,1,0.157116e5,1.1577365790536013e-16,1,1,1.226539,0.7256649,439,600.0,threads=1,6379d2c0,Windows-AMD64,2026-09-30T16:04:30+00:00
new,1,share1b,fafdf8b5e3d50d27f5eff40e46eb104d1e614bf2721cb5be38081f1678dbd562,optimal,-76589.31857918552,-76589.318579,1.85522367246449e-07,2.4223007945303396e-12,1,-0.7658931857918568112797274346007e5,2.0899920573981595e-15,1,1,0.543082,0.2666032,136,600.0,threads=1,6379d2c0,Windows-AMD64,2026-09-30T16:04:31+00:00
base,1,share1b,fafdf8b5e3d50d27f5eff40e46eb104d1e614bf2721cb5be38081f1678dbd562,optimal,-76589.31857918552,-76589.318579,1.85522367246449e-07,2.4223007945303396e-12,1,-0.7658931857918568112797274346007e5,2.0899920573981595e-15,1,1,1.175301,0.6424401,136,600.0,threads=1,9a50cc78,Windows-AMD64,2026-09-30T16:04:34+00:00
base,1,share2b,2816c0a71096acc08fd88f65c960366856802c074601e5fa544f9c3eab640c96,optimal,-415.7322407414192,-415.73224074,1.4192096386977937e-09,3.4137589044612273e-12,1,-0.41573224074141948654519910873841e3,6.836542044397748e-16,1,1,1.39746,0.856205,124,600.0,threads=1,9a50cc78,Windows-AMD64,2026-09-30T16:04:36+00:00
new,1,share2b,2816c0a71096acc08fd88f65c960366856802c074601e5fa544f9c3eab640c96,optimal,-415.7322407414192,-415.73224074,1.4192096386977937e-09,3.4137589044612273e-12,1,-0.41573224074141948654519910873841e3,6.836542044397748e-16,1,1,0.768314,0.6453878,124,600.0,threads=1,6379d2c0,Windows-AMD64,2026-09-30T16:04:38+00:00
new,1,shell,e21331e8282f8d8616cbee27e093e50d140ea03f9bc3fd0b6da0ccff638d2f91,optimal,1208825346.0,1208825346.0,0.0,0.0,1,0.1208825346e10,0.0,1,1,1.468685,1.1685266,461,600.0,threads=1,6379d2c0,Windows-AMD64,2026-09-30T16:04:41+00:00
base,1,shell,e21331e8282f8d8616cbee27e093e50d140ea03f9bc3fd0b6da0ccff638d2f91,optimal,1208825346.0,1208825346.0,0.0,0.0,1,0.1208825346e10,0.0,1,1,3.251421,2.8515688,461,600.0,threads=1,9a50cc78,Windows-AMD64,2026-09-30T16:04:48+00:00
base,1,ship04l,e7c46bfd6492a400220cf1f5f093f264901fd0e8534dd8cbb060d491612dc881,optimal,1793324.5379703562,1793324.538,2.9643764719367027e-05,1.6530061397825488e-11,1,0.17933245379703557625562556255626e7,2.5966370138154925e-16,1,1,1.511851,0.949362,447,600.0,threads=1,9a50cc78,Windows-AMD64,2026-09-30T16:04:51+00:00
new,1,ship04l,e7c46bfd6492a400220cf1f5f093f264901fd0e8534dd8cbb060d491612dc881,optimal,1793324.5379703562,1793324.538,2.9643764719367027e-05,1.6530061397825488e-11,1,0.17933245379703557625562556255626e7,2.5966370138154925e-16,1,1,0.782973,0.4261017,447,600.0,threads=1,6379d2c0,Windows-AMD64,2026-09-30T16:04:53+00:00
new,1,ship04s,2ed2828b251173a05004349121cd9a271a3434bf2efe4e1b70d7e0bdf2d76f94,optimal,1798714.7004453922,1798714.7004,4.5392196625471115e-05,2.5235906848026957e-11,1,0.17987147004453921719954082726049e7,0.0,1,1,1.121158,0.7835462,296,600.0,threads=1,6379d2c0,Windows-AMD64,2026-09-30T16:04:56+00:00
base,1,ship04s,2ed2828b251173a05004349121cd9a271a3434bf2efe4e1b70d7e0bdf2d76f94,optimal,1798714.7004453922,1798714.7004,4.5392196625471115e-05,2.5235906848026957e-11,1,0.17987147004453921719954082726049e7,0.0,1,1,1.446533,0.9916464,296,600.0,threads=1,9a50cc78,Windows-AMD64,2026-09-30T16:04:59+00:00
base,1,ship08l,58b6142628facaa1b056f32f9f47167097db66825f0c6b42c6f65e4da1b5da07,optimal,1909055.211389131,1909055.2114,1.0869000107049942e-05,5.6933922299078996e-12,1,0.19090552113891315179803819998425e7,3.6588356732404215e-16,1,1,2.981789,1.8136286,743,600.0,threads=1,9a50cc78,Windows-AMD64,2026-09-30T16:05:05+00:00
new,1,ship08l,58b6142628facaa1b056f32f9f47167097db66825f0c6b42c6f65e4da1b5da07,optimal,1909055.211389131,1909055.2114,1.0869000107049942e-05,5.6933922299078996e-12,1,0.19090552113891315179803819998425e7,3.6588356732404215e-16,1,1,1.662826,1.375231,743,600.0,threads=1,6379d2c0,Windows-AMD64,2026-09-30T16:05:08+00:00
new,1,ship08s,bdf5671548dde27b0d83c244914036e58081c4683786b2fd132277f577c9a7d8,optimal,1920098.2105346182,1920098.2105,3.461819142103195e-05,1.8029385805227774e-11,1,0.1920098210534619710172695474693e7,7.275585458382624e-16,1,1,0.863508,0.5829016,422,600.0,threads=1,6379d2c0,Windows-AMD64,2026-09-30T16:05:11+00:00
base,1,ship08s,bdf5671548dde27b0d83c244914036e58081c4683786b2fd132277f577c9a7d8,optimal,1920098.2105346182,1920098.2105,3.461819142103195e-05,1.8029385805227774e-11,1,0.1920098210534619710172695474693e7,7.275585458382624e-16,1,1,0.73238,0.4543489,422,600.0,threads=1,9a50cc78,Windows-AMD64,2026-09-30T16:05:13+00:00
base,1,ship12l,87bf21f83ae0c5a87aa73ee2d8e2bd4a6a72b3c6cbdc603853dbb7b43b824911,optimal,1470187.919329266,1470187.9193,2.926611341536045e-05,1.9906375934101617e-11,1,0.1470187919329264822702175543886e7,7.918397389637529e-16,1,1,2.233082,1.8763987,1063,600.0,threads=1,9a50cc78,Windows-AMD64,2026-09-30T16:05:17+00:00
new,1,ship12l,87bf21f83ae0c5a87aa73ee2d8e2bd4a6a72b3c6cbdc603853dbb7b43b824911,optimal,1470187.919329266,1470187.9193,2.926611341536045e-05,1.9906375934101617e-11,1,0.1470187919329264822702175543886e7,7.918397389637529e-16,1,1,4.055027,2.7148631,1063,600.0,threads=1,6379d2c0,Windows-AMD64,2026-09-30T16:05:24+00:00
new,1,ship12s,43bacbc026b0b5588ed9bec06b11fadfbff8beb19b4e84881370a57cc6540e5d,optimal,1489236.1344061326,1489236.1344,6.132526323199272e-06,4.1179005676423585e-12,1,0.14892361344061291565686421605401e7,2.3451349145518495e-15,1,1,1.774452,1.3732526,590,600.0,threads=1,6379d2c0,Windows-AMD64,2026-09-30T16:05:27+00:00
base,1,ship12s,43bacbc026b0b5588ed9bec06b11fadfbff8beb19b4e84881370a57cc6540e5d,optimal,1489236.1344061326,1489236.1344,6.132526323199272e-06,4.1179005676423585e-12,1,0.14892361344061291565686421605401e7,2.3451349145518495e-15,1,1,2.370913,1.7022058,590,600.0,threads=1,9a50cc78,Windows-AMD64,2026-09-30T16:05:31+00:00
base,1,sierra,dbabb4bb56b9de7efbca7df842922c7c1ef620bcbee2aeb28f4bf3c5a3868cc9,optimal,15394362.183631925,15394362.184,0.0003680754452943802,2.3909756110385417e-11,1,0.1539436218363193e8,3.62985837349874e-16,1,1,1.68696,1.1360343,550,600.0,threads=1,9a50cc78,Windows-AMD64,2026-09-30T16:05:35+00:00
new,1,sierra,dbabb4bb56b9de7efbca7df842922c7c1ef620bcbee2aeb28f4bf3c5a3868cc9,optimal,15394362.183631925,15394362.184,0.0003680754452943802,2.3909756110385417e-11,1,0.1539436218363193e8,3.62985837349874e-16,1,1,2.824836,2.0155839,550,600.0,threads=1,6379d2c0,Windows-AMD64,2026-09-30T16:05:39+00:00
new,1,stair,30a16ec0d02cf6c490495340d2a718f533d8e5d88f839693eb4bc06671bd8649,optimal,-251.2669511929633,-251.26695119,2.9633042686327826e-09,1.17934501716146e-11,1,-0.25126695119296330352803637106304e3,0.0,1,1,1.189175,0.7109898,445,600.0,threads=1,6379d2c0,Windows-AMD64,2026-09-30T16:05:41+00:00
base,1,stair,30a16ec0d02cf6c490495340d2a718f533d8e5d88f839693eb4bc06671bd8649,optimal,-251.2669511929633,-251.26695119,2.9633042686327826e-09,1.17934501716146e-11,1,-0.25126695119296330352803637106304e3,0.0,1,1,1.423582,1.2643268,445,600.0,threads=1,9a50cc78,Windows-AMD64,2026-09-30T16:05:44+00:00
base,1,standata,a513e8587cb8d72ac1f6fb07b33642a212f55646fb2c04521cdfd04b959c6fb1,optimal,1257.6995000000002,1257.6995,2.2737367544323206e-13,1.8078537476021266e-16,1,0.12576995e4,1.8078537476021266e-16,1,1,1.176332,0.8836565,51,600.0,threads=1,9a50cc78,Windows-AMD64,2026-09-30T16:05:48+00:00
new,1,standata,a513e8587cb8d72ac1f6fb07b33642a212f55646fb2c04521cdfd04b959c6fb1,optimal,1257.6995000000002,1257.6995,2.2737367544323206e-13,1.8078537476021266e-16,1,0.12576995e4,1.8078537476021266e-16,1,1,1.167864,0.5681372,51,600.0,threads=1,6379d2c0,Windows-AMD64,2026-09-30T16:05:51+00:00
new,1,standmps,93bd6bc6251b7fee0f943e1c69a7b7e836b4b34e4c011c1a871be66a1cb7e00d,optimal,1406.0175000000002,1406.0175,2.2737367544323206e-13,1.617146838095771e-16,1,0.14060175e4,1.617146838095771e-16,1,1,2.426147,1.7986872,197,600.0,threads=1,6379d2c0,Windows-AMD64,2026-09-30T16:05:55+00:00
base,1,standmps,93bd6bc6251b7fee0f943e1c69a7b7e836b4b34e4c011c1a871be66a1cb7e00d,optimal,1406.0175000000002,1406.0175,2.2737367544323206e-13,1.617146838095771e-16,1,0.14060175e4,1.617146838095771e-16,1,1,1.088336,0.8201973,197,600.0,threads=1,9a50cc78,Windows-AMD64,2026-09-30T16:05:57+00:00
base,1,stocfor1,98e1cb3940233e044e3d0e50869539087acdf8f0862916f777e553afc705ba90,optimal,-41131.97621943643,-41131.976219,4.3643376557156444e-07,1.0610571280306333e-11,1,-0.41131976219436406065682760731514e5,5.306789230378818e-16,1,1,1.423952,1.0730462,104,600.0,threads=1,9a50cc78,Windows-AMD64,2026-09-30T16:05:59+00:00
new,1,stocfor1,98e1cb3940233e044e3d0e50869539087acdf8f0862916f777e553afc705ba90,optimal,-41131.97621943643,-41131.976219,4.3643376557156444e-07,1.0610571280306333e-11,1,-0.41131976219436406065682760731514e5,5.306789230378818e-16,1,1,0.991637,0.8120338,104,600.0,threads=1,6379d2c0,Windows-AMD64,2026-09-30T16:06:01+00:00
new,1,stocfor2,d54988bc39e9c48d13c8a3248913e9b6b77c2f8e9b9f4c3e4c76b060f6096b50,optimal,-39024.4085378821,-39024.408538,1.1790689313784242e-07,3.021362720283912e-12,1,-0.39024408537882029604587908772433e5,1.6780169381448573e-15,1,1,2.574461,2.1686522,1877,600.0,threads=1,6379d2c0,Windows-AMD64,2026-09-30T16:06:06+00:00
base,1,stocfor2,d54988bc39e9c48d13c8a3248913e9b6b77c2f8e9b9f4c3e4c76b060f6096b50,optimal,-39024.4085378821,-39024.408538,1.1790689313784242e-07,3.021362720283912e-12,1,-0.39024408537882029604587908772433e5,1.6780169381448573e-15,1,1,1.349357,0.9419223,1877,600.0,threads=1,9a50cc78,Windows-AMD64,2026-09-30T16:06:09+00:00
base,1,tuff,768782d2ab2d7d044061f56ba54ddd53cf5ea0666a965edd33d48803098e15e2,optimal,0.29214776509361284,0.29214776509,3.612832255583953e-12,3.612832255583953e-12,1,0.29214776509361284488226309994302e0,0.0,1,1,1.499349,0.8361358,242,600.0,threads=1,9a50cc78,Windows-AMD64,2026-09-30T16:06:13+00:00
new,1,tuff,768782d2ab2d7d044061f56ba54ddd53cf5ea0666a965edd33d48803098e15e2,optimal,0.29214776509361284,0.29214776509,3.612832255583953e-12,3.612832255583953e-12,1,0.29214776509361284488226309994302e0,0.0,1,1,1.303494,0.9012715,242,600.0,threads=1,6379d2c0,Windows-AMD64,2026-09-30T16:06:17+00:00
new,1,vtp.base,7c34b37d7714796bc0fe30d920f3ecf9866c018a018ee0349ceb85350581dc68,optimal,129831.46246136139,129831.46246,1.3613898772746325e-06,1.0485824094402891e-11,1,0.1298314624613613657395984384889e6,1.1208311877945293e-16,1,1,1.628922,0.8729915,162,600.0,threads=1,6379d2c0,Windows-AMD64,2026-09-30T16:06:19+00:00
base,1,vtp.base,7c34b37d7714796bc0fe30d920f3ecf9866c018a018ee0349ceb85350581dc68,optimal,129831.46246136139,129831.46246,1.3613898772746325e-06,1.0485824094402891e-11,1,0.1298314624613613657395984384889e6,1.1208311877945293e-16,1,1,0.991437,0.764639,162,600.0,threads=1,9a50cc78,Windows-AMD64,2026-09-30T16:06:21+00:00
base,1,wood1p,af3cac48f0727f1d9e1f1ecfa6de30168678800b39e38a808b5df90a48d61330,optimal,1.4429024115734101,1.4429024116,2.65898414397725e-11,1.8428024810276435e-11,1,0.14429024115734092400010936668043e1,6.155498892898885e-16,1,1,1.990689,1.1680437,219,600.0,threads=1,9a50cc78,Windows-AMD64,2026-09-30T16:06:29+00:00
new,1,wood1p,af3cac48f0727f1d9e1f1ecfa6de30168678800b39e38a808b5df90a48d61330,optimal,1.4429024115734101,1.4429024116,2.65898414397725e-11,1.8428024810276435e-11,1,0.14429024115734092400010936668043e1,6.155498892898885e-16,1,1,1.549337,0.8503916,219,600.0,threads=1,6379d2c0,Windows-AMD64,2026-09-30T16:06:34+00:00
new,1,woodw,01450b5407d3bb282595e2874e78c26dd7cdde87d70d663065e58bd3e6c288b0,optimal,1.3044763330842293,1.3044763331,1.577071806480035e-11,1.2089692748447418e-11,1,0.1304476333084229269005552085566e1,0.0,1,1,6.591276,5.6848758,2495,600.0,threads=1,6379d2c0,Windows-AMD64,2026-09-30T16:07:39+00:00
base,1,woodw,01450b5407d3bb282595e2874e78c26dd7cdde87d70d663065e58bd3e6c288b0,optimal,1.3044763330842293,1.3044763331,1.577071806480035e-11,1.2089692748447418e-11,1,0.1304476333084229269005552085566e1,0.0,1,1,4.054342,3.4131548,2495,600.0,threads=1,9a50cc78,Windows-AMD64,2026-09-30T16:09:19+00:00
new,2,25fv47,e0da0d47ae56bef34f11ac03563027da57dd4ab792d978c0dc8e27a16117f627,optimal,5501.84588828675,5501.8458883,1.3250428310129791e-08,2.4083604992112937e-12,1,0.55018458882867447945812325883916e4,9.918431598121063e-16,1,,2.983716,2.6447996,4586,600.0,threads=1,6379d2c0,Windows-AMD64,2026-09-30T16:09:22+00:00
base,2,25fv47,e0da0d47ae56bef34f11ac03563027da57dd4ab792d978c0dc8e27a16117f627,optimal,5501.84588828675,5501.8458883,1.3250428310129791e-08,2.4083604992112937e-12,1,0.55018458882867447945812325883916e4,9.918431598121063e-16,1,,2.497609,2.07225,4586,600.0,threads=1,9a50cc78,Windows-AMD64,2026-09-30T16:09:25+00:00
base,2,80bau3b,22aef70f5ce164435b15c5c0aa3be93a99932dc136eb936eb17835a661087b9f,optimal,987224.192409091,987232.16072,7.9683109089965,8.071364797501246e-06,0,0.98722419240909025757911711738799e6,8.254530825464809e-16,1,,2.258837,1.613107,3887,600.0,threads=1,9a50cc78,Windows-AMD64,2026-09-30T16:09:27+00:00
new,2,80bau3b,22aef70f5ce164435b15c5c0aa3be93a99932dc136eb936eb17835a661087b9f,optimal,987224.192409091,987232.16072,7.9683109089965,8.071364797501246e-06,0,0.98722419240909025757911711738799e6,8.254530825464809e-16,1,,1.723389,1.1072645,3887,600.0,threads=1,6379d2c0,Windows-AMD64,2026-09-30T16:09:29+00:00
new,2,adlittle,db211f7bf735518a246a2a0e385ec51abc09cd601da7ae50d6c3fe083cb6f94b,optimal,225494.96316238042,225494.96316,2.3804022930562496e-06,1.055634351959886e-11,1,0.22549496316238038228101176621492e6,1.29066432564952e-16,1,,0.987827,0.6022173,86,600.0,threads=1,6379d2c0,Windows-AMD64,2026-09-30T16:09:30+00:00
base,2,adlittle,db211f7bf735518a246a2a0e385ec51abc09cd601da7ae50d6c3fe083cb6f94b,optimal,225494.96316238042,225494.96316,2.3804022930562496e-06,1.055634351959886e-11,1,0.22549496316238038228101176621492e6,1.29066432564952e-16,1,,0.832718,0.5379906,86,600.0,threads=1,9a50cc78,Windows-AMD64,2026-09-30T16:09:30+00:00
base,2,afiro,04992b87e57e57c1c417c96b846833bfa12e055eeaa623f043c45fc773b5be41,optimal,-464.75314285714285,-464.75314286,2.857177605619654e-09,6.147731649617561e-12,1,-0.46475314285714285714285714285714e3,0.0,1,,0.566478,0.3474014,13,600.0,threads=1,9a50cc78,Windows-AMD64,2026-09-30T16:09:31+00:00
new,2,afiro,04992b87e57e57c1c417c96b846833bfa12e055eeaa623f043c45fc773b5be41,optimal,-464.75314285714285,-464.75314286,2.857177605619654e-09,6.147731649617561e-12,1,-0.46475314285714285714285714285714e3,0.0,1,,0.538081,0.3093161,13,600.0,threads=1,6379d2c0,Windows-AMD64,2026-09-30T16:09:31+00:00
new,2,agg,d7844795d0c799f5cdc1416c8d242f5e8f351f5a3271f42a2d428f170abf1f03,optimal,-35991767.2865765,-35991767.287,0.0004234984517097473,1.1766536728601052e-11,1,-0.35991767286576506712640824319636e8,2.070079120483366e-16,1,,1.467467,1.2358542,140,600.0,threads=1,6379d2c0,Windows-AMD64,2026-09-30T16:09:33+00:00
base,2,agg,d7844795d0c799f5cdc1416c8d242f5e8f351f5a3271f42a2d428f170abf1f03,optimal,-35991767.2865765,-35991767.287,0.0004234984517097473,1.1766536728601052e-11,1,-0.35991767286576506712640824319636e8,2.070079120483366e-16,1,,1.402385,1.1543358,140,600.0,threads=1,9a50cc78,Windows-AMD64,2026-09-30T16:09:34+00:00
base,2,agg2,0515e9b78a802f9473578b23a7a60075554fc39ea7b5796fb41530cd760e4534,optimal,-20239252.355977118,-20239252.356,2.2880733013153076e-05,1.130512758608398e-12,1,-0.20239252355977109024317661926133e8,3.6812528772701937e-16,1,,0.805426,0.4788272,165,600.0,threads=1,9a50cc78,Windows-AMD64,2026-09-30T16:09:35+00:00
new,2,agg2,0515e9b78a802f9473578b23a7a60075554fc39ea7b5796fb41530cd760e4534,optimal,-20239252.355977118,-20239252.356,2.2880733013153076e-05,1.130512758608398e-12,1,-0.20239252355977109024317661926133e8,3.6812528772701937e-16,1,,0.69625,0.4163371,165,600.0,threads=1,6379d2c0,Windows-AMD64,2026-09-30T16:09:36+00:00
new,2,agg3,1a6e78a0b7d210c935c97527ce49449d0655f9605fcbc33bfdfc93952f3b12d1,optimal,10312115.935089227,10312115.935,8.922629058361053e-05,8.652568604351182e-12,1,0.10312115935089225579061058796215e8,1.8062686270747795e-16,1,,0.937072,0.6656261,168,600.0,threads=1,6379d2c0,Windows-AMD64,2026-09-30T16:09:37+00:00
base,2,agg3,1a6e78a0b7d210c935c97527ce49449d0655f9605fcbc33bfdfc93952f3b12d1,optimal,10312115.935089227,10312115.935,8.922629058361053e-05,8.652568604351182e-12,1,0.10312115935089225579061058796215e8,1.8062686270747795e-16,1,,2.070112,1.3238462,168,600.0,threads=1,9a50cc78,Windows-AMD64,2026-09-30T16:09:39+00:00
base,2,bandm,696daa77a79a0715c2fad877285e49bd7fcd7f5513f3cb83fbe0be916b6d8c81,optimal,-158.62801845012086,-158.62801845,1.2084910849807784e-10,7.61839614961652e-13,1,-0.15862801845012064052174123768736e3,1.4333765098044641e-15,1,,2.364217,1.7222335,520,600.0,threads=1,9a50cc78,Windows-AMD64,2026-09-30T16:09:41+00:00
new,2,bandm,696daa77a79a0715c2fad877285e49bd7fcd7f5513f3cb83fbe0be916b6d8c81,optimal,-158.62801845012086,-158.62801845,1.2084910849807784e-10,7.61839614961652e-13,1,-0.15862801845012064052174123768736e3,1.4333765098044641e-15,1,,1.28472,1.022484,520,600.0,threads=1,6379d2c0,Windows-AMD64,2026-09-30T16:09:43+00:00
new,2,beaconfd,7138e7b58b1d6160f1ad42112a61ed00b5db1c92d73dc48d77f6a26fc717dbfc,optimal,33592.485807200006,33592.485807,2.000087988562882e-07,5.953974350258128e-12,1,0.335924858072e5,2.1659479610835895e-16,1,,0.708257,0.4954691,115,600.0,threads=1,6379d2c0,Windows-AMD64,2026-09-30T16:09:43+00:00
base,2,beaconfd,7138e7b58b1d6160f1ad42112a61ed00b5db1c92d73dc48d77f6a26fc717dbfc,optimal,33592.485807200006,33592.485807,2.000087988562882e-07,5.953974350258128e-12,1,0.335924858072e5,2.1659479610835895e-16,1,,0.645671,0.4412354,115,600.0,threads=1,9a50cc78,Windows-AMD64,2026-09-30T16:09:44+00:00
base,2,blend,38e1d84a38f1e0adaa16d3dd0abe758f6cea13a21f33681aa92742b693260aef,optimal,-30.812149845828223,-30.812149846,1.7177725908368302e-10,5.574984541560087e-12,1,-0.30812149845828220173774356124984e2,1.1530236275549973e-16,1,,0.51751,0.3423382,99,600.0,threads=1,9a50cc78,Windows-AMD64,2026-09-30T16:09:44+00:00
new,2,blend,38e1d84a38f1e0adaa16d3dd0abe758f6cea13a21f33681aa92742b693260aef,optimal,-30.812149845828223,-30.812149846,1.7177725908368302e-10,5.574984541560087e-12,1,-0.30812149845828220173774356124984e2,1.1530236275549973e-16,1,,0.66836,0.4423824,99,600.0,threads=1,6379d2c0,Windows-AMD64,2026-09-30T16:09:45+00:00
new,2,bnl1,7a842adca058eaa3cb712b3bbae357602f22df6cc318c4d278f6600167fe2300,optimal,1977.629561522888,1977.6292856,0.00027592288802225085,1.3952204795477512e-07,1,0.19776295615228892439564398331821e4,5.748641703862406e-16,1,,2.517449,2.2914032,1674,600.0,threads=1,6379d2c0,Windows-AMD64,2026-09-30T16:09:48+00:00
base,2,bnl1,7a842adca058eaa3cb712b3bbae357602f22df6cc318c4d278f6600167fe2300,optimal,1977.629561522888,1977.6292856,0.00027592288802225085,1.3952204795477512e-07,1,0.19776295615228892439564398331821e4,5.748641703862406e-16,1,,1.507011,1.3306981,1674,600.0,threads=1,9a50cc78,Windows-AMD64,2026-09-30T16:09:49+00:00
base,2,bnl2,eafd7e49005db1a020d420b3fbed2e124bebf46740c0b2550edcbaa17b07ad6b,optimal,1811.236540358547,1811.2365404,4.145294951740652e-08,2.2886546617622845e-11,1,0.1811236540358545170448413697691e4,1.004280425562625e-15,1,,2.178394,1.8359009,2377,600.0,threads=1,9a50cc78,Windows-AMD64,2026-09-30T16:09:51+00:00
new,2,bnl2,eafd7e49005db1a020d420b3fbed2e124bebf46740c0b2550edcbaa17b07ad6b,optimal,1811.236540358547,1811.2365404,4.145294951740652e-08,2.2886546617622845e-11,1,0.1811236540358545170448413697691e4,1.004280425562625e-15,1,,1.276462,1.0311095,2377,600.0,threads=1,6379d2c0,Windows-AMD64,2026-09-30T16:09:53+00:00
new,2,boeing1,1d9d58afaf41bad6866d5355330b261d3776ca86753d121eb9b688ee6128ab9e,optimal,-335.213567507127,-335.21356751,2.8730369194818195e-09,8.570765619133575e-12,1,-0.3352135675071266218429697314682e3,1.0174424493053884e-15,1,,0.616053,0.4578604,465,600.0,threads=1,6379d2c0,Windows-AMD64,2026-09-30T16:09:53+00:00
base,2,boeing1,1d9d58afaf41bad6866d5355330b261d3776ca86753d121eb9b688ee6128ab9e,optimal,-335.213567507127,-335.21356751,2.8730369194818195e-09,8.570765619133575e-12,1,-0.3352135675071266218429697314682e3,1.0174424493053884e-15,1,,0.796169,0.6608535,465,600.0,threads=1,9a50cc78,Windows-AMD64,2026-09-30T16:09:54+00:00
base,2,boeing2,e12e729b8c09bf6e6934af40b728e460d4eb360c42419b791b68fb2271ddd61a,optimal,-315.0187280152028,-315.01872802,4.797243491339032e-09,1.522843902485208e-11,1,-0.31501872801520287870462195913263e3,3.608891396327696e-16,1,,0.468611,0.1762943,223,600.0,threads=1,9a50cc78,Windows-AMD64,2026-09-30T16:09:54+00:00
new,2,boeing2,e12e729b8c09bf6e6934af40b728e460d4eb360c42419b791b68fb2271ddd61a,optimal,-315.0187280152028,-315.01872802,4.797243491339032e-09,1.522843902485208e-11,1,-0.31501872801520287870462195913263e3,3.608891396327696e-16,1,,0.70183,0.5232198,223,600.0,threads=1,6379d2c0,Windows-AMD64,2026-09-30T16:09:55+00:00
new,2,bore3d,c7cfe0d4abd466346e3cda4e16d00651f44f3ce1da317cf583c5fed5dfc0515a,optimal,1373.080394208493,1373.0803942,8.493088898831047e-09,6.185427258816399e-12,1,0.13730803942084927215581987251301e4,3.3118770962322394e-16,1,,0.790636,0.6154843,162,600.0,threads=1,6379d2c0,Windows-AMD64,2026-09-30T16:09:56+00:00
base,2,bore3d,c7cfe0d4abd466346e3cda4e16d00651f44f3ce1da317cf583c5fed5dfc0515a,optimal,1373.080394208493,1373.0803942,8.493088898831047e-09,6.185427258816399e-12,1,0.13730803942084927215581987251301e4,3.3118770962322394e-16,1,,0.606065,0.4398329,162,600.0,threads=1,9a50cc78,Windows-AMD64,2026-09-30T16:09:57+00:00
base,2,brandy,56fa020b84a0a106b7883b7da006c2852449598898c41ec8dd2575151d0e0917,optimal,1518.509896488128,1518.5098965,1.1871861715917476e-08,7.818099666838409e-12,1,0.15185098964881283835426751550618e4,1.4973473401067798e-16,1,,0.80358,0.632378,299,600.0,threads=1,9a50cc78,Windows-AMD64,2026-09-30T16:09:57+00:00
new,2,brandy,56fa020b84a0a106b7883b7da006c2852449598898c41ec8dd2575151d0e0917,optimal,1518.509896488128,1518.5098965,1.1871861715917476e-08,7.818099666838409e-12,1,0.15185098964881283835426751550618e4,1.4973473401067798e-16,1,,1.067739,0.756575,299,600.0,threads=1,6379d2c0,Windows-AMD64,2026-09-30T16:09:58+00:00
new,2,capri,4932bc8861fcdaf19256827b7ee229941fa6f2e84f2044b65300326c226fba78,optimal,2690.0129137681615,2690.0129138,3.18386810249649e-08,1.1835884081310426e-11,1,0.26900129137681610087717280693754e4,1.690502482567846e-16,1,,1.254934,1.1137567,259,600.0,threads=1,6379d2c0,Windows-AMD64,2026-09-30T16:10:00+00:00
base,2,capri,4932bc8861fcdaf19256827b7ee229941fa6f2e84f2044b65300326c226fba78,optimal,2690.0129137681615,2690.0129138,3.18386810249649e-08,1.1835884081310426e-11,1,0.26900129137681610087717280693754e4,1.690502482567846e-16,1,,0.960431,0.4706344,259,600.0,threads=1,9a50cc78,Windows-AMD64,2026-09-30T16:10:01+00:00
base,2,cycle,bfc8edde30952b8dfa354679ea3a3231c2e7eb762c0ff8f0f845505741816d53,optimal,-5.226393024894101,-5.2263930249,5.899281063648232e-12,1.1287480745405875e-12,1,-0.52263930248941017172447233836217e1,1.699409928548421e-16,1,,0.517045,0.2842635,335,600.0,threads=1,9a50cc78,Windows-AMD64,2026-09-30T16:10:01+00:00
new,2,cycle,bfc8edde30952b8dfa354679ea3a3231c2e7eb762c0ff8f0f845505741816d53,optimal,-5.226393024894101,-5.2263930249,5.899281063648232e-12,1.1287480745405875e-12,1,-0.52263930248941017172447233836217e1,1.699409928548421e-16,1,,0.920689,0.4685041,335,600.0,threads=1,6379d2c0,Windows-AMD64,2026-09-30T16:10:02+00:00
new,2,czprob,b1f30bd25705fcc3c4f195d7e627e437788035f81fae9198e3096471b947f704,optimal,2185196.698856578,2185196.6989,4.342198371887207e-05,1.98709725951582e-11,1,0.21851966988565774858951155947191e7,4.261962207350949e-16,1,,0.528632,0.2898467,981,600.0,threads=1,6379d2c0,Windows-AMD64,2026-09-30T16:10:03+00:00
base,2,czprob,b1f30bd25705fcc3c4f195d7e627e437788035f81fae9198e3096471b947f704,optimal,2185196.698856578,2185196.6989,4.342198371887207e-05,1.98709725951582e-11,1,0.21851966988565774858951155947191e7,4.261962207350949e-16,1,,1.167209,0.7273082,981,600.0,threads=1,9a50cc78,Windows-AMD64,2026-09-30T16:10:04+00:00
base,2,d2q06c,fb1516a10aba6a4101cea6cec90c1da775ac60d2d2cd96e902bbe21a430790c9,optimal,122784.21081418934,122784.23615,0.02533581065654289,2.0634416478016988e-07,1,0.12278421081418945895739128812392e6,9.481294138307999e-16,1,,8.21182,7.6151187,14998,600.0,threads=1,9a50cc78,Windows-AMD64,2026-09-30T16:10:12+00:00
new,2,d2q06c,fb1516a10aba6a4101cea6cec90c1da775ac60d2d2cd96e902bbe21a430790c9,optimal,122784.21081418934,122784.23615,0.02533581065654289,2.0634416478016988e-07,1,0.12278421081418945895739128812392e6,9.481294138307999e-16,1,,9.807932,9.3351649,14998,600.0,threads=1,6379d2c0,Windows-AMD64,2026-09-30T16:10:22+00:00
new,2,d6cube,8cd94ee7783bcbce884acde1f4769f5c79739c9460fe73cb948924e724b02dfa,optimal,315.49166666666713,315.49166667,3.3328433346468955e-09,1.0563966300044954e-11,1,0.31549166666666666666666666666667e3,1.4413925910979079e-15,1,,1.553689,1.2631704,868,600.0,threads=1,6379d2c0,Windows-AMD64,2026-09-30T16:10:23+00:00
base,2,d6cube,8cd94ee7783bcbce884acde1f4769f5c79739c9460fe73cb948924e724b02dfa,optimal,315.49166666666713,315.49166667,3.3328433346468955e-09,1.0563966300044954e-11,1,0.31549166666666666666666666666667e3,1.4413925910979079e-15,1,,2.689241,2.1686495,868,600.0,threads=1,9a50cc78,Windows-AMD64,2026-09-30T16:10:26+00:00
base,2,degen2,755cf6ca5f3a8ed1b8b68372e8d2d3b5efee784ee69b1dada923c6ff04ee0edb,optimal,-1435.178,-1435.178,0.0,0.0,1,-0.1435178e4,0.0,1,,0.636238,0.400602,611,600.0,threads=1,9a50cc78,Windows-AMD64,2026-09-30T16:10:27+00:00
new,2,degen2,755cf6ca5f3a8ed1b8b68372e8d2d3b5efee784ee69b1dada923c6ff04ee0edb,optimal,-1435.178,-1435.178,0.0,0.0,1,-0.1435178e4,0.0,1,,0.921654,0.8367838,611,600.0,threads=1,6379d2c0,Windows-AMD64,2026-09-30T16:10:28+00:00
new,2,degen3,08d600688c524fea548e946af5551ef8c359c7a7e71b8841acc839b00eefadeb,optimal,-987.2939999999999,-987.294,1.1368683772161603e-13,1.151499327673581e-16,1,-0.987294e3,1.151499327673581e-16,1,,3.486082,3.1727509,3164,600.0,threads=1,6379d2c0,Windows-AMD64,2026-09-30T16:10:31+00:00
base,2,degen3,08d600688c524fea548e946af5551ef8c359c7a7e71b8841acc839b00eefadeb,optimal,-987.2939999999999,-987.294,1.1368683772161603e-13,1.151499327673581e-16,1,-0.987294e3,1.151499327673581e-16,1,,4.346177,3.9676865,3164,600.0,threads=1,9a50cc78,Windows-AMD64,2026-09-30T16:10:36+00:00
base,2,dfl001,85d47c5f8a5fc53772eabac1805b7a1af72431cad9e14d26d673043980952730,optimal,11266396.0466714,11266400.0,3.953328600153327,3.508954590777291e-07,1,0.11266396046671392202377652175477e8,6.613100201750026e-16,1,,167.165055,166.0108912,85012,600.0,threads=1,9a50cc78,Windows-AMD64,2026-09-30T16:13:23+00:00
new,2,dfl001,85d47c5f8a5fc53772eabac1805b7a1af72431cad9e14d26d673043980952730,optimal,11266396.0466714,11266400.0,3.953328600153327,3.508954590777291e-07,1,0.11266396046671392202377652175477e8,6.613100201750026e-16,1,,175.79354,174.1175618,85012,600.0,threads=1,6379d2c0,Windows-AMD64,2026-09-30T16:16:19+00:00
new,2,e226,ddf56486daea52c8592b520aeb83d329223a1b45a3e5a269bd663ef9195bd8d8,optimal,-11.638929066370528,-18.751929066,7.112999999629471,0.3793209741032129,0,-0.18751929066370549102605687681285e2,1.1367514242058077e-15,1,,0.320471,0.0614014,435,600.0,threads=1,6379d2c0,Windows-AMD64,2026-09-30T16:16:19+00:00
base,2,e226,ddf56486daea52c8592b520aeb83d329223a1b45a3e5a269bd663ef9195bd8d8,optimal,-11.638929066370528,-18.751929066,7.112999999629471,0.3793209741032129,0,-0.18751929066370549102605687681285e2,1.1367514242058077e-15,1,,1.080967,0.8470965,435,600.0,threads=1,9a50cc78,Windows-AMD64,2026-09-30T16:16:20+00:00
base,2,etamacro,41701e1add7af2ed2b21a421ab7271bc867e6bc7ad98ac189748d6522e7d4926,optimal,-755.7152333505866,-755.71521774,1.561058661536663e-05,2.0656705394990964e-08,1,-0.7557152333749133350792583667773e3,3.2190312516305756e-11,1,,0.872072,0.6870598,779,600.0,threads=1,9a50cc78,Windows-AMD64,2026-09-30T16:16:21+00:00
new,2,etamacro,41701e1add7af2ed2b21a421ab7271bc867e6bc7ad98ac189748d6522e7d4926,optimal,-755.7152333505866,-755.71521774,1.561058661536663e-05,2.0656705394990964e-08,1,-0.7557152333749133350792583667773e3,3.2190312516305756e-11,1,,0.437834,0.2022812,779,600.0,threads=1,6379d2c0,Windows-AMD64,2026-09-30T16:16:21+00:00
new,2,fffff800,9d6695686c15d5f1b4f43b2ce8830c1d38df3a204717d8875f144aa21b33901e,optimal,555679.5648174962,555679.61165,0.046832503750920296,8.427968701579461e-08,1,0.555679564817496376532864378969e6,2.0950081521383547e-16,1,,1.019444,0.6741364,706,600.0,threads=1,6379d2c0,Windows-AMD64,2026-09-30T16:16:22+00:00
base,2,fffff800,9d6695686c15d5f1b4f43b2ce8830c1d38df3a204717d8875f144aa21b33901e,optimal,555679.5648174962,555679.61165,0.046832503750920296,8.427968701579461e-08,1,0.555679564817496376532864378969e6,2.0950081521383547e-16,1,,0.277067,0.0885933,706,600.0,threads=1,9a50cc78,Windows-AMD64,2026-09-30T16:16:23+00:00
base,2,finnis,891821f24a8cd14af78b95bb460a56f0e0b5410a59ad01ab58d9daf3387e7546,optimal,172791.06559561164,172790.96547,0.10012561164330691,5.794609189835839e-07,1,0.17279106559561159432297900375543e6,3.3686730684150445e-16,1,,0.717371,0.6147694,398,600.0,threads=1,9a50cc78,Windows-AMD64,2026-09-30T16:16:23+00:00
new,2,finnis,891821f24a8cd14af78b95bb460a56f0e0b5410a59ad01ab58d9daf3387e7546,optimal,172791.06559561164,172790.96547,0.10012561164330691,5.794609189835839e-07,1,0.17279106559561159432297900375543e6,3.3686730684150445e-16,1,,0.256156,0.1484736,398,600.0,threads=1,6379d2c0,Windows-AMD64,2026-09-30T16:16:24+00:00
new,2,fit1d,59cee4fedd040a05c05d8410474ee014f42ef910e083689202be708491fe8717,optimal,-9146.378092420928,-9146.3780924,2.092747308779508e-08,2.2880612277754342e-12,1,-0.91463780924209269467749025024617e4,0.0,1,,0.691304,0.3705922,56,600.0,threads=1,6379d2c0,Windows-AMD64,2026-09-30T16:16:24+00:00
base,2,fit1d,59cee4fedd040a05c05d8410474ee014f42ef910e083689202be708491fe8717,optimal,-9146.378092420928,-9146.3780924,2.092747308779508e-08,2.2880612277754342e-12,1,-0.91463780924209269467749025024617e4,0.0,1,,0.91136,0.5111448,56,600.0,threads=1,9a50cc78,Windows-AMD64,2026-09-30T16:16:25+00:00
base,2,fit1p,416e77d83daf74dee5ec1d253b77f8e252ff3e27cd123459218b02ef2be0df17,optimal,9146.378092420935,9146.3780924,2.0934749045409262e-08,2.288856729288785e-12,1,0.91463780924209269467749025024617e4,7.955015133490479e-16,1,,2.577481,2.2012503,1088,600.0,threads=1,9a50cc78,Windows-AMD64,2026-09-30T16:16:28+00:00
new,2,fit1p,416e77d83daf74dee5ec1d253b77f8e252ff3e27cd123459218b02ef2be0df17,optimal,9146.378092420935,9146.3780924,2.0934749045409262e-08,2.288856729288785e-12,1,0.91463780924209269467749025024617e4,7.955015133490479e-16,1,,0.74122,0.5765676,1088,600.0,threads=1,6379d2c0,Windows-AMD64,2026-09-30T16:16:29+00:00
new,2,fit2d,1c16c328c0358ab175596bdd6b9a2c5d1cb4bb53b099d5d1f2a208a889c7bafc,optimal,-68464.2932938321,-68464.293294,1.6789999790489674e-07,2.4523731981559937e-12,1,-0.68464293293832069575943518435837e5,4.2509502481574083e-16,1,,1.407614,0.7282336,226,600.0,threads=1,6379d2c0,Windows-AMD64,2026-09-30T16:16:30+00:00
base,2,fit2d,1c16c328c0358ab175596bdd6b9a2c5d1cb4bb53b099d5d1f2a208a889c7bafc,optimal,-68464.2932938321,-68464.293294,1.6789999790489674e-07,2.4523731981559937e-12,1,-0.68464293293832069575943518435837e5,4.2509502481574083e-16,1,,1.65683,0.5234448,226,600.0,threads=1,9a50cc78,Windows-AMD64,2026-09-30T16:16:32+00:00
base,2,fit2p,0f44de8ea974ed4cc04fb60ccd2707c2f887dc65f8b6b9bd1e9f01bb59dd4a4f,optimal,68464.29329383219,68464.293232,6.183219375088811e-05,9.031305346476276e-10,1,0.68464293293832069575943518435837e5,1.7003800992629633e-15,1,,11.941109,11.4032022,10207,600.0,threads=1,9a50cc78,Windows-AMD64,2026-09-30T16:16:44+00:00
new,2,fit2p,0f44de8ea974ed4cc04fb60ccd2707c2f887dc65f8b6b9bd1e9f01bb59dd4a4f,optimal,68464.29329383219,68464.293232,6.183219375088811e-05,9.031305346476276e-10,1,0.68464293293832069575943518435837e5,1.7003800992629633e-15,1,,5.36771,5.1731348,10207,600.0,threads=1,6379d2c0,Windows-AMD64,2026-09-30T16:16:49+00:00
new,2,forplan,65ec816c0b3c58ec4d61574df130a3ce464abb42f3d49de21710a787bf3cfdc7,optimal,-664.2189612722065,-664.21873953,0.00022174220646320464,3.3383913049503697e-07,1,-0.66421896127220457481235119701692e3,2.909697485247549e-15,1,,0.04376,0.0056789,298,600.0,threads=1,6379d2c0,Windows-AMD64,2026-09-30T16:16:49+00:00
base,2,forplan,65ec816c0b3c58ec4d61574df130a3ce464abb42f3d49de21710a787bf3cfdc7,optimal,-664.2189612722065,-664.21873953,0.00022174220646320464,3.3383913049503697e-07,1,-0.66421896127220457481235119701692e3,2.909697485247549e-15,1,,0.042765,0.0074643,298,600.0,threads=1,9a50cc78,Windows-AMD64,2026-09-30T16:16:49+00:00
base,2,ganges,f655f33ba979a59d659a8605acaf480c2fe5c610f3a50921bbcac7be40546067,optimal,-109585.73612927819,-109586.36356,0.6274307218118338,5.72544522355929e-06,0,-0.10958573612927811623444890424357e6,6.639511556139013e-16,1,,0.074614,0.0353593,1183,600.0,threads=1,9a50cc78,Windows-AMD64,2026-09-30T16:16:49+00:00
new,2,ganges,f655f33ba979a59d659a8605acaf480c2fe5c610f3a50921bbcac7be40546067,optimal,-109585.73612927819,-109586.36356,0.6274307218118338,5.72544522355929e-06,0,-0.10958573612927811623444890424357e6,6.639511556139013e-16,1,,0.067652,0.0313209,1183,600.0,threads=1,6379d2c0,Windows-AMD64,2026-09-30T16:16:49+00:00
new,2,gfrd-pnc,d66ea78a803e91e4f38dcd74ca4c575aa742e27e7120c1c3494d4d424ee5c936,optimal,6902235.999548811,6902235.9995,4.8811547458171844e-05,7.071845625346303e-12,1,0.69022359995488088295415596232193e7,4.047916825835967e-16,1,,0.042885,0.012417,448,600.0,threads=1,6379d2c0,Windows-AMD64,2026-09-30T16:16:49+00:00
base,2,gfrd-pnc,d66ea78a803e91e4f38dcd74ca4c575aa742e27e7120c1c3494d4d424ee5c936,optimal,6902235.999548811,6902235.9995,4.8811547458171844e-05,7.071845625346303e-12,1,0.69022359995488088295415596232193e7,4.047916825835967e-16,1,,0.045366,0.0125786,448,600.0,threads=1,9a50cc78,Windows-AMD64,2026-09-30T16:16:49+00:00
base,2,greenbea,cb701e3ba5153e385b8cb6426e34b5d23bad4b1b9c9a037802e351c24b0f653d,optimal,-72555248.12984598,-72462405.908,92842.22184596956,0.0012812467469524025,0,-0.72555248129845987457557870574845e8,2.0537675189505668e-16,1,,2.022691,1.8811438,8526,600.0,threads=1,9a50cc78,Windows-AMD64,2026-09-30T16:16:51+00:00
new,2,greenbea,cb701e3ba5153e385b8cb6426e34b5d23bad4b1b9c9a037802e351c24b0f653d,optimal,-72555248.12984598,-72462405.908,92842.22184596956,0.0012812467469524025,0,-0.72555248129845987457557870574845e8,2.0537675189505668e-16,1,,2.427833,2.2379881,8526,600.0,threads=1,6379d2c0,Windows-AMD64,2026-09-30T16:16:54+00:00
new,2,greenbeb,21f92f6a32f71ec72c8f693d6685e4a91ecb2debec732ec61302bc866f370865,optimal,-4302260.261206586,-4302147.6065,112.65470658615232,2.6185690703858075e-05,0,-0.43022602612065867539213672544432e7,2.1647285800285016e-16,1,,3.206095,3.0137144,10966,600.0,threads=1,6379d2c0,Windows-AMD64,2026-09-30T16:16:57+00:00
base,2,greenbeb,21f92f6a32f71ec72c8f693d6685e4a91ecb2debec732ec61302bc866f370865,optimal,-4302260.261206586,-4302147.6065,112.65470658615232,2.6185690703858075e-05,0,-0.43022602612065867539213672544432e7,2.1647285800285016e-16,1,,2.607369,2.4265801,10966,600.0,threads=1,9a50cc78,Windows-AMD64,2026-09-30T16:17:00+00:00
base,2,grow15,ab84e2f83d00c5bd26291e0505f23804b050bc96dc1e576d9da8f04e1f6ed51f,optimal,-106870941.29357535,-106870941.29,0.003575339913368225,3.345474335878028e-11,1,-0.10687094129357533671604040930313e9,1.3943136472349437e-16,1,,0.096341,0.0549557,1238,600.0,threads=1,9a50cc78,Windows-AMD64,2026-09-30T16:17:00+00:00
new,2,grow15,ab84e2f83d00c5bd26291e0505f23804b050bc96dc1e576d9da8f04e1f6ed51f,optimal,-106870941.29357535,-106870941.29,0.003575339913368225,3.345474335878028e-11,1,-0.10687094129357533671604040930313e9,1.3943136472349437e-16,1,,0.086863,0.0495096,1238,600.0,threads=1,6379d2c0,Windows-AMD64,2026-09-30T16:17:00+00:00
new,2,grow22,671111a1623539730f4caa9366c7eda43fb472137773cd9444dc96ed87f9810e,optimal,-160834336.482563,-160834336.48,0.002562999725341797,1.5935650194077246e-11,1,-0.16083433648256296718456039982613e9,1.8529825806771284e-16,1,,0.195059,0.1493646,2264,600.0,threads=1,6379d2c0,Windows-AMD64,2026-09-30T16:17:00+00:00
base,2,grow22,671111a1623539730f4caa9366c7eda43fb472137773cd9444dc96ed87f9810e,optimal,-160834336.482563,-160834336.48,0.002562999725341797,1.5935650194077246e-11,1,-0.16083433648256296718456039982613e9,1.8529825806771284e-16,1,,0.171165,0.1322469,2264,600.0,threads=1,9a50cc78,Windows-AMD64,2026-09-30T16:17:00+00:00
base,2,grow7,6b8734ffdf991a36f17cfddf306834a4a3ced3e17964cac9fa2983a043906cd4,optimal,-47787811.8147115,-47787811.815,0.00028849393129348755,6.036977219428426e-12,1,-0.47787811814711502616766956242865e8,0.0,1,,0.045202,0.0105358,337,600.0,threads=1,9a50cc78,Windows-AMD64,2026-09-30T16:17:00+00:00
new,2,grow7,6b8734ffdf991a36f17cfddf306834a4a3ced3e17964cac9fa2983a043906cd4,optimal,-47787811.8147115,-47787811.815,0.00028849393129348755,6.036977219428426e-12,1,-0.47787811814711502616766956242865e8,0.0,1,,0.042409,0.0105184,337,600.0,threads=1,6379d2c0,Windows-AMD64,2026-09-30T16:17:00+00:00
new,2,israel,96564e1fddcbb6e3d46447fceb54b9d18260b95e95075c3a19f5812f9bf5ceeb,optimal,-896644.821863046,-896644.82186,3.0460068956017494e-06,3.3971164739267804e-12,1,-0.89664482186304572966200464196045e6,3.8950313096677714e-16,1,,0.036559,0.0052542,170,600.0,threads=1,6379d2c0,Windows-AMD64,2026-09-30T16:17:00+00:00
base,2,israel,96564e1fddcbb6e3d46447fceb54b9d18260b95e95075c3a19f5812f9bf5ceeb,optimal,-896644.821863046,-896644.82186,3.0460068956017494e-06,3.3971164739267804e-12,1,-0.89664482186304572966200464196045e6,3.8950313096677714e-16,1,,0.031506,0.004609,170,600.0,threads=1,9a50cc78,Windows-AMD64,2026-09-30T16:17:00+00:00
base,2,kb2,f0eb647d1d9aac84f49d88662b6b02c6cecc04496e5435be733eced36d7f48f2,optimal,-1749.9001299062058,-1749.9001299,6.205937097547576e-09,3.5464521611883195e-12,1,-0.17499001299062057129526866493726e4,1.2993522976389474e-16,1,,0.028926,0.0009978,51,600.0,threads=1,9a50cc78,Windows-AMD64,2026-09-30T16:17:00+00:00
new,2,kb2,f0eb647d1d9aac84f49d88662b6b02c6cecc04496e5435be733eced36d7f48f2,optimal,-1749.9001299062058,-1749.9001299,6.205937097547576e-09,3.5464521611883195e-12,1,-0.17499001299062057129526866493726e4,1.2993522976389474e-16,1,,0.028203,0.0018091,51,600.0,threads=1,6379d2c0,Windows-AMD64,2026-09-30T16:17:00+00:00
new,2,lotfi,fcb90a1b5e02b2eae67adacd0937a073d420ca92ac6af514ee13a348d7f31623,optimal,-25.264706061880016,-25.264706062,1.1998224636045052e-10,4.74900622496902e-12,1,-0.2526470606188e2,7.030981619376371e-16,1,,0.026285,0.0032205,200,600.0,threads=1,6379d2c0,Windows-AMD64,2026-09-30T16:17:00+00:00
base,2,lotfi,fcb90a1b5e02b2eae67adacd0937a073d420ca92ac6af514ee13a348d7f31623,optimal,-25.264706061880016,-25.264706062,1.1998224636045052e-10,4.74900622496902e-12,1,-0.2526470606188e2,7.030981619376371e-16,1,,0.029123,0.0031073,200,600.0,threads=1,9a50cc78,Windows-AMD64,2026-09-30T16:17:00+00:00
base,2,maros,4910e97a363fca07d2fb72838fa26629329a9a8dcd6a4da186f560424bd67077,optimal,-58063.743701125895,-58063.743701,1.2589589459821582e-07,2.1682359175205506e-12,1,-0.58063743701125895401208534974734e5,0.0,1,,0.13573,0.0938391,1802,600.0,threads=1,9a50cc78,Windows-AMD64,2026-09-30T16:17:01+00:00
new,2,maros,4910e97a363fca07d2fb72838fa26629329a9a8dcd6a4da186f560424bd67077,optimal,-58063.743701125895,-58063.743701,1.2589589459821582e-07,2.1682359175205506e-12,1,-0.58063743701125895401208534974734e5,0.0,1,,0.165513,0.1136252,1802,600.0,threads=1,6379d2c0,Windows-AMD64,2026-09-30T16:17:01+00:00
new,2,maros-r7,e97f59ab32a8280526c26c210aacabd6e0c05300e67a0d4afd00b95d245f8db7,optimal,1497185.1664813687,1497185.1665,1.86313409358263e-05,1.2444246278088076e-11,1,0.14971851664796437907337543903552e7,1.1520347962326122e-12,1,,21.256118,20.933121,28,600.0,threads=1,6379d2c0,Windows-AMD64,2026-09-30T16:17:22+00:00
base,2,maros-r7,e97f59ab32a8280526c26c210aacabd6e0c05300e67a0d4afd00b95d245f8db7,optimal,1497185.1664813687,1497185.1665,1.86313409358263e-05,1.2444246278088076e-11,1,0.14971851664796437907337543903552e7,1.1520347962326122e-12,1,,26.357252,25.7341622,28,600.0,threads=1,9a50cc78,Windows-AMD64,2026-09-30T16:17:48+00:00
base,2,modszk1,af109be42aa6bd62fc307b623184c69f1030db2f8e1682c636b387a49fd8da43,optimal,320.6197290642054,320.61972906,4.2053898141602986e-09,1.311644117001082e-11,1,0.32061972906431580494333823530763e3,3.4430170516907005e-13,1,,1.022348,0.9055408,662,600.0,threads=1,9a50cc78,Windows-AMD64,2026-09-30T16:17:49+00:00
new,2,modszk1,af109be42aa6bd62fc307b623184c69f1030db2f8e1682c636b387a49fd8da43,optimal,320.6197290642054,320.61972906,4.2053898141602986e-09,1.311644117001082e-11,1,0.32061972906431580494333823530763e3,3.4430170516907005e-13,1,,1.956578,1.6264709,662,600.0,threads=1,6379d2c0,Windows-AMD64,2026-09-30T16:17:51+00:00
new,2,nesm,20b55063a879a649ef5c7a1a701f81917717b414943f58dea37a1c30495bc5ba,optimal,14076036.48756271,14076073.035,36.547437289729714,2.596422823244446e-06,0,0.14076036487562728337980641375835e8,1.3232738852849298e-15,1,,4.583763,3.9881199,3321,600.0,threads=1,6379d2c0,Windows-AMD64,2026-09-30T16:17:56+00:00
base,2,nesm,20b55063a879a649ef5c7a1a701f81917717b414943f58dea37a1c30495bc5ba,optimal,14076036.48756271,14076073.035,36.547437289729714,2.596422823244446e-06,0,0.14076036487562728337980641375835e8,1.3232738852849298e-15,1,,2.60149,1.9861819,3321,600.0,threads=1,9a50cc78,Windows-AMD64,2026-09-30T16:17:59+00:00
base,2,perold,040ed4572876366cd979b6811ee20d706abba6998616b0e53201ea1e043acacd,optimal,-9380.755278235163,-9380.7580773,0.002799064837745391,2.9838365030633286e-07,1,-0.93807552782351606734833270386511e4,1.939064978878833e-16,1,,6.472013,5.7178546,2492,600.0,threads=1,9a50cc78,Windows-AMD64,2026-09-30T16:18:05+00:00
new,2,perold,040ed4572876366cd979b6811ee20d706abba6998616b0e53201ea1e043acacd,optimal,-9380.755278235163,-9380.7580773,0.002799064837745391,2.9838365030633286e-07,1,-0.93807552782351606734833270386511e4,1.939064978878833e-16,1,,9.205941,8.5413914,2492,600.0,threads=1,6379d2c0,Windows-AMD64,2026-09-30T16:18:14+00:00
new,2,pilot,26916951225f695c68c474adb2e1e052e4c1b3479d6a11fbd579fd20d4e7d2eb,optimal,-557.4897292893348,-557.40430007,0.08542921933485559,0.0001532625767761878,0,-0.55748972928406818073034256636894e3,9.447091430823412e-12,1,,12.454789,11.3318543,6226,600.0,threads=1,6379d2c0,Windows-AMD64,2026-09-30T16:18:27+00:00
base,2,pilot,26916951225f695c68c474adb2e1e052e4c1b3479d6a11fbd579fd20d4e7d2eb,optimal,-557.4897292893348,-557.40430007,0.08542921933485559,0.0001532625767761878,0,-0.55748972928406818073034256636894e3,9.447091430823412e-12,1,,17.697671,15.8780078,6226,600.0,threads=1,9a50cc78,Windows-AMD64,2026-09-30T16:18:44+00:00
base,2,pilot.ja,c0cea98ca60001558b561e3195b84b8d3fd33eeeb695ddba6836bfa29d06d50f,optimal,-6113.136465581344,-6113.1344111,0.002054481344202941,3.360765862554062e-07,1,-0.61131364655813432748848620538024e4,1.4877709779482858e-16,1,,2.730012,2.3917418,3220,600.0,threads=1,9a50cc78,Windows-AMD64,2026-09-30T16:18:47+00:00
new,2,pilot.ja,c0cea98ca60001558b561e3195b84b8d3fd33eeeb695ddba6836bfa29d06d50f,optimal,-6113.136465581344,-6113.1344111,0.002054481344202941,3.360765862554062e-07,1,-0.61131364655813432748848620538024e4,1.4877709779482858e-16,1,,5.378204,4.1808032,3220,600.0,threads=1,6379d2c0,Windows-AMD64,2026-09-30T16:18:53+00:00
new,2,pilot.we,5c3e8ed78a522c7df2cac39435efd0552273b8e942b03186997ee9011cd1015a,optimal,-2720107.5328449644,-2720102.7439,4.788944964297116,1.7605750279237147e-06,0,-0.27201075328449639629439185412556e7,1.7119223474989002e-16,1,,1.560032,0.9057875,5254,600.0,threads=1,6379d2c0,Windows-AMD64,2026-09-30T16:18:54+00:00
base,2,pilot.we,5c3e8ed78a522c7df2cac39435efd0552273b8e942b03186997ee9011cd1015a,optimal,-2720107.5328449644,-2720102.7439,4.788944964297116,1.7605750279237147e-06,0,-0.27201075328449639629439185412556e7,1.7119223474989002e-16,1,,2.973764,2.6754339,5254,600.0,threads=1,9a50cc78,Windows-AMD64,2026-09-30T16:18:57+00:00
base,2,pilot4,67e872aae722a493f5c2c8f88e3d70d093eea116093874ea43852c864a687cba,optimal,-2581.1392588847157,-2581.1392641,5.215284545556642e-06,2.0205358998229503e-09,1,-0.25811392588838886745830997266797e4,3.2047299595147063e-13,1,,0.990942,0.7683075,4,600.0,threads=1,9a50cc78,Windows-AMD64,2026-09-30T16:18:58+00:00
new,2,pilot4,67e872aae722a493f5c2c8f88e3d70d093eea116093874ea43852c864a687cba,optimal,-2581.1392588847157,-2581.1392641,5.215284545556642e-06,2.0205358998229503e-09,1,-0.25811392588838886745830997266797e4,3.2047299595147063e-13,1,,0.426421,0.2088557,4,600.0,threads=1,6379d2c0,Windows-AMD64,2026-09-30T16:18:59+00:00
new,2,pilot87,0ecfcc173d82c8a0252f58a99b2a529d8ad0155ee9212b8451cc25c0e387caa4,optimal,301.7103476060874,301.71072827,0.00038066391260827004,1.2616850411352131e-06,0,0.3017103473331105277216600201995e3,9.047647157991478e-10,1,,144.904776,142.8078487,23291,600.0,threads=1,6379d2c0,Windows-AMD64,2026-09-30T16:21:23+00:00
base,2,pilot87,0ecfcc173d82c8a0252f58a99b2a529d8ad0155ee9212b8451cc25c0e387caa4,optimal,301.7103476060874,301.71072827,0.00038066391260827004,1.2616850411352131e-06,0,0.3017103473331105277216600201995e3,9.047647157991478e-10,1,,111.792442,109.9971797,23291,600.0,threads=1,9a50cc78,Windows-AMD64,2026-09-30T16:23:15+00:00
base,2,pilotnov,2b000b6da9fb539e3303d5b81f00cc74f430e7ed52d7666ff1ef835bf060773d,optimal,-4497.276188218868,-4497.2761882,1.8867467588279396e-08,4.195309960678878e-12,1,-0.44972761882188711430996211783943e4,8.089293729884355e-16,1,,3.417709,2.4744857,2311,600.0,threads=1,9a50cc78,Windows-AMD64,2026-09-30T16:23:19+00:00
new,2,pilotnov,2b000b6da9fb539e3303d5b81f00cc74f430e7ed52d7666ff1ef835bf060773d,optimal,-4497.276188218868,-4497.2761882,1.8867467588279396e-08,4.195309960678878e-12,1,-0.44972761882188711430996211783943e4,8.089293729884355e-16,1,,2.902981,2.4371867,2311,600.0,threads=1,6379d2c0,Windows-AMD64,2026-09-30T16:23:22+00:00
new,2,recipe,277b34645cc89526db4a3365fa781ce28aa9768a65c4f301416a8a05c934af61,optimal,-266.61600000000027,-266.616,2.8421709430404007e-13,1.0660166468030429e-15,1,-0.266616e3,1.0660166468030429e-15,1,,0.950138,0.2562123,40,600.0,threads=1,6379d2c0,Windows-AMD64,2026-09-30T16:23:23+00:00
base,2,recipe,277b34645cc89526db4a3365fa781ce28aa9768a65c4f301416a8a05c934af61,optimal,-266.61600000000027,-266.616,2.8421709430404007e-13,1.0660166468030429e-15,1,-0.266616e3,1.0660166468030429e-15,1,,0.619528,0.3523089,40,600.0,threads=1,9a50cc78,Windows-AMD64,2026-09-30T16:23:23+00:00
base,2,sc105,062d034400be956757316a9bde8e6de3d221a88fb5dc502def743f1883e23ec3,optimal,-52.20206121170722,-52.202061212,2.927791342699493e-10,5.608574210909634e-12,1,-0.52202061211707248062628010857689e2,5.444556933324681e-16,1,,1.988214,0.5206438,98,600.0,threads=1,9a50cc78,Windows-AMD64,2026-09-30T16:23:25+00:00
new,2,sc105,062d034400be956757316a9bde8e6de3d221a88fb5dc502def743f1883e23ec3,optimal,-52.20206121170722,-52.202061212,2.927791342699493e-10,5.608574210909634e-12,1,-0.52202061211707248062628010857689e2,5.444556933324681e-16,1,,1.224421,0.6277355,98,600.0,threads=1,6379d2c0,Windows-AMD64,2026-09-30T16:23:26+00:00
new,2,sc205,bcecc8d8cafd08c6d97cf8e39a740f5d777e317600bb9f6f158f2ceb550005f9,optimal,-52.2020612117072,-52.202061212,2.927933451246645e-10,5.608846438756298e-12,1,-0.52202061211707248062628010857689e2,8.166835399987022e-16,1,,1.188675,0.8682761,232,600.0,threads=1,6379d2c0,Windows-AMD64,2026-09-30T16:23:28+00:00
base,2,sc205,bcecc8d8cafd08c6d97cf8e39a740f5d777e317600bb9f6f158f2ceb550005f9,optimal,-52.2020612117072,-52.202061212,2.927933451246645e-10,5.608846438756298e-12,1,-0.52202061211707248062628010857689e2,8.166835399987022e-16,1,,1.006421,0.5711953,232,600.0,threads=1,9a50cc78,Windows-AMD64,2026-09-30T16:23:29+00:00
base,2,sc50a,36bfce2f419555712bf1b9a8477541199073c7654475d933475cea6db0abe2f2,optimal,-64.57507705856447,-64.575077059,4.355200644567958e-10,6.744398679677553e-12,1,-0.64575077058564509026860413914575e2,4.401343478789465e-16,1,,0.418072,0.1789888,42,600.0,threads=1,9a50cc78,Windows-AMD64,2026-09-30T16:23:29+00:00
new,2,sc50a,36bfce2f419555712bf1b9a8477541199073c7654475d933475cea6db0abe2f2,optimal,-64.57507705856447,-64.575077059,4.355200644567958e-10,6.744398679677553e-12,1,-0.64575077058564509026860413914575e2,4.401343478789465e-16,1,,0.703801,0.4669878,42,600.0,threads=1,6379d2c0,Windows-AMD64,2026-09-30T16:23:30+00:00
new,2,sc50b,bfc47ffcf8f037552130a75142a203dc768d82d15c3b7b9f718c444ffa472f15,optimal,-69.99999999999999,-70.0,1.4210854715202004e-14,2.0301221021717148e-16,1,-0.7e2,2.0301221021717148e-16,1,,0.631419,0.525719,42,600.0,threads=1,6379d2c0,Windows-AMD64,2026-09-30T16:23:30+00:00
base,2,sc50b,bfc47ffcf8f037552130a75142a203dc768d82d15c3b7b9f718c444ffa472f15,optimal,-69.99999999999999,-70.0,1.4210854715202004e-14,2.0301221021717148e-16,1,-0.7e2,2.0301221021717148e-16,1,,0.763296,0.5207938,42,600.0,threads=1,9a50cc78,Windows-AMD64,2026-09-30T16:23:31+00:00
base,2,scagr25,7bac79b91dec46966af26a236d593c823f1e61eb055597426365e4f6bc36df76,optimal,-14753433.060768533,-14753433.061,0.00023146718740463257,1.5689039049257294e-11,1,-0.14753433060768523167790925075974e8,7.575098520698869e-16,1,,1.258448,0.9279117,457,600.0,threads=1,9a50cc78,Windows-AMD64,2026-09-30T16:23:32+00:00
new,2,scagr25,7bac79b91dec46966af26a236d593c823f1e61eb055597426365e4f6bc36df76,optimal,-14753433.060768533,-14753433.061,0.00023146718740463257,1.5689039049257294e-11,1,-0.14753433060768523167790925075974e8,7.575098520698869e-16,1,,1.278343,0.9440762,457,600.0,threads=1,6379d2c0,Windows-AMD64,2026-09-30T16:23:34+00:00
new,2,scagr7,2170c16fd0cc04a823172c1564e89593e75aac5225e2c2f893a6837ba0b26085,optimal,-2331389.824330984,-2331389.2548,0.5695309839211404,2.442882426212426e-07,1,-0.2331389824330984e7,0.0,1,,0.883567,0.568955,111,600.0,threads=1,6379d2c0,Windows-AMD64,2026-09-30T16:23:35+00:00
base,2,scagr7,2170c16fd0cc04a823172c1564e89593e75aac5225e2c2f893a6837ba0b26085,optimal,-2331389.824330984,-2331389.2548,0.5695309839211404,2.442882426212426e-07,1,-0.2331389824330984e7,0.0,1,,0.684699,0.3286398,111,600.0,threads=1,9a50cc78,Windows-AMD64,2026-09-30T16:23:35+00:00
base,2,scfxm1,3e602523ca64bb4fd7387da7eca577d964e08d7c04326c59937a0d58add7de25,optimal,18416.759028348937,18416.759028,3.4893673728220165e-07,1.89466961451629e-11,1,0.18416759028348943683579089143655e5,3.950726402503032e-16,1,,1.978129,1.2936327,433,600.0,threads=1,9a50cc78,Windows-AMD64,2026-09-30T16:23:37+00:00
new,2,scfxm1,3e602523ca64bb4fd7387da7eca577d964e08d7c04326c59937a0d58add7de25,optimal,18416.759028348937,18416.759028,3.4893673728220165e-07,1.89466961451629e-11,1,0.18416759028348943683579089143655e5,3.950726402503032e-16,1,,1.28039,0.9592058,433,600.0,threads=1,6379d2c0,Windows-AMD64,2026-09-30T16:23:39+00:00
new,2,scfxm2,64d44da9d2e6329705e73b1e083f52a7560124c13af4c67ff60d55b0a46b0f0e,optimal,36660.26156499881,36660.261565,1.1932570487260818e-09,3.254905987537467e-14,1,0.36660261564998812956939504848248e5,1.984698772888764e-16,1,,2.570781,2.4136992,937,600.0,threads=1,6379d2c0,Windows-AMD64,2026-09-30T16:23:41+00:00
base,2,scfxm2,64d44da9d2e6329705e73b1e083f52a7560124c13af4c67ff60d55b0a46b0f0e,optimal,36660.26156499881,36660.261565,1.1932570487260818e-09,3.254905987537467e-14,1,0.36660261564998812956939504848248e5,1.984698772888764e-16,1,,0.837068,0.5286777,937,600.0,threads=1,9a50cc78,Windows-AMD64,2026-09-30T16:23:42+00:00
base,2,scfxm3,515b442feba7cb583e03d4466da264782d898cc69093848052a7fa98ba4eac7b,optimal,54901.25454975145,54901.25455,2.4854671210050583e-07,4.527159062898059e-12,1,0.54901254549751454623888724925519e5,0.0,1,,2.275147,1.9572535,1641,600.0,threads=1,9a50cc78,Windows-AMD64,2026-09-30T16:23:44+00:00
new,2,scfxm3,515b442feba7cb583e03d4466da264782d898cc69093848052a7fa98ba4eac7b,optimal,54901.25454975145,54901.25455,2.4854671210050583e-07,4.527159062898059e-12,1,0.54901254549751454623888724925519e5,0.0,1,,2.304984,2.0316069,1641,600.0,threads=1,6379d2c0,Windows-AMD64,2026-09-30T16:23:47+00:00
new,2,scorpion,39b61cae042ce4adffb441faec77f5cc003fa725baa25edfb1738aef93a83c5d,optimal,1878.1248227381068,1878.1248227,3.810669113590848e-08,2.0289754267304842e-11,1,0.18781248227381066296479411763586e4,1.2106419801839656e-16,1,,0.974156,0.7504962,242,600.0,threads=1,6379d2c0,Windows-AMD64,2026-09-30T16:23:48+00:00
base,2,scorpion,39b61cae042ce4adffb441faec77f5cc003fa725baa25edfb1738aef93a83c5d,optimal,1878.1248227381068,1878.1248227,3.810669113590848e-08,2.0289754267304842e-11,1,0.18781248227381066296479411763586e4,1.2106419801839656e-16,1,,0.723258,0.5349746,242,600.0,threads=1,9a50cc78,Windows-AMD64,2026-09-30T16:23:48+00:00
base,2,scrs8,33b12d5e3d07b47a8b837ab0bf445fbfb5980af5c825bf049c23e71fb3faf026,optimal,904.2969538007919,904.29998619,0.003032389208101449,3.3533000712269414e-06,0,0.90429695380079143579923107948844e3,5.028739165548941e-16,1,,1.75119,1.3715696,610,600.0,threads=1,9a50cc78,Windows-AMD64,2026-09-30T16:23:50+00:00
new,2,scrs8,33b12d5e3d07b47a8b837ab0bf445fbfb5980af5c825bf049c23e71fb3faf026,optimal,904.2969538007919,904.29998619,0.003032389208101449,3.3533000712269414e-06,0,0.90429695380079143579923107948844e3,5.028739165548941e-16,1,,1.659649,1.4269642,610,600.0,threads=1,6379d2c0,Windows-AMD64,2026-09-30T16:23:52+00:00
new,2,scsd1,8c4aac4987a81ef66715b5cb2debdb1993afe6cb5e2a29f32556a03802bf55f5,optimal,8.666666674333365,8.6666666743,3.3365310514454904e-11,3.849843517507819e-12,1,0.86666666743333647292533502995263e1,0.0,1,,1.137488,0.622963,98,600.0,threads=1,6379d2c0,Windows-AMD64,2026-09-30T16:23:53+00:00
base,2,scsd1,8c4aac4987a81ef66715b5cb2debdb1993afe6cb5e2a29f32556a03802bf55f5,optimal,8.666666674333365,8.6666666743,3.3365310514454904e-11,3.849843517507819e-12,1,0.86666666743333647292533502995263e1,0.0,1,,1.062594,0.6777603,98,600.0,threads=1,9a50cc78,Windows-AMD64,2026-09-30T16:23:54+00:00
base,2,scsd6,f3da742cfa24cfadb99d510847ea1f7a361ba61537d4c2900c09b674912a5891,optimal,50.500000077641246,50.500000078,3.587530272852746e-10,7.104020331310119e-12,1,0.50500000077144345289985489081569e2,9.839680210693766e-12,1,,1.702353,1.5784328,399,600.0,threads=1,9a50cc78,Windows-AMD64,2026-09-30T16:23:56+00:00
new,2,scsd6,f3da742cfa24cfadb99d510847ea1f7a361ba61537d4c2900c09b674912a5891,optimal,50.500000077641246,50.500000078,3.587530272852746e-10,7.104020331310119e-12,1,0.50500000077144345289985489081569e2,9.839680210693766e-12,1,,1.242722,1.0335246,399,600.0,threads=1,6379d2c0,Windows-AMD64,2026-09-30T16:23:57+00:00
new,2,scsd8,2090a22840fe2c75730cd76336702ece7c27a739d58740926b67c4b2e57b8e5c,optimal,904.9999999254642,904.99999993,4.535763764579315e-09,5.011893662906241e-12,1,0.90499999992546440094445846417654e3,2.512416303447055e-16,1,,0.837162,0.5096383,1563,600.0,threads=1,6379d2c0,Windows-AMD64,2026-09-30T16:23:58+00:00
base,2,scsd8,2090a22840fe2c75730cd76336702ece7c27a739d58740926b67c4b2e57b8e5c,optimal,904.9999999254642,904.99999993,4.535763764579315e-09,5.011893662906241e-12,1,0.90499999992546440094445846417654e3,2.512416303447055e-16,1,,4.75658,3.7203656,1563,600.0,threads=1,9a50cc78,Windows-AMD64,2026-09-30T16:24:03+00:00
base,2,sctap1,2b1ab5950d3e37fd21327892e2bc830c5f0d8d3fc1f687c0f57a5cdefd9caa21,optimal,1412.2499999999998,1412.25,2.2737367544323206e-13,1.6100100934199472e-16,1,0.141225e4,1.6100100934199472e-16,1,,1.297298,0.9960184,278,600.0,threads=1,9a50cc78,Windows-AMD64,2026-09-30T16:24:04+00:00
new,2,sctap1,2b1ab5950d3e37fd21327892e2bc830c5f0d8d3fc1f687c0f57a5cdefd9caa21,optimal,1412.2499999999998,1412.25,2.2737367544323206e-13,1.6100100934199472e-16,1,0.141225e4,1.6100100934199472e-16,1,,0.536699,0.276148,278,600.0,threads=1,6379d2c0,Windows-AMD64,2026-09-30T16:24:04+00:00
new,2,sctap2,673d50e3b929f83b1719d28ee09500890294107099518161bcf2a4f452e95fb2,optimal,1724.8071428571432,1724.8071429,4.285675458959304e-08,2.4847273369668418e-11,1,0.17248071428571428571428571428571e4,1.3182556460578402e-16,1,,1.234242,1.0534513,775,600.0,threads=1,6379d2c0,Windows-AMD64,2026-09-30T16:24:06+00:00
base,2,sctap2,673d50e3b929f83b1719d28ee09500890294107099518161bcf2a4f452e95fb2,optimal,1724.8071428571432,1724.8071429,4.285675458959304e-08,2.4847273369668418e-11,1,0.17248071428571428571428571428571e4,1.3182556460578402e-16,1,,0.47542,0.3056281,775,600.0,threads=1,9a50cc78,Windows-AMD64,2026-09-30T16:24:06+00:00
base,2,sctap3,44e105b02a722bf19292b8aeb4779480c4eb81f40da35d64d8f4534f85000168,optimal,1424.0,1424.0,0.0,0.0,1,0.1424e4,0.0,1,,0.596489,0.306649,1111,600.0,threads=1,9a50cc78,Windows-AMD64,2026-09-30T16:24:07+00:00
new,2,sctap3,44e105b02a722bf19292b8aeb4779480c4eb81f40da35d64d8f4534f85000168,optimal,1424.0,1424.0,0.0,0.0,1,0.1424e4,0.0,1,,1.465108,1.3170906,1111,600.0,threads=1,6379d2c0,Windows-AMD64,2026-09-30T16:24:08+00:00
new,2,seba,539733cdb036e2d2e8e80e7ea1666848b6b67a36a34b1c6cf9a883e1c868ef1e,optimal,15711.599999999999,15711.6,1.8189894035458565e-12,1.1577365790536013e-16,1,0.157116e5,1.1577365790536013e-16,1,,1.220338,0.7061012,439,600.0,threads=1,6379d2c0,Windows-AMD64,2026-09-30T16:24:09+00:00
base,2,seba,539733cdb036e2d2e8e80e7ea1666848b6b67a36a34b1c6cf9a883e1c868ef1e,optimal,15711.599999999999,15711.6,1.8189894035458565e-12,1.1577365790536013e-16,1,0.157116e5,1.1577365790536013e-16,1,,1.204587,0.5222515,439,600.0,threads=1,9a50cc78,Windows-AMD64,2026-09-30T16:24:11+00:00
base,2,share1b,fafdf8b5e3d50d27f5eff40e46eb104d1e614bf2721cb5be38081f1678dbd562,optimal,-76589.31857918552,-76589.318579,1.85522367246449e-07,2.4223007945303396e-12,1,-0.7658931857918568112797274346007e5,2.0899920573981595e-15,1,,0.119797,0.0042188,136,600.0,threads=1,9a50cc78,Windows-AMD64,2026-09-30T16:24:11+00:00
new,2,share1b,fafdf8b5e3d50d27f5eff40e46eb104d1e614bf2721cb5be38081f1678dbd562,optimal,-76589.31857918552,-76589.318579,1.85522367246449e-07,2.4223007945303396e-12,1,-0.7658931857918568112797274346007e5,2.0899920573981595e-15,1,,0.974151,0.5678555,136,600.0,threads=1,6379d2c0,Windows-AMD64,2026-09-30T16:24:12+00:00
new,2,share2b,2816c0a71096acc08fd88f65c960366856802c074601e5fa544f9c3eab640c96,optimal,-415.7322407414192,-415.73224074,1.4192096386977937e-09,3.4137589044612273e-12,1,-0.41573224074141948654519910873841e3,6.836542044397748e-16,1,,0.870469,0.5960512,124,600.0,threads=1,6379d2c0,Windows-AMD64,2026-09-30T16:24:13+00:00
base,2,share2b,2816c0a71096acc08fd88f65c960366856802c074601e5fa544f9c3eab640c96,optimal,-415.7322407414192,-415.73224074,1.4192096386977937e-09,3.4137589044612273e-12,1,-0.41573224074141948654519910873841e3,6.836542044397748e-16,1,,0.626491,0.4848923,124,600.0,threads=1,9a50cc78,Windows-AMD64,2026-09-30T16:24:13+00:00
base,2,shell,e21331e8282f8d8616cbee27e093e50d140ea03f9bc3fd0b6da0ccff638d2f91,optimal,1208825346.0,1208825346.0,0.0,0.0,1,0.1208825346e10,0.0,1,,1.017701,0.7399342,461,600.0,threads=1,9a50cc78,Windows-AMD64,2026-09-30T16:24:14+00:00
new,2,shell,e21331e8282f8d8616cbee27e093e50d140ea03f9bc3fd0b6da0ccff638d2f91,optimal,1208825346.0,1208825346.0,0.0,0.0,1,0.1208825346e10,0.0,1,,0.886531,0.5605214,461,600.0,threads=1,6379d2c0,Windows-AMD64,2026-09-30T16:24:15+00:00
new,2,ship04l,e7c46bfd6492a400220cf1f5f093f264901fd0e8534dd8cbb060d491612dc881,optimal,1793324.5379703562,1793324.538,2.9643764719367027e-05,1.6530061397825488e-11,1,0.17933245379703557625562556255626e7,2.5966370138154925e-16,1,,0.792045,0.4860676,447,600.0,threads=1,6379d2c0,Windows-AMD64,2026-09-30T16:24:16+00:00
base,2,ship04l,e7c46bfd6492a400220cf1f5f093f264901fd0e8534dd8cbb060d491612dc881,optimal,1793324.5379703562,1793324.538,2.9643764719367027e-05,1.6530061397825488e-11,1,0.17933245379703557625562556255626e7,2.5966370138154925e-16,1,,0.972377,0.7788661,447,600.0,threads=1,9a50cc78,Windows-AMD64,2026-09-30T16:24:17+00:00
base,2,ship04s,2ed2828b251173a05004349121cd9a271a3434bf2efe4e1b70d7e0bdf2d76f94,optimal,1798714.7004453922,1798714.7004,4.5392196625471115e-05,2.5235906848026957e-11,1,0.17987147004453921719954082726049e7,0.0,1,,0.290769,0.0947186,296,600.0,threads=1,9a50cc78,Windows-AMD64,2026-09-30T16:24:17+00:00
new,2,ship04s,2ed2828b251173a05004349121cd9a271a3434bf2efe4e1b70d7e0bdf2d76f94,optimal,1798714.7004453922,1798714.7004,4.5392196625471115e-05,2.5235906848026957e-11,1,0.17987147004453921719954082726049e7,0.0,1,,0.929064,0.5881182,296,600.0,threads=1,6379d2c0,Windows-AMD64,2026-09-30T16:24:18+00:00
new,2,ship08l,58b6142628facaa1b056f32f9f47167097db66825f0c6b42c6f65e4da1b5da07,optimal,1909055.211389131,1909055.2114,1.0869000107049942e-05,5.6933922299078996e-12,1,0.19090552113891315179803819998425e7,3.6588356732404215e-16,1,,1.03218,0.7918926,743,600.0,threads=1,6379d2c0,Windows-AMD64,2026-09-30T16:24:19+00:00
base,2,ship08l,58b6142628facaa1b056f32f9f47167097db66825f0c6b42c6f65e4da1b5da07,optimal,1909055.211389131,1909055.2114,1.0869000107049942e-05,5.6933922299078996e-12,1,0.19090552113891315179803819998425e7,3.6588356732404215e-16,1,,1.446278,0.9134941,743,600.0,threads=1,9a50cc78,Windows-AMD64,2026-09-30T16:24:21+00:00
base,2,ship08s,bdf5671548dde27b0d83c244914036e58081c4683786b2fd132277f577c9a7d8,optimal,1920098.2105346182,1920098.2105,3.461819142103195e-05,1.8029385805227774e-11,1,0.1920098210534619710172695474693e7,7.275585458382624e-16,1,,0.73869,0.5831711,422,600.0,threads=1,9a50cc78,Windows-AMD64,2026-09-30T16:24:21+00:00
new,2,ship08s,bdf5671548dde27b0d83c244914036e58081c4683786b2fd132277f577c9a7d8,optimal,1920098.2105346182,1920098.2105,3.461819142103195e-05,1.8029385805227774e-11,1,0.1920098210534619710172695474693e7,7.275585458382624e-16,1,,0.767874,0.6379459,422,600.0,threads=1,6379d2c0,Windows-AMD64,2026-09-30T16:24:22+00:00
new,2,ship12l,87bf21f83ae0c5a87aa73ee2d8e2bd4a6a72b3c6cbdc603853dbb7b43b824911,optimal,1470187.919329266,1470187.9193,2.926611341536045e-05,1.9906375934101617e-11,1,0.1470187919329264822702175543886e7,7.918397389637529e-16,1,,1.349128,1.0582206,1063,600.0,threads=1,6379d2c0,Windows-AMD64,2026-09-30T16:24:23+00:00
base,2,ship12l,87bf21f83ae0c5a87aa73ee2d8e2bd4a6a72b3c6cbdc603853dbb7b43b824911,optimal,1470187.919329266,1470187.9193,2.926611341536045e-05,1.9906375934101617e-11,1,0.1470187919329264822702175543886e7,7.918397389637529e-16,1,,1.389546,1.1533965,1063,600.0,threads=1,9a50cc78,Windows-AMD64,2026-09-30T16:24:25+00:00
base,2,ship12s,43bacbc026b0b5588ed9bec06b11fadfbff8beb19b4e84881370a57cc6540e5d,optimal,1489236.1344061326,1489236.1344,6.132526323199272e-06,4.1179005676423585e-12,1,0.14892361344061291565686421605401e7,2.3451349145518495e-15,1,,0.541013,0.2064444,590,600.0,threads=1,9a50cc78,Windows-AMD64,2026-09-30T16:24:25+00:00
new,2,ship12s,43bacbc026b0b5588ed9bec06b11fadfbff8beb19b4e84881370a57cc6540e5d,optimal,1489236.1344061326,1489236.1344,6.132526323199272e-06,4.1179005676423585e-12,1,0.14892361344061291565686421605401e7,2.3451349145518495e-15,1,,1.202967,0.8697931,590,600.0,threads=1,6379d2c0,Windows-AMD64,2026-09-30T16:24:27+00:00
new,2,sierra,dbabb4bb56b9de7efbca7df842922c7c1ef620bcbee2aeb28f4bf3c5a3868cc9,optimal,15394362.183631925,15394362.184,0.0003680754452943802,2.3909756110385417e-11,1,0.1539436218363193e8,3.62985837349874e-16,1,,0.971351,0.7617932,550,600.0,threads=1,6379d2c0,Windows-AMD64,2026-09-30T16:24:28+00:00
base,2,sierra,dbabb4bb56b9de7efbca7df842922c7c1ef620bcbee2aeb28f4bf3c5a3868cc9,optimal,15394362.183631925,15394362.184,0.0003680754452943802,2.3909756110385417e-11,1,0.1539436218363193e8,3.62985837349874e-16,1,,1.341222,1.1151869,550,600.0,threads=1,9a50cc78,Windows-AMD64,2026-09-30T16:24:29+00:00
base,2,stair,30a16ec0d02cf6c490495340d2a718f533d8e5d88f839693eb4bc06671bd8649,optimal,-251.2669511929633,-251.26695119,2.9633042686327826e-09,1.17934501716146e-11,1,-0.25126695119296330352803637106304e3,0.0,1,,1.286842,1.079842,445,600.0,threads=1,9a50cc78,Windows-AMD64,2026-09-30T16:24:30+00:00
new,2,stair,30a16ec0d02cf6c490495340d2a718f533d8e5d88f839693eb4bc06671bd8649,optimal,-251.2669511929633,-251.26695119,2.9633042686327826e-09,1.17934501716146e-11,1,-0.25126695119296330352803637106304e3,0.0,1,,1.150149,0.9411719,445,600.0,threads=1,6379d2c0,Windows-AMD64,2026-09-30T16:24:31+00:00
new,2,standata,a513e8587cb8d72ac1f6fb07b33642a212f55646fb2c04521cdfd04b959c6fb1,optimal,1257.6995000000002,1257.6995,2.2737367544323206e-13,1.8078537476021266e-16,1,0.12576995e4,1.8078537476021266e-16,1,,1.094888,0.701275,51,600.0,threads=1,6379d2c0,Windows-AMD64,2026-09-30T16:24:32+00:00
base,2,standata,a513e8587cb8d72ac1f6fb07b33642a212f55646fb2c04521cdfd04b959c6fb1,optimal,1257.6995000000002,1257.6995,2.2737367544323206e-13,1.8078537476021266e-16,1,0.12576995e4,1.8078537476021266e-16,1,,0.732046,0.5513276,51,600.0,threads=1,9a50cc78,Windows-AMD64,2026-09-30T16:24:33+00:00
base,2,standmps,93bd6bc6251b7fee0f943e1c69a7b7e836b4b34e4c011c1a871be66a1cb7e00d,optimal,1406.0175000000002,1406.0175,2.2737367544323206e-13,1.617146838095771e-16,1,0.14060175e4,1.617146838095771e-16,1,,1.50824,0.8178375,197,600.0,threads=1,9a50cc78,Windows-AMD64,2026-09-30T16:24:35+00:00
new,2,standmps,93bd6bc6251b7fee0f943e1c69a7b7e836b4b34e4c011c1a871be66a1cb7e00d,optimal,1406.0175000000002,1406.0175,2.2737367544323206e-13,1.617146838095771e-16,1,0.14060175e4,1.617146838095771e-16,1,,0.984824,0.7175949,197,600.0,threads=1,6379d2c0,Windows-AMD64,2026-09-30T16:24:36+00:00
new,2,stocfor1,98e1cb3940233e044e3d0e50869539087acdf8f0862916f777e553afc705ba90,optimal,-41131.97621943643,-41131.976219,4.3643376557156444e-07,1.0610571280306333e-11,1,-0.41131976219436406065682760731514e5,5.306789230378818e-16,1,,1.384116,1.0450801,104,600.0,threads=1,6379d2c0,Windows-AMD64,2026-09-30T16:24:37+00:00
base,2,stocfor1,98e1cb3940233e044e3d0e50869539087acdf8f0862916f777e553afc705ba90,optimal,-41131.97621943643,-41131.976219,4.3643376557156444e-07,1.0610571280306333e-11,1,-0.41131976219436406065682760731514e5,5.306789230378818e-16,1,,0.948434,0.7295688,104,600.0,threads=1,9a50cc78,Windows-AMD64,2026-09-30T16:24:38+00:00
base,2,stocfor2,d54988bc39e9c48d13c8a3248913e9b6b77c2f8e9b9f4c3e4c76b060f6096b50,optimal,-39024.4085378821,-39024.408538,1.1790689313784242e-07,3.021362720283912e-12,1,-0.39024408537882029604587908772433e5,1.6780169381448573e-15,1,,1.119673,0.77349,1877,600.0,threads=1,9a50cc78,Windows-AMD64,2026-09-30T16:24:39+00:00
new,2,stocfor2,d54988bc39e9c48d13c8a3248913e9b6b77c2f8e9b9f4c3e4c76b060f6096b50,optimal,-39024.4085378821,-39024.408538,1.1790689313784242e-07,3.021362720283912e-12,1,-0.39024408537882029604587908772433e5,1.6780169381448573e-15,1,,1.158799,0.850005,1877,600.0,threads=1,6379d2c0,Windows-AMD64,2026-09-30T16:24:40+00:00
new,2,tuff,768782d2ab2d7d044061f56ba54ddd53cf5ea0666a965edd33d48803098e15e2,optimal,0.29214776509361284,0.29214776509,3.612832255583953e-12,3.612832255583953e-12,1,0.29214776509361284488226309994302e0,0.0,1,,1.142114,0.755383,242,600.0,threads=1,6379d2c0,Windows-AMD64,2026-09-30T16:24:41+00:00
base,2,tuff,768782d2ab2d7d044061f56ba54ddd53cf5ea0666a965edd33d48803098e15e2,optimal,0.29214776509361284,0.29214776509,3.612832255583953e-12,3.612832255583953e-12,1,0.29214776509361284488226309994302e0,0.0,1,,1.371557,0.9606294,242,600.0,threads=1,9a50cc78,Windows-AMD64,2026-09-30T16:24:43+00:00
base,2,vtp.base,7c34b37d7714796bc0fe30d920f3ecf9866c018a018ee0349ceb85350581dc68,optimal,129831.46246136139,129831.46246,1.3613898772746325e-06,1.0485824094402891e-11,1,0.1298314624613613657395984384889e6,1.1208311877945293e-16,1,,1.801261,1.5266021,162,600.0,threads=1,9a50cc78,Windows-AMD64,2026-09-30T16:24:45+00:00
new,2,vtp.base,7c34b37d7714796bc0fe30d920f3ecf9866c018a018ee0349ceb85350581dc68,optimal,129831.46246136139,129831.46246,1.3613898772746325e-06,1.0485824094402891e-11,1,0.1298314624613613657395984384889e6,1.1208311877945293e-16,1,,1.268943,0.9684321,162,600.0,threads=1,6379d2c0,Windows-AMD64,2026-09-30T16:24:46+00:00
new,2,wood1p,af3cac48f0727f1d9e1f1ecfa6de30168678800b39e38a808b5df90a48d61330,optimal,1.4429024115734101,1.4429024116,2.65898414397725e-11,1.8428024810276435e-11,1,0.14429024115734092400010936668043e1,6.155498892898885e-16,1,,1.788759,1.1988856,219,600.0,threads=1,6379d2c0,Windows-AMD64,2026-09-30T16:24:48+00:00
base,2,wood1p,af3cac48f0727f1d9e1f1ecfa6de30168678800b39e38a808b5df90a48d61330,optimal,1.4429024115734101,1.4429024116,2.65898414397725e-11,1.8428024810276435e-11,1,0.14429024115734092400010936668043e1,6.155498892898885e-16,1,,1.008665,0.0931087,219,600.0,threads=1,9a50cc78,Windows-AMD64,2026-09-30T16:24:49+00:00
base,2,woodw,01450b5407d3bb282595e2874e78c26dd7cdde87d70d663065e58bd3e6c288b0,optimal,1.3044763330842293,1.3044763331,1.577071806480035e-11,1.2089692748447418e-11,1,0.1304476333084229269005552085566e1,0.0,1,,4.396632,3.8940594,2495,600.0,threads=1,9a50cc78,Windows-AMD64,2026-09-30T16:24:53+00:00
new,2,woodw,01450b5407d3bb282595e2874e78c26dd7cdde87d70d663065e58bd3e6c288b0,optimal,1.3044763330842293,1.3044763331,1.577071806480035e-11,1.2089692748447418e-11,1,0.1304476333084229269005552085566e1,0.0,1,,3.776959,3.2506397,2495,600.0,threads=1,6379d2c0,Windows-AMD64,2026-09-30T16:24:57+00:00
base,3,25fv47,e0da0d47ae56bef34f11ac03563027da57dd4ab792d978c0dc8e27a16117f627,optimal,5501.84588828675,5501.8458883,1.3250428310129791e-08,2.4083604992112937e-12,1,0.55018458882867447945812325883916e4,9.918431598121063e-16,1,,10.727041,10.3404573,4586,600.0,threads=1,9a50cc78,Windows-AMD64,2026-09-30T16:25:08+00:00
new,3,25fv47,e0da0d47ae56bef34f11ac03563027da57dd4ab792d978c0dc8e27a16117f627,optimal,5501.84588828675,5501.8458883,1.3250428310129791e-08,2.4083604992112937e-12,1,0.55018458882867447945812325883916e4,9.918431598121063e-16,1,,1.787798,1.5888491,4586,600.0,threads=1,6379d2c0,Windows-AMD64,2026-09-30T16:25:10+00:00
new,3,80bau3b,22aef70f5ce164435b15c5c0aa3be93a99932dc136eb936eb17835a661087b9f,optimal,987224.192409091,987232.16072,7.9683109089965,8.071364797501246e-06,0,0.98722419240909025757911711738799e6,8.254530825464809e-16,1,,2.101782,1.4807379,3887,600.0,threads=1,6379d2c0,Windows-AMD64,2026-09-30T16:25:12+00:00
base,3,80bau3b,22aef70f5ce164435b15c5c0aa3be93a99932dc136eb936eb17835a661087b9f,optimal,987224.192409091,987232.16072,7.9683109089965,8.071364797501246e-06,0,0.98722419240909025757911711738799e6,8.254530825464809e-16,1,,1.886477,0.9955199,3887,600.0,threads=1,9a50cc78,Windows-AMD64,2026-09-30T16:25:14+00:00
base,3,adlittle,db211f7bf735518a246a2a0e385ec51abc09cd601da7ae50d6c3fe083cb6f94b,optimal,225494.96316238042,225494.96316,2.3804022930562496e-06,1.055634351959886e-11,1,0.22549496316238038228101176621492e6,1.29066432564952e-16,1,,0.803292,0.6212607,86,600.0,threads=1,9a50cc78,Windows-AMD64,2026-09-30T16:25:15+00:00
new,3,adlittle,db211f7bf735518a246a2a0e385ec51abc09cd601da7ae50d6c3fe083cb6f94b,optimal,225494.96316238042,225494.96316,2.3804022930562496e-06,1.055634351959886e-11,1,0.22549496316238038228101176621492e6,1.29066432564952e-16,1,,1.000043,0.6789981,86,600.0,threads=1,6379d2c0,Windows-AMD64,2026-09-30T16:25:16+00:00
new,3,afiro,04992b87e57e57c1c417c96b846833bfa12e055eeaa623f043c45fc773b5be41,optimal,-464.75314285714285,-464.75314286,2.857177605619654e-09,6.147731649617561e-12,1,-0.46475314285714285714285714285714e3,0.0,1,,0.339236,0.2303986,13,600.0,threads=1,6379d2c0,Windows-AMD64,2026-09-30T16:25:16+00:00
base,3,afiro,04992b87e57e57c1c417c96b846833bfa12e055eeaa623f043c45fc773b5be41,optimal,-464.75314285714285,-464.75314286,2.857177605619654e-09,6.147731649617561e-12,1,-0.46475314285714285714285714285714e3,0.0,1,,0.475328,0.3444414,13,600.0,threads=1,9a50cc78,Windows-AMD64,2026-09-30T16:25:17+00:00
base,3,agg,d7844795d0c799f5cdc1416c8d242f5e8f351f5a3271f42a2d428f170abf1f03,optimal,-35991767.2865765,-35991767.287,0.0004234984517097473,1.1766536728601052e-11,1,-0.35991767286576506712640824319636e8,2.070079120483366e-16,1,,2.136192,1.8813408,140,600.0,threads=1,9a50cc78,Windows-AMD64,2026-09-30T16:25:19+00:00
new,3,agg,d7844795d0c799f5cdc1416c8d242f5e8f351f5a3271f42a2d428f170abf1f03,optimal,-35991767.2865765,-35991767.287,0.0004234984517097473,1.1766536728601052e-11,1,-0.35991767286576506712640824319636e8,2.070079120483366e-16,1,,3.36237,3.2336696,140,600.0,threads=1,6379d2c0,Windows-AMD64,2026-09-30T16:25:22+00:00
new,3,agg2,0515e9b78a802f9473578b23a7a60075554fc39ea7b5796fb41530cd760e4534,optimal,-20239252.355977118,-20239252.356,2.2880733013153076e-05,1.130512758608398e-12,1,-0.20239252355977109024317661926133e8,3.6812528772701937e-16,1,,0.941951,0.7716667,165,600.0,threads=1,6379d2c0,Windows-AMD64,2026-09-30T16:25:23+00:00
base,3,agg2,0515e9b78a802f9473578b23a7a60075554fc39ea7b5796fb41530cd760e4534,optimal,-20239252.355977118,-20239252.356,2.2880733013153076e-05,1.130512758608398e-12,1,-0.20239252355977109024317661926133e8,3.6812528772701937e-16,1,,1.576401,1.0232625,165,600.0,threads=1,9a50cc78,Windows-AMD64,2026-09-30T16:25:25+00:00
base,3,agg3,1a6e78a0b7d210c935c97527ce49449d0655f9605fcbc33bfdfc93952f3b12d1,optimal,10312115.935089227,10312115.935,8.922629058361053e-05,8.652568604351182e-12,1,0.10312115935089225579061058796215e8,1.8062686270747795e-16,1,,0.927736,0.7242127,168,600.0,threads=1,9a50cc78,Windows-AMD64,2026-09-30T16:25:25+00:00
new,3,agg3,1a6e78a0b7d210c935c97527ce49449d0655f9605fcbc33bfdfc93952f3b12d1,optimal,10312115.935089227,10312115.935,8.922629058361053e-05,8.652568604351182e-12,1,0.10312115935089225579061058796215e8,1.8062686270747795e-16,1,,1.90016,1.3944948,168,600.0,threads=1,6379d2c0,Windows-AMD64,2026-09-30T16:25:27+00:00
new,3,bandm,696daa77a79a0715c2fad877285e49bd7fcd7f5513f3cb83fbe0be916b6d8c81,optimal,-158.62801845012086,-158.62801845,1.2084910849807784e-10,7.61839614961652e-13,1,-0.15862801845012064052174123768736e3,1.4333765098044641e-15,1,,1.03745,0.3415154,520,600.0,threads=1,6379d2c0,Windows-AMD64,2026-09-30T16:25:29+00:00
base,3,bandm,696daa77a79a0715c2fad877285e49bd7fcd7f5513f3cb83fbe0be916b6d8c81,optimal,-158.62801845012086,-158.62801845,1.2084910849807784e-10,7.61839614961652e-13,1,-0.15862801845012064052174123768736e3,1.4333765098044641e-15,1,,1.24165,0.7946566,520,600.0,threads=1,9a50cc78,Windows-AMD64,2026-09-30T16:25:30+00:00
base,3,beaconfd,7138e7b58b1d6160f1ad42112a61ed00b5db1c92d73dc48d77f6a26fc717dbfc,optimal,33592.485807200006,33592.485807,2.000087988562882e-07,5.953974350258128e-12,1,0.335924858072e5,2.1659479610835895e-16,1,,1.719719,1.3748603,115,600.0,threads=1,9a50cc78,Windows-AMD64,2026-09-30T16:25:32+00:00
new,3,beaconfd,7138e7b58b1d6160f1ad42112a61ed00b5db1c92d73dc48d77f6a26fc717dbfc,optimal,33592.485807200006,33592.485807,2.000087988562882e-07,5.953974350258128e-12,1,0.335924858072e5,2.1659479610835895e-16,1,,1.641064,0.8375631,115,600.0,threads=1,6379d2c0,Windows-AMD64,2026-09-30T16:25:33+00:00
new,3,blend,38e1d84a38f1e0adaa16d3dd0abe758f6cea13a21f33681aa92742b693260aef,optimal,-30.812149845828223,-30.812149846,1.7177725908368302e-10,5.574984541560087e-12,1,-0.30812149845828220173774356124984e2,1.1530236275549973e-16,1,,0.402562,0.1116386,99,600.0,threads=1,6379d2c0,Windows-AMD64,2026-09-30T16:25:34+00:00
base,3,blend,38e1d84a38f1e0adaa16d3dd0abe758f6cea13a21f33681aa92742b693260aef,optimal,-30.812149845828223,-30.812149846,1.7177725908368302e-10,5.574984541560087e-12,1,-0.30812149845828220173774356124984e2,1.1530236275549973e-16,1,,0.757419,0.6361078,99,600.0,threads=1,9a50cc78,Windows-AMD64,2026-09-30T16:25:34+00:00
base,3,bnl1,7a842adca058eaa3cb712b3bbae357602f22df6cc318c4d278f6600167fe2300,optimal,1977.629561522888,1977.6292856,0.00027592288802225085,1.3952204795477512e-07,1,0.19776295615228892439564398331821e4,5.748641703862406e-16,1,,0.647458,0.2592545,1674,600.0,threads=1,9a50cc78,Windows-AMD64,2026-09-30T16:25:35+00:00
new,3,bnl1,7a842adca058eaa3cb712b3bbae357602f22df6cc318c4d278f6600167fe2300,optimal,1977.629561522888,1977.6292856,0.00027592288802225085,1.3952204795477512e-07,1,0.19776295615228892439564398331821e4,5.748641703862406e-16,1,,2.889017,2.0400574,1674,600.0,threads=1,6379d2c0,Windows-AMD64,2026-09-30T16:25:38+00:00
new,3,bnl2,eafd7e49005db1a020d420b3fbed2e124bebf46740c0b2550edcbaa17b07ad6b,optimal,1811.236540358547,1811.2365404,4.145294951740652e-08,2.2886546617622845e-11,1,0.1811236540358545170448413697691e4,1.004280425562625e-15,1,,5.525949,4.2801001,2377,600.0,threads=1,6379d2c0,Windows-AMD64,2026-09-30T16:25:44+00:00
base,3,bnl2,eafd7e49005db1a020d420b3fbed2e124bebf46740c0b2550edcbaa17b07ad6b,optimal,1811.236540358547,1811.2365404,4.145294951740652e-08,2.2886546617622845e-11,1,0.1811236540358545170448413697691e4,1.004280425562625e-15,1,,3.697679,3.1766164,2377,600.0,threads=1,9a50cc78,Windows-AMD64,2026-09-30T16:25:47+00:00
base,3,boeing1,1d9d58afaf41bad6866d5355330b261d3776ca86753d121eb9b688ee6128ab9e,optimal,-335.213567507127,-335.21356751,2.8730369194818195e-09,8.570765619133575e-12,1,-0.3352135675071266218429697314682e3,1.0174424493053884e-15,1,,0.889546,0.4227143,465,600.0,threads=1,9a50cc78,Windows-AMD64,2026-09-30T16:25:48+00:00
new,3,boeing1,1d9d58afaf41bad6866d5355330b261d3776ca86753d121eb9b688ee6128ab9e,optimal,-335.213567507127,-335.21356751,2.8730369194818195e-09,8.570765619133575e-12,1,-0.3352135675071266218429697314682e3,1.0174424493053884e-15,1,,1.865896,1.5573618,465,600.0,threads=1,6379d2c0,Windows-AMD64,2026-09-30T16:25:50+00:00
new,3,boeing2,e12e729b8c09bf6e6934af40b728e460d4eb360c42419b791b68fb2271ddd61a,optimal,-315.0187280152028,-315.01872802,4.797243491339032e-09,1.522843902485208e-11,1,-0.31501872801520287870462195913263e3,3.608891396327696e-16,1,,1.813519,0.8895492,223,600.0,threads=1,6379d2c0,Windows-AMD64,2026-09-30T16:25:52+00:00
base,3,boeing2,e12e729b8c09bf6e6934af40b728e460d4eb360c42419b791b68fb2271ddd61a,optimal,-315.0187280152028,-315.01872802,4.797243491339032e-09,1.522843902485208e-11,1,-0.31501872801520287870462195913263e3,3.608891396327696e-16,1,,1.494959,0.7202494,223,600.0,threads=1,9a50cc78,Windows-AMD64,2026-09-30T16:25:53+00:00
base,3,bore3d,c7cfe0d4abd466346e3cda4e16d00651f44f3ce1da317cf583c5fed5dfc0515a,optimal,1373.080394208493,1373.0803942,8.493088898831047e-09,6.185427258816399e-12,1,0.13730803942084927215581987251301e4,3.3118770962322394e-16,1,,0.976159,0.6664491,162,600.0,threads=1,9a50cc78,Windows-AMD64,2026-09-30T16:25:54+00:00
new,3,bore3d,c7cfe0d4abd466346e3cda4e16d00651f44f3ce1da317cf583c5fed5dfc0515a,optimal,1373.080394208493,1373.0803942,8.493088898831047e-09,6.185427258816399e-12,1,0.13730803942084927215581987251301e4,3.3118770962322394e-16,1,,1.027153,0.839817,162,600.0,threads=1,6379d2c0,Windows-AMD64,2026-09-30T16:25:55+00:00
new,3,brandy,56fa020b84a0a106b7883b7da006c2852449598898c41ec8dd2575151d0e0917,optimal,1518.509896488128,1518.5098965,1.1871861715917476e-08,7.818099666838409e-12,1,0.15185098964881283835426751550618e4,1.4973473401067798e-16,1,,1.545157,1.1013154,299,600.0,threads=1,6379d2c0,Windows-AMD64,2026-09-30T16:25:57+00:00
base,3,brandy,56fa020b84a0a106b7883b7da006c2852449598898c41ec8dd2575151d0e0917,optimal,1518.509896488128,1518.5098965,1.1871861715917476e-08,7.818099666838409e-12,1,0.15185098964881283835426751550618e4,1.4973473401067798e-16,1,,1.300053,1.0623964,299,600.0,threads=1,9a50cc78,Windows-AMD64,2026-09-30T16:25:58+00:00
base,3,capri,4932bc8861fcdaf19256827b7ee229941fa6f2e84f2044b65300326c226fba78,optimal,2690.0129137681615,2690.0129138,3.18386810249649e-08,1.1835884081310426e-11,1,0.26900129137681610087717280693754e4,1.690502482567846e-16,1,,1.236401,0.973278,259,600.0,threads=1,9a50cc78,Windows-AMD64,2026-09-30T16:25:59+00:00
new,3,capri,4932bc8861fcdaf19256827b7ee229941fa6f2e84f2044b65300326c226fba78,optimal,2690.0129137681615,2690.0129138,3.18386810249649e-08,1.1835884081310426e-11,1,0.26900129137681610087717280693754e4,1.690502482567846e-16,1,,1.677623,1.2737586,259,600.0,threads=1,6379d2c0,Windows-AMD64,2026-09-30T16:26:01+00:00
new,3,cycle,bfc8edde30952b8dfa354679ea3a3231c2e7eb762c0ff8f0f845505741816d53,optimal,-5.226393024894101,-5.2263930249,5.899281063648232e-12,1.1287480745405875e-12,1,-0.52263930248941017172447233836217e1,1.699409928548421e-16,1,,1.442741,0.8573145,335,600.0,threads=1,6379d2c0,Windows-AMD64,2026-09-30T16:26:03+00:00
base,3,cycle,bfc8edde30952b8dfa354679ea3a3231c2e7eb762c0ff8f0f845505741816d53,optimal,-5.226393024894101,-5.2263930249,5.899281063648232e-12,1.1287480745405875e-12,1,-0.52263930248941017172447233836217e1,1.699409928548421e-16,1,,0.979068,0.6173894,335,600.0,threads=1,9a50cc78,Windows-AMD64,2026-09-30T16:26:04+00:00
base,3,czprob,b1f30bd25705fcc3c4f195d7e627e437788035f81fae9198e3096471b947f704,optimal,2185196.698856578,2185196.6989,4.342198371887207e-05,1.98709725951582e-11,1,0.21851966988565774858951155947191e7,4.261962207350949e-16,1,,1.366163,1.0986892,981,600.0,threads=1,9a50cc78,Windows-AMD64,2026-09-30T16:26:05+00:00
new,3,czprob,b1f30bd25705fcc3c4f195d7e627e437788035f81fae9198e3096471b947f704,optimal,2185196.698856578,2185196.6989,4.342198371887207e-05,1.98709725951582e-11,1,0.21851966988565774858951155947191e7,4.261962207350949e-16,1,,1.191925,0.9919511,981,600.0,threads=1,6379d2c0,Windows-AMD64,2026-09-30T16:26:06+00:00
new,3,d2q06c,fb1516a10aba6a4101cea6cec90c1da775ac60d2d2cd96e902bbe21a430790c9,optimal,122784.21081418934,122784.23615,0.02533581065654289,2.0634416478016988e-07,1,0.12278421081418945895739128812392e6,9.481294138307999e-16,1,,13.713406,13.0265245,14998,600.0,threads=1,6379d2c0,Windows-AMD64,2026-09-30T16:26:20+00:00
base,3,d2q06c,fb1516a10aba6a4101cea6cec90c1da775ac60d2d2cd96e902bbe21a430790c9,optimal,122784.21081418934,122784.23615,0.02533581065654289,2.0634416478016988e-07,1,0.12278421081418945895739128812392e6,9.481294138307999e-16,1,,24.558868,23.2475278,14998,600.0,threads=1,9a50cc78,Windows-AMD64,2026-09-30T16:26:44+00:00
base,3,d6cube,8cd94ee7783bcbce884acde1f4769f5c79739c9460fe73cb948924e724b02dfa,optimal,315.49166666666713,315.49166667,3.3328433346468955e-09,1.0563966300044954e-11,1,0.31549166666666666666666666666667e3,1.4413925910979079e-15,1,,2.415953,1.5628942,868,600.0,threads=1,9a50cc78,Windows-AMD64,2026-09-30T16:26:47+00:00
new,3,d6cube,8cd94ee7783bcbce884acde1f4769f5c79739c9460fe73cb948924e724b02dfa,optimal,315.49166666666713,315.49166667,3.3328433346468955e-09,1.0563966300044954e-11,1,0.31549166666666666666666666666667e3,1.4413925910979079e-15,1,,3.386063,2.8742677,868,600.0,threads=1,6379d2c0,Windows-AMD64,2026-09-30T16:26:50+00:00
new,3,degen2,755cf6ca5f3a8ed1b8b68372e8d2d3b5efee784ee69b1dada923c6ff04ee0edb,optimal,-1435.178,-1435.178,0.0,0.0,1,-0.1435178e4,0.0,1,,2.414151,2.1074279,611,600.0,threads=1,6379d2c0,Windows-AMD64,2026-09-30T16:26:53+00:00
base,3,degen2,755cf6ca5f3a8ed1b8b68372e8d2d3b5efee784ee69b1dada923c6ff04ee0edb,optimal,-1435.178,-1435.178,0.0,0.0,1,-0.1435178e4,0.0,1,,2.245445,1.8149702,611,600.0,threads=1,9a50cc78,Windows-AMD64,2026-09-30T16:26:55+00:00
base,3,degen3,08d600688c524fea548e946af5551ef8c359c7a7e71b8841acc839b00eefadeb,optimal,-987.2939999999999,-987.294,1.1368683772161603e-13,1.151499327673581e-16,1,-0.987294e3,1.151499327673581e-16,1,,4.743603,4.2702927,3164,600.0,threads=1,9a50cc78,Windows-AMD64,2026-09-30T16:27:00+00:00
new,3,degen3,08d600688c524fea548e946af5551ef8c359c7a7e71b8841acc839b00eefadeb,optimal,-987.2939999999999,-987.294,1.1368683772161603e-13,1.151499327673581e-16,1,-0.987294e3,1.151499327673581e-16,1,,2.877054,2.4080977,3164,600.0,threads=1,6379d2c0,Windows-AMD64,2026-09-30T16:27:03+00:00
new,3,dfl001,85d47c5f8a5fc53772eabac1805b7a1af72431cad9e14d26d673043980952730,optimal,11266396.0466714,11266400.0,3.953328600153327,3.508954590777291e-07,1,0.11266396046671392202377652175477e8,6.613100201750026e-16,1,,201.454881,200.4865327,85012,600.0,threads=1,6379d2c0,Windows-AMD64,2026-09-30T16:30:24+00:00
base,3,dfl001,85d47c5f8a5fc53772eabac1805b7a1af72431cad9e14d26d673043980952730,optimal,11266396.0466714,11266400.0,3.953328600153327,3.508954590777291e-07,1,0.11266396046671392202377652175477e8,6.613100201750026e-16,1,,183.430347,182.7266176,85012,600.0,threads=1,9a50cc78,Windows-AMD64,2026-09-30T16:33:27+00:00
base,3,e226,ddf56486daea52c8592b520aeb83d329223a1b45a3e5a269bd663ef9195bd8d8,optimal,-11.638929066370528,-18.751929066,7.112999999629471,0.3793209741032129,0,-0.18751929066370549102605687681285e2,1.1367514242058077e-15,1,,1.150025,0.8700705,435,600.0,threads=1,9a50cc78,Windows-AMD64,2026-09-30T16:33:29+00:00
new,3,e226,ddf56486daea52c8592b520aeb83d329223a1b45a3e5a269bd663ef9195bd8d8,optimal,-11.638929066370528,-18.751929066,7.112999999629471,0.3793209741032129,0,-0.18751929066370549102605687681285e2,1.1367514242058077e-15,1,,1.207384,1.0270853,435,600.0,threads=1,6379d2c0,Windows-AMD64,2026-09-30T16:33:30+00:00
new,3,etamacro,41701e1add7af2ed2b21a421ab7271bc867e6bc7ad98ac189748d6522e7d4926,optimal,-755.7152333505866,-755.71521774,1.561058661536663e-05,2.0656705394990964e-08,1,-0.7557152333749133350792583667773e3,3.2190312516305756e-11,1,,0.558381,0.2945753,779,600.0,threads=1,6379d2c0,Windows-AMD64,2026-09-30T16:33:30+00:00
base,3,etamacro,41701e1add7af2ed2b21a421ab7271bc867e6bc7ad98ac189748d6522e7d4926,optimal,-755.7152333505866,-755.71521774,1.561058661536663e-05,2.0656705394990964e-08,1,-0.7557152333749133350792583667773e3,3.2190312516305756e-11,1,,1.821254,1.591542,779,600.0,threads=1,9a50cc78,Windows-AMD64,2026-09-30T16:33:32+00:00
base,3,fffff800,9d6695686c15d5f1b4f43b2ce8830c1d38df3a204717d8875f144aa21b33901e,optimal,555679.5648174962,555679.61165,0.046832503750920296,8.427968701579461e-08,1,0.555679564817496376532864378969e6,2.0950081521383547e-16,1,,1.110305,0.8555694,706,600.0,threads=1,9a50cc78,Windows-AMD64,2026-09-30T16:33:33+00:00
new,3,fffff800,9d6695686c15d5f1b4f43b2ce8830c1d38df3a204717d8875f144aa21b33901e,optimal,555679.5648174962,555679.61165,0.046832503750920296,8.427968701579461e-08,1,0.555679564817496376532864378969e6,2.0950081521383547e-16,1,,0.332004,0.1662111,706,600.0,threads=1,6379d2c0,Windows-AMD64,2026-09-30T16:33:34+00:00
new,3,finnis,891821f24a8cd14af78b95bb460a56f0e0b5410a59ad01ab58d9daf3387e7546,optimal,172791.06559561164,172790.96547,0.10012561164330691,5.794609189835839e-07,1,0.17279106559561159432297900375543e6,3.3686730684150445e-16,1,,2.029734,1.8782182,398,600.0,threads=1,6379d2c0,Windows-AMD64,2026-09-30T16:33:36+00:00
base,3,finnis,891821f24a8cd14af78b95bb460a56f0e0b5410a59ad01ab58d9daf3387e7546,optimal,172791.06559561164,172790.96547,0.10012561164330691,5.794609189835839e-07,1,0.17279106559561159432297900375543e6,3.3686730684150445e-16,1,,6.578035,6.4385064,398,600.0,threads=1,9a50cc78,Windows-AMD64,2026-09-30T16:33:42+00:00
base,3,fit1d,59cee4fedd040a05c05d8410474ee014f42ef910e083689202be708491fe8717,optimal,-9146.378092420928,-9146.3780924,2.092747308779508e-08,2.2880612277754342e-12,1,-0.91463780924209269467749025024617e4,0.0,1,,0.63558,0.3260916,56,600.0,threads=1,9a50cc78,Windows-AMD64,2026-09-30T16:33:43+00:00
new,3,fit1d,59cee4fedd040a05c05d8410474ee014f42ef910e083689202be708491fe8717,optimal,-9146.378092420928,-9146.3780924,2.092747308779508e-08,2.2880612277754342e-12,1,-0.91463780924209269467749025024617e4,0.0,1,,0.53927,0.3926793,56,600.0,threads=1,6379d2c0,Windows-AMD64,2026-09-30T16:33:43+00:00
new,3,fit1p,416e77d83daf74dee5ec1d253b77f8e252ff3e27cd123459218b02ef2be0df17,optimal,9146.378092420935,9146.3780924,2.0934749045409262e-08,2.288856729288785e-12,1,0.91463780924209269467749025024617e4,7.955015133490479e-16,1,,2.771996,2.4224195,1088,600.0,threads=1,6379d2c0,Windows-AMD64,2026-09-30T16:33:46+00:00
base,3,fit1p,416e77d83daf74dee5ec1d253b77f8e252ff3e27cd123459218b02ef2be0df17,optimal,9146.378092420935,9146.3780924,2.0934749045409262e-08,2.288856729288785e-12,1,0.91463780924209269467749025024617e4,7.955015133490479e-16,1,,2.493359,2.2941193,1088,600.0,threads=1,9a50cc78,Windows-AMD64,2026-09-30T16:33:49+00:00
base,3,fit2d,1c16c328c0358ab175596bdd6b9a2c5d1cb4bb53b099d5d1f2a208a889c7bafc,optimal,-68464.2932938321,-68464.293294,1.6789999790489674e-07,2.4523731981559937e-12,1,-0.68464293293832069575943518435837e5,4.2509502481574083e-16,1,,0.940257,0.1569235,226,600.0,threads=1,9a50cc78,Windows-AMD64,2026-09-30T16:33:50+00:00
new,3,fit2d,1c16c328c0358ab175596bdd6b9a2c5d1cb4bb53b099d5d1f2a208a889c7bafc,optimal,-68464.2932938321,-68464.293294,1.6789999790489674e-07,2.4523731981559937e-12,1,-0.68464293293832069575943518435837e5,4.2509502481574083e-16,1,,1.911057,1.1420897,226,600.0,threads=1,6379d2c0,Windows-AMD64,2026-09-30T16:33:52+00:00
new,3,fit2p,0f44de8ea974ed4cc04fb60ccd2707c2f887dc65f8b6b9bd1e9f01bb59dd4a4f,optimal,68464.29329383219,68464.293232,6.183219375088811e-05,9.031305346476276e-10,1,0.68464293293832069575943518435837e5,1.7003800992629633e-15,1,,14.569559,13.7811407,10207,600.0,threads=1,6379d2c0,Windows-AMD64,2026-09-30T16:34:06+00:00
base,3,fit2p,0f44de8ea974ed4cc04fb60ccd2707c2f887dc65f8b6b9bd1e9f01bb59dd4a4f,optimal,68464.29329383219,68464.293232,6.183219375088811e-05,9.031305346476276e-10,1,0.68464293293832069575943518435837e5,1.7003800992629633e-15,1,,11.661563,10.9473627,10207,600.0,threads=1,9a50cc78,Windows-AMD64,2026-09-30T16:34:18+00:00
base,3,forplan,65ec816c0b3c58ec4d61574df130a3ce464abb42f3d49de21710a787bf3cfdc7,optimal,-664.2189612722065,-664.21873953,0.00022174220646320464,3.3383913049503697e-07,1,-0.66421896127220457481235119701692e3,2.909697485247549e-15,1,,0.68129,0.5429087,298,600.0,threads=1,9a50cc78,Windows-AMD64,2026-09-30T16:34:19+00:00
new,3,forplan,65ec816c0b3c58ec4d61574df130a3ce464abb42f3d49de21710a787bf3cfdc7,optimal,-664.2189612722065,-664.21873953,0.00022174220646320464,3.3383913049503697e-07,1,-0.66421896127220457481235119701692e3,2.909697485247549e-15,1,,0.91429,0.7492976,298,600.0,threads=1,6379d2c0,Windows-AMD64,2026-09-30T16:34:19+00:00
new,3,ganges,f655f33ba979a59d659a8605acaf480c2fe5c610f3a50921bbcac7be40546067,optimal,-109585.73612927819,-109586.36356,0.6274307218118338,5.72544522355929e-06,0,-0.10958573612927811623444890424357e6,6.639511556139013e-16,1,,1.573585,1.3346274,1183,600.0,threads=1,6379d2c0,Windows-AMD64,2026-09-30T16:34:21+00:00
base,3,ganges,f655f33ba979a59d659a8605acaf480c2fe5c610f3a50921bbcac7be40546067,optimal,-109585.73612927819,-109586.36356,0.6274307218118338,5.72544522355929e-06,0,-0.10958573612927811623444890424357e6,6.639511556139013e-16,1,,1.128217,0.7993915,1183,600.0,threads=1,9a50cc78,Windows-AMD64,2026-09-30T16:34:22+00:00
base,3,gfrd-pnc,d66ea78a803e91e4f38dcd74ca4c575aa742e27e7120c1c3494d4d424ee5c936,optimal,6902235.999548811,6902235.9995,4.8811547458171844e-05,7.071845625346303e-12,1,0.69022359995488088295415596232193e7,4.047916825835967e-16,1,,1.375405,1.2382024,448,600.0,threads=1,9a50cc78,Windows-AMD64,2026-09-30T16:34:24+00:00
new,3,gfrd-pnc,d66ea78a803e91e4f38dcd74ca4c575aa742e27e7120c1c3494d4d424ee5c936,optimal,6902235.999548811,6902235.9995,4.8811547458171844e-05,7.071845625346303e-12,1,0.69022359995488088295415596232193e7,4.047916825835967e-16,1,,0.857902,0.5968323,448,600.0,threads=1,6379d2c0,Windows-AMD64,2026-09-30T16:34:24+00:00
new,3,greenbea,cb701e3ba5153e385b8cb6426e34b5d23bad4b1b9c9a037802e351c24b0f653d,optimal,-72555248.12984598,-72462405.908,92842.22184596956,0.0012812467469524025,0,-0.72555248129845987457557870574845e8,2.0537675189505668e-16,1,,13.158906,12.6441808,8526,600.0,threads=1,6379d2c0,Windows-AMD64,2026-09-30T16:34:38+00:00
base,3,greenbea,cb701e3ba5153e385b8cb6426e34b5d23bad4b1b9c9a037802e351c24b0f653d,optimal,-72555248.12984598,-72462405.908,92842.22184596956,0.0012812467469524025,0,-0.72555248129845987457557870574845e8,2.0537675189505668e-16,1,,5.355291,4.6703501,8526,600.0,threads=1,9a50cc78,Windows-AMD64,2026-09-30T16:34:43+00:00
base,3,greenbeb,21f92f6a32f71ec72c8f693d6685e4a91ecb2debec732ec61302bc866f370865,optimal,-4302260.261206586,-4302147.6065,112.65470658615232,2.6185690703858075e-05,0,-0.43022602612065867539213672544432e7,2.1647285800285016e-16,1,,11.089748,10.4974905,10966,600.0,threads=1,9a50cc78,Windows-AMD64,2026-09-30T16:34:54+00:00
new,3,greenbeb,21f92f6a32f71ec72c8f693d6685e4a91ecb2debec732ec61302bc866f370865,optimal,-4302260.261206586,-4302147.6065,112.65470658615232,2.6185690703858075e-05,0,-0.43022602612065867539213672544432e7,2.1647285800285016e-16,1,,11.869408,11.0466704,10966,600.0,threads=1,6379d2c0,Windows-AMD64,2026-09-30T16:35:06+00:00
new,3,grow15,ab84e2f83d00c5bd26291e0505f23804b050bc96dc1e576d9da8f04e1f6ed51f,optimal,-106870941.29357535,-106870941.29,0.003575339913368225,3.345474335878028e-11,1,-0.10687094129357533671604040930313e9,1.3943136472349437e-16,1,,1.473979,1.3194982,1238,600.0,threads=1,6379d2c0,Windows-AMD64,2026-09-30T16:35:07+00:00
base,3,grow15,ab84e2f83d00c5bd26291e0505f23804b050bc96dc1e576d9da8f04e1f6ed51f,optimal,-106870941.29357535,-106870941.29,0.003575339913368225,3.345474335878028e-11,1,-0.10687094129357533671604040930313e9,1.3943136472349437e-16,1,,2.310802,2.0352904,1238,600.0,threads=1,9a50cc78,Windows-AMD64,2026-09-30T16:35:10+00:00
base,3,grow22,671111a1623539730f4caa9366c7eda43fb472137773cd9444dc96ed87f9810e,optimal,-160834336.482563,-160834336.48,0.002562999725341797,1.5935650194077246e-11,1,-0.16083433648256296718456039982613e9,1.8529825806771284e-16,1,,0.545588,0.3953777,2264,600.0,threads=1,9a50cc78,Windows-AMD64,2026-09-30T16:35:10+00:00
new,3,grow22,671111a1623539730f4caa9366c7eda43fb472137773cd9444dc96ed87f9810e,optimal,-160834336.482563,-160834336.48,0.002562999725341797,1.5935650194077246e-11,1,-0.16083433648256296718456039982613e9,1.8529825806771284e-16,1,,2.463019,2.2696478,2264,600.0,threads=1,6379d2c0,Windows-AMD64,2026-09-30T16:35:13+00:00
new,3,grow7,6b8734ffdf991a36f17cfddf306834a4a3ced3e17964cac9fa2983a043906cd4,optimal,-47787811.8147115,-47787811.815,0.00028849393129348755,6.036977219428426e-12,1,-0.47787811814711502616766956242865e8,0.0,1,,0.956161,0.7742006,337,600.0,threads=1,6379d2c0,Windows-AMD64,2026-09-30T16:35:14+00:00
base,3,grow7,6b8734ffdf991a36f17cfddf306834a4a3ced3e17964cac9fa2983a043906cd4,optimal,-47787811.8147115,-47787811.815,0.00028849393129348755,6.036977219428426e-12,1,-0.47787811814711502616766956242865e8,0.0,1,,0.991861,0.7674807,337,600.0,threads=1,9a50cc78,Windows-AMD64,2026-09-30T16:35:15+00:00
base,3,israel,96564e1fddcbb6e3d46447fceb54b9d18260b95e95075c3a19f5812f9bf5ceeb,optimal,-896644.821863046,-896644.82186,3.0460068956017494e-06,3.3971164739267804e-12,1,-0.89664482186304572966200464196045e6,3.8950313096677714e-16,1,,0.26692,0.0932482,170,600.0,threads=1,9a50cc78,Windows-AMD64,2026-09-30T16:35:15+00:00
new,3,israel,96564e1fddcbb6e3d46447fceb54b9d18260b95e95075c3a19f5812f9bf5ceeb,optimal,-896644.821863046,-896644.82186,3.0460068956017494e-06,3.3971164739267804e-12,1,-0.89664482186304572966200464196045e6,3.8950313096677714e-16,1,,0.847504,0.6478486,170,600.0,threads=1,6379d2c0,Windows-AMD64,2026-09-30T16:35:16+00:00
new,3,kb2,f0eb647d1d9aac84f49d88662b6b02c6cecc04496e5435be733eced36d7f48f2,optimal,-1749.9001299062058,-1749.9001299,6.205937097547576e-09,3.5464521611883195e-12,1,-0.17499001299062057129526866493726e4,1.2993522976389474e-16,1,,0.736778,0.4930979,51,600.0,threads=1,6379d2c0,Windows-AMD64,2026-09-30T16:35:17+00:00
base,3,kb2,f0eb647d1d9aac84f49d88662b6b02c6cecc04496e5435be733eced36d7f48f2,optimal,-1749.9001299062058,-1749.9001299,6.205937097547576e-09,3.5464521611883195e-12,1,-0.17499001299062057129526866493726e4,1.2993522976389474e-16,1,,0.834735,0.5600539,51,600.0,threads=1,9a50cc78,Windows-AMD64,2026-09-30T16:35:17+00:00
base,3,lotfi,fcb90a1b5e02b2eae67adacd0937a073d420ca92ac6af514ee13a348d7f31623,optimal,-25.264706061880016,-25.264706062,1.1998224636045052e-10,4.74900622496902e-12,1,-0.2526470606188e2,7.030981619376371e-16,1,,1.630003,0.6065792,200,600.0,threads=1,9a50cc78,Windows-AMD64,2026-09-30T16:35:19+00:00
new,3,lotfi,fcb90a1b5e02b2eae67adacd0937a073d420ca92ac6af514ee13a348d7f31623,optimal,-25.264706061880016,-25.264706062,1.1998224636045052e-10,4.74900622496902e-12,1,-0.2526470606188e2,7.030981619376371e-16,1,,1.034041,0.7684452,200,600.0,threads=1,6379d2c0,Windows-AMD64,2026-09-30T16:35:20+00:00
new,3,maros,4910e97a363fca07d2fb72838fa26629329a9a8dcd6a4da186f560424bd67077,optimal,-58063.743701125895,-58063.743701,1.2589589459821582e-07,2.1682359175205506e-12,1,-0.58063743701125895401208534974734e5,0.0,1,,1.428862,0.9967698,1802,600.0,threads=1,6379d2c0,Windows-AMD64,2026-09-30T16:35:22+00:00
base,3,maros,4910e97a363fca07d2fb72838fa26629329a9a8dcd6a4da186f560424bd67077,optimal,-58063.743701125895,-58063.743701,1.2589589459821582e-07,2.1682359175205506e-12,1,-0.58063743701125895401208534974734e5,0.0,1,,3.21318,2.7841424,1802,600.0,threads=1,9a50cc78,Windows-AMD64,2026-09-30T16:35:25+00:00
base,3,maros-r7,e97f59ab32a8280526c26c210aacabd6e0c05300e67a0d4afd00b95d245f8db7,optimal,1497185.1664813687,1497185.1665,1.86313409358263e-05,1.2444246278088076e-11,1,0.14971851664796437907337543903552e7,1.1520347962326122e-12,1,,31.945742,30.8938128,28,600.0,threads=1,9a50cc78,Windows-AMD64,2026-09-30T16:35:57+00:00
new,3,maros-r7,e97f59ab32a8280526c26c210aacabd6e0c05300e67a0d4afd00b95d245f8db7,optimal,1497185.1664813687,1497185.1665,1.86313409358263e-05,1.2444246278088076e-11,1,0.14971851664796437907337543903552e7,1.1520347962326122e-12,1,,31.001827,29.8585769,28,600.0,threads=1,6379d2c0,Windows-AMD64,2026-09-30T16:36:28+00:00
new,3,modszk1,af109be42aa6bd62fc307b623184c69f1030db2f8e1682c636b387a49fd8da43,optimal,320.6197290642054,320.61972906,4.2053898141602986e-09,1.311644117001082e-11,1,0.32061972906431580494333823530763e3,3.4430170516907005e-13,1,,1.31021,1.1248037,662,600.0,threads=1,6379d2c0,Windows-AMD64,2026-09-30T16:36:30+00:00
base,3,modszk1,af109be42aa6bd62fc307b623184c69f1030db2f8e1682c636b387a49fd8da43,optimal,320.6197290642054,320.61972906,4.2053898141602986e-09,1.311644117001082e-11,1,0.32061972906431580494333823530763e3,3.4430170516907005e-13,1,,1.386671,1.1991471,662,600.0,threads=1,9a50cc78,Windows-AMD64,2026-09-30T16:36:31+00:00
base,3,nesm,20b55063a879a649ef5c7a1a701f81917717b414943f58dea37a1c30495bc5ba,optimal,14076036.48756271,14076073.035,36.547437289729714,2.596422823244446e-06,0,0.14076036487562728337980641375835e8,1.3232738852849298e-15,1,,4.786892,3.8355108,3321,600.0,threads=1,9a50cc78,Windows-AMD64,2026-09-30T16:36:36+00:00
new,3,nesm,20b55063a879a649ef5c7a1a701f81917717b414943f58dea37a1c30495bc5ba,optimal,14076036.48756271,14076073.035,36.547437289729714,2.596422823244446e-06,0,0.14076036487562728337980641375835e8,1.3232738852849298e-15,1,,3.643063,3.0612972,3321,600.0,threads=1,6379d2c0,Windows-AMD64,2026-09-30T16:36:39+00:00
new,3,perold,040ed4572876366cd979b6811ee20d706abba6998616b0e53201ea1e043acacd,optimal,-9380.755278235163,-9380.7580773,0.002799064837745391,2.9838365030633286e-07,1,-0.93807552782351606734833270386511e4,1.939064978878833e-16,1,,2.659218,2.4685307,2492,600.0,threads=1,6379d2c0,Windows-AMD64,2026-09-30T16:36:42+00:00
base,3,perold,040ed4572876366cd979b6811ee20d706abba6998616b0e53201ea1e043acacd,optimal,-9380.755278235163,-9380.7580773,0.002799064837745391,2.9838365030633286e-07,1,-0.93807552782351606734833270386511e4,1.939064978878833e-16,1,,2.466771,2.2029452,2492,600.0,threads=1,9a50cc78,Windows-AMD64,2026-09-30T16:36:45+00:00
base,3,pilot,26916951225f695c68c474adb2e1e052e4c1b3479d6a11fbd579fd20d4e7d2eb,optimal,-557.4897292893348,-557.40430007,0.08542921933485559,0.0001532625767761878,0,-0.55748972928406818073034256636894e3,9.447091430823412e-12,1,,11.780093,10.6994966,6226,600.0,threads=1,9a50cc78,Windows-AMD64,2026-09-30T16:36:56+00:00
new,3,pilot,26916951225f695c68c474adb2e1e052e4c1b3479d6a11fbd579fd20d4e7d2eb,optimal,-557.4897292893348,-557.40430007,0.08542921933485559,0.0001532625767761878,0,-0.55748972928406818073034256636894e3,9.447091430823412e-12,1,,10.131077,9.1271066,6226,600.0,threads=1,6379d2c0,Windows-AMD64,2026-09-30T16:37:07+00:00
new,3,pilot.ja,c0cea98ca60001558b561e3195b84b8d3fd33eeeb695ddba6836bfa29d06d50f,optimal,-6113.136465581344,-6113.1344111,0.002054481344202941,3.360765862554062e-07,1,-0.61131364655813432748848620538024e4,1.4877709779482858e-16,1,,1.558099,1.05008,3220,600.0,threads=1,6379d2c0,Windows-AMD64,2026-09-30T16:37:08+00:00
base,3,pilot.ja,c0cea98ca60001558b561e3195b84b8d3fd33eeeb695ddba6836bfa29d06d50f,optimal,-6113.136465581344,-6113.1344111,0.002054481344202941,3.360765862554062e-07,1,-0.61131364655813432748848620538024e4,1.4877709779482858e-16,1,,2.548609,2.1865326,3220,600.0,threads=1,9a50cc78,Windows-AMD64,2026-09-30T16:37:11+00:00
base,3,pilot.we,5c3e8ed78a522c7df2cac39435efd0552273b8e942b03186997ee9011cd1015a,optimal,-2720107.5328449644,-2720102.7439,4.788944964297116,1.7605750279237147e-06,0,-0.27201075328449639629439185412556e7,1.7119223474989002e-16,1,,2.262895,2.0698727,5254,600.0,threads=1,9a50cc78,Windows-AMD64,2026-09-30T16:37:13+00:00
new,3,pilot.we,5c3e8ed78a522c7df2cac39435efd0552273b8e942b03186997ee9011cd1015a,optimal,-2720107.5328449644,-2720102.7439,4.788944964297116,1.7605750279237147e-06,0,-0.27201075328449639629439185412556e7,1.7119223474989002e-16,1,,0.877673,0.7212041,5254,600.0,threads=1,6379d2c0,Windows-AMD64,2026-09-30T16:37:14+00:00
new,3,pilot4,67e872aae722a493f5c2c8f88e3d70d093eea116093874ea43852c864a687cba,optimal,-2581.1392588847157,-2581.1392641,5.215284545556642e-06,2.0205358998229503e-09,1,-0.25811392588838886745830997266797e4,3.2047299595147063e-13,1,,0.523222,0.2990778,4,600.0,threads=1,6379d2c0,Windows-AMD64,2026-09-30T16:37:14+00:00
base,3,pilot4,67e872aae722a493f5c2c8f88e3d70d093eea116093874ea43852c864a687cba,optimal,-2581.1392588847157,-2581.1392641,5.215284545556642e-06,2.0205358998229503e-09,1,-0.25811392588838886745830997266797e4,3.2047299595147063e-13,1,,1.717126,1.4513316,4,600.0,threads=1,9a50cc78,Windows-AMD64,2026-09-30T16:37:16+00:00
base,3,pilot87,0ecfcc173d82c8a0252f58a99b2a529d8ad0155ee9212b8451cc25c0e387caa4,optimal,301.7103476060874,301.71072827,0.00038066391260827004,1.2616850411352131e-06,0,0.3017103473331105277216600201995e3,9.047647157991478e-10,1,,103.411769,101.9455829,23291,600.0,threads=1,9a50cc78,Windows-AMD64,2026-09-30T16:39:00+00:00
new,3,pilot87,0ecfcc173d82c8a0252f58a99b2a529d8ad0155ee9212b8451cc25c0e387caa4,optimal,301.7103476060874,301.71072827,0.00038066391260827004,1.2616850411352131e-06,0,0.3017103473331105277216600201995e3,9.047647157991478e-10,1,,112.477497,110.7191123,23291,600.0,threads=1,6379d2c0,Windows-AMD64,2026-09-30T16:40:52+00:00
new,3,pilotnov,2b000b6da9fb539e3303d5b81f00cc74f430e7ed52d7666ff1ef835bf060773d,optimal,-4497.276188218868,-4497.2761882,1.8867467588279396e-08,4.195309960678878e-12,1,-0.44972761882188711430996211783943e4,8.089293729884355e-16,1,,2.843557,2.2135651,2311,600.0,threads=1,6379d2c0,Windows-AMD64,2026-09-30T16:40:55+00:00
base,3,pilotnov,2b000b6da9fb539e3303d5b81f00cc74f430e7ed52d7666ff1ef835bf060773d,optimal,-4497.276188218868,-4497.2761882,1.8867467588279396e-08,4.195309960678878e-12,1,-0.44972761882188711430996211783943e4,8.089293729884355e-16,1,,1.803312,1.4264822,2311,600.0,threads=1,9a50cc78,Windows-AMD64,2026-09-30T16:40:57+00:00
base,3,recipe,277b34645cc89526db4a3365fa781ce28aa9768a65c4f301416a8a05c934af61,optimal,-266.61600000000027,-266.616,2.8421709430404007e-13,1.0660166468030429e-15,1,-0.266616e3,1.0660166468030429e-15,1,,0.551462,0.33302,40,600.0,threads=1,9a50cc78,Windows-AMD64,2026-09-30T16:40:57+00:00
new,3,recipe,277b34645cc89526db4a3365fa781ce28aa9768a65c4f301416a8a05c934af61,optimal,-266.61600000000027,-266.616,2.8421709430404007e-13,1.0660166468030429e-15,1,-0.266616e3,1.0660166468030429e-15,1,,0.892867,0.2874428,40,600.0,threads=1,6379d2c0,Windows-AMD64,2026-09-30T16:40:58+00:00
new,3,sc105,062d034400be956757316a9bde8e6de3d221a88fb5dc502def743f1883e23ec3,optimal,-52.20206121170722,-52.202061212,2.927791342699493e-10,5.608574210909634e-12,1,-0.52202061211707248062628010857689e2,5.444556933324681e-16,1,,1.340639,0.6461813,98,600.0,threads=1,6379d2c0,Windows-AMD64,2026-09-30T16:40:59+00:00
base,3,sc105,062d034400be956757316a9bde8e6de3d221a88fb5dc502def743f1883e23ec3,optimal,-52.20206121170722,-52.202061212,2.927791342699493e-10,5.608574210909634e-12,1,-0.52202061211707248062628010857689e2,5.444556933324681e-16,1,,0.539554,0.3856333,98,600.0,threads=1,9a50cc78,Windows-AMD64,2026-09-30T16:41:00+00:00
base,3,sc205,bcecc8d8cafd08c6d97cf8e39a740f5d777e317600bb9f6f158f2ceb550005f9,optimal,-52.2020612117072,-52.202061212,2.927933451246645e-10,5.608846438756298e-12,1,-0.52202061211707248062628010857689e2,8.166835399987022e-16,1,,0.754626,0.5823697,232,600.0,threads=1,9a50cc78,Windows-AMD64,2026-09-30T16:41:01+00:00
new,3,sc205,bcecc8d8cafd08c6d97cf8e39a740f5d777e317600bb9f6f158f2ceb550005f9,optimal,-52.2020612117072,-52.202061212,2.927933451246645e-10,5.608846438756298e-12,1,-0.52202061211707248062628010857689e2,8.166835399987022e-16,1,,0.683401,0.5376102,232,600.0,threads=1,6379d2c0,Windows-AMD64,2026-09-30T16:41:01+00:00
new,3,sc50a,36bfce2f419555712bf1b9a8477541199073c7654475d933475cea6db0abe2f2,optimal,-64.57507705856447,-64.575077059,4.355200644567958e-10,6.744398679677553e-12,1,-0.64575077058564509026860413914575e2,4.401343478789465e-16,1,,0.602863,0.3723886,42,600.0,threads=1,6379d2c0,Windows-AMD64,2026-09-30T16:41:02+00:00
base,3,sc50a,36bfce2f419555712bf1b9a8477541199073c7654475d933475cea6db0abe2f2,optimal,-64.57507705856447,-64.575077059,4.355200644567958e-10,6.744398679677553e-12,1,-0.64575077058564509026860413914575e2,4.401343478789465e-16,1,,0.690467,0.4498589,42,600.0,threads=1,9a50cc78,Windows-AMD64,2026-09-30T16:41:03+00:00
base,3,sc50b,bfc47ffcf8f037552130a75142a203dc768d82d15c3b7b9f718c444ffa472f15,optimal,-69.99999999999999,-70.0,1.4210854715202004e-14,2.0301221021717148e-16,1,-0.7e2,2.0301221021717148e-16,1,,0.512457,0.3299314,42,600.0,threads=1,9a50cc78,Windows-AMD64,2026-09-30T16:41:03+00:00
new,3,sc50b,bfc47ffcf8f037552130a75142a203dc768d82d15c3b7b9f718c444ffa472f15,optimal,-69.99999999999999,-70.0,1.4210854715202004e-14,2.0301221021717148e-16,1,-0.7e2,2.0301221021717148e-16,1,,0.66566,0.4268373,42,600.0,threads=1,6379d2c0,Windows-AMD64,2026-09-30T16:41:04+00:00
new,3,scagr25,7bac79b91dec46966af26a236d593c823f1e61eb055597426365e4f6bc36df76,optimal,-14753433.060768533,-14753433.061,0.00023146718740463257,1.5689039049257294e-11,1,-0.14753433060768523167790925075974e8,7.575098520698869e-16,1,,1.074611,0.8306339,457,600.0,threads=1,6379d2c0,Windows-AMD64,2026-09-30T16:41:05+00:00
base,3,scagr25,7bac79b91dec46966af26a236d593c823f1e61eb055597426365e4f6bc36df76,optimal,-14753433.060768533,-14753433.061,0.00023146718740463257,1.5689039049257294e-11,1,-0.14753433060768523167790925075974e8,7.575098520698869e-16,1,,1.866189,1.4228533,457,600.0,threads=1,9a50cc78,Windows-AMD64,2026-09-30T16:41:07+00:00
base,3,scagr7,2170c16fd0cc04a823172c1564e89593e75aac5225e2c2f893a6837ba0b26085,optimal,-2331389.824330984,-2331389.2548,0.5695309839211404,2.442882426212426e-07,1,-0.2331389824330984e7,0.0,1,,0.702507,0.310638,111,600.0,threads=1,9a50cc78,Windows-AMD64,2026-09-30T16:41:08+00:00
new,3,scagr7,2170c16fd0cc04a823172c1564e89593e75aac5225e2c2f893a6837ba0b26085,optimal,-2331389.824330984,-2331389.2548,0.5695309839211404,2.442882426212426e-07,1,-0.2331389824330984e7,0.0,1,,0.995102,0.6915463,111,600.0,threads=1,6379d2c0,Windows-AMD64,2026-09-30T16:41:09+00:00
new,3,scfxm1,3e602523ca64bb4fd7387da7eca577d964e08d7c04326c59937a0d58add7de25,optimal,18416.759028348937,18416.759028,3.4893673728220165e-07,1.89466961451629e-11,1,0.18416759028348943683579089143655e5,3.950726402503032e-16,1,,1.594094,1.270316,433,600.0,threads=1,6379d2c0,Windows-AMD64,2026-09-30T16:41:10+00:00
base,3,scfxm1,3e602523ca64bb4fd7387da7eca577d964e08d7c04326c59937a0d58add7de25,optimal,18416.759028348937,18416.759028,3.4893673728220165e-07,1.89466961451629e-11,1,0.18416759028348943683579089143655e5,3.950726402503032e-16,1,,1.379383,1.0124018,433,600.0,threads=1,9a50cc78,Windows-AMD64,2026-09-30T16:41:12+00:00
base,3,scfxm2,64d44da9d2e6329705e73b1e083f52a7560124c13af4c67ff60d55b0a46b0f0e,optimal,36660.26156499881,36660.261565,1.1932570487260818e-09,3.254905987537467e-14,1,0.36660261564998812956939504848248e5,1.984698772888764e-16,1,,1.589354,1.113467,937,600.0,threads=1,9a50cc78,Windows-AMD64,2026-09-30T16:41:13+00:00
new,3,scfxm2,64d44da9d2e6329705e73b1e083f52a7560124c13af4c67ff60d55b0a46b0f0e,optimal,36660.26156499881,36660.261565,1.1932570487260818e-09,3.254905987537467e-14,1,0.36660261564998812956939504848248e5,1.984698772888764e-16,1,,1.850168,1.5680846,937,600.0,threads=1,6379d2c0,Windows-AMD64,2026-09-30T16:41:15+00:00
new,3,scfxm3,515b442feba7cb583e03d4466da264782d898cc69093848052a7fa98ba4eac7b,optimal,54901.25454975145,54901.25455,2.4854671210050583e-07,4.527159062898059e-12,1,0.54901254549751454623888724925519e5,0.0,1,,1.698596,1.5179026,1641,600.0,threads=1,6379d2c0,Windows-AMD64,2026-09-30T16:41:17+00:00
base,3,scfxm3,515b442feba7cb583e03d4466da264782d898cc69093848052a7fa98ba4eac7b,optimal,54901.25454975145,54901.25455,2.4854671210050583e-07,4.527159062898059e-12,1,0.54901254549751454623888724925519e5,0.0,1,,1.985497,1.6409065,1641,600.0,threads=1,9a50cc78,Windows-AMD64,2026-09-30T16:41:19+00:00
base,3,scorpion,39b61cae042ce4adffb441faec77f5cc003fa725baa25edfb1738aef93a83c5d,optimal,1878.1248227381068,1878.1248227,3.810669113590848e-08,2.0289754267304842e-11,1,0.18781248227381066296479411763586e4,1.2106419801839656e-16,1,,0.783476,0.4895039,242,600.0,threads=1,9a50cc78,Windows-AMD64,2026-09-30T16:41:20+00:00
new,3,scorpion,39b61cae042ce4adffb441faec77f5cc003fa725baa25edfb1738aef93a83c5d,optimal,1878.1248227381068,1878.1248227,3.810669113590848e-08,2.0289754267304842e-11,1,0.18781248227381066296479411763586e4,1.2106419801839656e-16,1,,1.352556,0.7987721,242,600.0,threads=1,6379d2c0,Windows-AMD64,2026-09-30T16:41:21+00:00
new,3,scrs8,33b12d5e3d07b47a8b837ab0bf445fbfb5980af5c825bf049c23e71fb3faf026,optimal,904.2969538007919,904.29998619,0.003032389208101449,3.3533000712269414e-06,0,0.90429695380079143579923107948844e3,5.028739165548941e-16,1,,1.619666,1.3016115,610,600.0,threads=1,6379d2c0,Windows-AMD64,2026-09-30T16:41:22+00:00
base,3,scrs8,33b12d5e3d07b47a8b837ab0bf445fbfb5980af5c825bf049c23e71fb3faf026,optimal,904.2969538007919,904.29998619,0.003032389208101449,3.3533000712269414e-06,0,0.90429695380079143579923107948844e3,5.028739165548941e-16,1,,1.351071,1.1063241,610,600.0,threads=1,9a50cc78,Windows-AMD64,2026-09-30T16:41:24+00:00
base,3,scsd1,8c4aac4987a81ef66715b5cb2debdb1993afe6cb5e2a29f32556a03802bf55f5,optimal,8.666666674333365,8.6666666743,3.3365310514454904e-11,3.849843517507819e-12,1,0.86666666743333647292533502995263e1,0.0,1,,1.067128,0.7468374,98,600.0,threads=1,9a50cc78,Windows-AMD64,2026-09-30T16:41:25+00:00
new,3,scsd1,8c4aac4987a81ef66715b5cb2debdb1993afe6cb5e2a29f32556a03802bf55f5,optimal,8.666666674333365,8.6666666743,3.3365310514454904e-11,3.849843517507819e-12,1,0.86666666743333647292533502995263e1,0.0,1,,0.95932,0.5260644,98,600.0,threads=1,6379d2c0,Windows-AMD64,2026-09-30T16:41:26+00:00
new,3,scsd6,f3da742cfa24cfadb99d510847ea1f7a361ba61537d4c2900c09b674912a5891,optimal,50.500000077641246,50.500000078,3.587530272852746e-10,7.104020331310119e-12,1,0.50500000077144345289985489081569e2,9.839680210693766e-12,1,,1.74168,1.459649,399,600.0,threads=1,6379d2c0,Windows-AMD64,2026-09-30T16:41:28+00:00
base,3,scsd6,f3da742cfa24cfadb99d510847ea1f7a361ba61537d4c2900c09b674912a5891,optimal,50.500000077641246,50.500000078,3.587530272852746e-10,7.104020331310119e-12,1,0.50500000077144345289985489081569e2,9.839680210693766e-12,1,,1.640563,1.0956309,399,600.0,threads=1,9a50cc78,Windows-AMD64,2026-09-30T16:41:29+00:00
base,3,scsd8,2090a22840fe2c75730cd76336702ece7c27a739d58740926b67c4b2e57b8e5c,optimal,904.9999999254642,904.99999993,4.535763764579315e-09,5.011893662906241e-12,1,0.90499999992546440094445846417654e3,2.512416303447055e-16,1,,3.950478,3.5338719,1563,600.0,threads=1,9a50cc78,Windows-AMD64,2026-09-30T16:41:33+00:00
new,3,scsd8,2090a22840fe2c75730cd76336702ece7c27a739d58740926b67c4b2e57b8e5c,optimal,904.9999999254642,904.99999993,4.535763764579315e-09,5.011893662906241e-12,1,0.90499999992546440094445846417654e3,2.512416303447055e-16,1,,4.592992,4.1179359,1563,600.0,threads=1,6379d2c0,Windows-AMD64,2026-09-30T16:41:38+00:00
new,3,sctap1,2b1ab5950d3e37fd21327892e2bc830c5f0d8d3fc1f687c0f57a5cdefd9caa21,optimal,1412.2499999999998,1412.25,2.2737367544323206e-13,1.6100100934199472e-16,1,0.141225e4,1.6100100934199472e-16,1,,1.354607,0.9389248,278,600.0,threads=1,6379d2c0,Windows-AMD64,2026-09-30T16:41:39+00:00
base,3,sctap1,2b1ab5950d3e37fd21327892e2bc830c5f0d8d3fc1f687c0f57a5cdefd9caa21,optimal,1412.2499999999998,1412.25,2.2737367544323206e-13,1.6100100934199472e-16,1,0.141225e4,1.6100100934199472e-16,1,,0.987716,0.7481791,278,600.0,threads=1,9a50cc78,Windows-AMD64,2026-09-30T16:41:40+00:00
base,3,sctap2,673d50e3b929f83b1719d28ee09500890294107099518161bcf2a4f452e95fb2,optimal,1724.8071428571432,1724.8071429,4.285675458959304e-08,2.4847273369668418e-11,1,0.17248071428571428571428571428571e4,1.3182556460578402e-16,1,,0.771983,0.2267483,775,600.0,threads=1,9a50cc78,Windows-AMD64,2026-09-30T16:41:41+00:00
new,3,sctap2,673d50e3b929f83b1719d28ee09500890294107099518161bcf2a4f452e95fb2,optimal,1724.8071428571432,1724.8071429,4.285675458959304e-08,2.4847273369668418e-11,1,0.17248071428571428571428571428571e4,1.3182556460578402e-16,1,,1.897933,1.4273864,775,600.0,threads=1,6379d2c0,Windows-AMD64,2026-09-30T16:41:43+00:00
new,3,sctap3,44e105b02a722bf19292b8aeb4779480c4eb81f40da35d64d8f4534f85000168,optimal,1424.0,1424.0,0.0,0.0,1,0.1424e4,0.0,1,,1.575965,0.8602021,1111,600.0,threads=1,6379d2c0,Windows-AMD64,2026-09-30T16:41:44+00:00
base,3,sctap3,44e105b02a722bf19292b8aeb4779480c4eb81f40da35d64d8f4534f85000168,optimal,1424.0,1424.0,0.0,0.0,1,0.1424e4,0.0,1,,1.473991,1.2230358,1111,600.0,threads=1,9a50cc78,Windows-AMD64,2026-09-30T16:41:46+00:00
base,3,seba,539733cdb036e2d2e8e80e7ea1666848b6b67a36a34b1c6cf9a883e1c868ef1e,optimal,15711.599999999999,15711.6,1.8189894035458565e-12,1.1577365790536013e-16,1,0.157116e5,1.1577365790536013e-16,1,,0.891971,0.4819113,439,600.0,threads=1,9a50cc78,Windows-AMD64,2026-09-30T16:41:47+00:00
new,3,seba,539733cdb036e2d2e8e80e7ea1666848b6b67a36a34b1c6cf9a883e1c868ef1e,optimal,15711.599999999999,15711.6,1.8189894035458565e-12,1.1577365790536013e-16,1,0.157116e5,1.1577365790536013e-16,1,,0.792193,0.3965861,439,600.0,threads=1,6379d2c0,Windows-AMD64,2026-09-30T16:41:48+00:00
new,3,share1b,fafdf8b5e3d50d27f5eff40e46eb104d1e614bf2721cb5be38081f1678dbd562,optimal,-76589.31857918552,-76589.318579,1.85522367246449e-07,2.4223007945303396e-12,1,-0.7658931857918568112797274346007e5,2.0899920573981595e-15,1,,0.441464,0.2937203,136,600.0,threads=1,6379d2c0,Windows-AMD64,2026-09-30T16:41:48+00:00
base,3,share1b,fafdf8b5e3d50d27f5eff40e46eb104d1e614bf2721cb5be38081f1678dbd562,optimal,-76589.31857918552,-76589.318579,1.85522367246449e-07,2.4223007945303396e-12,1,-0.7658931857918568112797274346007e5,2.0899920573981595e-15,1,,0.497389,0.390275,136,600.0,threads=1,9a50cc78,Windows-AMD64,2026-09-30T16:41:49+00:00
base,3,share2b,2816c0a71096acc08fd88f65c960366856802c074601e5fa544f9c3eab640c96,optimal,-415.7322407414192,-415.73224074,1.4192096386977937e-09,3.4137589044612273e-12,1,-0.41573224074141948654519910873841e3,6.836542044397748e-16,1,,0.671458,0.4440045,124,600.0,threads=1,9a50cc78,Windows-AMD64,2026-09-30T16:41:49+00:00
new,3,share2b,2816c0a71096acc08fd88f65c960366856802c074601e5fa544f9c3eab640c96,optimal,-415.7322407414192,-415.73224074,1.4192096386977937e-09,3.4137589044612273e-12,1,-0.41573224074141948654519910873841e3,6.836542044397748e-16,1,,0.497834,0.3767777,124,600.0,threads=1,6379d2c0,Windows-AMD64,2026-09-30T16:41:50+00:00
new,3,shell,e21331e8282f8d8616cbee27e093e50d140ea03f9bc3fd0b6da0ccff638d2f91,optimal,1208825346.0,1208825346.0,0.0,0.0,1,0.1208825346e10,0.0,1,,1.050163,0.9444224,461,600.0,threads=1,6379d2c0,Windows-AMD64,2026-09-30T16:41:51+00:00
base,3,shell,e21331e8282f8d8616cbee27e093e50d140ea03f9bc3fd0b6da0ccff638d2f91,optimal,1208825346.0,1208825346.0,0.0,0.0,1,0.1208825346e10,0.0,1,,2.663599,0.6764046,461,600.0,threads=1,9a50cc78,Windows-AMD64,2026-09-30T16:41:53+00:00
base,3,ship04l,e7c46bfd6492a400220cf1f5f093f264901fd0e8534dd8cbb060d491612dc881,optimal,1793324.5379703562,1793324.538,2.9643764719367027e-05,1.6530061397825488e-11,1,0.17933245379703557625562556255626e7,2.5966370138154925e-16,1,,0.611933,0.3993651,447,600.0,threads=1,9a50cc78,Windows-AMD64,2026-09-30T16:41:54+00:00
new,3,ship04l,e7c46bfd6492a400220cf1f5f093f264901fd0e8534dd8cbb060d491612dc881,optimal,1793324.5379703562,1793324.538,2.9643764719367027e-05,1.6530061397825488e-11,1,0.17933245379703557625562556255626e7,2.5966370138154925e-16,1,,0.959737,0.6517561,447,600.0,threads=1,6379d2c0,Windows-AMD64,2026-09-30T16:41:55+00:00
new,3,ship04s,2ed2828b251173a05004349121cd9a271a3434bf2efe4e1b70d7e0bdf2d76f94,optimal,1798714.7004453922,1798714.7004,4.5392196625471115e-05,2.5235906848026957e-11,1,0.17987147004453921719954082726049e7,0.0,1,,0.823479,0.5480626,296,600.0,threads=1,6379d2c0,Windows-AMD64,2026-09-30T16:41:56+00:00
base,3,ship04s,2ed2828b251173a05004349121cd9a271a3434bf2efe4e1b70d7e0bdf2d76f94,optimal,1798714.7004453922,1798714.7004,4.5392196625471115e-05,2.5235906848026957e-11,1,0.17987147004453921719954082726049e7,0.0,1,,0.601343,0.3915045,296,600.0,threads=1,9a50cc78,Windows-AMD64,2026-09-30T16:41:56+00:00
base,3,ship08l,58b6142628facaa1b056f32f9f47167097db66825f0c6b42c6f65e4da1b5da07,optimal,1909055.211389131,1909055.2114,1.0869000107049942e-05,5.6933922299078996e-12,1,0.19090552113891315179803819998425e7,3.6588356732404215e-16,1,,1.042825,0.7491203,743,600.0,threads=1,9a50cc78,Windows-AMD64,2026-09-30T16:41:58+00:00
new,3,ship08l,58b6142628facaa1b056f32f9f47167097db66825f0c6b42c6f65e4da1b5da07,optimal,1909055.211389131,1909055.2114,1.0869000107049942e-05,5.6933922299078996e-12,1,0.19090552113891315179803819998425e7,3.6588356732404215e-16,1,,1.135943,0.8528543,743,600.0,threads=1,6379d2c0,Windows-AMD64,2026-09-30T16:41:59+00:00
new,3,ship08s,bdf5671548dde27b0d83c244914036e58081c4683786b2fd132277f577c9a7d8,optimal,1920098.2105346182,1920098.2105,3.461819142103195e-05,1.8029385805227774e-11,1,0.1920098210534619710172695474693e7,7.275585458382624e-16,1,,0.711638,0.4160133,422,600.0,threads=1,6379d2c0,Windows-AMD64,2026-09-30T16:41:59+00:00
base,3,ship08s,bdf5671548dde27b0d83c244914036e58081c4683786b2fd132277f577c9a7d8,optimal,1920098.2105346182,1920098.2105,3.461819142103195e-05,1.8029385805227774e-11,1,0.1920098210534619710172695474693e7,7.275585458382624e-16,1,,0.900683,0.5336465,422,600.0,threads=1,9a50cc78,Windows-AMD64,2026-09-30T16:42:00+00:00
base,3,ship12l,87bf21f83ae0c5a87aa73ee2d8e2bd4a6a72b3c6cbdc603853dbb7b43b824911,optimal,1470187.919329266,1470187.9193,2.926611341536045e-05,1.9906375934101617e-11,1,0.1470187919329264822702175543886e7,7.918397389637529e-16,1,,0.349863,0.0698055,1063,600.0,threads=1,9a50cc78,Windows-AMD64,2026-09-30T16:42:01+00:00
new,3,ship12l,87bf21f83ae0c5a87aa73ee2d8e2bd4a6a72b3c6cbdc603853dbb7b43b824911,optimal,1470187.919329266,1470187.9193,2.926611341536045e-05,1.9906375934101617e-11,1,0.1470187919329264822702175543886e7,7.918397389637529e-16,1,,1.101057,0.7791361,1063,600.0,threads=1,6379d2c0,Windows-AMD64,2026-09-30T16:42:02+00:00
new,3,ship12s,43bacbc026b0b5588ed9bec06b11fadfbff8beb19b4e84881370a57cc6540e5d,optimal,1489236.1344061326,1489236.1344,6.132526323199272e-06,4.1179005676423585e-12,1,0.14892361344061291565686421605401e7,2.3451349145518495e-15,1,,0.858591,0.7113818,590,600.0,threads=1,6379d2c0,Windows-AMD64,2026-09-30T16:42:03+00:00
base,3,ship12s,43bacbc026b0b5588ed9bec06b11fadfbff8beb19b4e84881370a57cc6540e5d,optimal,1489236.1344061326,1489236.1344,6.132526323199272e-06,4.1179005676423585e-12,1,0.14892361344061291565686421605401e7,2.3451349145518495e-15,1,,1.285327,0.9442069,590,600.0,threads=1,9a50cc78,Windows-AMD64,2026-09-30T16:42:04+00:00
base,3,sierra,dbabb4bb56b9de7efbca7df842922c7c1ef620bcbee2aeb28f4bf3c5a3868cc9,optimal,15394362.183631925,15394362.184,0.0003680754452943802,2.3909756110385417e-11,1,0.1539436218363193e8,3.62985837349874e-16,1,,1.205738,0.7509039,550,600.0,threads=1,9a50cc78,Windows-AMD64,2026-09-30T16:42:05+00:00
new,3,sierra,dbabb4bb56b9de7efbca7df842922c7c1ef620bcbee2aeb28f4bf3c5a3868cc9,optimal,15394362.183631925,15394362.184,0.0003680754452943802,2.3909756110385417e-11,1,0.1539436218363193e8,3.62985837349874e-16,1,,1.422659,0.9088454,550,600.0,threads=1,6379d2c0,Windows-AMD64,2026-09-30T16:42:07+00:00
new,3,stair,30a16ec0d02cf6c490495340d2a718f533d8e5d88f839693eb4bc06671bd8649,optimal,-251.2669511929633,-251.26695119,2.9633042686327826e-09,1.17934501716146e-11,1,-0.25126695119296330352803637106304e3,0.0,1,,1.521297,1.100599,445,600.0,threads=1,6379d2c0,Windows-AMD64,2026-09-30T16:42:08+00:00
base,3,stair,30a16ec0d02cf6c490495340d2a718f533d8e5d88f839693eb4bc06671bd8649,optimal,-251.2669511929633,-251.26695119,2.9633042686327826e-09,1.17934501716146e-11,1,-0.25126695119296330352803637106304e3,0.0,1,,1.166818,0.6713634,445,600.0,threads=1,9a50cc78,Windows-AMD64,2026-09-30T16:42:09+00:00
base,3,standata,a513e8587cb8d72ac1f6fb07b33642a212f55646fb2c04521cdfd04b959c6fb1,optimal,1257.6995000000002,1257.6995,2.2737367544323206e-13,1.8078537476021266e-16,1,0.12576995e4,1.8078537476021266e-16,1,,1.03465,0.4695828,51,600.0,threads=1,9a50cc78,Windows-AMD64,2026-09-30T16:42:11+00:00
new,3,standata,a513e8587cb8d72ac1f6fb07b33642a212f55646fb2c04521cdfd04b959c6fb1,optimal,1257.6995000000002,1257.6995,2.2737367544323206e-13,1.8078537476021266e-16,1,0.12576995e4,1.8078537476021266e-16,1,,2.89183,0.4889471,51,600.0,threads=1,6379d2c0,Windows-AMD64,2026-09-30T16:42:15+00:00
new,3,standmps,93bd6bc6251b7fee0f943e1c69a7b7e836b4b34e4c011c1a871be66a1cb7e00d,optimal,1406.0175000000002,1406.0175,2.2737367544323206e-13,1.617146838095771e-16,1,0.14060175e4,1.617146838095771e-16,1,,1.040786,0.5537269,197,600.0,threads=1,6379d2c0,Windows-AMD64,2026-09-30T16:42:16+00:00
base,3,standmps,93bd6bc6251b7fee0f943e1c69a7b7e836b4b34e4c011c1a871be66a1cb7e00d,optimal,1406.0175000000002,1406.0175,2.2737367544323206e-13,1.617146838095771e-16,1,0.14060175e4,1.617146838095771e-16,1,,0.745856,0.5099734,197,600.0,threads=1,9a50cc78,Windows-AMD64,2026-09-30T16:42:16+00:00
base,3,stocfor1,98e1cb3940233e044e3d0e50869539087acdf8f0862916f777e553afc705ba90,optimal,-41131.97621943643,-41131.976219,4.3643376557156444e-07,1.0610571280306333e-11,1,-0.41131976219436406065682760731514e5,5.306789230378818e-16,1,,0.466263,0.3651321,104,600.0,threads=1,9a50cc78,Windows-AMD64,2026-09-30T16:42:17+00:00
new,3,stocfor1,98e1cb3940233e044e3d0e50869539087acdf8f0862916f777e553afc705ba90,optimal,-41131.97621943643,-41131.976219,4.3643376557156444e-07,1.0610571280306333e-11,1,-0.41131976219436406065682760731514e5,5.306789230378818e-16,1,,0.45921,0.3588715,104,600.0,threads=1,6379d2c0,Windows-AMD64,2026-09-30T16:42:17+00:00
new,3,stocfor2,d54988bc39e9c48d13c8a3248913e9b6b77c2f8e9b9f4c3e4c76b060f6096b50,optimal,-39024.4085378821,-39024.408538,1.1790689313784242e-07,3.021362720283912e-12,1,-0.39024408537882029604587908772433e5,1.6780169381448573e-15,1,,1.348093,1.1715642,1877,600.0,threads=1,6379d2c0,Windows-AMD64,2026-09-30T16:42:19+00:00
base,3,stocfor2,d54988bc39e9c48d13c8a3248913e9b6b77c2f8e9b9f4c3e4c76b060f6096b50,optimal,-39024.4085378821,-39024.408538,1.1790689313784242e-07,3.021362720283912e-12,1,-0.39024408537882029604587908772433e5,1.6780169381448573e-15,1,,1.250661,1.093059,1877,600.0,threads=1,9a50cc78,Windows-AMD64,2026-09-30T16:42:20+00:00
base,3,tuff,768782d2ab2d7d044061f56ba54ddd53cf5ea0666a965edd33d48803098e15e2,optimal,0.29214776509361284,0.29214776509,3.612832255583953e-12,3.612832255583953e-12,1,0.29214776509361284488226309994302e0,0.0,1,,0.37538,0.2618293,242,600.0,threads=1,9a50cc78,Windows-AMD64,2026-09-30T16:42:20+00:00
new,3,tuff,768782d2ab2d7d044061f56ba54ddd53cf5ea0666a965edd33d48803098e15e2,optimal,0.29214776509361284,0.29214776509,3.612832255583953e-12,3.612832255583953e-12,1,0.29214776509361284488226309994302e0,0.0,1,,0.54138,0.3385296,242,600.0,threads=1,6379d2c0,Windows-AMD64,2026-09-30T16:42:21+00:00
new,3,vtp.base,7c34b37d7714796bc0fe30d920f3ecf9866c018a018ee0349ceb85350581dc68,optimal,129831.46246136139,129831.46246,1.3613898772746325e-06,1.0485824094402891e-11,1,0.1298314624613613657395984384889e6,1.1208311877945293e-16,1,,0.440611,0.3578663,162,600.0,threads=1,6379d2c0,Windows-AMD64,2026-09-30T16:42:21+00:00
base,3,vtp.base,7c34b37d7714796bc0fe30d920f3ecf9866c018a018ee0349ceb85350581dc68,optimal,129831.46246136139,129831.46246,1.3613898772746325e-06,1.0485824094402891e-11,1,0.1298314624613613657395984384889e6,1.1208311877945293e-16,1,,0.377445,0.2819445,162,600.0,threads=1,9a50cc78,Windows-AMD64,2026-09-30T16:42:22+00:00
base,3,wood1p,af3cac48f0727f1d9e1f1ecfa6de30168678800b39e38a808b5df90a48d61330,optimal,1.4429024115734101,1.4429024116,2.65898414397725e-11,1.8428024810276435e-11,1,0.14429024115734092400010936668043e1,6.155498892898885e-16,1,,0.514877,0.2112835,219,600.0,threads=1,9a50cc78,Windows-AMD64,2026-09-30T16:42:22+00:00
new,3,wood1p,af3cac48f0727f1d9e1f1ecfa6de30168678800b39e38a808b5df90a48d61330,optimal,1.4429024115734101,1.4429024116,2.65898414397725e-11,1.8428024810276435e-11,1,0.14429024115734092400010936668043e1,6.155498892898885e-16,1,,0.619433,0.3348856,219,600.0,threads=1,6379d2c0,Windows-AMD64,2026-09-30T16:42:23+00:00
new,3,woodw,01450b5407d3bb282595e2874e78c26dd7cdde87d70d663065e58bd3e6c288b0,optimal,1.3044763330842293,1.3044763331,1.577071806480035e-11,1.2089692748447418e-11,1,0.1304476333084229269005552085566e1,0.0,1,,2.11597,1.7928456,2495,600.0,threads=1,6379d2c0,Windows-AMD64,2026-09-30T16:42:25+00:00
base,3,woodw,01450b5407d3bb282595e2874e78c26dd7cdde87d70d663065e58bd3e6c288b0,optimal,1.3044763330842293,1.3044763331,1.577071806480035e-11,1.2089692748447418e-11,1,0.1304476333084229269005552085566e1,0.0,1,,2.20593,1.0105087,2495,600.0,threads=1,9a50cc78,Windows-AMD64,2026-09-30T16:42:27+00:00
