instance,sha256,split,family,seed,features_json,rule_table,rule,rows,columns,nonzeros,density,max_column_count,dense_columns,rows_per_column,equality_row_share,integer_share,boxed_column_share,free_column_share,fixed_column_share,normal_equations_nnz_bound,normal_equations_ratio,cholesky_nonzeros,cholesky_fill_ratio,cholesky_capped,dual-simplex_status,dual-simplex_seconds,dual-simplex_verified,dual-simplex_objective,dual-simplex_iterations,ipm_status,ipm_seconds,ipm_verified,ipm_objective,ipm_iterations,pdhg_status,pdhg_seconds,pdhg_verified,pdhg_objective,pdhg_iterations,time_limit,git_commit,machine,timestamp_utc
random-300x600k4-s1,cac01fff860bd1e3db51a525f5dd07c6ab19f0c0d9f71633d6518cc8e601a318,train,random-300x600k4,1,"{""boxed_column_share"": 0.8816666666666667, ""cholesky_capped"": false, ""cholesky_fill_ratio"": 8.71, ""cholesky_nonzeros"": 20904, ""columns"": 600, ""dense_columns"": 0, ""density"": 0.013333333333333334, ""equality_row_share"": 0, ""fixed_column_share"": 0.11833333333333333, ""free_column_share"": 0, ""integer_share"": 0, ""learned_in_domain"": false, ""learned_path"": """", ""learned_tree"": ""dual-simplex"", ""max_column_count"": 4, ""nonzeros"": 2400, ""normal_equations_nnz_bound"": 9600, ""normal_equations_ratio"": 4, ""rows"": 300, ""rows_per_column"": 0.5, ""rule"": ""default:dual-simplex"", ""rule_table"": ""dual-simplex""}",dual-simplex,default:dual-simplex,300,600,2400,0.013333333333333334,4,0,0.5,0,0,0.8816666666666667,0,0.11833333333333333,9600,4,20904,8.71,0,optimal,0.061986,1,-2867.0,440,optimal,0.064878,1,-2866.999999999998,219,optimal,0.052441,1,-2867.00000008005,880,30,bcf2e42,Windows-AMD64,2026-10-03T00:33:40+00:00
random-300x600k4-s2,a75f0ec8dcb9697e366d2e9eec9ed44f90bd2932a1ef1efbb80b368b738bf406,train,random-300x600k4,2,"{""boxed_column_share"": 0.865, ""cholesky_capped"": false, ""cholesky_fill_ratio"": 8.632083333333334, ""cholesky_nonzeros"": 20717, ""columns"": 600, ""dense_columns"": 0, ""density"": 0.013333333333333334, ""equality_row_share"": 0, ""fixed_column_share"": 0.135, ""free_column_share"": 0, ""integer_share"": 0, ""learned_in_domain"": false, ""learned_path"": """", ""learned_tree"": ""dual-simplex"", ""max_column_count"": 4, ""nonzeros"": 2400, ""normal_equations_nnz_bound"": 9600, ""normal_equations_ratio"": 4, ""rows"": 300, ""rows_per_column"": 0.5, ""rule"": ""default:dual-simplex"", ""rule_table"": ""dual-simplex""}",dual-simplex,default:dual-simplex,300,600,2400,0.013333333333333334,4,0,0.5,0,0,0.865,0,0.135,9600,4,20717,8.632083333333334,0,optimal,0.062370,1,-2999.999999999999,415,optimal,0.079826,1,-2999.999999999998,201,optimal,0.121123,1,-2999.9999992756293,6640,30,bcf2e42,Windows-AMD64,2026-10-03T00:33:40+00:00
random-300x600k4-s3,1ab5d0e2ed2f8c64efe29077d95be202a5109416d9e0c3719c4b2dc890b11b04,train,random-300x600k4,3,"{""boxed_column_share"": 0.9066666666666666, ""cholesky_capped"": false, ""cholesky_fill_ratio"": 9.184583333333334, ""cholesky_nonzeros"": 22043, ""columns"": 600, ""dense_columns"": 0, ""density"": 0.013333333333333334, ""equality_row_share"": 0, ""fixed_column_share"": 0.09333333333333334, ""free_column_share"": 0, ""integer_share"": 0, ""learned_in_domain"": false, ""learned_path"": """", ""learned_tree"": ""dual-simplex"", ""max_column_count"": 4, ""nonzeros"": 2400, ""normal_equations_nnz_bound"": 9600, ""normal_equations_ratio"": 4, ""rows"": 300, ""rows_per_column"": 0.5, ""rule"": ""default:dual-simplex"", ""rule_table"": ""dual-simplex""}",dual-simplex,default:dual-simplex,300,600,2400,0.013333333333333334,4,0,0.5,0,0,0.9066666666666666,0,0.09333333333333334,9600,4,22043,9.184583333333334,0,optimal,0.083232,1,-5257.0,1266,optimal,0.068664,1,-5257.000000000003,204,optimal,0.051331,1,-5256.999999335821,600,30,bcf2e42,Windows-AMD64,2026-10-03T00:33:40+00:00
random-300x600k4-s4,8fa70e3baf172d53ec756dfb443e81385f2ee6715ccb0688951bc2d0f0ab4c13,train,random-300x600k4,4,"{""boxed_column_share"": 0.8716666666666667, ""cholesky_capped"": false, ""cholesky_fill_ratio"": 8.88375, ""cholesky_nonzeros"": 21321, ""columns"": 600, ""dense_columns"": 0, ""density"": 0.013333333333333334, ""equality_row_share"": 0, ""fixed_column_share"": 0.12833333333333333, ""free_column_share"": 0, ""integer_share"": 0, ""learned_in_domain"": false, ""learned_path"": """", ""learned_tree"": ""dual-simplex"", ""max_column_count"": 4, ""nonzeros"": 2400, ""normal_equations_nnz_bound"": 9600, ""normal_equations_ratio"": 4, ""rows"": 300, ""rows_per_column"": 0.5, ""rule"": ""default:dual-simplex"", ""rule_table"": ""dual-simplex""}",dual-simplex,default:dual-simplex,300,600,2400,0.013333333333333334,4,0,0.5,0,0,0.8716666666666667,0,0.12833333333333333,9600,4,21321,8.88375,0,optimal,0.070353,1,-1262.0000000000011,469,optimal,0.076382,1,-1262.0000000000002,204,optimal,0.058392,1,-1261.999999980827,1120,30,bcf2e42,Windows-AMD64,2026-10-03T00:33:40+00:00
random-300x600k4-s5,10e35e667dc4477918b438c342c2ea6b63c7a898d0edf1d5b93e94f47ffc885f,train,random-300x600k4,5,"{""boxed_column_share"": 0.89, ""cholesky_capped"": false, ""cholesky_fill_ratio"": 9.055, ""cholesky_nonzeros"": 21732, ""columns"": 600, ""dense_columns"": 0, ""density"": 0.013333333333333334, ""equality_row_share"": 0, ""fixed_column_share"": 0.11, ""free_column_share"": 0, ""integer_share"": 0, ""learned_in_domain"": false, ""learned_path"": """", ""learned_tree"": ""dual-simplex"", ""max_column_count"": 4, ""nonzeros"": 2400, ""normal_equations_nnz_bound"": 9600, ""normal_equations_ratio"": 4, ""rows"": 300, ""rows_per_column"": 0.5, ""rule"": ""default:dual-simplex"", ""rule_table"": ""dual-simplex""}",dual-simplex,default:dual-simplex,300,600,2400,0.013333333333333334,4,0,0.5,0,0,0.89,0,0.11,9600,4,21732,9.055,0,optimal,0.060788,1,-562.0000000000003,353,optimal,0.068109,1,-562.0000000000003,281,optimal,0.235299,1,-562.0000003045933,17920,30,bcf2e42,Windows-AMD64,2026-10-03T00:33:40+00:00
staircase-300x600k4-s1,b2600f32070045dcfe439a3c07708bf199e93b66b61bdf11457a5fbe87193983,train,staircase-300x600k4,1,"{""boxed_column_share"": 0.9033333333333333, ""cholesky_capped"": false, ""cholesky_fill_ratio"": 3.7925, ""cholesky_nonzeros"": 9102, ""columns"": 600, ""dense_columns"": 0, ""density"": 0.013333333333333334, ""equality_row_share"": 0, ""fixed_column_share"": 0.09666666666666666, ""free_column_share"": 0, ""integer_share"": 0, ""learned_in_domain"": false, ""learned_path"": """", ""learned_tree"": ""dual-simplex"", ""max_column_count"": 4, ""nonzeros"": 2400, ""normal_equations_nnz_bound"": 9600, ""normal_equations_ratio"": 4, ""rows"": 300, ""rows_per_column"": 0.5, ""rule"": ""default:dual-simplex"", ""rule_table"": ""dual-simplex""}",dual-simplex,default:dual-simplex,300,600,2400,0.013333333333333334,4,0,0.5,0,0,0.9033333333333333,0,0.09666666666666666,9600,4,9102,3.7925,0,optimal,0.049905,1,-5555.000000000004,317,optimal,0.048652,1,-5554.999999999997,208,optimal,0.069050,1,-5554.999999722015,1960,30,bcf2e42,Windows-AMD64,2026-10-03T00:33:40+00:00
staircase-300x600k4-s2,081adba2a68676bff179888512fb64f010ffd027ad774bc74aab325cacc130f5,train,staircase-300x600k4,2,"{""boxed_column_share"": 0.8683333333333333, ""cholesky_capped"": false, ""cholesky_fill_ratio"": 3.9520833333333334, ""cholesky_nonzeros"": 9485, ""columns"": 600, ""dense_columns"": 0, ""density"": 0.013333333333333334, ""equality_row_share"": 0, ""fixed_column_share"": 0.13166666666666665, ""free_column_share"": 0, ""integer_share"": 0, ""learned_in_domain"": false, ""learned_path"": """", ""learned_tree"": ""dual-simplex"", ""max_column_count"": 4, ""nonzeros"": 2400, ""normal_equations_nnz_bound"": 9600, ""normal_equations_ratio"": 4, ""rows"": 300, ""rows_per_column"": 0.5, ""rule"": ""default:dual-simplex"", ""rule_table"": ""dual-simplex""}",dual-simplex,default:dual-simplex,300,600,2400,0.013333333333333334,4,0,0.5,0,0,0.8683333333333333,0,0.13166666666666665,9600,4,9485,3.9520833333333334,0,optimal,0.053860,1,-4041.999999999999,436,optimal,0.050534,1,-4042.0,221,optimal,0.052387,1,-4042.0000003719233,1640,30,bcf2e42,Windows-AMD64,2026-10-03T00:33:40+00:00
staircase-300x600k4-s3,e513b46ca4231b9276bac2d2b5af54b22cf35b6a4400a84ad1d697ed2f76cfc3,train,staircase-300x600k4,3,"{""boxed_column_share"": 0.89, ""cholesky_capped"": false, ""cholesky_fill_ratio"": 4.068333333333333, ""cholesky_nonzeros"": 9764, ""columns"": 600, ""dense_columns"": 0, ""density"": 0.013333333333333334, ""equality_row_share"": 0, ""fixed_column_share"": 0.11, ""free_column_share"": 0, ""integer_share"": 0, ""learned_in_domain"": false, ""learned_path"": """", ""learned_tree"": ""dual-simplex"", ""max_column_count"": 4, ""nonzeros"": 2400, ""normal_equations_nnz_bound"": 9600, ""normal_equations_ratio"": 4, ""rows"": 300, ""rows_per_column"": 0.5, ""rule"": ""default:dual-simplex"", ""rule_table"": ""dual-simplex""}",dual-simplex,default:dual-simplex,300,600,2400,0.013333333333333334,4,0,0.5,0,0,0.89,0,0.11,9600,4,9764,4.068333333333333,0,optimal,0.046483,1,3834.000000000001,319,optimal,0.081988,1,3834.000000000001,193,optimal,0.046648,1,3833.999999431014,880,30,bcf2e42,Windows-AMD64,2026-10-03T00:33:40+00:00
staircase-300x600k4-s4,1dc04b5c7f2c0050786188e841310644d659ce6993700ce58ca664209a41edf8,train,staircase-300x600k4,4,"{""boxed_column_share"": 0.9, ""cholesky_capped"": false, ""cholesky_fill_ratio"": 3.91875, ""cholesky_nonzeros"": 9405, ""columns"": 600, ""dense_columns"": 0, ""density"": 0.013333333333333334, ""equality_row_share"": 0, ""fixed_column_share"": 0.1, ""free_column_share"": 0, ""integer_share"": 0, ""learned_in_domain"": false, ""learned_path"": """", ""learned_tree"": ""dual-simplex"", ""max_column_count"": 4, ""nonzeros"": 2400, ""normal_equations_nnz_bound"": 9600, ""normal_equations_ratio"": 4, ""rows"": 300, ""rows_per_column"": 0.5, ""rule"": ""default:dual-simplex"", ""rule_table"": ""dual-simplex""}",dual-simplex,default:dual-simplex,300,600,2400,0.013333333333333334,4,0,0.5,0,0,0.9,0,0.1,9600,4,9405,3.91875,0,optimal,0.060472,1,7833.999999999999,325,optimal,0.060443,1,7833.999999999999,202,optimal,0.048448,1,7834.00000075683,1040,30,bcf2e42,Windows-AMD64,2026-10-03T00:33:40+00:00
staircase-300x600k4-s5,88fb0bb77b649d2cd751f25bd48a580c8c54ce13afcd4c4d18403980a97b1189,train,staircase-300x600k4,5,"{""boxed_column_share"": 0.915, ""cholesky_capped"": false, ""cholesky_fill_ratio"": 4.115833333333334, ""cholesky_nonzeros"": 9878, ""columns"": 600, ""dense_columns"": 0, ""density"": 0.013333333333333334, ""equality_row_share"": 0, ""fixed_column_share"": 0.085, ""free_column_share"": 0, ""integer_share"": 0, ""learned_in_domain"": false, ""learned_path"": """", ""learned_tree"": ""dual-simplex"", ""max_column_count"": 4, ""nonzeros"": 2400, ""normal_equations_nnz_bound"": 9600, ""normal_equations_ratio"": 4, ""rows"": 300, ""rows_per_column"": 0.5, ""rule"": ""default:dual-simplex"", ""rule_table"": ""dual-simplex""}",dual-simplex,default:dual-simplex,300,600,2400,0.013333333333333334,4,0,0.5,0,0,0.915,0,0.085,9600,4,9878,4.115833333333334,0,optimal,0.045289,1,6566.9999999999945,311,optimal,0.053528,1,6566.999999999999,210,optimal,0.066541,1,6567.000000088762,2040,30,bcf2e42,Windows-AMD64,2026-10-03T00:33:40+00:00
random-1000x1000k5-s1,73b08113512c372dacc1d7708ae09fdb367c318285a42018a7eb55821f80077d,test,random-1000x1000k5,1,"{""boxed_column_share"": 0.872, ""cholesky_capped"": false, ""cholesky_fill_ratio"": 32.4808, ""cholesky_nonzeros"": 162404, ""columns"": 1000, ""dense_columns"": 0, ""density"": 0.005, ""equality_row_share"": 0, ""fixed_column_share"": 0.128, ""free_column_share"": 0, ""integer_share"": 0, ""learned_in_domain"": false, ""learned_path"": """", ""learned_tree"": ""dual-simplex"", ""max_column_count"": 5, ""nonzeros"": 5000, ""normal_equations_nnz_bound"": 25000, ""normal_equations_ratio"": 5, ""rows"": 1000, ""rows_per_column"": 1, ""rule"": ""default:dual-simplex"", ""rule_table"": ""dual-simplex""}",dual-simplex,default:dual-simplex,1000,1000,5000,0.005,5,0,1,0,0,0.872,0,0.128,25000,5,162404,32.4808,0,optimal,0.277988,1,-10171.999999999995,2439,optimal,0.473500,1,-10172.0,168,optimal,0.957124,1,-10172.000000023496,51280,30,bcf2e42,Windows-AMD64,2026-10-03T00:33:40+00:00
random-1000x1000k5-s2,3eefb63e33831dca78652d29f06b74ce23ccb272ceb647a3ad9f71fbc95f3550,test,random-1000x1000k5,2,"{""boxed_column_share"": 0.889, ""cholesky_capped"": false, ""cholesky_fill_ratio"": 32.5372, ""cholesky_nonzeros"": 162686, ""columns"": 1000, ""dense_columns"": 0, ""density"": 0.005, ""equality_row_share"": 0, ""fixed_column_share"": 0.111, ""free_column_share"": 0, ""integer_share"": 0, ""learned_in_domain"": false, ""learned_path"": """", ""learned_tree"": ""dual-simplex"", ""max_column_count"": 5, ""nonzeros"": 5000, ""normal_equations_nnz_bound"": 25000, ""normal_equations_ratio"": 5, ""rows"": 1000, ""rows_per_column"": 1, ""rule"": ""default:dual-simplex"", ""rule_table"": ""dual-simplex""}",dual-simplex,default:dual-simplex,1000,1000,5000,0.005,5,0,1,0,0,0.889,0,0.111,25000,5,162686,32.5372,0,optimal,0.198663,1,186.0000000000016,1802,optimal,0.555385,1,186.00000000000352,197,optimal,0.751641,1,185.99999999321253,35840,30,bcf2e42,Windows-AMD64,2026-10-03T00:33:40+00:00
random-1000x1000k5-s3,a0f40072dc37dc1b31c36f7d058128f4e6c8213dcbe9d6545982f041e74c14af,test,random-1000x1000k5,3,"{""boxed_column_share"": 0.874, ""cholesky_capped"": false, ""cholesky_fill_ratio"": 32.0242, ""cholesky_nonzeros"": 160121, ""columns"": 1000, ""dense_columns"": 0, ""density"": 0.005, ""equality_row_share"": 0, ""fixed_column_share"": 0.126, ""free_column_share"": 0, ""integer_share"": 0, ""learned_in_domain"": false, ""learned_path"": """", ""learned_tree"": ""dual-simplex"", ""max_column_count"": 5, ""nonzeros"": 5000, ""normal_equations_nnz_bound"": 25000, ""normal_equations_ratio"": 5, ""rows"": 1000, ""rows_per_column"": 1, ""rule"": ""default:dual-simplex"", ""rule_table"": ""dual-simplex""}",dual-simplex,default:dual-simplex,1000,1000,5000,0.005,5,0,1,0,0,0.874,0,0.126,25000,5,160121,32.0242,0,optimal,0.191849,1,-6581.0,1792,optimal,0.611397,1,-6581.000000000002,387,optimal,6.049406,1,-6580.999999790887,259520,30,bcf2e42,Windows-AMD64,2026-10-03T00:33:40+00:00
random-1000x1000k5-s4,ac76115c1f756732dc8bb95fd03ed49c061bec4cd9d862a043a5d934f4964706,test,random-1000x1000k5,4,"{""boxed_column_share"": 0.886, ""cholesky_capped"": false, ""cholesky_fill_ratio"": 32.928, ""cholesky_nonzeros"": 164640, ""columns"": 1000, ""dense_columns"": 0, ""density"": 0.005, ""equality_row_share"": 0, ""fixed_column_share"": 0.114, ""free_column_share"": 0, ""integer_share"": 0, ""learned_in_domain"": false, ""learned_path"": """", ""learned_tree"": ""dual-simplex"", ""max_column_count"": 5, ""nonzeros"": 5000, ""normal_equations_nnz_bound"": 25000, ""normal_equations_ratio"": 5, ""rows"": 1000, ""rows_per_column"": 1, ""rule"": ""default:dual-simplex"", ""rule_table"": ""dual-simplex""}",dual-simplex,default:dual-simplex,1000,1000,5000,0.005,5,0,1,0,0,0.886,0,0.114,25000,5,164640,32.928,0,optimal,0.285584,1,6140.000000000003,2264,optimal,0.564592,1,6140.0,227,optimal,6.987298,1,6140.000000079356,288360,30,bcf2e42,Windows-AMD64,2026-10-03T00:33:40+00:00
random-1000x1000k5-s5,dd5d81681e7955771498e83adbe9ad12851885a301f346792dfaf56a165987df,test,random-1000x1000k5,5,"{""boxed_column_share"": 0.898, ""cholesky_capped"": false, ""cholesky_fill_ratio"": 33.0814, ""cholesky_nonzeros"": 165407, ""columns"": 1000, ""dense_columns"": 0, ""density"": 0.005, ""equality_row_share"": 0, ""fixed_column_share"": 0.102, ""free_column_share"": 0, ""integer_share"": 0, ""learned_in_domain"": false, ""learned_path"": """", ""learned_tree"": ""dual-simplex"", ""max_column_count"": 5, ""nonzeros"": 5000, ""normal_equations_nnz_bound"": 25000, ""normal_equations_ratio"": 5, ""rows"": 1000, ""rows_per_column"": 1, ""rule"": ""default:dual-simplex"", ""rule_table"": ""dual-simplex""}",dual-simplex,default:dual-simplex,1000,1000,5000,0.005,5,0,1,0,0,0.898,0,0.102,25000,5,165407,33.0814,0,optimal,0.308455,1,-2747.9999999999995,1901,optimal,0.526178,1,-2748.000000000001,232,optimal,1.154699,1,-2748.0000000107166,53320,30,bcf2e42,Windows-AMD64,2026-10-03T00:33:40+00:00
staircase-1000x1000k5-s1,e8ffa3ac6b111099742257358d1090c36e51ea1a29b307841a2eada2b72e49de,train,staircase-1000x1000k5,1,"{""boxed_column_share"": 0.881, ""cholesky_capped"": false, ""cholesky_fill_ratio"": 15.4072, ""cholesky_nonzeros"": 77036, ""columns"": 1000, ""dense_columns"": 0, ""density"": 0.005, ""equality_row_share"": 0, ""fixed_column_share"": 0.119, ""free_column_share"": 0, ""integer_share"": 0, ""learned_in_domain"": false, ""learned_path"": """", ""learned_tree"": ""dual-simplex"", ""max_column_count"": 5, ""nonzeros"": 5000, ""normal_equations_nnz_bound"": 25000, ""normal_equations_ratio"": 5, ""rows"": 1000, ""rows_per_column"": 1, ""rule"": ""default:dual-simplex"", ""rule_table"": ""dual-simplex""}",dual-simplex,default:dual-simplex,1000,1000,5000,0.005,5,0,1,0,0,0.881,0,0.119,25000,5,77036,15.4072,0,optimal,0.264253,1,-3622.0000000000027,1882,optimal,0.220603,1,-3622.0,153,optimal,13.772236,1,-3622.0000000006507,486280,30,bcf2e42,Windows-AMD64,2026-10-03T00:33:40+00:00
staircase-1000x1000k5-s2,6ad03ee60393df2fd9f9b50a27dcd39510def03f5bae93489d9d511ae7a7d1f6,train,staircase-1000x1000k5,2,"{""boxed_column_share"": 0.905, ""cholesky_capped"": false, ""cholesky_fill_ratio"": 15.6888, ""cholesky_nonzeros"": 78444, ""columns"": 1000, ""dense_columns"": 0, ""density"": 0.005, ""equality_row_share"": 0, ""fixed_column_share"": 0.095, ""free_column_share"": 0, ""integer_share"": 0, ""learned_in_domain"": false, ""learned_path"": """", ""learned_tree"": ""dual-simplex"", ""max_column_count"": 5, ""nonzeros"": 5000, ""normal_equations_nnz_bound"": 25000, ""normal_equations_ratio"": 5, ""rows"": 1000, ""rows_per_column"": 1, ""rule"": ""default:dual-simplex"", ""rule_table"": ""dual-simplex""}",dual-simplex,default:dual-simplex,1000,1000,5000,0.005,5,0,1,0,0,0.905,0,0.095,25000,5,78444,15.6888,0,optimal,0.170031,1,-7310.000000000004,1545,optimal,0.181251,1,-7309.999999999997,162,optimal,1.218256,1,-7309.999999903607,60880,30,bcf2e42,Windows-AMD64,2026-10-03T00:33:40+00:00
staircase-1000x1000k5-s3,e875126e63c56eab23139955746c8ea8c805905b6bf434037dc7cbdd5da35ca9,train,staircase-1000x1000k5,3,"{""boxed_column_share"": 0.877, ""cholesky_capped"": false, ""cholesky_fill_ratio"": 15.344, ""cholesky_nonzeros"": 76720, ""columns"": 1000, ""dense_columns"": 0, ""density"": 0.005, ""equality_row_share"": 0, ""fixed_column_share"": 0.123, ""free_column_share"": 0, ""integer_share"": 0, ""learned_in_domain"": false, ""learned_path"": """", ""learned_tree"": ""dual-simplex"", ""max_column_count"": 5, ""nonzeros"": 5000, ""normal_equations_nnz_bound"": 25000, ""normal_equations_ratio"": 5, ""rows"": 1000, ""rows_per_column"": 1, ""rule"": ""default:dual-simplex"", ""rule_table"": ""dual-simplex""}",dual-simplex,default:dual-simplex,1000,1000,5000,0.005,5,0,1,0,0,0.877,0,0.123,25000,5,76720,15.344,0,optimal,0.166836,1,-1315.0000000000027,1617,optimal,0.215973,1,-1314.9999999999986,240,optimal,2.122380,1,-1314.9999999777253,110920,30,bcf2e42,Windows-AMD64,2026-10-03T00:33:40+00:00
staircase-1000x1000k5-s4,4bbfb75880646ae75d28af3e00a92ab1be7ebb379b43afb6d22c9097da625a68,train,staircase-1000x1000k5,4,"{""boxed_column_share"": 0.883, ""cholesky_capped"": false, ""cholesky_fill_ratio"": 15.7112, ""cholesky_nonzeros"": 78556, ""columns"": 1000, ""dense_columns"": 0, ""density"": 0.005, ""equality_row_share"": 0, ""fixed_column_share"": 0.117, ""free_column_share"": 0, ""integer_share"": 0, ""learned_in_domain"": false, ""learned_path"": """", ""learned_tree"": ""dual-simplex"", ""max_column_count"": 5, ""nonzeros"": 5000, ""normal_equations_nnz_bound"": 25000, ""normal_equations_ratio"": 5, ""rows"": 1000, ""rows_per_column"": 1, ""rule"": ""default:dual-simplex"", ""rule_table"": ""dual-simplex""}",dual-simplex,default:dual-simplex,1000,1000,5000,0.005,5,0,1,0,0,0.883,0,0.117,25000,5,78556,15.7112,0,optimal,0.384655,1,2720.9999999999973,3593,optimal,0.188572,1,2721.000000000007,303,optimal,5.096966,1,2721.0000000925425,207280,30,bcf2e42,Windows-AMD64,2026-10-03T00:33:40+00:00
staircase-1000x1000k5-s5,6fca63e3939bd5cff1c5a33f27b19a3fe42485033e5f95156294c30c846b148e,train,staircase-1000x1000k5,5,"{""boxed_column_share"": 0.889, ""cholesky_capped"": false, ""cholesky_fill_ratio"": 15.345, ""cholesky_nonzeros"": 76725, ""columns"": 1000, ""dense_columns"": 0, ""density"": 0.005, ""equality_row_share"": 0, ""fixed_column_share"": 0.111, ""free_column_share"": 0, ""integer_share"": 0, ""learned_in_domain"": false, ""learned_path"": """", ""learned_tree"": ""dual-simplex"", ""max_column_count"": 5, ""nonzeros"": 5000, ""normal_equations_nnz_bound"": 25000, ""normal_equations_ratio"": 5, ""rows"": 1000, ""rows_per_column"": 1, ""rule"": ""default:dual-simplex"", ""rule_table"": ""dual-simplex""}",dual-simplex,default:dual-simplex,1000,1000,5000,0.005,5,0,1,0,0,0.889,0,0.111,25000,5,76725,15.345,0,optimal,0.242679,1,-549.0000000000039,1691,optimal,0.173308,1,-548.9999999999981,233,optimal,21.166586,1,-548.9999995008733,628878,30,bcf2e42,Windows-AMD64,2026-10-03T00:33:40+00:00
random-2000x4000k3-s1,89d82f352ab721655f909367e75b2984433a8b76ae85876850143c4f3f9044d1,train,random-2000x4000k3,1,"{""boxed_column_share"": 0.89025, ""cholesky_capped"": false, ""cholesky_fill_ratio"": 38.437916666666666, ""cholesky_nonzeros"": 461255, ""columns"": 4000, ""dense_columns"": 0, ""density"": 0.0015, ""equality_row_share"": 0, ""fixed_column_share"": 0.10975, ""free_column_share"": 0, ""integer_share"": 0, ""learned_in_domain"": false, ""learned_path"": """", ""learned_tree"": ""dual-simplex"", ""max_column_count"": 3, ""nonzeros"": 12000, ""normal_equations_nnz_bound"": 36000, ""normal_equations_ratio"": 3, ""rows"": 2000, ""rows_per_column"": 0.5, ""rule"": ""default:dual-simplex"", ""rule_table"": ""dual-simplex""}",dual-simplex,default:dual-simplex,2000,4000,12000,0.0015,3,0,0.5,0,0,0.89025,0,0.10975,36000,3,461255,38.437916666666666,0,optimal,0.266696,1,-6003.000000000003,1954,optimal,2.236100,1,-6002.999999999998,1274,optimal,0.162506,1,-6002.9999999972215,2120,30,bcf2e42,Windows-AMD64,2026-10-03T00:33:40+00:00
random-2000x4000k3-s2,f559a98c63a164415702c147beb7b3cce077ec7a4ee574501b1bd2b1d92fe357,train,random-2000x4000k3,2,"{""boxed_column_share"": 0.8915, ""cholesky_capped"": false, ""cholesky_fill_ratio"": 38.211333333333336, ""cholesky_nonzeros"": 458536, ""columns"": 4000, ""dense_columns"": 0, ""density"": 0.0015, ""equality_row_share"": 0, ""fixed_column_share"": 0.1085, ""free_column_share"": 0, ""integer_share"": 0, ""learned_in_domain"": false, ""learned_path"": """", ""learned_tree"": ""dual-simplex"", ""max_column_count"": 3, ""nonzeros"": 12000, ""normal_equations_nnz_bound"": 36000, ""normal_equations_ratio"": 3, ""rows"": 2000, ""rows_per_column"": 0.5, ""rule"": ""default:dual-simplex"", ""rule_table"": ""dual-simplex""}",dual-simplex,default:dual-simplex,2000,4000,12000,0.0015,3,0,0.5,0,0,0.8915,0,0.1085,36000,3,458536,38.211333333333336,0,optimal,0.153702,1,-6416.000000000004,1922,optimal,2.765731,1,-6416.000000000009,1236,optimal,0.630973,1,-6415.999999973676,6480,30,bcf2e42,Windows-AMD64,2026-10-03T00:33:40+00:00
random-2000x4000k3-s3,d5b525f4899addeaa992128c5fc104c3d34a2c26000ec95e733040326ca42abc,train,random-2000x4000k3,3,"{""boxed_column_share"": 0.88975, ""cholesky_capped"": false, ""cholesky_fill_ratio"": 39.76391666666667, ""cholesky_nonzeros"": 477167, ""columns"": 4000, ""dense_columns"": 0, ""density"": 0.0015, ""equality_row_share"": 0, ""fixed_column_share"": 0.11025, ""free_column_share"": 0, ""integer_share"": 0, ""learned_in_domain"": false, ""learned_path"": """", ""learned_tree"": ""dual-simplex"", ""max_column_count"": 3, ""nonzeros"": 12000, ""normal_equations_nnz_bound"": 36000, ""normal_equations_ratio"": 3, ""rows"": 2000, ""rows_per_column"": 0.5, ""rule"": ""default:dual-simplex"", ""rule_table"": ""dual-simplex""}",dual-simplex,default:dual-simplex,2000,4000,12000,0.0015,3,0,0.5,0,0,0.88975,0,0.11025,36000,3,477167,39.76391666666667,0,optimal,0.150696,1,-6826.000000000015,2003,optimal,2.302501,1,-6825.999999999996,1332,optimal,0.412534,1,-6825.999999052814,7120,30,bcf2e42,Windows-AMD64,2026-10-03T00:33:40+00:00
random-2000x4000k3-s4,8b99eae91549d326cb45208761a5bddd4565c33e9a21f3b4c28bea8196cf2174,train,random-2000x4000k3,4,"{""boxed_column_share"": 0.88325, ""cholesky_capped"": false, ""cholesky_fill_ratio"": 37.42758333333333, ""cholesky_nonzeros"": 449131, ""columns"": 4000, ""dense_columns"": 0, ""density"": 0.0015, ""equality_row_share"": 0, ""fixed_column_share"": 0.11675, ""free_column_share"": 0, ""integer_share"": 0, ""learned_in_domain"": false, ""learned_path"": """", ""learned_tree"": ""dual-simplex"", ""max_column_count"": 3, ""nonzeros"": 12000, ""normal_equations_nnz_bound"": 36000, ""normal_equations_ratio"": 3, ""rows"": 2000, ""rows_per_column"": 0.5, ""rule"": ""default:dual-simplex"", ""rule_table"": ""dual-simplex""}",dual-simplex,default:dual-simplex,2000,4000,12000,0.0015,3,0,0.5,0,0,0.88325,0,0.11675,36000,3,449131,37.42758333333333,0,optimal,0.169470,1,-6646.999999999999,2058,optimal,2.524872,1,-6646.999999999993,1122,optimal,1.305074,1,-6646.999998921382,25600,30,bcf2e42,Windows-AMD64,2026-10-03T00:33:40+00:00
random-2000x4000k3-s5,192e8577992f6fc33b05ca7ec00d7e4a4f3e994f3b8997cd04ad118f70e3bfe0,train,random-2000x4000k3,5,"{""boxed_column_share"": 0.884, ""cholesky_capped"": false, ""cholesky_fill_ratio"": 38.657916666666665, ""cholesky_nonzeros"": 463895, ""columns"": 4000, ""dense_columns"": 0, ""density"": 0.0015, ""equality_row_share"": 0, ""fixed_column_share"": 0.116, ""free_column_share"": 0, ""integer_share"": 0, ""learned_in_domain"": false, ""learned_path"": """", ""learned_tree"": ""dual-simplex"", ""max_column_count"": 3, ""nonzeros"": 12000, ""normal_equations_nnz_bound"": 36000, ""normal_equations_ratio"": 3, ""rows"": 2000, ""rows_per_column"": 0.5, ""rule"": ""default:dual-simplex"", ""rule_table"": ""dual-simplex""}",dual-simplex,default:dual-simplex,2000,4000,12000,0.0015,3,0,0.5,0,0,0.884,0,0.116,36000,3,463895,38.657916666666665,0,optimal,0.171496,1,3408.00000000001,1982,optimal,1.961572,1,3407.9999999999973,1261,optimal,1.180200,1,3408.0000012393434,17200,30,bcf2e42,Windows-AMD64,2026-10-03T00:33:40+00:00
staircase-2000x4000k3-s1,e4e141042034f0794e2ccb4da977e46f56d2e26d74ae5b5d82f4c04959e150a0,test,staircase-2000x4000k3,1,"{""boxed_column_share"": 0.88975, ""cholesky_capped"": false, ""cholesky_fill_ratio"": 27.690583333333333, ""cholesky_nonzeros"": 332287, ""columns"": 4000, ""dense_columns"": 0, ""density"": 0.0015, ""equality_row_share"": 0, ""fixed_column_share"": 0.11025, ""free_column_share"": 0, ""integer_share"": 0, ""learned_in_domain"": false, ""learned_path"": """", ""learned_tree"": ""dual-simplex"", ""max_column_count"": 3, ""nonzeros"": 12000, ""normal_equations_nnz_bound"": 36000, ""normal_equations_ratio"": 3, ""rows"": 2000, ""rows_per_column"": 0.5, ""rule"": ""default:dual-simplex"", ""rule_table"": ""dual-simplex""}",dual-simplex,default:dual-simplex,2000,4000,12000,0.0015,3,0,0.5,0,0,0.88975,0,0.11025,36000,3,332287,27.690583333333333,0,optimal,0.133871,1,-16313.000000000004,1908,optimal,0.915761,1,-16313.000000000011,1321,optimal,0.243954,1,-16312.999999967944,4280,30,bcf2e42,Windows-AMD64,2026-10-03T00:33:40+00:00
staircase-2000x4000k3-s2,9126240b528fdd790629dbcee60b80d084c9b50880b69df808774650425d52ac,test,staircase-2000x4000k3,2,"{""boxed_column_share"": 0.89225, ""cholesky_capped"": false, ""cholesky_fill_ratio"": 27.3725, ""cholesky_nonzeros"": 328470, ""columns"": 4000, ""dense_columns"": 0, ""density"": 0.0015, ""equality_row_share"": 0, ""fixed_column_share"": 0.10775, ""free_column_share"": 0, ""integer_share"": 0, ""learned_in_domain"": false, ""learned_path"": """", ""learned_tree"": ""dual-simplex"", ""max_column_count"": 3, ""nonzeros"": 12000, ""normal_equations_nnz_bound"": 36000, ""normal_equations_ratio"": 3, ""rows"": 2000, ""rows_per_column"": 0.5, ""rule"": ""default:dual-simplex"", ""rule_table"": ""dual-simplex""}",dual-simplex,default:dual-simplex,2000,4000,12000,0.0015,3,0,0.5,0,0,0.89225,0,0.10775,36000,3,328470,27.3725,0,optimal,0.122617,1,-895.0,1933,optimal,0.924256,1,-895.0000000000034,1310,optimal,1.522590,1,-895.0000003597954,26440,30,bcf2e42,Windows-AMD64,2026-10-03T00:33:40+00:00
staircase-2000x4000k3-s3,71d0e4d0d8d51a812457689b57fade2b3f86be19b03b88917125eeed5f269cf9,test,staircase-2000x4000k3,3,"{""boxed_column_share"": 0.889, ""cholesky_capped"": false, ""cholesky_fill_ratio"": 24.28925, ""cholesky_nonzeros"": 291471, ""columns"": 4000, ""dense_columns"": 0, ""density"": 0.0015, ""equality_row_share"": 0, ""fixed_column_share"": 0.111, ""free_column_share"": 0, ""integer_share"": 0, ""learned_in_domain"": false, ""learned_path"": """", ""learned_tree"": ""dual-simplex"", ""max_column_count"": 3, ""nonzeros"": 12000, ""normal_equations_nnz_bound"": 36000, ""normal_equations_ratio"": 3, ""rows"": 2000, ""rows_per_column"": 0.5, ""rule"": ""default:dual-simplex"", ""rule_table"": ""dual-simplex""}",dual-simplex,default:dual-simplex,2000,4000,12000,0.0015,3,0,0.5,0,0,0.889,0,0.111,36000,3,291471,24.28925,0,optimal,0.167733,1,9481.999999999996,1917,optimal,1.324050,1,9482.000000000005,1246,optimal,0.254589,1,9481.999999781709,4240,30,bcf2e42,Windows-AMD64,2026-10-03T00:33:40+00:00
staircase-2000x4000k3-s4,db51eab18b6ea251d429530257639e8851092da93969e68d2d3d23bb468c24c6,test,staircase-2000x4000k3,4,"{""boxed_column_share"": 0.8815, ""cholesky_capped"": false, ""cholesky_fill_ratio"": 28.346833333333333, ""cholesky_nonzeros"": 340162, ""columns"": 4000, ""dense_columns"": 0, ""density"": 0.0015, ""equality_row_share"": 0, ""fixed_column_share"": 0.1185, ""free_column_share"": 0, ""integer_share"": 0, ""learned_in_domain"": false, ""learned_path"": """", ""learned_tree"": ""dual-simplex"", ""max_column_count"": 3, ""nonzeros"": 12000, ""normal_equations_nnz_bound"": 36000, ""normal_equations_ratio"": 3, ""rows"": 2000, ""rows_per_column"": 0.5, ""rule"": ""default:dual-simplex"", ""rule_table"": ""dual-simplex""}",dual-simplex,default:dual-simplex,2000,4000,12000,0.0015,3,0,0.5,0,0,0.8815,0,0.1185,36000,3,340162,28.346833333333333,0,optimal,0.126628,1,7922.0000000000055,1881,optimal,0.921180,1,7921.999999999987,1199,optimal,0.284698,1,7921.999999866831,5200,30,bcf2e42,Windows-AMD64,2026-10-03T00:33:40+00:00
staircase-2000x4000k3-s5,bd25a088d911dc740613f1fda70376a9befa95a5ea26f40ec13ab3dbb042e019,test,staircase-2000x4000k3,5,"{""boxed_column_share"": 0.8905, ""cholesky_capped"": false, ""cholesky_fill_ratio"": 25.502583333333334, ""cholesky_nonzeros"": 306031, ""columns"": 4000, ""dense_columns"": 0, ""density"": 0.0015, ""equality_row_share"": 0, ""fixed_column_share"": 0.1095, ""free_column_share"": 0, ""integer_share"": 0, ""learned_in_domain"": false, ""learned_path"": """", ""learned_tree"": ""dual-simplex"", ""max_column_count"": 3, ""nonzeros"": 12000, ""normal_equations_nnz_bound"": 36000, ""normal_equations_ratio"": 3, ""rows"": 2000, ""rows_per_column"": 0.5, ""rule"": ""default:dual-simplex"", ""rule_table"": ""dual-simplex""}",dual-simplex,default:dual-simplex,2000,4000,12000,0.0015,3,0,0.5,0,0,0.8905,0,0.1095,36000,3,306031,25.502583333333334,0,optimal,0.127974,1,13342.000000000002,1877,optimal,1.020996,1,13341.99999999999,1200,optimal,0.996508,1,13341.999999735644,16360,30,bcf2e42,Windows-AMD64,2026-10-03T00:33:40+00:00
random-4000x2000k6-s1,a5f0cdd963b8a06fffea14a6e939e299694021a72690b1c6fdb614cd86502457,train,random-4000x2000k6,1,"{""boxed_column_share"": 0.887, ""cholesky_capped"": false, ""cholesky_fill_ratio"": 111.98475, ""cholesky_nonzeros"": 1343817, ""columns"": 2000, ""dense_columns"": 0, ""density"": 0.0015, ""equality_row_share"": 0, ""fixed_column_share"": 0.113, ""free_column_share"": 0, ""integer_share"": 0, ""learned_in_domain"": false, ""learned_path"": """", ""learned_tree"": ""dual-simplex"", ""max_column_count"": 6, ""nonzeros"": 12000, ""normal_equations_nnz_bound"": 72000, ""normal_equations_ratio"": 6, ""rows"": 4000, ""rows_per_column"": 2, ""rule"": ""default:dual-simplex"", ""rule_table"": ""dual-simplex""}",dual-simplex,default:dual-simplex,4000,2000,12000,0.0015,6,0,2,0,0,0.887,0,0.113,72000,6,1343817,111.98475,0,optimal,0.238772,1,-9094.00000000001,1669,optimal,30.061888,1,-9093.999999717716,18,optimal,27.016921,1,-9093.999999975853,313428,30,bcf2e42,Windows-AMD64,2026-10-03T00:33:40+00:00
random-4000x2000k6-s2,bc6a018fca98d7b9a5f500d0cd59199981e9f6cf3c3d92a6914eb7a49621b510,train,random-4000x2000k6,2,"{""boxed_column_share"": 0.885, ""cholesky_capped"": false, ""cholesky_fill_ratio"": 109.23191666666666, ""cholesky_nonzeros"": 1310783, ""columns"": 2000, ""dense_columns"": 0, ""density"": 0.0015, ""equality_row_share"": 0, ""fixed_column_share"": 0.115, ""free_column_share"": 0, ""integer_share"": 0, ""learned_in_domain"": false, ""learned_path"": """", ""learned_tree"": ""dual-simplex"", ""max_column_count"": 6, ""nonzeros"": 12000, ""normal_equations_nnz_bound"": 72000, ""normal_equations_ratio"": 6, ""rows"": 4000, ""rows_per_column"": 2, ""rule"": ""default:dual-simplex"", ""rule_table"": ""dual-simplex""}",dual-simplex,default:dual-simplex,4000,2000,12000,0.0015,6,0,2,0,0,0.885,0,0.115,72000,6,1310783,109.23191666666666,0,optimal,0.243898,1,-4597.999999999999,1708,optimal,30.059285,1,-4597.999999292994,17,optimal,6.649929,1,-4597.999999388718,82320,30,bcf2e42,Windows-AMD64,2026-10-03T00:33:40+00:00
random-4000x2000k6-s3,9c39359ba2d0912b04bce6984ee1e7156fc30ceb22d6ae9d94682e6219e7d3ae,train,random-4000x2000k6,3,"{""boxed_column_share"": 0.8885, ""cholesky_capped"": false, ""cholesky_fill_ratio"": 115.31458333333333, ""cholesky_nonzeros"": 1383775, ""columns"": 2000, ""dense_columns"": 0, ""density"": 0.0015, ""equality_row_share"": 0, ""fixed_column_share"": 0.1115, ""free_column_share"": 0, ""integer_share"": 0, ""learned_in_domain"": false, ""learned_path"": """", ""learned_tree"": ""dual-simplex"", ""max_column_count"": 6, ""nonzeros"": 12000, ""normal_equations_nnz_bound"": 72000, ""normal_equations_ratio"": 6, ""rows"": 4000, ""rows_per_column"": 2, ""rule"": ""default:dual-simplex"", ""rule_table"": ""dual-simplex""}",dual-simplex,default:dual-simplex,4000,2000,12000,0.0015,6,0,2,0,0,0.8885,0,0.1115,72000,6,1383775,115.31458333333333,0,optimal,0.288250,1,-3523.999999999998,1694,optimal,30.118166,1,-3523.999995756567,17,optimal,4.207278,1,-3524.0000000011237,84200,30,bcf2e42,Windows-AMD64,2026-10-03T00:33:40+00:00
random-4000x2000k6-s4,30d14da14c1229fb1c5083b965c77c1abe7421f7bc242645f0c18fcf5d4b2f6f,train,random-4000x2000k6,4,"{""boxed_column_share"": 0.884, ""cholesky_capped"": false, ""cholesky_fill_ratio"": 114.9855, ""cholesky_nonzeros"": 1379826, ""columns"": 2000, ""dense_columns"": 0, ""density"": 0.0015, ""equality_row_share"": 0, ""fixed_column_share"": 0.116, ""free_column_share"": 0, ""integer_share"": 0, ""learned_in_domain"": false, ""learned_path"": """", ""learned_tree"": ""dual-simplex"", ""max_column_count"": 6, ""nonzeros"": 12000, ""normal_equations_nnz_bound"": 72000, ""normal_equations_ratio"": 6, ""rows"": 4000, ""rows_per_column"": 2, ""rule"": ""default:dual-simplex"", ""rule_table"": ""dual-simplex""}",dual-simplex,default:dual-simplex,4000,2000,12000,0.0015,6,0,2,0,0,0.884,0,0.116,72000,6,1379826,114.9855,0,optimal,0.276143,1,-2887.999999999998,1771,optimal,30.121577,1,-2887.999994132885,18,optimal,20.511967,1,-2887.999999748238,173600,30,bcf2e42,Windows-AMD64,2026-10-03T00:33:40+00:00
random-4000x2000k6-s5,87744ec89e08d539fa9ca8b534b4fdfaae1122decd5e69d61f32e8e6d8cda9f6,train,random-4000x2000k6,5,"{""boxed_column_share"": 0.8835, ""cholesky_capped"": false, ""cholesky_fill_ratio"": 110.13883333333334, ""cholesky_nonzeros"": 1321666, ""columns"": 2000, ""dense_columns"": 0, ""density"": 0.0015, ""equality_row_share"": 0, ""fixed_column_share"": 0.1165, ""free_column_share"": 0, ""integer_share"": 0, ""learned_in_domain"": false, ""learned_path"": """", ""learned_tree"": ""dual-simplex"", ""max_column_count"": 6, ""nonzeros"": 12000, ""normal_equations_nnz_bound"": 72000, ""normal_equations_ratio"": 6, ""rows"": 4000, ""rows_per_column"": 2, ""rule"": ""default:dual-simplex"", ""rule_table"": ""dual-simplex""}",dual-simplex,default:dual-simplex,4000,2000,12000,0.0015,6,0,2,0,0,0.8835,0,0.1165,72000,6,1321666,110.13883333333334,0,optimal,0.238987,1,19367.999999999993,1630,optimal,30.066402,1,19368.000003629128,17,optimal,11.385023,1,19367.999999959764,128600,30,bcf2e42,Windows-AMD64,2026-10-03T00:33:40+00:00
staircase-4000x2000k6-s1,104cd2dc4d2c6517bf423de8499a6ba0b2e6ff572753dd088a8a2d870eb7517c,train,staircase-4000x2000k6,1,"{""boxed_column_share"": 0.897, ""cholesky_capped"": false, ""cholesky_fill_ratio"": 56.004333333333335, ""cholesky_nonzeros"": 672052, ""columns"": 2000, ""dense_columns"": 0, ""density"": 0.0015, ""equality_row_share"": 0, ""fixed_column_share"": 0.103, ""free_column_share"": 0, ""integer_share"": 0, ""learned_in_domain"": false, ""learned_path"": """", ""learned_tree"": ""dual-simplex"", ""max_column_count"": 6, ""nonzeros"": 12000, ""normal_equations_nnz_bound"": 72000, ""normal_equations_ratio"": 6, ""rows"": 4000, ""rows_per_column"": 2, ""rule"": ""default:dual-simplex"", ""rule_table"": ""dual-simplex""}",dual-simplex,default:dual-simplex,4000,2000,12000,0.0015,6,0,2,0,0,0.897,0,0.103,72000,6,672052,56.004333333333335,0,optimal,0.251220,1,-18604.0,1685,optimal,30.065628,1,-18603.99999955223,17,optimal,1.427426,1,-18603.99999985083,36920,30,bcf2e42,Windows-AMD64,2026-10-03T00:33:40+00:00
staircase-4000x2000k6-s2,507ce46faff504ccff5e6bb5d5a06995a5ec063c877506e61d4f6ac105d30a87,train,staircase-4000x2000k6,2,"{""boxed_column_share"": 0.8915, ""cholesky_capped"": false, ""cholesky_fill_ratio"": 52.98166666666667, ""cholesky_nonzeros"": 635780, ""columns"": 2000, ""dense_columns"": 0, ""density"": 0.0015, ""equality_row_share"": 0, ""fixed_column_share"": 0.1085, ""free_column_share"": 0, ""integer_share"": 0, ""learned_in_domain"": false, ""learned_path"": """", ""learned_tree"": ""dual-simplex"", ""max_column_count"": 6, ""nonzeros"": 12000, ""normal_equations_nnz_bound"": 72000, ""normal_equations_ratio"": 6, ""rows"": 4000, ""rows_per_column"": 2, ""rule"": ""default:dual-simplex"", ""rule_table"": ""dual-simplex""}",dual-simplex,default:dual-simplex,4000,2000,12000,0.0015,6,0,2,0,0,0.8915,0,0.1085,72000,6,635780,52.98166666666667,0,optimal,0.241378,1,8745.999999999995,1724,optimal,30.070382,1,8746.00000014203,18,feasible,28.057682,0,8746.000000024946,155800,30,bcf2e42,Windows-AMD64,2026-10-03T00:33:40+00:00
staircase-4000x2000k6-s3,b2aa0b403f65596920cb3540edbfc62840498acfba2e1676f7584a02c631db6f,train,staircase-4000x2000k6,3,"{""boxed_column_share"": 0.888, ""cholesky_capped"": false, ""cholesky_fill_ratio"": 56.005833333333335, ""cholesky_nonzeros"": 672070, ""columns"": 2000, ""dense_columns"": 0, ""density"": 0.0015, ""equality_row_share"": 0, ""fixed_column_share"": 0.112, ""free_column_share"": 0, ""integer_share"": 0, ""learned_in_domain"": false, ""learned_path"": """", ""learned_tree"": ""dual-simplex"", ""max_column_count"": 6, ""nonzeros"": 12000, ""normal_equations_nnz_bound"": 72000, ""normal_equations_ratio"": 6, ""rows"": 4000, ""rows_per_column"": 2, ""rule"": ""default:dual-simplex"", ""rule_table"": ""dual-simplex""}",dual-simplex,default:dual-simplex,4000,2000,12000,0.0015,6,0,2,0,0,0.888,0,0.112,72000,6,672070,56.005833333333335,0,optimal,0.236234,1,5881.999999999999,1783,optimal,30.075460,1,5882.0000029379535,16,optimal,1.636514,1,5882.000000238003,45080,30,bcf2e42,Windows-AMD64,2026-10-03T00:33:40+00:00
staircase-4000x2000k6-s4,48a489180b0cc44af3d067903ef42ce3f6ea3923ad9ba30bf8f8eda1f45265fd,train,staircase-4000x2000k6,4,"{""boxed_column_share"": 0.888, ""cholesky_capped"": false, ""cholesky_fill_ratio"": 53.08525, ""cholesky_nonzeros"": 637023, ""columns"": 2000, ""dense_columns"": 0, ""density"": 0.0015, ""equality_row_share"": 0, ""fixed_column_share"": 0.112, ""free_column_share"": 0, ""integer_share"": 0, ""learned_in_domain"": false, ""learned_path"": """", ""learned_tree"": ""dual-simplex"", ""max_column_count"": 6, ""nonzeros"": 12000, ""normal_equations_nnz_bound"": 72000, ""normal_equations_ratio"": 6, ""rows"": 4000, ""rows_per_column"": 2, ""rule"": ""default:dual-simplex"", ""rule_table"": ""dual-simplex""}",dual-simplex,default:dual-simplex,4000,2000,12000,0.0015,6,0,2,0,0,0.888,0,0.112,72000,6,637023,53.08525,0,optimal,0.179363,1,9459.0,1496,optimal,30.061660,1,9459.000001537113,17,optimal,18.192669,1,9458.999999671318,103960,30,bcf2e42,Windows-AMD64,2026-10-03T00:33:40+00:00
staircase-4000x2000k6-s5,e4a8ce030196727ad9dff61fbc10cbb4c9e308804fd02b96c49493455856d5de,train,staircase-4000x2000k6,5,"{""boxed_column_share"": 0.8815, ""cholesky_capped"": false, ""cholesky_fill_ratio"": 50.9615, ""cholesky_nonzeros"": 611538, ""columns"": 2000, ""dense_columns"": 0, ""density"": 0.0015, ""equality_row_share"": 0, ""fixed_column_share"": 0.1185, ""free_column_share"": 0, ""integer_share"": 0, ""learned_in_domain"": false, ""learned_path"": """", ""learned_tree"": ""dual-simplex"", ""max_column_count"": 6, ""nonzeros"": 12000, ""normal_equations_nnz_bound"": 72000, ""normal_equations_ratio"": 6, ""rows"": 4000, ""rows_per_column"": 2, ""rule"": ""default:dual-simplex"", ""rule_table"": ""dual-simplex""}",dual-simplex,default:dual-simplex,4000,2000,12000,0.0015,6,0,2,0,0,0.8815,0,0.1185,72000,6,611538,50.9615,0,optimal,0.250932,1,1248.9999999999948,1693,optimal,30.073311,1,1249.0000006503524,17,optimal,3.867352,1,1248.9999997697898,101760,30,bcf2e42,Windows-AMD64,2026-10-03T00:33:40+00:00
random-8000x4000k4-s1,1711e64813981fdf2628600957c893c37bcb9cd477a694ab0e6810d2d3ecac2b,train,random-8000x4000k4,1,"{""boxed_column_share"": 0.8765, ""cholesky_capped"": false, ""cholesky_fill_ratio"": 65.8334375, ""cholesky_nonzeros"": 1053335, ""columns"": 4000, ""dense_columns"": 0, ""density"": 0.0005, ""equality_row_share"": 0, ""fixed_column_share"": 0.1235, ""free_column_share"": 0, ""integer_share"": 0, ""learned_in_domain"": false, ""learned_path"": """", ""learned_tree"": ""dual-simplex"", ""max_column_count"": 4, ""nonzeros"": 16000, ""normal_equations_nnz_bound"": 64000, ""normal_equations_ratio"": 4, ""rows"": 8000, ""rows_per_column"": 2, ""rule"": ""default:dual-simplex"", ""rule_table"": ""dual-simplex""}",dual-simplex,default:dual-simplex,8000,4000,16000,0.0005,4,0,2,0,0,0.8765,0,0.1235,64000,4,1053335,65.8334375,0,optimal,0.156688,1,-11724.000000000004,2049,optimal,3.673173,1,-11724.000000000002,1034,feasible,28.024573,0,-11723.99999988266,93080,30,bcf2e42,Windows-AMD64,2026-10-03T00:33:40+00:00
random-8000x4000k4-s2,aa11df792fca99213ee517372ed4ca91eec20875e7b8d28034e1ad0b0b5b754c,train,random-8000x4000k4,2,"{""boxed_column_share"": 0.88, ""cholesky_capped"": false, ""cholesky_fill_ratio"": 64.8400625, ""cholesky_nonzeros"": 1037441, ""columns"": 4000, ""dense_columns"": 0, ""density"": 0.0005, ""equality_row_share"": 0, ""fixed_column_share"": 0.12, ""free_column_share"": 0, ""integer_share"": 0, ""learned_in_domain"": false, ""learned_path"": """", ""learned_tree"": ""dual-simplex"", ""max_column_count"": 4, ""nonzeros"": 16000, ""normal_equations_nnz_bound"": 64000, ""normal_equations_ratio"": 4, ""rows"": 8000, ""rows_per_column"": 2, ""rule"": ""default:dual-simplex"", ""rule_table"": ""dual-simplex""}",dual-simplex,default:dual-simplex,8000,4000,16000,0.0005,4,0,2,0,0,0.88,0,0.12,64000,4,1037441,64.8400625,0,optimal,0.170499,1,1575.0000000000014,2009,optimal,3.250768,1,1575.000000000011,1099,optimal,8.881056,1,1575.0000007931135,110360,30,bcf2e42,Windows-AMD64,2026-10-03T00:33:40+00:00
random-8000x4000k4-s3,31602f2bbed3eb6425192e8a35718b41df0eedc5bd5c713d2afea3632c2fc0bb,train,random-8000x4000k4,3,"{""boxed_column_share"": 0.889, ""cholesky_capped"": false, ""cholesky_fill_ratio"": 70.3204375, ""cholesky_nonzeros"": 1125127, ""columns"": 4000, ""dense_columns"": 0, ""density"": 0.0005, ""equality_row_share"": 0, ""fixed_column_share"": 0.111, ""free_column_share"": 0, ""integer_share"": 0, ""learned_in_domain"": false, ""learned_path"": """", ""learned_tree"": ""dual-simplex"", ""max_column_count"": 4, ""nonzeros"": 16000, ""normal_equations_nnz_bound"": 64000, ""normal_equations_ratio"": 4, ""rows"": 8000, ""rows_per_column"": 2, ""rule"": ""default:dual-simplex"", ""rule_table"": ""dual-simplex""}",dual-simplex,default:dual-simplex,8000,4000,16000,0.0005,4,0,2,0,0,0.889,0,0.111,64000,4,1125127,70.3204375,0,optimal,0.180249,1,7959.999999999996,2124,optimal,5.436708,1,7960.000000000004,1063,optimal,1.776516,1,7960.000000005986,28320,30,bcf2e42,Windows-AMD64,2026-10-03T00:33:40+00:00
random-8000x4000k4-s4,c8e36f4f9f9a9f1458052cbfcacaec33b35ad6c16dc38d2e27472d8a5461c349,train,random-8000x4000k4,4,"{""boxed_column_share"": 0.88025, ""cholesky_capped"": false, ""cholesky_fill_ratio"": 67.239625, ""cholesky_nonzeros"": 1075834, ""columns"": 4000, ""dense_columns"": 0, ""density"": 0.0005, ""equality_row_share"": 0, ""fixed_column_share"": 0.11975, ""free_column_share"": 0, ""integer_share"": 0, ""learned_in_domain"": false, ""learned_path"": """", ""learned_tree"": ""dual-simplex"", ""max_column_count"": 4, ""nonzeros"": 16000, ""normal_equations_nnz_bound"": 64000, ""normal_equations_ratio"": 4, ""rows"": 8000, ""rows_per_column"": 2, ""rule"": ""default:dual-simplex"", ""rule_table"": ""dual-simplex""}",dual-simplex,default:dual-simplex,8000,4000,16000,0.0005,4,0,2,0,0,0.88025,0,0.11975,64000,4,1075834,67.239625,0,optimal,0.161616,1,-1354.9999999999973,2073,optimal,3.722142,1,-1355.000000000002,1114,optimal,2.003909,1,-1355.000000010396,34360,30,bcf2e42,Windows-AMD64,2026-10-03T00:33:40+00:00
random-8000x4000k4-s5,468855ab7f24b1f62c6f4764cc55888496cd0a7f79df7b9c36701103618baa88,train,random-8000x4000k4,5,"{""boxed_column_share"": 0.891, ""cholesky_capped"": false, ""cholesky_fill_ratio"": 70.3386875, ""cholesky_nonzeros"": 1125419, ""columns"": 4000, ""dense_columns"": 0, ""density"": 0.0005, ""equality_row_share"": 0, ""fixed_column_share"": 0.109, ""free_column_share"": 0, ""integer_share"": 0, ""learned_in_domain"": false, ""learned_path"": """", ""learned_tree"": ""dual-simplex"", ""max_column_count"": 4, ""nonzeros"": 16000, ""normal_equations_nnz_bound"": 64000, ""normal_equations_ratio"": 4, ""rows"": 8000, ""rows_per_column"": 2, ""rule"": ""default:dual-simplex"", ""rule_table"": ""dual-simplex""}",dual-simplex,default:dual-simplex,8000,4000,16000,0.0005,4,0,2,0,0,0.891,0,0.109,64000,4,1125419,70.3386875,0,optimal,0.166168,1,-11050.0,2072,optimal,4.186265,1,-11049.999999999998,1164,optimal,14.582945,1,-11050.000000155187,178480,30,bcf2e42,Windows-AMD64,2026-10-03T00:33:40+00:00
staircase-8000x4000k4-s1,74a721e64ae84aed3066eb419641727860a481e5d1999e3848fed7e0068df8da,train,staircase-8000x4000k4,1,"{""boxed_column_share"": 0.87925, ""cholesky_capped"": false, ""cholesky_fill_ratio"": 46.0065625, ""cholesky_nonzeros"": 736105, ""columns"": 4000, ""dense_columns"": 0, ""density"": 0.0005, ""equality_row_share"": 0, ""fixed_column_share"": 0.12075, ""free_column_share"": 0, ""integer_share"": 0, ""learned_in_domain"": false, ""learned_path"": """", ""learned_tree"": ""dual-simplex"", ""max_column_count"": 4, ""nonzeros"": 16000, ""normal_equations_nnz_bound"": 64000, ""normal_equations_ratio"": 4, ""rows"": 8000, ""rows_per_column"": 2, ""rule"": ""default:dual-simplex"", ""rule_table"": ""dual-simplex""}",dual-simplex,default:dual-simplex,8000,4000,16000,0.0005,4,0,2,0,0,0.87925,0,0.12075,64000,4,736105,46.0065625,0,optimal,0.172052,1,-27270.999999999985,2073,optimal,1.539308,1,-27270.999999999996,1160,optimal,21.859898,1,-27270.99999992902,259228,30,bcf2e42,Windows-AMD64,2026-10-03T00:33:40+00:00
staircase-8000x4000k4-s2,363046731bdc9a2eb8c40114415089644b8bd83895f0127c9da4b9773f9a8d4e,train,staircase-8000x4000k4,2,"{""boxed_column_share"": 0.8755, ""cholesky_capped"": false, ""cholesky_fill_ratio"": 42.77925, ""cholesky_nonzeros"": 684468, ""columns"": 4000, ""dense_columns"": 0, ""density"": 0.0005, ""equality_row_share"": 0, ""fixed_column_share"": 0.1245, ""free_column_share"": 0, ""integer_share"": 0, ""learned_in_domain"": false, ""learned_path"": """", ""learned_tree"": ""dual-simplex"", ""max_column_count"": 4, ""nonzeros"": 16000, ""normal_equations_nnz_bound"": 64000, ""normal_equations_ratio"": 4, ""rows"": 8000, ""rows_per_column"": 2, ""rule"": ""default:dual-simplex"", ""rule_table"": ""dual-simplex""}",dual-simplex,default:dual-simplex,8000,4000,16000,0.0005,4,0,2,0,0,0.8755,0,0.1245,64000,4,684468,42.77925,0,optimal,0.162552,1,21374.00000000001,2037,optimal,1.692696,1,21374.000000000004,1139,optimal,1.745869,1,21374.00000019711,29080,30,bcf2e42,Windows-AMD64,2026-10-03T00:33:40+00:00
staircase-8000x4000k4-s3,ae84ef029f79bb17aa62215a240631e8479031f94c53656f4717a53b9e0c5ce4,train,staircase-8000x4000k4,3,"{""boxed_column_share"": 0.88625, ""cholesky_capped"": false, ""cholesky_fill_ratio"": 43.5054375, ""cholesky_nonzeros"": 696087, ""columns"": 4000, ""dense_columns"": 0, ""density"": 0.0005, ""equality_row_share"": 0, ""fixed_column_share"": 0.11375, ""free_column_share"": 0, ""integer_share"": 0, ""learned_in_domain"": false, ""learned_path"": """", ""learned_tree"": ""dual-simplex"", ""max_column_count"": 4, ""nonzeros"": 16000, ""normal_equations_nnz_bound"": 64000, ""normal_equations_ratio"": 4, ""rows"": 8000, ""rows_per_column"": 2, ""rule"": ""default:dual-simplex"", ""rule_table"": ""dual-simplex""}",dual-simplex,default:dual-simplex,8000,4000,16000,0.0005,4,0,2,0,0,0.88625,0,0.11375,64000,4,696087,43.5054375,0,optimal,0.164159,1,-6305.999999999998,2100,optimal,2.052806,1,-6306.000000000002,1202,optimal,10.328566,1,-6306.000000184261,120360,30,bcf2e42,Windows-AMD64,2026-10-03T00:33:40+00:00
staircase-8000x4000k4-s4,94115c3f5750e49921ff74d295105019aacf37db92e0c01c989384496a2cfc4b,train,staircase-8000x4000k4,4,"{""boxed_column_share"": 0.875, ""cholesky_capped"": false, ""cholesky_fill_ratio"": 45.07975, ""cholesky_nonzeros"": 721276, ""columns"": 4000, ""dense_columns"": 0, ""density"": 0.0005, ""equality_row_share"": 0, ""fixed_column_share"": 0.125, ""free_column_share"": 0, ""integer_share"": 0, ""learned_in_domain"": false, ""learned_path"": """", ""learned_tree"": ""dual-simplex"", ""max_column_count"": 4, ""nonzeros"": 16000, ""normal_equations_nnz_bound"": 64000, ""normal_equations_ratio"": 4, ""rows"": 8000, ""rows_per_column"": 2, ""rule"": ""default:dual-simplex"", ""rule_table"": ""dual-simplex""}",dual-simplex,default:dual-simplex,8000,4000,16000,0.0005,4,0,2,0,0,0.875,0,0.125,64000,4,721276,45.07975,0,optimal,0.163579,1,387.00000000000205,2053,optimal,1.619612,1,387.0000000000002,1178,optimal,22.260450,1,387.0000000121238,188531,30,bcf2e42,Windows-AMD64,2026-10-03T00:33:40+00:00
staircase-8000x4000k4-s5,98ffb407bb85d9d33da40f02d7ce0684aa0118f469b6325e15a677b4e9581f87,train,staircase-8000x4000k4,5,"{""boxed_column_share"": 0.8835, ""cholesky_capped"": false, ""cholesky_fill_ratio"": 43.0173125, ""cholesky_nonzeros"": 688277, ""columns"": 4000, ""dense_columns"": 0, ""density"": 0.0005, ""equality_row_share"": 0, ""fixed_column_share"": 0.1165, ""free_column_share"": 0, ""integer_share"": 0, ""learned_in_domain"": false, ""learned_path"": """", ""learned_tree"": ""dual-simplex"", ""max_column_count"": 4, ""nonzeros"": 16000, ""normal_equations_nnz_bound"": 64000, ""normal_equations_ratio"": 4, ""rows"": 8000, ""rows_per_column"": 2, ""rule"": ""default:dual-simplex"", ""rule_table"": ""dual-simplex""}",dual-simplex,default:dual-simplex,8000,4000,16000,0.0005,4,0,2,0,0,0.8835,0,0.1165,64000,4,688277,43.0173125,0,optimal,0.197248,1,434.9999999999961,2084,optimal,2.013936,1,434.99999999999966,1226,optimal,2.270249,1,434.9999998311614,38640,30,bcf2e42,Windows-AMD64,2026-10-03T00:33:40+00:00
random-1000x4000k40-s1,d79010cfd77a8d66c0e3af32f213a882e9bfe8afe51b6e7e72840d14f27de8f5,train,random-1000x4000k40,1,"{""boxed_column_share"": 0.8885, ""cholesky_capped"": false, ""cholesky_fill_ratio"": 3.12784375, ""cholesky_nonzeros"": 500455, ""columns"": 4000, ""dense_columns"": 0, ""density"": 0.04, ""equality_row_share"": 0, ""fixed_column_share"": 0.1115, ""free_column_share"": 0, ""integer_share"": 0, ""learned_in_domain"": false, ""learned_path"": """", ""learned_tree"": ""dual-simplex"", ""max_column_count"": 40, ""nonzeros"": 160000, ""normal_equations_nnz_bound"": 6400000, ""normal_equations_ratio"": 40, ""rows"": 1000, ""rows_per_column"": 0.25, ""rule"": ""density:ipm"", ""rule_table"": ""ipm""}",ipm,density:ipm,1000,4000,160000,0.04,40,0,0.25,0,0,0.8885,0,0.1115,6400000,40,500455,3.12784375,0,optimal,21.612822,1,-14836.0,7791,optimal,12.157898,1,-14836.000000000036,1826,optimal,0.231189,1,-14836.000000153395,240,30,bcf2e42,Windows-AMD64,2026-10-03T00:33:40+00:00
random-1000x4000k40-s2,0bb068e27f363aa542ab202342c63145129ea3b4f5f58c89a489ba97d5c88246,train,random-1000x4000k40,2,"{""boxed_column_share"": 0.88675, ""cholesky_capped"": false, ""cholesky_fill_ratio"": 3.12795, ""cholesky_nonzeros"": 500472, ""columns"": 4000, ""dense_columns"": 0, ""density"": 0.04, ""equality_row_share"": 0, ""fixed_column_share"": 0.11325, ""free_column_share"": 0, ""integer_share"": 0, ""learned_in_domain"": false, ""learned_path"": """", ""learned_tree"": ""dual-simplex"", ""max_column_count"": 40, ""nonzeros"": 160000, ""normal_equations_nnz_bound"": 6400000, ""normal_equations_ratio"": 40, ""rows"": 1000, ""rows_per_column"": 0.25, ""rule"": ""density:ipm"", ""rule_table"": ""ipm""}",ipm,density:ipm,1000,4000,160000,0.04,40,0,0.25,0,0,0.88675,0,0.11325,6400000,40,500472,3.12795,0,optimal,25.964023,1,-14262.000000000027,8137,optimal,9.784510,1,-14262.000000000018,1855,optimal,0.304260,1,-14261.999999985806,280,30,bcf2e42,Windows-AMD64,2026-10-03T00:33:40+00:00
random-1000x4000k40-s3,c3b6b3016b7fca9bbfead52cd02307731da69ea25a7c2d88bbf092770c93063c,train,random-1000x4000k40,3,"{""boxed_column_share"": 0.88275, ""cholesky_capped"": false, ""cholesky_fill_ratio"": 3.12795625, ""cholesky_nonzeros"": 500473, ""columns"": 4000, ""dense_columns"": 0, ""density"": 0.04, ""equality_row_share"": 0, ""fixed_column_share"": 0.11725, ""free_column_share"": 0, ""integer_share"": 0, ""learned_in_domain"": false, ""learned_path"": """", ""learned_tree"": ""dual-simplex"", ""max_column_count"": 40, ""nonzeros"": 160000, ""normal_equations_nnz_bound"": 6400000, ""normal_equations_ratio"": 40, ""rows"": 1000, ""rows_per_column"": 0.25, ""rule"": ""density:ipm"", ""rule_table"": ""ipm""}",ipm,density:ipm,1000,4000,160000,0.04,40,0,0.25,0,0,0.88275,0,0.11725,6400000,40,500473,3.12795625,0,optimal,21.196520,1,10172.000000000018,7134,optimal,9.721508,1,10171.999999999976,1845,optimal,0.258440,1,10171.999999749321,240,30,bcf2e42,Windows-AMD64,2026-10-03T00:33:40+00:00
random-1000x4000k40-s4,fb68ad8f3e30177a7914bfbb6a4ee0d9c9a2652934800e3334a7af002e190f23,train,random-1000x4000k40,4,"{""boxed_column_share"": 0.87575, ""cholesky_capped"": false, ""cholesky_fill_ratio"": 3.12794375, ""cholesky_nonzeros"": 500471, ""columns"": 4000, ""dense_columns"": 0, ""density"": 0.04, ""equality_row_share"": 0, ""fixed_column_share"": 0.12425, ""free_column_share"": 0, ""integer_share"": 0, ""learned_in_domain"": false, ""learned_path"": """", ""learned_tree"": ""dual-simplex"", ""max_column_count"": 40, ""nonzeros"": 160000, ""normal_equations_nnz_bound"": 6400000, ""normal_equations_ratio"": 40, ""rows"": 1000, ""rows_per_column"": 0.25, ""rule"": ""density:ipm"", ""rule_table"": ""ipm""}",ipm,density:ipm,1000,4000,160000,0.04,40,0,0.25,0,0,0.87575,0,0.12425,6400000,40,500471,3.12794375,0,optimal,23.906044,1,-20279.999999999985,8314,optimal,13.136541,1,-20280.000000000025,1863,optimal,0.250243,1,-20280.000000596585,240,30,bcf2e42,Windows-AMD64,2026-10-03T00:33:40+00:00
random-1000x4000k40-s5,3da70db75a2303bf3a577002d9bc018b0fb91eae27e398f502945c6d306fc5f0,train,random-1000x4000k40,5,"{""boxed_column_share"": 0.882, ""cholesky_capped"": false, ""cholesky_fill_ratio"": 3.12794375, ""cholesky_nonzeros"": 500471, ""columns"": 4000, ""dense_columns"": 0, ""density"": 0.04, ""equality_row_share"": 0, ""fixed_column_share"": 0.118, ""free_column_share"": 0, ""integer_share"": 0, ""learned_in_domain"": false, ""learned_path"": """", ""learned_tree"": ""dual-simplex"", ""max_column_count"": 40, ""nonzeros"": 160000, ""normal_equations_nnz_bound"": 6400000, ""normal_equations_ratio"": 40, ""rows"": 1000, ""rows_per_column"": 0.25, ""rule"": ""density:ipm"", ""rule_table"": ""ipm""}",ipm,density:ipm,1000,4000,160000,0.04,40,0,0.25,0,0,0.882,0,0.118,6400000,40,500471,3.12794375,0,optimal,22.311664,1,30189.999999999887,8823,optimal,13.416350,1,30189.99999999997,1795,optimal,0.260705,1,30190.000000009655,280,30,bcf2e42,Windows-AMD64,2026-10-03T00:33:40+00:00
staircase-1000x4000k40-s1,ae06e499822631fbb64e923b45e61dc74567fb7aa28518b873245182e96b0cd2,train,staircase-1000x4000k40,1,"{""boxed_column_share"": 0.8915, ""cholesky_capped"": false, ""cholesky_fill_ratio"": 0.8507125, ""cholesky_nonzeros"": 136114, ""columns"": 4000, ""dense_columns"": 0, ""density"": 0.04, ""equality_row_share"": 0, ""fixed_column_share"": 0.1085, ""free_column_share"": 0, ""integer_share"": 0, ""learned_in_domain"": false, ""learned_path"": """", ""learned_tree"": ""dual-simplex"", ""max_column_count"": 40, ""nonzeros"": 160000, ""normal_equations_nnz_bound"": 6400000, ""normal_equations_ratio"": 40, ""rows"": 1000, ""rows_per_column"": 0.25, ""rule"": ""density:ipm"", ""rule_table"": ""ipm""}",ipm,density:ipm,1000,4000,160000,0.04,40,0,0.25,0,0,0.8915,0,0.1085,6400000,40,136114,0.8507125,0,optimal,9.128461,1,-7445.9999999999745,14954,optimal,1.083989,1,-7445.999999999913,2075,optimal,0.241785,1,-7445.999999986482,280,30,bcf2e42,Windows-AMD64,2026-10-03T00:33:40+00:00
staircase-1000x4000k40-s2,8a961bcfd130ee8e2d81ccc224e294835a6e8f0843021ae57fef4efebd70586c,train,staircase-1000x4000k40,2,"{""boxed_column_share"": 0.8855, ""cholesky_capped"": false, ""cholesky_fill_ratio"": 0.85649375, ""cholesky_nonzeros"": 137039, ""columns"": 4000, ""dense_columns"": 0, ""density"": 0.04, ""equality_row_share"": 0, ""fixed_column_share"": 0.1145, ""free_column_share"": 0, ""integer_share"": 0, ""learned_in_domain"": false, ""learned_path"": """", ""learned_tree"": ""dual-simplex"", ""max_column_count"": 40, ""nonzeros"": 160000, ""normal_equations_nnz_bound"": 6400000, ""normal_equations_ratio"": 40, ""rows"": 1000, ""rows_per_column"": 0.25, ""rule"": ""density:ipm"", ""rule_table"": ""ipm""}",ipm,density:ipm,1000,4000,160000,0.04,40,0,0.25,0,0,0.8855,0,0.1145,6400000,40,137039,0.85649375,0,optimal,1.992102,1,69361.00000000001,4619,optimal,0.968043,1,69360.99999999997,1824,optimal,0.223581,1,69360.99999992354,280,30,bcf2e42,Windows-AMD64,2026-10-03T00:33:40+00:00
staircase-1000x4000k40-s3,1a213614efecdd8e52331c516ff7663dcd772ee1f30b477244a14f821a0219d6,train,staircase-1000x4000k40,3,"{""boxed_column_share"": 0.88825, ""cholesky_capped"": false, ""cholesky_fill_ratio"": 0.8525375, ""cholesky_nonzeros"": 136406, ""columns"": 4000, ""dense_columns"": 0, ""density"": 0.04, ""equality_row_share"": 0, ""fixed_column_share"": 0.11175, ""free_column_share"": 0, ""integer_share"": 0, ""learned_in_domain"": false, ""learned_path"": """", ""learned_tree"": ""dual-simplex"", ""max_column_count"": 40, ""nonzeros"": 160000, ""normal_equations_nnz_bound"": 6400000, ""normal_equations_ratio"": 40, ""rows"": 1000, ""rows_per_column"": 0.25, ""rule"": ""density:ipm"", ""rule_table"": ""ipm""}",ipm,density:ipm,1000,4000,160000,0.04,40,0,0.25,0,0,0.88825,0,0.11175,6400000,40,136406,0.8525375,0,optimal,2.000650,1,41580.00000000004,4751,optimal,0.757429,1,41579.9999992971,16,optimal,0.249713,1,41580.000000002474,280,30,bcf2e42,Windows-AMD64,2026-10-03T00:33:40+00:00
staircase-1000x4000k40-s4,c1cdc2d9e1a580bfafe102099e65a46c959c109909bf43f793d4739db94d2064,train,staircase-1000x4000k40,4,"{""boxed_column_share"": 0.88175, ""cholesky_capped"": false, ""cholesky_fill_ratio"": 0.8499375, ""cholesky_nonzeros"": 135990, ""columns"": 4000, ""dense_columns"": 0, ""density"": 0.04, ""equality_row_share"": 0, ""fixed_column_share"": 0.11825, ""free_column_share"": 0, ""integer_share"": 0, ""learned_in_domain"": false, ""learned_path"": """", ""learned_tree"": ""dual-simplex"", ""max_column_count"": 40, ""nonzeros"": 160000, ""normal_equations_nnz_bound"": 6400000, ""normal_equations_ratio"": 40, ""rows"": 1000, ""rows_per_column"": 0.25, ""rule"": ""density:ipm"", ""rule_table"": ""ipm""}",ipm,density:ipm,1000,4000,160000,0.04,40,0,0.25,0,0,0.88175,0,0.11825,6400000,40,135990,0.8499375,0,optimal,18.323595,1,46107.00000000015,27304,optimal,0.764710,1,46107.00000004689,17,optimal,0.276415,1,46106.99999999864,280,30,bcf2e42,Windows-AMD64,2026-10-03T00:33:40+00:00
staircase-1000x4000k40-s5,2d8c6af4519d18e84a8fa90d98550580c65dd25295a93478453d79251b3c58d1,train,staircase-1000x4000k40,5,"{""boxed_column_share"": 0.892, ""cholesky_capped"": false, ""cholesky_fill_ratio"": 0.85759375, ""cholesky_nonzeros"": 137215, ""columns"": 4000, ""dense_columns"": 0, ""density"": 0.04, ""equality_row_share"": 0, ""fixed_column_share"": 0.108, ""free_column_share"": 0, ""integer_share"": 0, ""learned_in_domain"": false, ""learned_path"": """", ""learned_tree"": ""dual-simplex"", ""max_column_count"": 40, ""nonzeros"": 160000, ""normal_equations_nnz_bound"": 6400000, ""normal_equations_ratio"": 40, ""rows"": 1000, ""rows_per_column"": 0.25, ""rule"": ""density:ipm"", ""rule_table"": ""ipm""}",ipm,density:ipm,1000,4000,160000,0.04,40,0,0.25,0,0,0.892,0,0.108,6400000,40,137215,0.85759375,0,optimal,2.115056,1,15907.999999999996,5474,optimal,1.159585,1,15907.999999999982,1912,optimal,0.280275,1,15907.99999970995,320,30,bcf2e42,Windows-AMD64,2026-10-03T00:33:40+00:00
random-2000x2000k60-s1,3da4676fbb4206c79d1f2515fa34159e2312b43010b60e90f1a8514ef6f35c50,train,random-2000x2000k60,1,"{""boxed_column_share"": 0.87, ""cholesky_capped"": false, ""cholesky_fill_ratio"": 16.62890833333333, ""cholesky_nonzeros"": 1995469, ""columns"": 2000, ""dense_columns"": 0, ""density"": 0.03, ""equality_row_share"": 0, ""fixed_column_share"": 0.13, ""free_column_share"": 0, ""integer_share"": 0, ""learned_in_domain"": false, ""learned_path"": """", ""learned_tree"": ""dual-simplex"", ""max_column_count"": 60, ""nonzeros"": 120000, ""normal_equations_nnz_bound"": 7200000, ""normal_equations_ratio"": 60, ""rows"": 2000, ""rows_per_column"": 1, ""rule"": ""density:ipm"", ""rule_table"": ""ipm""}",ipm,density:ipm,2000,2000,120000,0.03,60,0,1,0,0,0.87,0,0.13,7200000,60,1995469,16.62890833333333,0,time_limit,30.154855,0,-4376.081445763016,4589,time_limit,30.150250,0,12840.730825168579,13,optimal,0.871460,1,11500.000000386919,4800,30,bcf2e42,Windows-AMD64,2026-10-03T00:33:40+00:00
random-2000x2000k60-s2,17c430cd0bd89fbf1694dfcc372ad11907925ebf0c10689b44ec8b536e24f832,train,random-2000x2000k60,2,"{""boxed_column_share"": 0.886, ""cholesky_capped"": false, ""cholesky_fill_ratio"": 16.6324, ""cholesky_nonzeros"": 1995888, ""columns"": 2000, ""dense_columns"": 0, ""density"": 0.03, ""equality_row_share"": 0, ""fixed_column_share"": 0.114, ""free_column_share"": 0, ""integer_share"": 0, ""learned_in_domain"": false, ""learned_path"": """", ""learned_tree"": ""dual-simplex"", ""max_column_count"": 60, ""nonzeros"": 120000, ""normal_equations_nnz_bound"": 7200000, ""normal_equations_ratio"": 60, ""rows"": 2000, ""rows_per_column"": 1, ""rule"": ""density:ipm"", ""rule_table"": ""ipm""}",ipm,density:ipm,2000,2000,120000,0.03,60,0,1,0,0,0.886,0,0.114,7200000,60,1995888,16.6324,0,time_limit,30.145209,0,11232.686981815172,4761,time_limit,30.139193,0,25587.916626734863,13,optimal,2.055207,1,24731.999999645945,4040,30,bcf2e42,Windows-AMD64,2026-10-03T00:33:40+00:00
random-2000x2000k60-s3,9fdeeecedb22ad60687c1d37574a44c5917d50c582480f002b834ebb6e86d70c,train,random-2000x2000k60,3,"{""boxed_column_share"": 0.886, ""cholesky_capped"": false, ""cholesky_fill_ratio"": 16.626108333333335, ""cholesky_nonzeros"": 1995133, ""columns"": 2000, ""dense_columns"": 0, ""density"": 0.03, ""equality_row_share"": 0, ""fixed_column_share"": 0.114, ""free_column_share"": 0, ""integer_share"": 0, ""learned_in_domain"": false, ""learned_path"": """", ""learned_tree"": ""dual-simplex"", ""max_column_count"": 60, ""nonzeros"": 120000, ""normal_equations_nnz_bound"": 7200000, ""normal_equations_ratio"": 60, ""rows"": 2000, ""rows_per_column"": 1, ""rule"": ""density:ipm"", ""rule_table"": ""ipm""}",ipm,density:ipm,2000,2000,120000,0.03,60,0,1,0,0,0.886,0,0.114,7200000,60,1995133,16.626108333333335,0,time_limit,30.149543,0,-42823.87453421421,4515,time_limit,30.153567,0,-18029.041055844245,11,optimal,0.735244,1,-18653.999998888456,3600,30,bcf2e42,Windows-AMD64,2026-10-03T00:33:40+00:00
random-2000x2000k60-s4,b1fc85298631811587733ca2cde799ee01f1caa673aa98b609c2493cd9fc8b8e,train,random-2000x2000k60,4,"{""boxed_column_share"": 0.8805, ""cholesky_capped"": false, ""cholesky_fill_ratio"": 16.628808333333332, ""cholesky_nonzeros"": 1995457, ""columns"": 2000, ""dense_columns"": 0, ""density"": 0.03, ""equality_row_share"": 0, ""fixed_column_share"": 0.1195, ""free_column_share"": 0, ""integer_share"": 0, ""learned_in_domain"": false, ""learned_path"": """", ""learned_tree"": ""dual-simplex"", ""max_column_count"": 60, ""nonzeros"": 120000, ""normal_equations_nnz_bound"": 7200000, ""normal_equations_ratio"": 60, ""rows"": 2000, ""rows_per_column"": 1, ""rule"": ""density:ipm"", ""rule_table"": ""ipm""}",ipm,density:ipm,2000,2000,120000,0.03,60,0,1,0,0,0.8805,0,0.1195,7200000,60,1995457,16.628808333333332,0,time_limit,30.163704,0,-36736.3799325236,4507,time_limit,30.145361,0,-9728.676312304317,11,optimal,0.590662,1,-9634.000000147344,2880,30,bcf2e42,Windows-AMD64,2026-10-03T00:33:40+00:00
random-2000x2000k60-s5,beed8e0d4a3dedec49b380dd63c115f9fb5aeb7046646433c59eff49367fd613,train,random-2000x2000k60,5,"{""boxed_column_share"": 0.896, ""cholesky_capped"": false, ""cholesky_fill_ratio"": 16.631541666666667, ""cholesky_nonzeros"": 1995785, ""columns"": 2000, ""dense_columns"": 0, ""density"": 0.03, ""equality_row_share"": 0, ""fixed_column_share"": 0.104, ""free_column_share"": 0, ""integer_share"": 0, ""learned_in_domain"": false, ""learned_path"": """", ""learned_tree"": ""dual-simplex"", ""max_column_count"": 60, ""nonzeros"": 120000, ""normal_equations_nnz_bound"": 7200000, ""normal_equations_ratio"": 60, ""rows"": 2000, ""rows_per_column"": 1, ""rule"": ""density:ipm"", ""rule_table"": ""ipm""}",ipm,density:ipm,2000,2000,120000,0.03,60,0,1,0,0,0.896,0,0.104,7200000,60,1995785,16.631541666666667,0,time_limit,30.150113,0,-7138.201804309101,4777,time_limit,30.147237,0,23816.837241302586,12,optimal,1.377952,1,22410.999998645126,4640,30,bcf2e42,Windows-AMD64,2026-10-03T00:33:40+00:00
staircase-2000x2000k60-s1,70dea0f56d3d40c2c58a5cc2a2f54db5c99a6a1a7338440944a3bce7af2c8b56,train,staircase-2000x2000k60,1,"{""boxed_column_share"": 0.887, ""cholesky_capped"": false, ""cholesky_fill_ratio"": 3.462025, ""cholesky_nonzeros"": 415443, ""columns"": 2000, ""dense_columns"": 0, ""density"": 0.03, ""equality_row_share"": 0, ""fixed_column_share"": 0.113, ""free_column_share"": 0, ""integer_share"": 0, ""learned_in_domain"": false, ""learned_path"": """", ""learned_tree"": ""dual-simplex"", ""max_column_count"": 60, ""nonzeros"": 120000, ""normal_equations_nnz_bound"": 7200000, ""normal_equations_ratio"": 60, ""rows"": 2000, ""rows_per_column"": 1, ""rule"": ""density:ipm"", ""rule_table"": ""ipm""}",ipm,density:ipm,2000,2000,120000,0.03,60,0,1,0,0,0.887,0,0.113,7200000,60,415443,3.462025,0,optimal,10.688464,1,-15356.000000000002,6991,optimal,7.413191,1,-15355.999998977566,32,optimal,2.475918,1,-15355.999999562195,15560,30,bcf2e42,Windows-AMD64,2026-10-03T00:33:40+00:00
staircase-2000x2000k60-s2,8885a823ac3f0843ad30ae520ef706472ec442e706bd8d27a189bbaaeb8d685a,train,staircase-2000x2000k60,2,"{""boxed_column_share"": 0.8915, ""cholesky_capped"": false, ""cholesky_fill_ratio"": 3.5118833333333335, ""cholesky_nonzeros"": 421426, ""columns"": 2000, ""dense_columns"": 0, ""density"": 0.03, ""equality_row_share"": 0, ""fixed_column_share"": 0.1085, ""free_column_share"": 0, ""integer_share"": 0, ""learned_in_domain"": false, ""learned_path"": """", ""learned_tree"": ""dual-simplex"", ""max_column_count"": 60, ""nonzeros"": 120000, ""normal_equations_nnz_bound"": 7200000, ""normal_equations_ratio"": 60, ""rows"": 2000, ""rows_per_column"": 1, ""rule"": ""density:ipm"", ""rule_table"": ""ipm""}",ipm,density:ipm,2000,2000,120000,0.03,60,0,1,0,0,0.8915,0,0.1085,7200000,60,421426,3.5118833333333335,0,optimal,15.789900,1,37154.99999999997,7725,optimal,6.520834,1,37155.00000022682,29,optimal,1.229707,1,37154.999999318425,4640,30,bcf2e42,Windows-AMD64,2026-10-03T00:33:40+00:00
staircase-2000x2000k60-s3,dcd3ae39ffc244a9c216cf618a02454bf4317c2b1fd3c3716ab9aa8d15eb5e92,train,staircase-2000x2000k60,3,"{""boxed_column_share"": 0.883, ""cholesky_capped"": false, ""cholesky_fill_ratio"": 3.4583666666666666, ""cholesky_nonzeros"": 415004, ""columns"": 2000, ""dense_columns"": 0, ""density"": 0.03, ""equality_row_share"": 0, ""fixed_column_share"": 0.117, ""free_column_share"": 0, ""integer_share"": 0, ""learned_in_domain"": false, ""learned_path"": """", ""learned_tree"": ""dual-simplex"", ""max_column_count"": 60, ""nonzeros"": 120000, ""normal_equations_nnz_bound"": 7200000, ""normal_equations_ratio"": 60, ""rows"": 2000, ""rows_per_column"": 1, ""rule"": ""density:ipm"", ""rule_table"": ""ipm""}",ipm,density:ipm,2000,2000,120000,0.03,60,0,1,0,0,0.883,0,0.117,7200000,60,415004,3.4583666666666666,0,optimal,29.369083,1,-4790.000000000006,10796,optimal,4.534969,1,-4789.999999999995,248,optimal,2.261684,1,-4789.999999757501,9400,30,bcf2e42,Windows-AMD64,2026-10-03T00:33:40+00:00
staircase-2000x2000k60-s4,3b20ca5b0894743749bb1398b025e4d0b840631719d512ba277bb9e91f20c3f7,train,staircase-2000x2000k60,4,"{""boxed_column_share"": 0.886, ""cholesky_capped"": false, ""cholesky_fill_ratio"": 3.459983333333333, ""cholesky_nonzeros"": 415198, ""columns"": 2000, ""dense_columns"": 0, ""density"": 0.03, ""equality_row_share"": 0, ""fixed_column_share"": 0.114, ""free_column_share"": 0, ""integer_share"": 0, ""learned_in_domain"": false, ""learned_path"": """", ""learned_tree"": ""dual-simplex"", ""max_column_count"": 60, ""nonzeros"": 120000, ""normal_equations_nnz_bound"": 7200000, ""normal_equations_ratio"": 60, ""rows"": 2000, ""rows_per_column"": 1, ""rule"": ""density:ipm"", ""rule_table"": ""ipm""}",ipm,density:ipm,2000,2000,120000,0.03,60,0,1,0,0,0.886,0,0.114,7200000,60,415198,3.459983333333333,0,time_limit,30.202490,0,-24289.001009436117,11556,optimal,6.268671,1,-24288.999999895106,40,optimal,25.429855,1,-24288.99999992062,66773,30,bcf2e42,Windows-AMD64,2026-10-03T00:33:40+00:00
staircase-2000x2000k60-s5,2137b48cd28547cec2199a3982f8c566a3b443bd21a7a16307ec6f21414e1b25,train,staircase-2000x2000k60,5,"{""boxed_column_share"": 0.8955, ""cholesky_capped"": false, ""cholesky_fill_ratio"": 3.46515, ""cholesky_nonzeros"": 415818, ""columns"": 2000, ""dense_columns"": 0, ""density"": 0.03, ""equality_row_share"": 0, ""fixed_column_share"": 0.1045, ""free_column_share"": 0, ""integer_share"": 0, ""learned_in_domain"": false, ""learned_path"": """", ""learned_tree"": ""dual-simplex"", ""max_column_count"": 60, ""nonzeros"": 120000, ""normal_equations_nnz_bound"": 7200000, ""normal_equations_ratio"": 60, ""rows"": 2000, ""rows_per_column"": 1, ""rule"": ""density:ipm"", ""rule_table"": ""ipm""}",ipm,density:ipm,2000,2000,120000,0.03,60,0,1,0,0,0.8955,0,0.1045,7200000,60,415818,3.46515,0,optimal,22.026799,1,27207.999999999996,8170,optimal,8.698867,1,27208.000000016407,29,optimal,1.285938,1,27207.999999877156,4920,30,bcf2e42,Windows-AMD64,2026-10-03T00:33:40+00:00
random-6000x6000k4-s1,4cd2c244b1e1ddb5b3935a4de111435603905c01e6cd43dbb3c771b9f5535975,train,random-6000x6000k4,1,"{""boxed_column_share"": 0.881, ""cholesky_capped"": false, ""cholesky_fill_ratio"": 132.71425, ""cholesky_nonzeros"": 3185142, ""columns"": 6000, ""dense_columns"": 0, ""density"": 0.0006666666666666666, ""equality_row_share"": 0, ""fixed_column_share"": 0.119, ""free_column_share"": 0, ""integer_share"": 0, ""learned_in_domain"": false, ""learned_path"": """", ""learned_tree"": ""dual-simplex"", ""max_column_count"": 4, ""nonzeros"": 24000, ""normal_equations_nnz_bound"": 96000, ""normal_equations_ratio"": 4, ""rows"": 6000, ""rows_per_column"": 1, ""rule"": ""default:dual-simplex"", ""rule_table"": ""dual-simplex""}",dual-simplex,default:dual-simplex,6000,6000,24000,0.0006666666666666666,4,0,1,0,0,0.881,0,0.119,96000,4,3185142,132.71425,0,optimal,10.134479,1,-21180.99999999999,12875,time_limit,30.154974,0,-20243.112615125134,6,time_limit,22.988852,0,-21181.000048302914,78558,30,bcf2e42,Windows-AMD64,2026-10-03T01:35:50+00:00
random-6000x6000k4-s2,30919bbad4ead7aaba0d353975e131370aa9b710c3ba27df239ae518af234fd8,train,random-6000x6000k4,2,"{""boxed_column_share"": 0.8885, ""cholesky_capped"": false, ""cholesky_fill_ratio"": 134.44866666666667, ""cholesky_nonzeros"": 3226768, ""columns"": 6000, ""dense_columns"": 0, ""density"": 0.0006666666666666666, ""equality_row_share"": 0, ""fixed_column_share"": 0.1115, ""free_column_share"": 0, ""integer_share"": 0, ""learned_in_domain"": false, ""learned_path"": """", ""learned_tree"": ""dual-simplex"", ""max_column_count"": 4, ""nonzeros"": 24000, ""normal_equations_nnz_bound"": 96000, ""normal_equations_ratio"": 4, ""rows"": 6000, ""rows_per_column"": 1, ""rule"": ""default:dual-simplex"", ""rule_table"": ""dual-simplex""}",dual-simplex,default:dual-simplex,6000,6000,24000,0.0006666666666666666,4,0,1,0,0,0.8885,0,0.1115,96000,4,3226768,134.44866666666667,0,optimal,9.889265,1,-8207.999999999985,14428,time_limit,30.143763,0,-7163.965634646003,6,time_limit,22.949376,0,-8207.999996192837,89626,30,bcf2e42,Windows-AMD64,2026-10-03T01:35:50+00:00
random-6000x6000k4-s3,4a435f45550ce669ac2581d9675b81dd43787e1cf738b31b8980add16d23613a,train,random-6000x6000k4,3,"{""boxed_column_share"": 0.8845, ""cholesky_capped"": false, ""cholesky_fill_ratio"": 130.23491666666666, ""cholesky_nonzeros"": 3125638, ""columns"": 6000, ""dense_columns"": 0, ""density"": 0.0006666666666666666, ""equality_row_share"": 0, ""fixed_column_share"": 0.1155, ""free_column_share"": 0, ""integer_share"": 0, ""learned_in_domain"": false, ""learned_path"": """", ""learned_tree"": ""dual-simplex"", ""max_column_count"": 4, ""nonzeros"": 24000, ""normal_equations_nnz_bound"": 96000, ""normal_equations_ratio"": 4, ""rows"": 6000, ""rows_per_column"": 1, ""rule"": ""default:dual-simplex"", ""rule_table"": ""dual-simplex""}",dual-simplex,default:dual-simplex,6000,6000,24000,0.0006666666666666666,4,0,1,0,0,0.8845,0,0.1155,96000,4,3125638,130.23491666666666,0,optimal,10.774425,1,9485.0,14299,time_limit,30.136992,0,11216.39550097746,6,optimal,17.807507,1,9485.000000017542,79560,30,bcf2e42,Windows-AMD64,2026-10-03T01:35:50+00:00
random-6000x6000k4-s4,2997f7f4262de30842d6f51b575f00c33f00c1109df5328a1b4e77e420bfc38f,train,random-6000x6000k4,4,"{""boxed_column_share"": 0.8935, ""cholesky_capped"": false, ""cholesky_fill_ratio"": 137.05304166666667, ""cholesky_nonzeros"": 3289273, ""columns"": 6000, ""dense_columns"": 0, ""density"": 0.0006666666666666666, ""equality_row_share"": 0, ""fixed_column_share"": 0.1065, ""free_column_share"": 0, ""integer_share"": 0, ""learned_in_domain"": false, ""learned_path"": """", ""learned_tree"": ""dual-simplex"", ""max_column_count"": 4, ""nonzeros"": 24000, ""normal_equations_nnz_bound"": 96000, ""normal_equations_ratio"": 4, ""rows"": 6000, ""rows_per_column"": 1, ""rule"": ""default:dual-simplex"", ""rule_table"": ""dual-simplex""}",dual-simplex,default:dual-simplex,6000,6000,24000,0.0006666666666666666,4,0,1,0,0,0.8935,0,0.1065,96000,4,3289273,137.05304166666667,0,optimal,8.832739,1,-16086.999999999993,12613,time_limit,30.135384,0,-14874.551079071309,6,time_limit,22.933155,0,-16087.000020006115,91798,30,bcf2e42,Windows-AMD64,2026-10-03T01:35:50+00:00
random-6000x6000k4-s5,116b45ff664932b96471c25a90b78e8ca84fa6141aeb61815dc811e4e9d478bf,train,random-6000x6000k4,5,"{""boxed_column_share"": 0.8866666666666667, ""cholesky_capped"": false, ""cholesky_fill_ratio"": 132.79020833333334, ""cholesky_nonzeros"": 3186965, ""columns"": 6000, ""dense_columns"": 0, ""density"": 0.0006666666666666666, ""equality_row_share"": 0, ""fixed_column_share"": 0.11333333333333333, ""free_column_share"": 0, ""integer_share"": 0, ""learned_in_domain"": false, ""learned_path"": """", ""learned_tree"": ""dual-simplex"", ""max_column_count"": 4, ""nonzeros"": 24000, ""normal_equations_nnz_bound"": 96000, ""normal_equations_ratio"": 4, ""rows"": 6000, ""rows_per_column"": 1, ""rule"": ""default:dual-simplex"", ""rule_table"": ""dual-simplex""}",dual-simplex,default:dual-simplex,6000,6000,24000,0.0006666666666666666,4,0,1,0,0,0.8866666666666667,0,0.11333333333333333,96000,4,3186965,132.79020833333334,0,optimal,7.928839,1,-4943.000000000033,11939,time_limit,30.115593,0,-4530.720550175047,6,time_limit,22.917807,0,-4943.000027997977,87428,30,bcf2e42,Windows-AMD64,2026-10-03T01:35:50+00:00
staircase-6000x6000k4-s1,a23e41768883490edcf05fdcb0c7fdf63885bc6d5eace5d191a13ea7656b5da2,train,staircase-6000x6000k4,1,"{""boxed_column_share"": 0.8795, ""cholesky_capped"": false, ""cholesky_fill_ratio"": 87.04583333333333, ""cholesky_nonzeros"": 2089100, ""columns"": 6000, ""dense_columns"": 0, ""density"": 0.0006666666666666666, ""equality_row_share"": 0, ""fixed_column_share"": 0.1205, ""free_column_share"": 0, ""integer_share"": 0, ""learned_in_domain"": false, ""learned_path"": """", ""learned_tree"": ""dual-simplex"", ""max_column_count"": 4, ""nonzeros"": 24000, ""normal_equations_nnz_bound"": 96000, ""normal_equations_ratio"": 4, ""rows"": 6000, ""rows_per_column"": 1, ""rule"": ""default:dual-simplex"", ""rule_table"": ""dual-simplex""}",dual-simplex,default:dual-simplex,6000,6000,24000,0.0006666666666666666,4,0,1,0,0,0.8795,0,0.1205,96000,4,2089100,87.04583333333333,0,optimal,10.083381,1,-14846.99999999999,14350,time_limit,30.121054,0,-14842.085218813218,17,time_limit,22.950760,0,-14846.999972461499,90916,30,bcf2e42,Windows-AMD64,2026-10-03T01:35:50+00:00
staircase-6000x6000k4-s2,1aafe8d117b53e43e0a17ed2c2318e8f3aa128f80d5c9682786eaa3ae4f7102e,train,staircase-6000x6000k4,2,"{""boxed_column_share"": 0.8865, ""cholesky_capped"": false, ""cholesky_fill_ratio"": 87.24254166666667, ""cholesky_nonzeros"": 2093821, ""columns"": 6000, ""dense_columns"": 0, ""density"": 0.0006666666666666666, ""equality_row_share"": 0, ""fixed_column_share"": 0.1135, ""free_column_share"": 0, ""integer_share"": 0, ""learned_in_domain"": false, ""learned_path"": """", ""learned_tree"": ""dual-simplex"", ""max_column_count"": 4, ""nonzeros"": 24000, ""normal_equations_nnz_bound"": 96000, ""normal_equations_ratio"": 4, ""rows"": 6000, ""rows_per_column"": 1, ""rule"": ""default:dual-simplex"", ""rule_table"": ""dual-simplex""}",dual-simplex,default:dual-simplex,6000,6000,24000,0.0006666666666666666,4,0,1,0,0,0.8865,0,0.1135,96000,4,2093821,87.24254166666667,0,optimal,5.862791,1,-10566.000000000005,10812,time_limit,30.124369,0,-10409.281517288382,13,time_limit,22.893476,0,-10566.000004447546,107839,30,bcf2e42,Windows-AMD64,2026-10-03T01:35:50+00:00
staircase-6000x6000k4-s3,76f17636a6b301a500fe65942a6463c273d6b81bc4ebfc1b23456de02723ffa8,train,staircase-6000x6000k4,3,"{""boxed_column_share"": 0.8913333333333333, ""cholesky_capped"": false, ""cholesky_fill_ratio"": 89.340125, ""cholesky_nonzeros"": 2144163, ""columns"": 6000, ""dense_columns"": 0, ""density"": 0.0006666666666666666, ""equality_row_share"": 0, ""fixed_column_share"": 0.10866666666666666, ""free_column_share"": 0, ""integer_share"": 0, ""learned_in_domain"": false, ""learned_path"": """", ""learned_tree"": ""dual-simplex"", ""max_column_count"": 4, ""nonzeros"": 24000, ""normal_equations_nnz_bound"": 96000, ""normal_equations_ratio"": 4, ""rows"": 6000, ""rows_per_column"": 1, ""rule"": ""default:dual-simplex"", ""rule_table"": ""dual-simplex""}",dual-simplex,default:dual-simplex,6000,6000,24000,0.0006666666666666666,4,0,1,0,0,0.8913333333333333,0,0.10866666666666666,96000,4,2144163,89.340125,0,optimal,6.484519,1,4621.000000000005,12869,optimal,30.100542,1,4621.00000013015,21,time_limit,30.077247,0,4621.00000049591,124123,30,bcf2e42,Windows-AMD64,2026-10-03T01:35:50+00:00
staircase-6000x6000k4-s4,5aac1126195d153c99cdb8a855b27d86d684a869b85478b8e874d9de241271c1,train,staircase-6000x6000k4,4,"{""boxed_column_share"": 0.8805, ""cholesky_capped"": false, ""cholesky_fill_ratio"": 82.44395833333333, ""cholesky_nonzeros"": 1978655, ""columns"": 6000, ""dense_columns"": 0, ""density"": 0.0006666666666666666, ""equality_row_share"": 0, ""fixed_column_share"": 0.1195, ""free_column_share"": 0, ""integer_share"": 0, ""learned_in_domain"": false, ""learned_path"": """", ""learned_tree"": ""dual-simplex"", ""max_column_count"": 4, ""nonzeros"": 24000, ""normal_equations_nnz_bound"": 96000, ""normal_equations_ratio"": 4, ""rows"": 6000, ""rows_per_column"": 1, ""rule"": ""default:dual-simplex"", ""rule_table"": ""dual-simplex""}",dual-simplex,default:dual-simplex,6000,6000,24000,0.0006666666666666666,4,0,1,0,0,0.8805,0,0.1195,96000,4,1978655,82.44395833333333,0,optimal,5.909530,1,-25449.000000000004,12693,time_limit,30.085098,0,-25447.9712995109,18,optimal,18.687272,1,-25449.000000223125,108200,30,bcf2e42,Windows-AMD64,2026-10-03T01:35:50+00:00
staircase-6000x6000k4-s5,c290d47a1986a11079d064eb18e9b33ee39605a57c9e56124d4baf106b6e97c6,train,staircase-6000x6000k4,5,"{""boxed_column_share"": 0.8861666666666667, ""cholesky_capped"": false, ""cholesky_fill_ratio"": 90.86754166666667, ""cholesky_nonzeros"": 2180821, ""columns"": 6000, ""dense_columns"": 0, ""density"": 0.0006666666666666666, ""equality_row_share"": 0, ""fixed_column_share"": 0.11383333333333333, ""free_column_share"": 0, ""integer_share"": 0, ""learned_in_domain"": false, ""learned_path"": """", ""learned_tree"": ""dual-simplex"", ""max_column_count"": 4, ""nonzeros"": 24000, ""normal_equations_nnz_bound"": 96000, ""normal_equations_ratio"": 4, ""rows"": 6000, ""rows_per_column"": 1, ""rule"": ""default:dual-simplex"", ""rule_table"": ""dual-simplex""}",dual-simplex,default:dual-simplex,6000,6000,24000,0.0006666666666666666,4,0,1,0,0,0.8861666666666667,0,0.11383333333333333,96000,4,2180821,90.86754166666667,0,optimal,3.996344,1,5719.000000000012,10532,optimal,29.464065,1,5718.999999999986,1551,time_limit,30.072706,0,5718.999955489936,111369,30,bcf2e42,Windows-AMD64,2026-10-03T01:35:50+00:00
random-5000x10000k3-s1,8021301a7ab7e6619bd87e92545e3b6cb0f0c6cce6778767a7765185f7cb26d1,train,random-5000x10000k3,1,"{""boxed_column_share"": 0.8843, ""cholesky_capped"": false, ""cholesky_fill_ratio"": 93.74926666666667, ""cholesky_nonzeros"": 2812478, ""columns"": 10000, ""dense_columns"": 0, ""density"": 0.0006, ""equality_row_share"": 0, ""fixed_column_share"": 0.1157, ""free_column_share"": 0, ""integer_share"": 0, ""learned_in_domain"": false, ""learned_path"": """", ""learned_tree"": ""dual-simplex"", ""max_column_count"": 3, ""nonzeros"": 30000, ""normal_equations_nnz_bound"": 90000, ""normal_equations_ratio"": 3, ""rows"": 5000, ""rows_per_column"": 0.5, ""rule"": ""default:dual-simplex"", ""rule_table"": ""dual-simplex""}",dual-simplex,default:dual-simplex,5000,10000,30000,0.0006,3,0,0.5,0,0,0.8843,0,0.1157,90000,3,2812478,93.74926666666667,0,optimal,0.576536,1,-15462.00000000001,4974,time_limit,30.095003,0,-14293.504195360618,9,optimal,2.052731,1,-15461.999999354015,13360,30,bcf2e42,Windows-AMD64,2026-10-03T01:35:50+00:00
random-5000x10000k3-s2,56c756dddb4ccbe10ad9f49e826cf7d3633278b1bffb06517cd8cd4f4c5da239,train,random-5000x10000k3,2,"{""boxed_column_share"": 0.8785, ""cholesky_capped"": false, ""cholesky_fill_ratio"": 92.43196666666667, ""cholesky_nonzeros"": 2772959, ""columns"": 10000, ""dense_columns"": 0, ""density"": 0.0006, ""equality_row_share"": 0, ""fixed_column_share"": 0.1215, ""free_column_share"": 0, ""integer_share"": 0, ""learned_in_domain"": false, ""learned_path"": """", ""learned_tree"": ""dual-simplex"", ""max_column_count"": 3, ""nonzeros"": 30000, ""normal_equations_nnz_bound"": 90000, ""normal_equations_ratio"": 3, ""rows"": 5000, ""rows_per_column"": 0.5, ""rule"": ""default:dual-simplex"", ""rule_table"": ""dual-simplex""}",dual-simplex,default:dual-simplex,5000,10000,30000,0.0006,3,0,0.5,0,0,0.8785,0,0.1215,90000,3,2772959,92.43196666666667,0,optimal,0.559382,1,-10220.000000000035,4835,time_limit,30.073928,0,-8393.529509537133,9,time_limit,22.893930,0,-10220.000073885029,83601,30,bcf2e42,Windows-AMD64,2026-10-03T01:35:50+00:00
random-5000x10000k3-s3,53ea578e48365a07761a3958a9e387e140a4966c12c603da70e79f8e67f02bb6,train,random-5000x10000k3,3,"{""boxed_column_share"": 0.8884, ""cholesky_capped"": false, ""cholesky_fill_ratio"": 94.2672, ""cholesky_nonzeros"": 2828016, ""columns"": 10000, ""dense_columns"": 0, ""density"": 0.0006, ""equality_row_share"": 0, ""fixed_column_share"": 0.1116, ""free_column_share"": 0, ""integer_share"": 0, ""learned_in_domain"": false, ""learned_path"": """", ""learned_tree"": ""dual-simplex"", ""max_column_count"": 3, ""nonzeros"": 30000, ""normal_equations_nnz_bound"": 90000, ""normal_equations_ratio"": 3, ""rows"": 5000, ""rows_per_column"": 0.5, ""rule"": ""default:dual-simplex"", ""rule_table"": ""dual-simplex""}",dual-simplex,default:dual-simplex,5000,10000,30000,0.0006,3,0,0.5,0,0,0.8884,0,0.1116,90000,3,2828016,94.2672,0,optimal,0.570431,1,-13460.999999999998,4984,time_limit,30.094020,0,-12190.254504490218,9,optimal,1.088169,1,-13461.000000580783,6480,30,bcf2e42,Windows-AMD64,2026-10-03T01:35:50+00:00
random-5000x10000k3-s4,6568e1587d01ecf15893ebd9a67ee8ff398c7e24feb5ef4bb323db22a35cc1f8,train,random-5000x10000k3,4,"{""boxed_column_share"": 0.8796, ""cholesky_capped"": false, ""cholesky_fill_ratio"": 93.4004, ""cholesky_nonzeros"": 2802012, ""columns"": 10000, ""dense_columns"": 0, ""density"": 0.0006, ""equality_row_share"": 0, ""fixed_column_share"": 0.1204, ""free_column_share"": 0, ""integer_share"": 0, ""learned_in_domain"": false, ""learned_path"": """", ""learned_tree"": ""dual-simplex"", ""max_column_count"": 3, ""nonzeros"": 30000, ""normal_equations_nnz_bound"": 90000, ""normal_equations_ratio"": 3, ""rows"": 5000, ""rows_per_column"": 0.5, ""rule"": ""default:dual-simplex"", ""rule_table"": ""dual-simplex""}",dual-simplex,default:dual-simplex,5000,10000,30000,0.0006,3,0,0.5,0,0,0.8796,0,0.1204,90000,3,2802012,93.4004,0,optimal,0.613402,1,-20050.000000000036,4829,time_limit,30.091484,0,-18860.113582160535,9,time_limit,22.904204,0,-20050.000007064515,81460,30,bcf2e42,Windows-AMD64,2026-10-03T01:35:50+00:00
random-5000x10000k3-s5,75e1add047caac5ca14dc5913c2f38bed3afec6024183856fb0cb804aee1980e,train,random-5000x10000k3,5,"{""boxed_column_share"": 0.8822, ""cholesky_capped"": false, ""cholesky_fill_ratio"": 91.81866666666667, ""cholesky_nonzeros"": 2754560, ""columns"": 10000, ""dense_columns"": 0, ""density"": 0.0006, ""equality_row_share"": 0, ""fixed_column_share"": 0.1178, ""free_column_share"": 0, ""integer_share"": 0, ""learned_in_domain"": false, ""learned_path"": """", ""learned_tree"": ""dual-simplex"", ""max_column_count"": 3, ""nonzeros"": 30000, ""normal_equations_nnz_bound"": 90000, ""normal_equations_ratio"": 3, ""rows"": 5000, ""rows_per_column"": 0.5, ""rule"": ""default:dual-simplex"", ""rule_table"": ""dual-simplex""}",dual-simplex,default:dual-simplex,5000,10000,30000,0.0006,3,0,0.5,0,0,0.8822,0,0.1178,90000,3,2754560,91.81866666666667,0,optimal,0.683976,1,-13538.000000000007,4932,time_limit,30.104740,0,-12088.359130314631,9,optimal,1.296402,1,-13538.00000045507,8200,30,bcf2e42,Windows-AMD64,2026-10-03T01:35:50+00:00
staircase-5000x10000k3-s1,b007cebfce303f39de8f6556eca52d3b82fc7c8bd618e9303b252caf8969e67c,train,staircase-5000x10000k3,1,"{""boxed_column_share"": 0.8887, ""cholesky_capped"": false, ""cholesky_fill_ratio"": 68.4425, ""cholesky_nonzeros"": 2053275, ""columns"": 10000, ""dense_columns"": 0, ""density"": 0.0006, ""equality_row_share"": 0, ""fixed_column_share"": 0.1113, ""free_column_share"": 0, ""integer_share"": 0, ""learned_in_domain"": false, ""learned_path"": """", ""learned_tree"": ""dual-simplex"", ""max_column_count"": 3, ""nonzeros"": 30000, ""normal_equations_nnz_bound"": 90000, ""normal_equations_ratio"": 3, ""rows"": 5000, ""rows_per_column"": 0.5, ""rule"": ""default:dual-simplex"", ""rule_table"": ""dual-simplex""}",dual-simplex,default:dual-simplex,5000,10000,30000,0.0006,3,0,0.5,0,0,0.8887,0,0.1113,90000,3,2053275,68.4425,0,optimal,0.536206,1,25693.999999999993,5001,optimal,29.248340,1,25693.99999999997,3465,optimal,2.534728,1,25693.999999620773,15320,30,bcf2e42,Windows-AMD64,2026-10-03T01:35:50+00:00
staircase-5000x10000k3-s2,bc2175e6e3f07e6dc9ad36a2917d61dd35459e16d901a948f009e0ae887dd104,train,staircase-5000x10000k3,2,"{""boxed_column_share"": 0.8885, ""cholesky_capped"": false, ""cholesky_fill_ratio"": 75.47026666666666, ""cholesky_nonzeros"": 2264108, ""columns"": 10000, ""dense_columns"": 0, ""density"": 0.0006, ""equality_row_share"": 0, ""fixed_column_share"": 0.1115, ""free_column_share"": 0, ""integer_share"": 0, ""learned_in_domain"": false, ""learned_path"": """", ""learned_tree"": ""dual-simplex"", ""max_column_count"": 3, ""nonzeros"": 30000, ""normal_equations_nnz_bound"": 90000, ""normal_equations_ratio"": 3, ""rows"": 5000, ""rows_per_column"": 0.5, ""rule"": ""default:dual-simplex"", ""rule_table"": ""dual-simplex""}",dual-simplex,default:dual-simplex,5000,10000,30000,0.0006,3,0,0.5,0,0,0.8885,0,0.1115,90000,3,2264108,75.47026666666666,0,optimal,0.556188,1,364.00000000002916,4900,optimal,30.098355,1,364.00000013511647,17,optimal,2.349865,1,363.9999998583716,14400,30,bcf2e42,Windows-AMD64,2026-10-03T01:35:50+00:00
staircase-5000x10000k3-s3,8f76b0cd2dd5c464fa5a921d247991d0cfd451d215a7cf1b5a5725b9e783da17,train,staircase-5000x10000k3,3,"{""boxed_column_share"": 0.8867, ""cholesky_capped"": false, ""cholesky_fill_ratio"": 69.6147, ""cholesky_nonzeros"": 2088441, ""columns"": 10000, ""dense_columns"": 0, ""density"": 0.0006, ""equality_row_share"": 0, ""fixed_column_share"": 0.1133, ""free_column_share"": 0, ""integer_share"": 0, ""learned_in_domain"": false, ""learned_path"": """", ""learned_tree"": ""dual-simplex"", ""max_column_count"": 3, ""nonzeros"": 30000, ""normal_equations_nnz_bound"": 90000, ""normal_equations_ratio"": 3, ""rows"": 5000, ""rows_per_column"": 0.5, ""rule"": ""default:dual-simplex"", ""rule_table"": ""dual-simplex""}",dual-simplex,default:dual-simplex,5000,10000,30000,0.0006,3,0,0.5,0,0,0.8867,0,0.1133,90000,3,2088441,69.6147,0,optimal,0.537550,1,-215.0000000000227,4876,optimal,30.112535,1,-214.99999817145834,17,optimal,3.138532,1,-214.99999954472304,20360,30,bcf2e42,Windows-AMD64,2026-10-03T01:35:50+00:00
staircase-5000x10000k3-s4,569a3501370d1feb69ad339f29b545c7a44b484ce5048d5f887350db46c821d5,train,staircase-5000x10000k3,4,"{""boxed_column_share"": 0.8802, ""cholesky_capped"": false, ""cholesky_fill_ratio"": 70.62683333333334, ""cholesky_nonzeros"": 2118805, ""columns"": 10000, ""dense_columns"": 0, ""density"": 0.0006, ""equality_row_share"": 0, ""fixed_column_share"": 0.1198, ""free_column_share"": 0, ""integer_share"": 0, ""learned_in_domain"": false, ""learned_path"": """", ""learned_tree"": ""dual-simplex"", ""max_column_count"": 3, ""nonzeros"": 30000, ""normal_equations_nnz_bound"": 90000, ""normal_equations_ratio"": 3, ""rows"": 5000, ""rows_per_column"": 0.5, ""rule"": ""default:dual-simplex"", ""rule_table"": ""dual-simplex""}",dual-simplex,default:dual-simplex,5000,10000,30000,0.0006,3,0,0.5,0,0,0.8802,0,0.1198,90000,3,2118805,70.62683333333334,0,optimal,0.495726,1,-13746.999999999993,4797,optimal,28.727038,1,-13746.99999999999,3084,optimal,1.599165,1,-13746.9999999616,10320,30,bcf2e42,Windows-AMD64,2026-10-03T01:35:50+00:00
staircase-5000x10000k3-s5,5a6ca254f6d0153816d660d250032828949b25bfe8b3ead7af01d9ac5d962003,train,staircase-5000x10000k3,5,"{""boxed_column_share"": 0.885, ""cholesky_capped"": false, ""cholesky_fill_ratio"": 75.27276666666667, ""cholesky_nonzeros"": 2258183, ""columns"": 10000, ""dense_columns"": 0, ""density"": 0.0006, ""equality_row_share"": 0, ""fixed_column_share"": 0.115, ""free_column_share"": 0, ""integer_share"": 0, ""learned_in_domain"": false, ""learned_path"": """", ""learned_tree"": ""dual-simplex"", ""max_column_count"": 3, ""nonzeros"": 30000, ""normal_equations_nnz_bound"": 90000, ""normal_equations_ratio"": 3, ""rows"": 5000, ""rows_per_column"": 0.5, ""rule"": ""default:dual-simplex"", ""rule_table"": ""dual-simplex""}",dual-simplex,default:dual-simplex,5000,10000,30000,0.0006,3,0,0.5,0,0,0.885,0,0.115,90000,3,2258183,75.27276666666667,0,optimal,0.547514,1,567.000000000004,4921,time_limit,30.095568,0,567.0000019257068,17,optimal,1.334763,1,566.9999997923848,8560,30,bcf2e42,Windows-AMD64,2026-10-03T01:35:50+00:00
random-1500x3000k50-s1,f619220924c162d52ad7e0e057c753c55918ea6d837ddb9b27e13aa0236d7566,test,random-1500x3000k50,1,"{""boxed_column_share"": 0.891, ""cholesky_capped"": false, ""cholesky_fill_ratio"": 7.50026, ""cholesky_nonzeros"": 1125039, ""columns"": 3000, ""dense_columns"": 0, ""density"": 0.03333333333333333, ""equality_row_share"": 0, ""fixed_column_share"": 0.109, ""free_column_share"": 0, ""integer_share"": 0, ""learned_in_domain"": false, ""learned_path"": """", ""learned_tree"": ""dual-simplex"", ""max_column_count"": 50, ""nonzeros"": 150000, ""normal_equations_nnz_bound"": 7500000, ""normal_equations_ratio"": 50, ""rows"": 1500, ""rows_per_column"": 0.5, ""rule"": ""density:ipm"", ""rule_table"": ""ipm""}",ipm,density:ipm,1500,3000,150000,0.03333333333333333,50,0,0.5,0,0,0.891,0,0.109,7500000,50,1125039,7.50026,0,time_limit,30.292331,0,-15610.928956047122,4560,optimal,30.260589,1,2344.000000020795,20,optimal,0.488355,1,2343.9999999099673,560,30,bcf2e42,Windows-AMD64,2026-10-03T00:33:40+00:00
random-1500x3000k50-s2,2c066637823b6d0d3443bdc0c8c73324affc91eae8679422a5dc75630271569b,test,random-1500x3000k50,2,"{""boxed_column_share"": 0.8906666666666667, ""cholesky_capped"": false, ""cholesky_fill_ratio"": 7.5011866666666664, ""cholesky_nonzeros"": 1125178, ""columns"": 3000, ""dense_columns"": 0, ""density"": 0.03333333333333333, ""equality_row_share"": 0, ""fixed_column_share"": 0.10933333333333334, ""free_column_share"": 0, ""integer_share"": 0, ""learned_in_domain"": false, ""learned_path"": """", ""learned_tree"": ""dual-simplex"", ""max_column_count"": 50, ""nonzeros"": 150000, ""normal_equations_nnz_bound"": 7500000, ""normal_equations_ratio"": 50, ""rows"": 1500, ""rows_per_column"": 0.5, ""rule"": ""density:ipm"", ""rule_table"": ""ipm""}",ipm,density:ipm,1500,3000,150000,0.03333333333333333,50,0,0.5,0,0,0.8906666666666667,0,0.10933333333333334,7500000,50,1125178,7.5011866666666664,0,time_limit,30.262317,0,-10065.573830005524,4606,optimal,30.268256,1,15539.000003117566,18,optimal,0.428343,1,15538.999999873375,560,30,bcf2e42,Windows-AMD64,2026-10-03T00:33:40+00:00
random-1500x3000k50-s3,a5848e4074e18d795813e9a75ac23386861a14cc5f39fe762fbe9d4d3772a608,test,random-1500x3000k50,3,"{""boxed_column_share"": 0.8923333333333333, ""cholesky_capped"": false, ""cholesky_fill_ratio"": 7.500546666666667, ""cholesky_nonzeros"": 1125082, ""columns"": 3000, ""dense_columns"": 0, ""density"": 0.03333333333333333, ""equality_row_share"": 0, ""fixed_column_share"": 0.10766666666666666, ""free_column_share"": 0, ""integer_share"": 0, ""learned_in_domain"": false, ""learned_path"": """", ""learned_tree"": ""dual-simplex"", ""max_column_count"": 50, ""nonzeros"": 150000, ""normal_equations_nnz_bound"": 7500000, ""normal_equations_ratio"": 50, ""rows"": 1500, ""rows_per_column"": 0.5, ""rule"": ""density:ipm"", ""rule_table"": ""ipm""}",ipm,density:ipm,1500,3000,150000,0.03333333333333333,50,0,0.5,0,0,0.8923333333333333,0,0.10766666666666666,7500000,50,1125082,7.500546666666667,0,time_limit,30.253683,0,-24076.550829111613,4516,optimal,30.288060,1,-8758.999999433541,19,optimal,0.543615,1,-8759.000000005795,600,30,bcf2e42,Windows-AMD64,2026-10-03T00:33:40+00:00
random-1500x3000k50-s4,28db4cb83603591f8c59af9c1eef5162f2fa6bf92c3f65a8c7a5d330a87304e9,test,random-1500x3000k50,4,"{""boxed_column_share"": 0.8783333333333333, ""cholesky_capped"": false, ""cholesky_fill_ratio"": 7.499773333333334, ""cholesky_nonzeros"": 1124966, ""columns"": 3000, ""dense_columns"": 0, ""density"": 0.03333333333333333, ""equality_row_share"": 0, ""fixed_column_share"": 0.12166666666666667, ""free_column_share"": 0, ""integer_share"": 0, ""learned_in_domain"": false, ""learned_path"": """", ""learned_tree"": ""dual-simplex"", ""max_column_count"": 50, ""nonzeros"": 150000, ""normal_equations_nnz_bound"": 7500000, ""normal_equations_ratio"": 50, ""rows"": 1500, ""rows_per_column"": 0.5, ""rule"": ""density:ipm"", ""rule_table"": ""ipm""}",ipm,density:ipm,1500,3000,150000,0.03333333333333333,50,0,0.5,0,0,0.8783333333333333,0,0.12166666666666667,7500000,50,1124966,7.499773333333334,0,time_limit,30.233544,0,15277.861089154652,4604,optimal,30.930405,1,24689.000000009983,22,optimal,0.446791,1,24689.000000074466,520,30,bcf2e42,Windows-AMD64,2026-10-03T00:33:40+00:00
random-1500x3000k50-s5,def8e39506d505aef13599bc2eab5a3c3e6cfadd0f65cb9e37e236de64b20627,test,random-1500x3000k50,5,"{""boxed_column_share"": 0.8796666666666667, ""cholesky_capped"": false, ""cholesky_fill_ratio"": 7.499693333333333, ""cholesky_nonzeros"": 1124954, ""columns"": 3000, ""dense_columns"": 0, ""density"": 0.03333333333333333, ""equality_row_share"": 0, ""fixed_column_share"": 0.12033333333333333, ""free_column_share"": 0, ""integer_share"": 0, ""learned_in_domain"": false, ""learned_path"": """", ""learned_tree"": ""dual-simplex"", ""max_column_count"": 50, ""nonzeros"": 150000, ""normal_equations_nnz_bound"": 7500000, ""normal_equations_ratio"": 50, ""rows"": 1500, ""rows_per_column"": 0.5, ""rule"": ""density:ipm"", ""rule_table"": ""ipm""}",ipm,density:ipm,1500,3000,150000,0.03333333333333333,50,0,0.5,0,0,0.8796666666666667,0,0.12033333333333333,7500000,50,1124954,7.499693333333333,0,time_limit,30.273570,0,-41110.56945566328,4497,optimal,30.411315,1,-26496.999999974432,21,optimal,0.394477,1,-26497.00000008018,560,30,bcf2e42,Windows-AMD64,2026-10-03T00:33:40+00:00
refinery-t4c10-s1,25cf61775b04c2b2afa0efe9d68b9755465a9cb56e7ab0452132841a39c2b571,train,refinery-t4c10,1,"{""boxed_column_share"": 0.657051282051282, ""cholesky_capped"": false, ""cholesky_fill_ratio"": 3.637311703360371, ""cholesky_nonzeros"": 6278, ""columns"": 312, ""dense_columns"": 0, ""density"": 0.020043664065403196, ""equality_row_share"": 0.6086956521739131, ""fixed_column_share"": 0.009615384615384616, ""free_column_share"": 0, ""integer_share"": 0, ""learned_in_domain"": false, ""learned_path"": """", ""learned_tree"": ""dual-simplex"", ""max_column_count"": 34, ""nonzeros"": 1726, ""normal_equations_nnz_bound"": 41786, ""normal_equations_ratio"": 24.20973348783314, ""rows"": 276, ""rows_per_column"": 0.8846153846153846, ""rule"": ""default:dual-simplex"", ""rule_table"": ""dual-simplex""}",dual-simplex,default:dual-simplex,276,312,1726,0.020043664065403196,34,0,0.8846153846153846,0.6086956521739131,0,0.657051282051282,0,0.009615384615384616,41786,24.20973348783314,6278,3.637311703360371,0,optimal,0.061937,1,-3169.5610800000004,299,optimal,0.056876,1,-3169.5610800000018,60,optimal,4.287957,1,-3169.5610799991023,303520,30,bcf2e42,Windows-AMD64,2026-10-03T00:33:40+00:00
refinery-t4c10-s2,c2541938e50924a71a7451de71740e9e07ded71bf2c3affba183b2a39915fdc3,train,refinery-t4c10,2,"{""boxed_column_share"": 0.6538461538461539, ""cholesky_capped"": false, ""cholesky_fill_ratio"": 3.6332560834298957, ""cholesky_nonzeros"": 6271, ""columns"": 312, ""dense_columns"": 0, ""density"": 0.020043664065403196, ""equality_row_share"": 0.6086956521739131, ""fixed_column_share"": 0.01282051282051282, ""free_column_share"": 0, ""integer_share"": 0, ""learned_in_domain"": false, ""learned_path"": """", ""learned_tree"": ""dual-simplex"", ""max_column_count"": 33, ""nonzeros"": 1726, ""normal_equations_nnz_bound"": 41778, ""normal_equations_ratio"": 24.205098493626885, ""rows"": 276, ""rows_per_column"": 0.8846153846153846, ""rule"": ""default:dual-simplex"", ""rule_table"": ""dual-simplex""}",dual-simplex,default:dual-simplex,276,312,1726,0.020043664065403196,33,0,0.8846153846153846,0.6086956521739131,0,0.6538461538461539,0,0.01282051282051282,41778,24.205098493626885,6271,3.6332560834298957,0,optimal,0.056337,1,-7801.4809399999995,283,optimal,0.050575,1,-7801.480940000003,38,optimal,15.100114,1,-7801.480939999922,833480,30,bcf2e42,Windows-AMD64,2026-10-03T00:33:40+00:00
refinery-t4c10-s3,de0150d795cfbcc657607b70dd7338a88d1e200c7bf52d5a36f643587ddc6a76,train,refinery-t4c10,3,"{""boxed_column_share"": 0.6634615384615384, ""cholesky_capped"": false, ""cholesky_fill_ratio"": 3.6245654692931635, ""cholesky_nonzeros"": 6256, ""columns"": 312, ""dense_columns"": 0, ""density"": 0.020043664065403196, ""equality_row_share"": 0.6086956521739131, ""fixed_column_share"": 0.003205128205128205, ""free_column_share"": 0, ""integer_share"": 0, ""learned_in_domain"": false, ""learned_path"": """", ""learned_tree"": ""dual-simplex"", ""max_column_count"": 34, ""nonzeros"": 1726, ""normal_equations_nnz_bound"": 41810, ""normal_equations_ratio"": 24.223638470451913, ""rows"": 276, ""rows_per_column"": 0.8846153846153846, ""rule"": ""default:dual-simplex"", ""rule_table"": ""dual-simplex""}",dual-simplex,default:dual-simplex,276,312,1726,0.020043664065403196,34,0,0.8846153846153846,0.6086956521739131,0,0.6634615384615384,0,0.003205128205128205,41810,24.223638470451913,6256,3.6245654692931635,0,optimal,0.058524,1,-4250.86669,323,optimal,0.054512,1,-4250.86669,47,optimal,6.265365,1,-4250.8666899402115,411560,30,bcf2e42,Windows-AMD64,2026-10-03T00:33:40+00:00
refinery-t4c10-s4,5e6ceb4e120546368ad87a674f51b16c3a447d54ee1e5f582bc8e1f26f1ce0ce,train,refinery-t4c10,4,"{""boxed_column_share"": 0.6602564102564102, ""cholesky_capped"": false, ""cholesky_fill_ratio"": 3.6245654692931635, ""cholesky_nonzeros"": 6256, ""columns"": 312, ""dense_columns"": 0, ""density"": 0.020043664065403196, ""equality_row_share"": 0.6086956521739131, ""fixed_column_share"": 0.00641025641025641, ""free_column_share"": 0, ""integer_share"": 0, ""learned_in_domain"": false, ""learned_path"": """", ""learned_tree"": ""dual-simplex"", ""max_column_count"": 35, ""nonzeros"": 1726, ""normal_equations_nnz_bound"": 41858, ""normal_equations_ratio"": 24.251448435689454, ""rows"": 276, ""rows_per_column"": 0.8846153846153846, ""rule"": ""default:dual-simplex"", ""rule_table"": ""dual-simplex""}",dual-simplex,default:dual-simplex,276,312,1726,0.020043664065403196,35,0,0.8846153846153846,0.6086956521739131,0,0.6602564102564102,0,0.00641025641025641,41858,24.251448435689454,6256,3.6245654692931635,0,optimal,0.070086,1,-4491.784159999998,265,optimal,0.052139,1,-4491.78416,59,optimal,15.999654,1,-4491.7841599995745,1000007,30,bcf2e42,Windows-AMD64,2026-10-03T00:33:40+00:00
refinery-t4c10-s5,ba7187b91f8851366e1c152cc91a015839c2ba60620086f4e20641080017768e,train,refinery-t4c10,5,"{""boxed_column_share"": 0.6538461538461539, ""cholesky_capped"": false, ""cholesky_fill_ratio"": 3.6205098493626884, ""cholesky_nonzeros"": 6249, ""columns"": 312, ""dense_columns"": 0, ""density"": 0.020043664065403196, ""equality_row_share"": 0.6086956521739131, ""fixed_column_share"": 0.01282051282051282, ""free_column_share"": 0, ""integer_share"": 0, ""learned_in_domain"": false, ""learned_path"": """", ""learned_tree"": ""dual-simplex"", ""max_column_count"": 35, ""nonzeros"": 1726, ""normal_equations_nnz_bound"": 41866, ""normal_equations_ratio"": 24.256083429895714, ""rows"": 276, ""rows_per_column"": 0.8846153846153846, ""rule"": ""default:dual-simplex"", ""rule_table"": ""dual-simplex""}",dual-simplex,default:dual-simplex,276,312,1726,0.020043664065403196,35,0,0.8846153846153846,0.6086956521739131,0,0.6538461538461539,0,0.01282051282051282,41866,24.256083429895714,6249,3.6205098493626884,0,optimal,0.058082,1,-5932.740850000004,282,optimal,0.066442,1,-5932.74085,48,optimal,0.500046,1,-5932.740850596307,33360,30,bcf2e42,Windows-AMD64,2026-10-03T00:33:40+00:00
refinery-t12c20-s1,20f1181396ed48b74a6638251162f90d7007d1a523f1f64426372ee00f75ae47,train,refinery-t12c20,1,"{""boxed_column_share"": 0.6620370370370371, ""cholesky_capped"": false, ""cholesky_fill_ratio"": 4.957112526539278, ""cholesky_nonzeros"": 46696, ""columns"": 1296, ""dense_columns"": 0, ""density"": 0.007667213627129239, ""equality_row_share"": 0.6582278481012658, ""fixed_column_share"": 0.004629629629629629, ""free_column_share"": 0, ""integer_share"": 0, ""learned_in_domain"": false, ""learned_path"": """", ""learned_tree"": ""dual-simplex"", ""max_column_count"": 36, ""nonzeros"": 9420, ""normal_equations_nnz_bound"": 249420, ""normal_equations_ratio"": 26.477707006369428, ""rows"": 948, ""rows_per_column"": 0.7314814814814815, ""rule"": ""default:dual-simplex"", ""rule_table"": ""dual-simplex""}",dual-simplex,default:dual-simplex,948,1296,9420,0.007667213627129239,36,0,0.7314814814814815,0.6582278481012658,0,0.6620370370370371,0,0.004629629629629629,249420,26.477707006369428,46696,4.957112526539278,0,optimal,0.219146,1,-38046.72788999997,1573,optimal,0.183544,1,-38046.72788999997,348,optimal,4.454425,1,-38046.72788998458,102280,30,bcf2e42,Windows-AMD64,2026-10-03T00:33:40+00:00
refinery-t12c20-s2,604641fafbc3404a15865ae425037f9e402826d4b8639900ce6ab88ee3747ba3,train,refinery-t12c20,2,"{""boxed_column_share"": 0.6620370370370371, ""cholesky_capped"": false, ""cholesky_fill_ratio"": 4.9609341825902336, ""cholesky_nonzeros"": 46732, ""columns"": 1296, ""dense_columns"": 0, ""density"": 0.007667213627129239, ""equality_row_share"": 0.6582278481012658, ""fixed_column_share"": 0.004629629629629629, ""free_column_share"": 0, ""integer_share"": 0, ""learned_in_domain"": false, ""learned_path"": """", ""learned_tree"": ""dual-simplex"", ""max_column_count"": 36, ""nonzeros"": 9420, ""normal_equations_nnz_bound"": 249372, ""normal_equations_ratio"": 26.472611464968153, ""rows"": 948, ""rows_per_column"": 0.7314814814814815, ""rule"": ""default:dual-simplex"", ""rule_table"": ""dual-simplex""}",dual-simplex,default:dual-simplex,948,1296,9420,0.007667213627129239,36,0,0.7314814814814815,0.6582278481012658,0,0.6620370370370371,0,0.004629629629629629,249372,26.472611464968153,46732,4.9609341825902336,0,optimal,0.143342,1,-44049.54391999994,1417,optimal,0.148764,1,-44049.54391999996,361,optimal,3.551353,1,-44049.54392007714,93960,30,bcf2e42,Windows-AMD64,2026-10-03T00:33:40+00:00
refinery-t12c20-s3,6a1d770181decacd409a17a6fbfd622e4f67c3816a5b8d4bdc0744a62fa86df1,train,refinery-t12c20,3,"{""boxed_column_share"": 0.6558641975308642, ""cholesky_capped"": false, ""cholesky_fill_ratio"": 4.949150743099787, ""cholesky_nonzeros"": 46621, ""columns"": 1296, ""dense_columns"": 0, ""density"": 0.007667213627129239, ""equality_row_share"": 0.6582278481012658, ""fixed_column_share"": 0.010802469135802469, ""free_column_share"": 0, ""integer_share"": 0, ""learned_in_domain"": false, ""learned_path"": """", ""learned_tree"": ""dual-simplex"", ""max_column_count"": 34, ""nonzeros"": 9420, ""normal_equations_nnz_bound"": 249324, ""normal_equations_ratio"": 26.46751592356688, ""rows"": 948, ""rows_per_column"": 0.7314814814814815, ""rule"": ""default:dual-simplex"", ""rule_table"": ""dual-simplex""}",dual-simplex,default:dual-simplex,948,1296,9420,0.007667213627129239,34,0,0.7314814814814815,0.6582278481012658,0,0.6558641975308642,0,0.010802469135802469,249324,26.46751592356688,46621,4.949150743099787,0,optimal,0.216700,1,-40153.030569999995,1612,optimal,0.161482,1,-40153.030569999995,315,optimal,4.287593,1,-40153.030569967894,92640,30,bcf2e42,Windows-AMD64,2026-10-03T00:33:40+00:00
refinery-t12c20-s4,81b688bc29e609fc2ebf5bbaab97b5c2b4e73d069f1e0a612bb47ec54c13535f,train,refinery-t12c20,4,"{""boxed_column_share"": 0.6612654320987654, ""cholesky_capped"": false, ""cholesky_fill_ratio"": 4.952866242038216, ""cholesky_nonzeros"": 46656, ""columns"": 1296, ""dense_columns"": 0, ""density"": 0.007667213627129239, ""equality_row_share"": 0.6582278481012658, ""fixed_column_share"": 0.005401234567901234, ""free_column_share"": 0, ""integer_share"": 0, ""learned_in_domain"": false, ""learned_path"": """", ""learned_tree"": ""dual-simplex"", ""max_column_count"": 35, ""nonzeros"": 9420, ""normal_equations_nnz_bound"": 249540, ""normal_equations_ratio"": 26.49044585987261, ""rows"": 948, ""rows_per_column"": 0.7314814814814815, ""rule"": ""default:dual-simplex"", ""rule_table"": ""dual-simplex""}",dual-simplex,default:dual-simplex,948,1296,9420,0.007667213627129239,35,0,0.7314814814814815,0.6582278481012658,0,0.6612654320987654,0,0.005401234567901234,249540,26.49044585987261,46656,4.952866242038216,0,optimal,0.253746,1,-36055.73547000005,1496,optimal,0.261610,1,-36055.73546999997,362,optimal,7.727962,1,-36055.73547053016,138080,30,bcf2e42,Windows-AMD64,2026-10-03T00:33:40+00:00
refinery-t12c20-s5,51e81311cce6c47ba378fc988a5ed0b1ad154c468c204266bcb2cce9cc84d919,train,refinery-t12c20,5,"{""boxed_column_share"": 0.6566358024691358, ""cholesky_capped"": false, ""cholesky_fill_ratio"": 4.960084925690021, ""cholesky_nonzeros"": 46724, ""columns"": 1296, ""dense_columns"": 0, ""density"": 0.007667213627129239, ""equality_row_share"": 0.6582278481012658, ""fixed_column_share"": 0.010030864197530864, ""free_column_share"": 0, ""integer_share"": 0, ""learned_in_domain"": false, ""learned_path"": """", ""learned_tree"": ""dual-simplex"", ""max_column_count"": 36, ""nonzeros"": 9420, ""normal_equations_nnz_bound"": 249564, ""normal_equations_ratio"": 26.49299363057325, ""rows"": 948, ""rows_per_column"": 0.7314814814814815, ""rule"": ""default:dual-simplex"", ""rule_table"": ""dual-simplex""}",dual-simplex,default:dual-simplex,948,1296,9420,0.007667213627129239,36,0,0.7314814814814815,0.6582278481012658,0,0.6566358024691358,0,0.010030864197530864,249564,26.49299363057325,46724,4.960084925690021,0,optimal,0.172022,1,-33907.46930000003,1506,optimal,0.142171,1,-33907.46929999999,332,optimal,2.084137,1,-33907.469299708166,56880,30,bcf2e42,Windows-AMD64,2026-10-03T00:33:40+00:00
refinery-t26c30-s1,5603f306f10f06ca95b3384d7b8418e6f4ff38ad96ed33154a57c8aaf29b82b4,train,refinery-t26c30,1,"{""boxed_column_share"": 0.6630434782608695, ""cholesky_capped"": false, ""cholesky_fill_ratio"": 6.609065059914697, ""cholesky_nonzeros"": 195245, ""columns"": 3588, ""dense_columns"": 0, ""density"": 0.0035581487894441183, ""equality_row_share"": 0.6966292134831461, ""fixed_column_share"": 0.0036231884057971015, ""free_column_share"": 0, ""integer_share"": 0, ""learned_in_domain"": false, ""learned_path"": """", ""learned_tree"": ""dual-simplex"", ""max_column_count"": 36, ""nonzeros"": 29542, ""normal_equations_nnz_bound"": 808410, ""normal_equations_ratio"": 27.364768803737054, ""rows"": 2314, ""rows_per_column"": 0.644927536231884, ""rule"": ""default:dual-simplex"", ""rule_table"": ""dual-simplex""}",dual-simplex,default:dual-simplex,2314,3588,29542,0.0035581487894441183,36,0,0.644927536231884,0.6966292134831461,0,0.6630434782608695,0,0.0036231884057971015,808410,27.364768803737054,195245,6.609065059914697,0,optimal,1.076185,1,-90311.72718999999,4698,optimal,0.618848,1,-90311.72719000003,1354,optimal,2.724227,1,-90311.72718999864,24200,30,bcf2e42,Windows-AMD64,2026-10-03T00:33:40+00:00
refinery-t26c30-s2,26c63847794a7cf4e33597c8b77acba22720d88f990a174446833efcc5bd85ed,train,refinery-t26c30,2,"{""boxed_column_share"": 0.6605351170568562, ""cholesky_capped"": false, ""cholesky_fill_ratio"": 6.966589939746801, ""cholesky_nonzeros"": 205807, ""columns"": 3588, ""dense_columns"": 0, ""density"": 0.0035581487894441183, ""equality_row_share"": 0.6966292134831461, ""fixed_column_share"": 0.006131549609810479, ""free_column_share"": 0, ""integer_share"": 0, ""learned_in_domain"": false, ""learned_path"": """", ""learned_tree"": ""dual-simplex"", ""max_column_count"": 34, ""nonzeros"": 29542, ""normal_equations_nnz_bound"": 808306, ""normal_equations_ratio"": 27.361248392119695, ""rows"": 2314, ""rows_per_column"": 0.644927536231884, ""rule"": ""default:dual-simplex"", ""rule_table"": ""dual-simplex""}",dual-simplex,default:dual-simplex,2314,3588,29542,0.0035581487894441183,34,0,0.644927536231884,0.6966292134831461,0,0.6605351170568562,0,0.006131549609810479,808306,27.361248392119695,205807,6.966589939746801,0,optimal,1.213580,1,-126010.41912999992,5291,optimal,0.669008,1,-126010.41913000024,1314,optimal,13.136429,1,-126010.41912932262,91560,30,bcf2e42,Windows-AMD64,2026-10-03T00:33:40+00:00
refinery-t26c30-s3,8c4de916a73e8cb4758e8ccb7b3858f39e231003e3873a4c213ed9ec02a33fcb,train,refinery-t26c30,3,"{""boxed_column_share"": 0.6624860646599777, ""cholesky_capped"": false, ""cholesky_fill_ratio"": 6.6417981179337895, ""cholesky_nonzeros"": 196212, ""columns"": 3588, ""dense_columns"": 0, ""density"": 0.0035581487894441183, ""equality_row_share"": 0.6966292134831461, ""fixed_column_share"": 0.004180602006688963, ""free_column_share"": 0, ""integer_share"": 0, ""learned_in_domain"": false, ""learned_path"": """", ""learned_tree"": ""dual-simplex"", ""max_column_count"": 36, ""nonzeros"": 29542, ""normal_equations_nnz_bound"": 808774, ""normal_equations_ratio"": 27.377090244397806, ""rows"": 2314, ""rows_per_column"": 0.644927536231884, ""rule"": ""default:dual-simplex"", ""rule_table"": ""dual-simplex""}",dual-simplex,default:dual-simplex,2314,3588,29542,0.0035581487894441183,36,0,0.644927536231884,0.6966292134831461,0,0.6624860646599777,0,0.004180602006688963,808774,27.377090244397806,196212,6.6417981179337895,0,optimal,1.441646,1,-104729.99828999999,4417,optimal,0.870241,1,-104729.99828999989,1432,optimal,9.097904,1,-104729.99829001109,59280,30,bcf2e42,Windows-AMD64,2026-10-03T00:33:40+00:00
refinery-t26c30-s4,c058d3b7b29df57863f7173616a8fb62f89feba32e95d32c883ae9bf0d2b106c,train,refinery-t26c30,4,"{""boxed_column_share"": 0.6622073578595318, ""cholesky_capped"": false, ""cholesky_fill_ratio"": 6.576975154018008, ""cholesky_nonzeros"": 194297, ""columns"": 3588, ""dense_columns"": 0, ""density"": 0.0035581487894441183, ""equality_row_share"": 0.6966292134831461, ""fixed_column_share"": 0.004459308807134894, ""free_column_share"": 0, ""integer_share"": 0, ""learned_in_domain"": false, ""learned_path"": """", ""learned_tree"": ""dual-simplex"", ""max_column_count"": 35, ""nonzeros"": 29542, ""normal_equations_nnz_bound"": 808462, ""normal_equations_ratio"": 27.366529009545733, ""rows"": 2314, ""rows_per_column"": 0.644927536231884, ""rule"": ""default:dual-simplex"", ""rule_table"": ""dual-simplex""}",dual-simplex,default:dual-simplex,2314,3588,29542,0.0035581487894441183,35,0,0.644927536231884,0.6966292134831461,0,0.6622073578595318,0,0.004459308807134894,808462,27.366529009545733,194297,6.576975154018008,0,optimal,1.610425,1,-128469.00921999977,4720,optimal,0.807981,1,-128469.00922000004,1342,optimal,8.106584,1,-128469.0092199761,48520,30,bcf2e42,Windows-AMD64,2026-10-03T00:33:40+00:00
refinery-t26c30-s5,26eaf6f4ff0e8d2bc927922df733fb24c64862c48b6c0144f638e2873837335d,train,refinery-t26c30,5,"{""boxed_column_share"": 0.6616499442586399, ""cholesky_capped"": false, ""cholesky_fill_ratio"": 6.597657572269989, ""cholesky_nonzeros"": 194908, ""columns"": 3588, ""dense_columns"": 0, ""density"": 0.0035581487894441183, ""equality_row_share"": 0.6966292134831461, ""fixed_column_share"": 0.005016722408026756, ""free_column_share"": 0, ""integer_share"": 0, ""learned_in_domain"": false, ""learned_path"": """", ""learned_tree"": ""dual-simplex"", ""max_column_count"": 35, ""nonzeros"": 29542, ""normal_equations_nnz_bound"": 808358, ""normal_equations_ratio"": 27.363008597928374, ""rows"": 2314, ""rows_per_column"": 0.644927536231884, ""rule"": ""default:dual-simplex"", ""rule_table"": ""dual-simplex""}",dual-simplex,default:dual-simplex,2314,3588,29542,0.0035581487894441183,35,0,0.644927536231884,0.6966292134831461,0,0.6616499442586399,0,0.005016722408026756,808358,27.363008597928374,194908,6.597657572269989,0,optimal,1.624299,1,-93747.45249000005,6151,optimal,0.718610,1,-93747.4524900001,1390,optimal,12.346442,1,-93747.45249000231,106440,30,bcf2e42,Windows-AMD64,2026-10-03T00:33:40+00:00
refinery-t52c30-s1,ddb8bc3b5091ff337285ff0d733121ce871648cdf5c9aae5ad0f139201e1d7b0,test,refinery-t52c30,1,"{""boxed_column_share"": 0.6609531772575251, ""cholesky_capped"": false, ""cholesky_fill_ratio"": 11.437290715372907, ""cholesky_nonzeros"": 676287, ""columns"": 7176, ""dense_columns"": 0, ""density"": 0.0017804594976629099, ""equality_row_share"": 0.6966292134831461, ""fixed_column_share"": 0.005713489409141583, ""free_column_share"": 0, ""integer_share"": 0, ""learned_in_domain"": false, ""learned_path"": """", ""learned_tree"": ""dual-simplex"", ""max_column_count"": 36, ""nonzeros"": 59130, ""normal_equations_nnz_bound"": 1616958, ""normal_equations_ratio"": 27.34581430745814, ""rows"": 4628, ""rows_per_column"": 0.644927536231884, ""rule"": ""default:dual-simplex"", ""rule_table"": ""dual-simplex""}",dual-simplex,default:dual-simplex,4628,7176,59130,0.0017804594976629099,36,0,0.644927536231884,0.6966292134831461,0,0.6609531772575251,0,0.005713489409141583,1616958,27.34581430745814,676287,11.437290715372907,0,optimal,4.578090,1,-239683.4337699998,10817,optimal,2.782785,1,-239683.4337699999,2775,optimal,22.357449,1,-239683.43377000032,89627,30,bcf2e42,Windows-AMD64,2026-10-03T00:33:40+00:00
refinery-t52c30-s2,5bf427d8740674ff25ede3c2c6eb913357f03c813e9249d3b84828da0b3f1e4d,test,refinery-t52c30,2,"{""boxed_column_share"": 0.6617892976588629, ""cholesky_capped"": false, ""cholesky_fill_ratio"": 11.58802638254693, ""cholesky_nonzeros"": 685200, ""columns"": 7176, ""dense_columns"": 0, ""density"": 0.0017804594976629099, ""equality_row_share"": 0.6966292134831461, ""fixed_column_share"": 0.00487736900780379, ""free_column_share"": 0, ""integer_share"": 0, ""learned_in_domain"": false, ""learned_path"": """", ""learned_tree"": ""dual-simplex"", ""max_column_count"": 34, ""nonzeros"": 59130, ""normal_equations_nnz_bound"": 1616750, ""normal_equations_ratio"": 27.342296634534076, ""rows"": 4628, ""rows_per_column"": 0.644927536231884, ""rule"": ""default:dual-simplex"", ""rule_table"": ""dual-simplex""}",dual-simplex,default:dual-simplex,4628,7176,59130,0.0017804594976629099,34,0,0.644927536231884,0.6966292134831461,0,0.6617892976588629,0,0.00487736900780379,1616750,27.342296634534076,685200,11.58802638254693,0,optimal,6.700940,1,-254809.20411000066,16358,optimal,1.829074,1,-254809.20410861322,14,optimal,13.489001,1,-254809.2041099996,70000,30,bcf2e42,Windows-AMD64,2026-10-03T00:33:40+00:00
refinery-t52c30-s3,c5362f8dfabf240492bd613be49e4ef6ccab826276ab32f95be924e8d81368a2,test,refinery-t52c30,3,"{""boxed_column_share"": 0.6617892976588629, ""cholesky_capped"": false, ""cholesky_fill_ratio"": 11.460172501268392, ""cholesky_nonzeros"": 677640, ""columns"": 7176, ""dense_columns"": 0, ""density"": 0.0017804594976629099, ""equality_row_share"": 0.6966292134831461, ""fixed_column_share"": 0.00487736900780379, ""free_column_share"": 0, ""integer_share"": 0, ""learned_in_domain"": false, ""learned_path"": """", ""learned_tree"": ""dual-simplex"", ""max_column_count"": 36, ""nonzeros"": 59130, ""normal_equations_nnz_bound"": 1617686, ""normal_equations_ratio"": 27.358126162692372, ""rows"": 4628, ""rows_per_column"": 0.644927536231884, ""rule"": ""default:dual-simplex"", ""rule_table"": ""dual-simplex""}",dual-simplex,default:dual-simplex,4628,7176,59130,0.0017804594976629099,36,0,0.644927536231884,0.6966292134831461,0,0.6617892976588629,0,0.00487736900780379,1617686,27.358126162692372,677640,11.460172501268392,0,optimal,4.720157,1,-228800.74281000023,11560,optimal,1.813223,1,-228800.74280753743,15,optimal,11.764042,1,-228800.74280987954,46160,30,bcf2e42,Windows-AMD64,2026-10-03T00:33:40+00:00
refinery-t52c30-s4,20b46bc0e44829c11bbcfc209e2d5ab5d6d4a214a9ddb6d1ef56c9ba10e21b0a,test,refinery-t52c30,4,"{""boxed_column_share"": 0.6626254180602007, ""cholesky_capped"": false, ""cholesky_fill_ratio"": 10.82656857771013, ""cholesky_nonzeros"": 640175, ""columns"": 7176, ""dense_columns"": 0, ""density"": 0.0017804594976629099, ""equality_row_share"": 0.6966292134831461, ""fixed_column_share"": 0.004041248606465998, ""free_column_share"": 0, ""integer_share"": 0, ""learned_in_domain"": false, ""learned_path"": """", ""learned_tree"": ""dual-simplex"", ""max_column_count"": 35, ""nonzeros"": 59130, ""normal_equations_nnz_bound"": 1617062, ""normal_equations_ratio"": 27.347573143920176, ""rows"": 4628, ""rows_per_column"": 0.644927536231884, ""rule"": ""default:dual-simplex"", ""rule_table"": ""dual-simplex""}",dual-simplex,default:dual-simplex,4628,7176,59130,0.0017804594976629099,35,0,0.644927536231884,0.6966292134831461,0,0.6626254180602007,0,0.004041248606465998,1617062,27.347573143920176,640175,10.82656857771013,0,optimal,4.535604,1,-228013.36137999964,12668,optimal,2.148665,1,-228013.36138000005,2677,optimal,8.855756,1,-228013.361380175,40920,30,bcf2e42,Windows-AMD64,2026-10-03T00:33:40+00:00
refinery-t52c30-s5,c0b480b091de88031921cce2523281c9e6479217769bf18185596d85e2eae1bb,test,refinery-t52c30,5,"{""boxed_column_share"": 0.6615105908584169, ""cholesky_capped"": false, ""cholesky_fill_ratio"": 11.39446981227803, ""cholesky_nonzeros"": 673755, ""columns"": 7176, ""dense_columns"": 0, ""density"": 0.0017804594976629099, ""equality_row_share"": 0.6966292134831461, ""fixed_column_share"": 0.005156075808249721, ""free_column_share"": 0, ""integer_share"": 0, ""learned_in_domain"": false, ""learned_path"": """", ""learned_tree"": ""dual-simplex"", ""max_column_count"": 35, ""nonzeros"": 59130, ""normal_equations_nnz_bound"": 1616854, ""normal_equations_ratio"": 27.34405547099611, ""rows"": 4628, ""rows_per_column"": 0.644927536231884, ""rule"": ""default:dual-simplex"", ""rule_table"": ""dual-simplex""}",dual-simplex,default:dual-simplex,4628,7176,59130,0.0017804594976629099,35,0,0.644927536231884,0.6966292134831461,0,0.6615105908584169,0,0.005156075808249721,1616854,27.34405547099611,673755,11.39446981227803,0,optimal,3.978837,1,-199228.88669999936,10731,optimal,2.243276,1,-199228.88669999954,2742,optimal,6.409331,1,-199228.88669936085,31560,30,bcf2e42,Windows-AMD64,2026-10-03T00:33:40+00:00
refinery-t100c30-s1,2c08105c8e79a582611212e158642e50e019a3c407327a18567a9bbf3eb62c77,train,refinery-t100c30,1,"{""boxed_column_share"": 0.6610144927536232, ""cholesky_capped"": false, ""cholesky_fill_ratio"": 13.62661532781265, ""cholesky_nonzeros"": 1550082, ""columns"": 13800, ""dense_columns"": 0, ""density"": 0.0009261846604787494, ""equality_row_share"": 0.6966292134831461, ""fixed_column_share"": 0.005652173913043478, ""free_column_share"": 0, ""integer_share"": 0, ""learned_in_domain"": false, ""learned_path"": """", ""learned_tree"": ""dual-simplex"", ""max_column_count"": 36, ""nonzeros"": 113754, ""normal_equations_nnz_bound"": 3109662, ""normal_equations_ratio"": 27.336726620602352, ""rows"": 8900, ""rows_per_column"": 0.644927536231884, ""rule"": ""density:ipm"", ""rule_table"": ""ipm""}",ipm,density:ipm,8900,13800,113754,0.0009261846604787494,36,0,0.644927536231884,0.6966292134831461,0,0.6610144927536232,0,0.005652173913043478,3109662,27.336726620602352,1550082,13.62661532781265,0,optimal,22.521184,1,-434948.05835999973,25629,optimal,8.526662,1,-434948.0583594944,18,optimal,24.890730,1,-434948.05835999904,43453,30,bcf2e42,Windows-AMD64,2026-10-03T00:33:40+00:00
refinery-t100c30-s2,18fbd73e19ff0b6d782475e9cfa43ca9f7d9d0157c0f447bea8ee8ef3188cc57,train,refinery-t100c30,2,"{""boxed_column_share"": 0.6601449275362319, ""cholesky_capped"": false, ""cholesky_fill_ratio"": 10.79336111257626, ""cholesky_nonzeros"": 1227788, ""columns"": 13800, ""dense_columns"": 0, ""density"": 0.0009261846604787494, ""equality_row_share"": 0.6966292134831461, ""fixed_column_share"": 0.006521739130434782, ""free_column_share"": 0, ""integer_share"": 0, ""learned_in_domain"": false, ""learned_path"": """", ""learned_tree"": ""dual-simplex"", ""max_column_count"": 34, ""nonzeros"": 113754, ""normal_equations_nnz_bound"": 3109262, ""normal_equations_ratio"": 27.333210260738085, ""rows"": 8900, ""rows_per_column"": 0.644927536231884, ""rule"": ""density:ipm"", ""rule_table"": ""ipm""}",ipm,density:ipm,8900,13800,113754,0.0009261846604787494,34,0,0.644927536231884,0.6966292134831461,0,0.6601449275362319,0,0.006521739130434782,3109262,27.333210260738085,1227788,10.79336111257626,0,time_limit,30.224032,0,-472978.7085949431,32528,optimal,7.498032,1,-465189.01052999933,5449,optimal,23.195152,1,-465189.0105300004,44662,30,bcf2e42,Windows-AMD64,2026-10-03T00:33:40+00:00
refinery-t100c30-s3,669db3c7ee364ce4c7484735bd19e29ddf3881242342f7ae17ee57db8cf09888,train,refinery-t100c30,3,"{""boxed_column_share"": 0.6617391304347826, ""cholesky_capped"": false, ""cholesky_fill_ratio"": 12.105860013713803, ""cholesky_nonzeros"": 1377090, ""columns"": 13800, ""dense_columns"": 0, ""density"": 0.0009261846604787494, ""equality_row_share"": 0.6966292134831461, ""fixed_column_share"": 0.004927536231884058, ""free_column_share"": 0, ""integer_share"": 0, ""learned_in_domain"": false, ""learned_path"": """", ""learned_tree"": ""dual-simplex"", ""max_column_count"": 36, ""nonzeros"": 113754, ""normal_equations_nnz_bound"": 3111062, ""normal_equations_ratio"": 27.34903388012729, ""rows"": 8900, ""rows_per_column"": 0.644927536231884, ""rule"": ""density:ipm"", ""rule_table"": ""ipm""}",ipm,density:ipm,8900,13800,113754,0.0009261846604787494,36,0,0.644927536231884,0.6966292134831461,0,0.6617391304347826,0,0.004927536231884058,3111062,27.34903388012729,1377090,12.105860013713803,0,time_limit,30.237638,0,-481439.01248235843,33758,optimal,7.425468,1,-480661.300109999,5367,optimal,23.843739,1,-480661.30010999984,40491,30,bcf2e42,Windows-AMD64,2026-10-03T00:33:40+00:00
refinery-t100c30-s4,aa2683cd03b624367273561b9f3e245161443c1a267c8618a5cd0c3c3f25479e,train,refinery-t100c30,4,"{""boxed_column_share"": 0.6604347826086957, ""cholesky_capped"": false, ""cholesky_fill_ratio"": 12.242092585755227, ""cholesky_nonzeros"": 1392587, ""columns"": 13800, ""dense_columns"": 0, ""density"": 0.0009261846604787494, ""equality_row_share"": 0.6966292134831461, ""fixed_column_share"": 0.006231884057971014, ""free_column_share"": 0, ""integer_share"": 0, ""learned_in_domain"": false, ""learned_path"": """", ""learned_tree"": ""dual-simplex"", ""max_column_count"": 35, ""nonzeros"": 113754, ""normal_equations_nnz_bound"": 3109862, ""normal_equations_ratio"": 27.338484800534488, ""rows"": 8900, ""rows_per_column"": 0.644927536231884, ""rule"": ""density:ipm"", ""rule_table"": ""ipm""}",ipm,density:ipm,8900,13800,113754,0.0009261846604787494,35,0,0.644927536231884,0.6966292134831461,0,0.6604347826086957,0,0.006231884057971014,3109862,27.338484800534488,1392587,12.242092585755227,0,time_limit,30.223754,0,-465542.6008627664,38131,optimal,8.289370,1,-453872.2346882382,15,optimal,25.291004,1,-453872.23468999896,33488,30,bcf2e42,Windows-AMD64,2026-10-03T00:33:40+00:00
refinery-t100c30-s5,30bd5288e89499ea59c441f0270ac3e284c0bd16c8b4e9279070bde071f4a974,train,refinery-t100c30,5,"{""boxed_column_share"": 0.6612318840579711, ""cholesky_capped"": false, ""cholesky_fill_ratio"": 12.198428187140673, ""cholesky_nonzeros"": 1387620, ""columns"": 13800, ""dense_columns"": 0, ""density"": 0.0009261846604787494, ""equality_row_share"": 0.6966292134831461, ""fixed_column_share"": 0.005434782608695652, ""free_column_share"": 0, ""integer_share"": 0, ""learned_in_domain"": false, ""learned_path"": """", ""learned_tree"": ""dual-simplex"", ""max_column_count"": 35, ""nonzeros"": 113754, ""normal_equations_nnz_bound"": 3109462, ""normal_equations_ratio"": 27.334968440670217, ""rows"": 8900, ""rows_per_column"": 0.644927536231884, ""rule"": ""density:ipm"", ""rule_table"": ""ipm""}",ipm,density:ipm,8900,13800,113754,0.0009261846604787494,35,0,0.644927536231884,0.6966292134831461,0,0.6612318840579711,0,0.005434782608695652,3109462,27.334968440670217,1387620,12.198428187140673,0,optimal,27.178334,1,-425820.88779999915,26096,optimal,7.737325,1,-425820.8877950079,15,optimal,24.984006,1,-425820.8877999931,30339,30,bcf2e42,Windows-AMD64,2026-10-03T00:33:40+00:00
scaling-t50g2-s1,5c97d9cba58ab75171017e28a2f79d4b24bb5438fc0a57a10ed49a97810466a6,train,scaling-t50g2,1,"{""boxed_column_share"": 0, ""cholesky_capped"": false, ""cholesky_fill_ratio"": 1.1231155778894473, ""cholesky_nonzeros"": 447, ""columns"": 200, ""dense_columns"": 0, ""density"": 0.013266666666666666, ""equality_row_share"": 0.6666666666666666, ""fixed_column_share"": 0, ""free_column_share"": 0, ""integer_share"": 0, ""learned_in_domain"": false, ""learned_path"": """", ""learned_tree"": ""dual-simplex"", ""max_column_count"": 2, ""nonzeros"": 398, ""normal_equations_nnz_bound"": 794, ""normal_equations_ratio"": 1.9949748743718594, ""rows"": 150, ""rows_per_column"": 0.75, ""rule"": ""default:dual-simplex"", ""rule_table"": ""dual-simplex""}",dual-simplex,default:dual-simplex,150,200,398,0.013266666666666666,2,0,0.75,0.6666666666666666,0,0,0,0,794,1.9949748743718594,447,1.1231155778894473,0,optimal,0.054623,1,2349.111303569786,142,optimal,0.056107,1,2349.111303569786,10,optimal,0.077050,1,2349.111303145737,2520,30,bcf2e42,Windows-AMD64,2026-10-03T00:33:40+00:00
scaling-t50g2-s2,aa8abbb8702422f5669c7e2e5c712ae14037b1e8778d8381f204f4735d130d1d,train,scaling-t50g2,2,"{""boxed_column_share"": 0, ""cholesky_capped"": false, ""cholesky_fill_ratio"": 1.1231155778894473, ""cholesky_nonzeros"": 447, ""columns"": 200, ""dense_columns"": 0, ""density"": 0.013266666666666666, ""equality_row_share"": 0.6666666666666666, ""fixed_column_share"": 0, ""free_column_share"": 0, ""integer_share"": 0, ""learned_in_domain"": false, ""learned_path"": """", ""learned_tree"": ""dual-simplex"", ""max_column_count"": 2, ""nonzeros"": 398, ""normal_equations_nnz_bound"": 794, ""normal_equations_ratio"": 1.9949748743718594, ""rows"": 150, ""rows_per_column"": 0.75, ""rule"": ""default:dual-simplex"", ""rule_table"": ""dual-simplex""}",dual-simplex,default:dual-simplex,150,200,398,0.013266666666666666,2,0,0.75,0.6666666666666666,0,0,0,0,794,1.9949748743718594,447,1.1231155778894473,0,optimal,0.056437,1,2423.080345449075,141,optimal,0.055100,1,2423.080345449075,11,optimal,0.064450,1,2423.080345157851,3080,30,bcf2e42,Windows-AMD64,2026-10-03T00:33:40+00:00
scaling-t50g2-s3,2766f4b78de72c0a355f26964d62f1957b1eb7c1eb7e4c05ebebd2cf3395c74a,train,scaling-t50g2,3,"{""boxed_column_share"": 0, ""cholesky_capped"": false, ""cholesky_fill_ratio"": 1.1231155778894473, ""cholesky_nonzeros"": 447, ""columns"": 200, ""dense_columns"": 0, ""density"": 0.013266666666666666, ""equality_row_share"": 0.6666666666666666, ""fixed_column_share"": 0, ""free_column_share"": 0, ""integer_share"": 0, ""learned_in_domain"": false, ""learned_path"": """", ""learned_tree"": ""dual-simplex"", ""max_column_count"": 2, ""nonzeros"": 398, ""normal_equations_nnz_bound"": 794, ""normal_equations_ratio"": 1.9949748743718594, ""rows"": 150, ""rows_per_column"": 0.75, ""rule"": ""default:dual-simplex"", ""rule_table"": ""dual-simplex""}",dual-simplex,default:dual-simplex,150,200,398,0.013266666666666666,2,0,0.75,0.6666666666666666,0,0,0,0,794,1.9949748743718594,447,1.1231155778894473,0,optimal,0.050856,1,2644.4234877847903,146,optimal,0.056635,1,2644.4234877847894,11,optimal,0.077162,1,2644.4234877998183,2600,30,bcf2e42,Windows-AMD64,2026-10-03T00:33:40+00:00
scaling-t50g2-s4,d31e72952d2d26eb2fe60f82da4e9a7ea32ee4faa6bc97a336bc207f377464f8,train,scaling-t50g2,4,"{""boxed_column_share"": 0, ""cholesky_capped"": false, ""cholesky_fill_ratio"": 1.1231155778894473, ""cholesky_nonzeros"": 447, ""columns"": 200, ""dense_columns"": 0, ""density"": 0.013266666666666666, ""equality_row_share"": 0.6666666666666666, ""fixed_column_share"": 0, ""free_column_share"": 0, ""integer_share"": 0, ""learned_in_domain"": false, ""learned_path"": """", ""learned_tree"": ""dual-simplex"", ""max_column_count"": 2, ""nonzeros"": 398, ""normal_equations_nnz_bound"": 794, ""normal_equations_ratio"": 1.9949748743718594, ""rows"": 150, ""rows_per_column"": 0.75, ""rule"": ""default:dual-simplex"", ""rule_table"": ""dual-simplex""}",dual-simplex,default:dual-simplex,150,200,398,0.013266666666666666,2,0,0.75,0.6666666666666666,0,0,0,0,794,1.9949748743718594,447,1.1231155778894473,0,optimal,0.055109,1,2413.941103717661,144,optimal,0.067488,1,2413.9411037176606,11,optimal,0.133513,1,2413.941103644618,7120,30,bcf2e42,Windows-AMD64,2026-10-03T00:33:40+00:00
scaling-t50g2-s5,65198da4eb5b96909041c671c052563ecd2f1c3ec6202a4318980bea28162bfb,train,scaling-t50g2,5,"{""boxed_column_share"": 0, ""cholesky_capped"": false, ""cholesky_fill_ratio"": 1.1231155778894473, ""cholesky_nonzeros"": 447, ""columns"": 200, ""dense_columns"": 0, ""density"": 0.013266666666666666, ""equality_row_share"": 0.6666666666666666, ""fixed_column_share"": 0, ""free_column_share"": 0, ""integer_share"": 0, ""learned_in_domain"": false, ""learned_path"": """", ""learned_tree"": ""dual-simplex"", ""max_column_count"": 2, ""nonzeros"": 398, ""normal_equations_nnz_bound"": 794, ""normal_equations_ratio"": 1.9949748743718594, ""rows"": 150, ""rows_per_column"": 0.75, ""rule"": ""default:dual-simplex"", ""rule_table"": ""dual-simplex""}",dual-simplex,default:dual-simplex,150,200,398,0.013266666666666666,2,0,0.75,0.6666666666666666,0,0,0,0,794,1.9949748743718594,447,1.1231155778894473,0,optimal,0.052884,1,2762.113154534565,144,optimal,0.057369,1,2762.113154534565,11,optimal,0.077775,1,2762.1131547881705,3600,30,bcf2e42,Windows-AMD64,2026-10-03T00:33:40+00:00
scaling-t200g3-s1,7e0f6bd3b90ad74540ed062cbe54e1741337c18655603dd960a6de90cdc4d736,test,scaling-t200g3,1,"{""boxed_column_share"": 0, ""cholesky_capped"": false, ""cholesky_fill_ratio"": 1.3304130162703378, ""cholesky_nonzeros"": 3189, ""columns"": 1200, ""dense_columns"": 0, ""density"": 0.002496875, ""equality_row_share"": 0.75, ""fixed_column_share"": 0, ""free_column_share"": 0, ""integer_share"": 0, ""learned_in_domain"": false, ""learned_path"": """", ""learned_tree"": ""dual-simplex"", ""max_column_count"": 2, ""nonzeros"": 2397, ""normal_equations_nnz_bound"": 4791, ""normal_equations_ratio"": 1.9987484355444305, ""rows"": 800, ""rows_per_column"": 0.6666666666666666, ""rule"": ""default:dual-simplex"", ""rule_table"": ""dual-simplex""}",dual-simplex,default:dual-simplex,800,1200,2397,0.002496875,2,0,0.6666666666666666,0.75,0,0,0,0,4791,1.9987484355444305,3189,1.3304130162703378,0,optimal,0.095427,1,15495.174179550431,868,optimal,0.082106,1,15495.174179550431,14,optimal,0.193563,1,15495.17417943386,4960,30,bcf2e42,Windows-AMD64,2026-10-03T00:33:40+00:00
scaling-t200g3-s2,8d1ecc70d979111f297ce9a8a3281d7c0e0c812988089ab965fe08b74ca202b1,test,scaling-t200g3,2,"{""boxed_column_share"": 0, ""cholesky_capped"": false, ""cholesky_fill_ratio"": 1.3304130162703378, ""cholesky_nonzeros"": 3189, ""columns"": 1200, ""dense_columns"": 0, ""density"": 0.002496875, ""equality_row_share"": 0.75, ""fixed_column_share"": 0, ""free_column_share"": 0, ""integer_share"": 0, ""learned_in_domain"": false, ""learned_path"": """", ""learned_tree"": ""dual-simplex"", ""max_column_count"": 2, ""nonzeros"": 2397, ""normal_equations_nnz_bound"": 4791, ""normal_equations_ratio"": 1.9987484355444305, ""rows"": 800, ""rows_per_column"": 0.6666666666666666, ""rule"": ""default:dual-simplex"", ""rule_table"": ""dual-simplex""}",dual-simplex,default:dual-simplex,800,1200,2397,0.002496875,2,0,0.6666666666666666,0.75,0,0,0,0,4791,1.9987484355444305,3189,1.3304130162703378,0,optimal,0.080876,1,15231.281230103317,861,optimal,0.073639,1,15231.281230103317,13,optimal,0.182093,1,15231.28123059471,3960,30,bcf2e42,Windows-AMD64,2026-10-03T00:33:40+00:00
scaling-t200g3-s3,023ce8f8f42e1696783cdf2042277065b6e90d00a650c0543e014bd76a3860a4,test,scaling-t200g3,3,"{""boxed_column_share"": 0, ""cholesky_capped"": false, ""cholesky_fill_ratio"": 1.3304130162703378, ""cholesky_nonzeros"": 3189, ""columns"": 1200, ""dense_columns"": 0, ""density"": 0.002496875, ""equality_row_share"": 0.75, ""fixed_column_share"": 0, ""free_column_share"": 0, ""integer_share"": 0, ""learned_in_domain"": false, ""learned_path"": """", ""learned_tree"": ""dual-simplex"", ""max_column_count"": 2, ""nonzeros"": 2397, ""normal_equations_nnz_bound"": 4791, ""normal_equations_ratio"": 1.9987484355444305, ""rows"": 800, ""rows_per_column"": 0.6666666666666666, ""rule"": ""default:dual-simplex"", ""rule_table"": ""dual-simplex""}",dual-simplex,default:dual-simplex,800,1200,2397,0.002496875,2,0,0.6666666666666666,0.75,0,0,0,0,4791,1.9987484355444305,3189,1.3304130162703378,0,optimal,0.067713,1,14805.628464563159,886,optimal,0.066407,1,14805.628464563159,13,optimal,0.195141,1,14805.628464109717,6560,30,bcf2e42,Windows-AMD64,2026-10-03T00:33:40+00:00
scaling-t200g3-s4,670e3d3a47c1b82be89d6ba8dd9959fa78d40fdb9f1d56116462eca2482334d7,test,scaling-t200g3,4,"{""boxed_column_share"": 0, ""cholesky_capped"": false, ""cholesky_fill_ratio"": 1.3304130162703378, ""cholesky_nonzeros"": 3189, ""columns"": 1200, ""dense_columns"": 0, ""density"": 0.002496875, ""equality_row_share"": 0.75, ""fixed_column_share"": 0, ""free_column_share"": 0, ""integer_share"": 0, ""learned_in_domain"": false, ""learned_path"": """", ""learned_tree"": ""dual-simplex"", ""max_column_count"": 2, ""nonzeros"": 2397, ""normal_equations_nnz_bound"": 4791, ""normal_equations_ratio"": 1.9987484355444305, ""rows"": 800, ""rows_per_column"": 0.6666666666666666, ""rule"": ""default:dual-simplex"", ""rule_table"": ""dual-simplex""}",dual-simplex,default:dual-simplex,800,1200,2397,0.002496875,2,0,0.6666666666666666,0.75,0,0,0,0,4791,1.9987484355444305,3189,1.3304130162703378,0,optimal,0.070759,1,15295.239581147962,864,optimal,0.075766,1,15295.239581147958,13,optimal,0.287537,1,15295.239580404534,7320,30,bcf2e42,Windows-AMD64,2026-10-03T00:33:40+00:00
scaling-t200g3-s5,281b161779560b9169468abe6267c1f4d48f59a1b60e80d590d7daffb0edf563,test,scaling-t200g3,5,"{""boxed_column_share"": 0, ""cholesky_capped"": false, ""cholesky_fill_ratio"": 1.3304130162703378, ""cholesky_nonzeros"": 3189, ""columns"": 1200, ""dense_columns"": 0, ""density"": 0.002496875, ""equality_row_share"": 0.75, ""fixed_column_share"": 0, ""free_column_share"": 0, ""integer_share"": 0, ""learned_in_domain"": false, ""learned_path"": """", ""learned_tree"": ""dual-simplex"", ""max_column_count"": 2, ""nonzeros"": 2397, ""normal_equations_nnz_bound"": 4791, ""normal_equations_ratio"": 1.9987484355444305, ""rows"": 800, ""rows_per_column"": 0.6666666666666666, ""rule"": ""default:dual-simplex"", ""rule_table"": ""dual-simplex""}",dual-simplex,default:dual-simplex,800,1200,2397,0.002496875,2,0,0.6666666666666666,0.75,0,0,0,0,4791,1.9987484355444305,3189,1.3304130162703378,0,optimal,0.087094,1,14421.724513108544,844,optimal,0.076285,1,14421.724513108544,13,optimal,0.274009,1,14421.724512360664,7920,30,bcf2e42,Windows-AMD64,2026-10-03T00:33:40+00:00
scaling-t500g3-s1,7f0ec55f44fcc14bd86fb3aced9a8cf8ccd9990f90679dd901459d3c1f7a40e9,train,scaling-t500g3,1,"{""boxed_column_share"": 0, ""cholesky_capped"": false, ""cholesky_fill_ratio"": 1.3321660830415207, ""cholesky_nonzeros"": 7989, ""columns"": 3000, ""dense_columns"": 0, ""density"": 0.0009995, ""equality_row_share"": 0.75, ""fixed_column_share"": 0, ""free_column_share"": 0, ""integer_share"": 0, ""learned_in_domain"": false, ""learned_path"": """", ""learned_tree"": ""dual-simplex"", ""max_column_count"": 2, ""nonzeros"": 5997, ""normal_equations_nnz_bound"": 11991, ""normal_equations_ratio"": 1.9994997498749374, ""rows"": 2000, ""rows_per_column"": 0.6666666666666666, ""rule"": ""default:dual-simplex"", ""rule_table"": ""dual-simplex""}",dual-simplex,default:dual-simplex,2000,3000,5997,0.0009995,2,0,0.6666666666666666,0.75,0,0,0,0,11991,1.9994997498749374,7989,1.3321660830415207,0,optimal,0.149240,1,37471.3347298827,2180,optimal,0.120237,1,37471.3347298827,14,optimal,0.584713,1,37471.33472971856,9920,30,bcf2e42,Windows-AMD64,2026-10-03T00:33:40+00:00
scaling-t500g3-s2,956b4b2d5bdef657621a7b1d61a98f8909493e9d41f58b06bb726b064b8500bc,train,scaling-t500g3,2,"{""boxed_column_share"": 0, ""cholesky_capped"": false, ""cholesky_fill_ratio"": 1.3321660830415207, ""cholesky_nonzeros"": 7989, ""columns"": 3000, ""dense_columns"": 0, ""density"": 0.0009995, ""equality_row_share"": 0.75, ""fixed_column_share"": 0, ""free_column_share"": 0, ""integer_share"": 0, ""learned_in_domain"": false, ""learned_path"": """", ""learned_tree"": ""dual-simplex"", ""max_column_count"": 2, ""nonzeros"": 5997, ""normal_equations_nnz_bound"": 11991, ""normal_equations_ratio"": 1.9994997498749374, ""rows"": 2000, ""rows_per_column"": 0.6666666666666666, ""rule"": ""default:dual-simplex"", ""rule_table"": ""dual-simplex""}",dual-simplex,default:dual-simplex,2000,3000,5997,0.0009995,2,0,0.6666666666666666,0.75,0,0,0,0,11991,1.9994997498749374,7989,1.3321660830415207,0,optimal,0.145733,1,38242.48821497733,2199,optimal,0.106384,1,38242.48821497733,14,optimal,0.696872,1,38242.488214312594,11520,30,bcf2e42,Windows-AMD64,2026-10-03T00:33:40+00:00
scaling-t500g3-s3,2a06f10579977a379122147847f587a10b579178ecbace138ffcad0c919ab87b,train,scaling-t500g3,3,"{""boxed_column_share"": 0, ""cholesky_capped"": false, ""cholesky_fill_ratio"": 1.3321660830415207, ""cholesky_nonzeros"": 7989, ""columns"": 3000, ""dense_columns"": 0, ""density"": 0.0009995, ""equality_row_share"": 0.75, ""fixed_column_share"": 0, ""free_column_share"": 0, ""integer_share"": 0, ""learned_in_domain"": false, ""learned_path"": """", ""learned_tree"": ""dual-simplex"", ""max_column_count"": 2, ""nonzeros"": 5997, ""normal_equations_nnz_bound"": 11991, ""normal_equations_ratio"": 1.9994997498749374, ""rows"": 2000, ""rows_per_column"": 0.6666666666666666, ""rule"": ""default:dual-simplex"", ""rule_table"": ""dual-simplex""}",dual-simplex,default:dual-simplex,2000,3000,5997,0.0009995,2,0,0.6666666666666666,0.75,0,0,0,0,11991,1.9994997498749374,7989,1.3321660830415207,0,optimal,0.176960,1,37499.00753486409,2182,optimal,0.082584,1,37499.00753486408,15,optimal,0.804552,1,37499.00753422898,18680,30,bcf2e42,Windows-AMD64,2026-10-03T00:33:40+00:00
scaling-t500g3-s4,be61d4aa36ff4198e525ba8c0f0d8a417564d8712ea4743189ad919167013ec1,train,scaling-t500g3,4,"{""boxed_column_share"": 0, ""cholesky_capped"": false, ""cholesky_fill_ratio"": 1.3321660830415207, ""cholesky_nonzeros"": 7989, ""columns"": 3000, ""dense_columns"": 0, ""density"": 0.0009995, ""equality_row_share"": 0.75, ""fixed_column_share"": 0, ""free_column_share"": 0, ""integer_share"": 0, ""learned_in_domain"": false, ""learned_path"": """", ""learned_tree"": ""dual-simplex"", ""max_column_count"": 2, ""nonzeros"": 5997, ""normal_equations_nnz_bound"": 11991, ""normal_equations_ratio"": 1.9994997498749374, ""rows"": 2000, ""rows_per_column"": 0.6666666666666666, ""rule"": ""default:dual-simplex"", ""rule_table"": ""dual-simplex""}",dual-simplex,default:dual-simplex,2000,3000,5997,0.0009995,2,0,0.6666666666666666,0.75,0,0,0,0,11991,1.9994997498749374,7989,1.3321660830415207,0,optimal,0.127077,1,37439.32682317258,2173,optimal,0.087918,1,37439.32682317258,14,optimal,0.404945,1,37439.32682328207,7080,30,bcf2e42,Windows-AMD64,2026-10-03T00:33:40+00:00
scaling-t500g3-s5,3fc5546ab0eca9d58748fa60cba604f3b9abe327d0276d40c367d3b270f6f0c9,train,scaling-t500g3,5,"{""boxed_column_share"": 0, ""cholesky_capped"": false, ""cholesky_fill_ratio"": 1.3321660830415207, ""cholesky_nonzeros"": 7989, ""columns"": 3000, ""dense_columns"": 0, ""density"": 0.0009995, ""equality_row_share"": 0.75, ""fixed_column_share"": 0, ""free_column_share"": 0, ""integer_share"": 0, ""learned_in_domain"": false, ""learned_path"": """", ""learned_tree"": ""dual-simplex"", ""max_column_count"": 2, ""nonzeros"": 5997, ""normal_equations_nnz_bound"": 11991, ""normal_equations_ratio"": 1.9994997498749374, ""rows"": 2000, ""rows_per_column"": 0.6666666666666666, ""rule"": ""default:dual-simplex"", ""rule_table"": ""dual-simplex""}",dual-simplex,default:dual-simplex,2000,3000,5997,0.0009995,2,0,0.6666666666666666,0.75,0,0,0,0,11991,1.9994997498749374,7989,1.3321660830415207,0,optimal,0.162697,1,37370.20259052035,2188,optimal,0.173446,1,37370.20259052035,14,optimal,0.634961,1,37370.20259037655,8760,30,bcf2e42,Windows-AMD64,2026-10-03T00:33:40+00:00
transport-s300d600a4w10-s1,e4cdac4377575a7509ed410f703b65aad26be2a42aea3354ba6d831d38f08a86,train,transport-s300d600a4w10,1,"{""boxed_column_share"": 0, ""cholesky_capped"": false, ""cholesky_fill_ratio"": 1.1135416666666667, ""cholesky_nonzeros"": 5345, ""columns"": 2400, ""dense_columns"": 0, ""density"": 0.0022222222222222222, ""equality_row_share"": 0.6666666666666666, ""fixed_column_share"": 0, ""free_column_share"": 0, ""integer_share"": 0, ""learned_in_domain"": false, ""learned_path"": """", ""learned_tree"": ""dual-simplex"", ""max_column_count"": 2, ""nonzeros"": 4800, ""normal_equations_nnz_bound"": 9600, ""normal_equations_ratio"": 2, ""rows"": 900, ""rows_per_column"": 0.375, ""rule"": ""default:dual-simplex"", ""rule_table"": ""dual-simplex""}",dual-simplex,default:dual-simplex,900,2400,4800,0.0022222222222222222,2,0,0.375,0.6666666666666666,0,0,0,0,9600,2,5345,1.1135416666666667,0,optimal,0.096682,1,230411.0,1214,optimal,0.082385,1,230411.0,875,optimal,0.091267,1,230411.00000147324,680,30,bcf2e42,Windows-AMD64,2026-10-03T00:33:40+00:00
transport-s300d600a4w10-s2,d2e9604eefc474b1eec868af2a1bb9b6547e2b759328ea6b63063e6adc6ca256,train,transport-s300d600a4w10,2,"{""boxed_column_share"": 0, ""cholesky_capped"": false, ""cholesky_fill_ratio"": 1.12125, ""cholesky_nonzeros"": 5382, ""columns"": 2400, ""dense_columns"": 0, ""density"": 0.0022222222222222222, ""equality_row_share"": 0.6666666666666666, ""fixed_column_share"": 0, ""free_column_share"": 0, ""integer_share"": 0, ""learned_in_domain"": false, ""learned_path"": """", ""learned_tree"": ""dual-simplex"", ""max_column_count"": 2, ""nonzeros"": 4800, ""normal_equations_nnz_bound"": 9600, ""normal_equations_ratio"": 2, ""rows"": 900, ""rows_per_column"": 0.375, ""rule"": ""default:dual-simplex"", ""rule_table"": ""dual-simplex""}",dual-simplex,default:dual-simplex,900,2400,4800,0.0022222222222222222,2,0,0.375,0.6666666666666666,0,0,0,0,9600,2,5382,1.12125,0,optimal,0.087937,1,245907.0,1184,optimal,0.098082,1,245907.0,840,optimal,0.114696,1,245907.00000367715,640,30,bcf2e42,Windows-AMD64,2026-10-03T00:33:40+00:00
transport-s300d600a4w10-s3,ac7b9674b999f3f9881b151c331316c495115cffedc497a921e90c4e6639afee,train,transport-s300d600a4w10,3,"{""boxed_column_share"": 0, ""cholesky_capped"": false, ""cholesky_fill_ratio"": 1.1216666666666666, ""cholesky_nonzeros"": 5384, ""columns"": 2400, ""dense_columns"": 0, ""density"": 0.0022222222222222222, ""equality_row_share"": 0.6666666666666666, ""fixed_column_share"": 0, ""free_column_share"": 0, ""integer_share"": 0, ""learned_in_domain"": false, ""learned_path"": """", ""learned_tree"": ""dual-simplex"", ""max_column_count"": 2, ""nonzeros"": 4800, ""normal_equations_nnz_bound"": 9600, ""normal_equations_ratio"": 2, ""rows"": 900, ""rows_per_column"": 0.375, ""rule"": ""default:dual-simplex"", ""rule_table"": ""dual-simplex""}",dual-simplex,default:dual-simplex,900,2400,4800,0.0022222222222222222,2,0,0.375,0.6666666666666666,0,0,0,0,9600,2,5384,1.1216666666666666,0,optimal,0.090567,1,234630.0,1191,optimal,0.104684,1,234630.0,861,optimal,0.094125,1,234630.00000126415,760,30,bcf2e42,Windows-AMD64,2026-10-03T00:33:40+00:00
transport-s300d600a4w10-s4,c73d49f4d731dff8f9c0d17ae7663a45e027561940883013bdeb8196ef24a2e1,train,transport-s300d600a4w10,4,"{""boxed_column_share"": 0, ""cholesky_capped"": false, ""cholesky_fill_ratio"": 1.1185416666666668, ""cholesky_nonzeros"": 5369, ""columns"": 2400, ""dense_columns"": 0, ""density"": 0.0022222222222222222, ""equality_row_share"": 0.6666666666666666, ""fixed_column_share"": 0, ""free_column_share"": 0, ""integer_share"": 0, ""learned_in_domain"": false, ""learned_path"": """", ""learned_tree"": ""dual-simplex"", ""max_column_count"": 2, ""nonzeros"": 4800, ""normal_equations_nnz_bound"": 9600, ""normal_equations_ratio"": 2, ""rows"": 900, ""rows_per_column"": 0.375, ""rule"": ""default:dual-simplex"", ""rule_table"": ""dual-simplex""}",dual-simplex,default:dual-simplex,900,2400,4800,0.0022222222222222222,2,0,0.375,0.6666666666666666,0,0,0,0,9600,2,5369,1.1185416666666668,0,optimal,0.082492,1,231244.0,1197,optimal,0.106080,1,231244.0,795,optimal,0.118563,1,231243.99999844466,840,30,bcf2e42,Windows-AMD64,2026-10-03T00:33:40+00:00
transport-s300d600a4w10-s5,0cba77de53a4d7fbfcd0e80f29e416587ff90f6803a0e607c78c0caf925843f0,train,transport-s300d600a4w10,5,"{""boxed_column_share"": 0, ""cholesky_capped"": false, ""cholesky_fill_ratio"": 1.13, ""cholesky_nonzeros"": 5424, ""columns"": 2400, ""dense_columns"": 0, ""density"": 0.0022222222222222222, ""equality_row_share"": 0.6666666666666666, ""fixed_column_share"": 0, ""free_column_share"": 0, ""integer_share"": 0, ""learned_in_domain"": false, ""learned_path"": """", ""learned_tree"": ""dual-simplex"", ""max_column_count"": 2, ""nonzeros"": 4800, ""normal_equations_nnz_bound"": 9600, ""normal_equations_ratio"": 2, ""rows"": 900, ""rows_per_column"": 0.375, ""rule"": ""default:dual-simplex"", ""rule_table"": ""dual-simplex""}",dual-simplex,default:dual-simplex,900,2400,4800,0.0022222222222222222,2,0,0.375,0.6666666666666666,0,0,0,0,9600,2,5424,1.13,0,optimal,0.087213,1,243872.0,1219,optimal,0.090484,1,243872.0,827,optimal,0.089214,1,243872.0000015424,760,30,bcf2e42,Windows-AMD64,2026-10-03T00:33:40+00:00
transport-s1000d2000a5w20-s1,fc56c2091182216c55481cd58a591935cba969fa2b081efb3b5ccdbc71a4711f,test,transport-s1000d2000a5w20,1,"{""boxed_column_share"": 0, ""cholesky_capped"": false, ""cholesky_fill_ratio"": 1.4172, ""cholesky_nonzeros"": 28344, ""columns"": 10000, ""dense_columns"": 0, ""density"": 0.0006666666666666666, ""equality_row_share"": 0.6666666666666666, ""fixed_column_share"": 0, ""free_column_share"": 0, ""integer_share"": 0, ""learned_in_domain"": false, ""learned_path"": """", ""learned_tree"": ""dual-simplex"", ""max_column_count"": 2, ""nonzeros"": 20000, ""normal_equations_nnz_bound"": 40000, ""normal_equations_ratio"": 2, ""rows"": 3000, ""rows_per_column"": 0.3, ""rule"": ""default:dual-simplex"", ""rule_table"": ""dual-simplex""}",dual-simplex,default:dual-simplex,3000,10000,20000,0.0006666666666666666,2,0,0.3,0.6666666666666666,0,0,0,0,40000,2,28344,1.4172,0,optimal,0.347367,1,1014943.0,4470,optimal,0.495026,1,1014943.0,3951,optimal,0.318796,1,1014943.0000088413,560,30,bcf2e42,Windows-AMD64,2026-10-03T00:33:40+00:00
transport-s1000d2000a5w20-s2,d22bd2ada2b4d1a88a3b1ca27846bd2ddd61b503224e49592ad4708555ef32ad,test,transport-s1000d2000a5w20,2,"{""boxed_column_share"": 0, ""cholesky_capped"": false, ""cholesky_fill_ratio"": 1.4248, ""cholesky_nonzeros"": 28496, ""columns"": 10000, ""dense_columns"": 0, ""density"": 0.0006666666666666666, ""equality_row_share"": 0.6666666666666666, ""fixed_column_share"": 0, ""free_column_share"": 0, ""integer_share"": 0, ""learned_in_domain"": false, ""learned_path"": """", ""learned_tree"": ""dual-simplex"", ""max_column_count"": 2, ""nonzeros"": 20000, ""normal_equations_nnz_bound"": 40000, ""normal_equations_ratio"": 2, ""rows"": 3000, ""rows_per_column"": 0.3, ""rule"": ""default:dual-simplex"", ""rule_table"": ""dual-simplex""}",dual-simplex,default:dual-simplex,3000,10000,20000,0.0006666666666666666,2,0,0.3,0.6666666666666666,0,0,0,0,40000,2,28496,1.4248,0,optimal,0.334523,1,1005933.0,4457,optimal,0.420451,1,1005933.0,3708,optimal,0.232383,1,1005933.0000019853,560,30,bcf2e42,Windows-AMD64,2026-10-03T00:33:40+00:00
transport-s1000d2000a5w20-s3,0f402b012ed607659f55ee98e02b4100682fca4aebe612ed7a3874abcce305b0,test,transport-s1000d2000a5w20,3,"{""boxed_column_share"": 0, ""cholesky_capped"": false, ""cholesky_fill_ratio"": 1.4511, ""cholesky_nonzeros"": 29022, ""columns"": 10000, ""dense_columns"": 0, ""density"": 0.0006666666666666666, ""equality_row_share"": 0.6666666666666666, ""fixed_column_share"": 0, ""free_column_share"": 0, ""integer_share"": 0, ""learned_in_domain"": false, ""learned_path"": """", ""learned_tree"": ""dual-simplex"", ""max_column_count"": 2, ""nonzeros"": 20000, ""normal_equations_nnz_bound"": 40000, ""normal_equations_ratio"": 2, ""rows"": 3000, ""rows_per_column"": 0.3, ""rule"": ""default:dual-simplex"", ""rule_table"": ""dual-simplex""}",dual-simplex,default:dual-simplex,3000,10000,20000,0.0006666666666666666,2,0,0.3,0.6666666666666666,0,0,0,0,40000,2,29022,1.4511,0,optimal,0.401256,1,1002724.0,4530,optimal,0.526609,1,1002724.0,3752,optimal,0.309303,1,1002724.0000037506,720,30,bcf2e42,Windows-AMD64,2026-10-03T00:33:40+00:00
transport-s1000d2000a5w20-s4,0d0e610d6c273982cfa7f2a911b375a7640901032df74fdbc3d68361746dde0f,test,transport-s1000d2000a5w20,4,"{""boxed_column_share"": 0, ""cholesky_capped"": false, ""cholesky_fill_ratio"": 1.402, ""cholesky_nonzeros"": 28040, ""columns"": 10000, ""dense_columns"": 0, ""density"": 0.0006666666666666666, ""equality_row_share"": 0.6666666666666666, ""fixed_column_share"": 0, ""free_column_share"": 0, ""integer_share"": 0, ""learned_in_domain"": false, ""learned_path"": """", ""learned_tree"": ""dual-simplex"", ""max_column_count"": 2, ""nonzeros"": 20000, ""normal_equations_nnz_bound"": 40000, ""normal_equations_ratio"": 2, ""rows"": 3000, ""rows_per_column"": 0.3, ""rule"": ""default:dual-simplex"", ""rule_table"": ""dual-simplex""}",dual-simplex,default:dual-simplex,3000,10000,20000,0.0006666666666666666,2,0,0.3,0.6666666666666666,0,0,0,0,40000,2,28040,1.402,0,optimal,0.412789,1,1018605.0,4546,optimal,0.563365,1,1018605.0,3984,optimal,0.199429,1,1018604.9999980374,480,30,bcf2e42,Windows-AMD64,2026-10-03T00:33:40+00:00
transport-s1000d2000a5w20-s5,f3829869a1629b3b681418505bf04b9b72dcde41d9e079fd97f5bf1724752fcf,test,transport-s1000d2000a5w20,5,"{""boxed_column_share"": 0, ""cholesky_capped"": false, ""cholesky_fill_ratio"": 1.4279, ""cholesky_nonzeros"": 28558, ""columns"": 10000, ""dense_columns"": 0, ""density"": 0.0006666666666666666, ""equality_row_share"": 0.6666666666666666, ""fixed_column_share"": 0, ""free_column_share"": 0, ""integer_share"": 0, ""learned_in_domain"": false, ""learned_path"": """", ""learned_tree"": ""dual-simplex"", ""max_column_count"": 2, ""nonzeros"": 20000, ""normal_equations_nnz_bound"": 40000, ""normal_equations_ratio"": 2, ""rows"": 3000, ""rows_per_column"": 0.3, ""rule"": ""default:dual-simplex"", ""rule_table"": ""dual-simplex""}",dual-simplex,default:dual-simplex,3000,10000,20000,0.0006666666666666666,2,0,0.3,0.6666666666666666,0,0,0,0,40000,2,28558,1.4279,0,optimal,0.325615,1,1000552.0,4541,optimal,0.405464,1,1000552.0,3871,optimal,0.322426,1,1000552.0000011104,960,30,bcf2e42,Windows-AMD64,2026-10-03T00:33:40+00:00
transport-s3000d6000a6w30-s1,5fb091fc1faa0ee7955d7a2116ffa3615f849dcc65cdacc32a5225d16c1e84fa,train,transport-s3000d6000a6w30,1,"{""boxed_column_share"": 0, ""cholesky_capped"": false, ""cholesky_fill_ratio"": 1.7361805555555556, ""cholesky_nonzeros"": 125005, ""columns"": 36000, ""dense_columns"": 0, ""density"": 0.00022222222222222223, ""equality_row_share"": 0.6666666666666666, ""fixed_column_share"": 0, ""free_column_share"": 0, ""integer_share"": 0, ""learned_in_domain"": false, ""learned_path"": """", ""learned_tree"": ""dual-simplex"", ""max_column_count"": 2, ""nonzeros"": 72000, ""normal_equations_nnz_bound"": 144000, ""normal_equations_ratio"": 2, ""rows"": 9000, ""rows_per_column"": 0.25, ""rule"": ""default:dual-simplex"", ""rule_table"": ""dual-simplex""}",dual-simplex,default:dual-simplex,9000,36000,72000,0.00022222222222222223,2,0,0.25,0.6666666666666666,0,0,0,0,144000,2,125005,1.7361805555555556,0,optimal,2.603920,1,3660446.0,14829,optimal,4.638670,1,3660446.0,14051,optimal,0.607556,1,3660445.9999988955,400,30,bcf2e42,Windows-AMD64,2026-10-03T00:33:40+00:00
transport-s3000d6000a6w30-s2,1ba164d34203ff12cbbd5abf13067acb4587ea341df21b29d4ce02a6f213b2eb,train,transport-s3000d6000a6w30,2,"{""boxed_column_share"": 0, ""cholesky_capped"": false, ""cholesky_fill_ratio"": 1.7187222222222223, ""cholesky_nonzeros"": 123748, ""columns"": 36000, ""dense_columns"": 0, ""density"": 0.00022222222222222223, ""equality_row_share"": 0.6666666666666666, ""fixed_column_share"": 0, ""free_column_share"": 0, ""integer_share"": 0, ""learned_in_domain"": false, ""learned_path"": """", ""learned_tree"": ""dual-simplex"", ""max_column_count"": 2, ""nonzeros"": 72000, ""normal_equations_nnz_bound"": 144000, ""normal_equations_ratio"": 2, ""rows"": 9000, ""rows_per_column"": 0.25, ""rule"": ""default:dual-simplex"", ""rule_table"": ""dual-simplex""}",dual-simplex,default:dual-simplex,9000,36000,72000,0.00022222222222222223,2,0,0.25,0.6666666666666666,0,0,0,0,144000,2,123748,1.7187222222222223,0,optimal,2.731377,1,3692087.0,14804,optimal,4.218462,1,3692087.0,14191,optimal,0.778999,1,3692086.999997401,480,30,bcf2e42,Windows-AMD64,2026-10-03T00:33:40+00:00
transport-s3000d6000a6w30-s3,718322735383fd01e058f0f56da3f85233062e46afcfa0faf98ecc0b717720aa,train,transport-s3000d6000a6w30,3,"{""boxed_column_share"": 0, ""cholesky_capped"": false, ""cholesky_fill_ratio"": 1.6881527777777778, ""cholesky_nonzeros"": 121547, ""columns"": 36000, ""dense_columns"": 0, ""density"": 0.00022222222222222223, ""equality_row_share"": 0.6666666666666666, ""fixed_column_share"": 0, ""free_column_share"": 0, ""integer_share"": 0, ""learned_in_domain"": false, ""learned_path"": """", ""learned_tree"": ""dual-simplex"", ""max_column_count"": 2, ""nonzeros"": 72000, ""normal_equations_nnz_bound"": 144000, ""normal_equations_ratio"": 2, ""rows"": 9000, ""rows_per_column"": 0.25, ""rule"": ""default:dual-simplex"", ""rule_table"": ""dual-simplex""}",dual-simplex,default:dual-simplex,9000,36000,72000,0.00022222222222222223,2,0,0.25,0.6666666666666666,0,0,0,0,144000,2,121547,1.6881527777777778,0,optimal,2.260475,1,3687634.9999999995,14774,optimal,4.049356,1,3687635.0,13789,optimal,1.094367,1,3687634.9999975953,680,30,bcf2e42,Windows-AMD64,2026-10-03T00:33:40+00:00
transport-s3000d6000a6w30-s4,482232d38879191eea478fd48a2ab2b34c275b29d063d1e4d2b67ddb9a21f6c3,train,transport-s3000d6000a6w30,4,"{""boxed_column_share"": 0, ""cholesky_capped"": false, ""cholesky_fill_ratio"": 1.6815694444444444, ""cholesky_nonzeros"": 121073, ""columns"": 36000, ""dense_columns"": 0, ""density"": 0.00022222222222222223, ""equality_row_share"": 0.6666666666666666, ""fixed_column_share"": 0, ""free_column_share"": 0, ""integer_share"": 0, ""learned_in_domain"": false, ""learned_path"": """", ""learned_tree"": ""dual-simplex"", ""max_column_count"": 2, ""nonzeros"": 72000, ""normal_equations_nnz_bound"": 144000, ""normal_equations_ratio"": 2, ""rows"": 9000, ""rows_per_column"": 0.25, ""rule"": ""default:dual-simplex"", ""rule_table"": ""dual-simplex""}",dual-simplex,default:dual-simplex,9000,36000,72000,0.00022222222222222223,2,0,0.25,0.6666666666666666,0,0,0,0,144000,2,121073,1.6815694444444444,0,optimal,2.344074,1,3589169.0,14823,optimal,6.574950,1,3589169.0,14917,optimal,0.581904,1,3589169.0000013676,520,30,bcf2e42,Windows-AMD64,2026-10-03T00:33:40+00:00
transport-s3000d6000a6w30-s5,b88b32acd6d19682cd4bac071daca8682c280766446e000298ab13494996c12d,train,transport-s3000d6000a6w30,5,"{""boxed_column_share"": 0, ""cholesky_capped"": false, ""cholesky_fill_ratio"": 1.7364305555555555, ""cholesky_nonzeros"": 125023, ""columns"": 36000, ""dense_columns"": 0, ""density"": 0.00022222222222222223, ""equality_row_share"": 0.6666666666666666, ""fixed_column_share"": 0, ""free_column_share"": 0, ""integer_share"": 0, ""learned_in_domain"": false, ""learned_path"": """", ""learned_tree"": ""dual-simplex"", ""max_column_count"": 2, ""nonzeros"": 72000, ""normal_equations_nnz_bound"": 144000, ""normal_equations_ratio"": 2, ""rows"": 9000, ""rows_per_column"": 0.25, ""rule"": ""default:dual-simplex"", ""rule_table"": ""dual-simplex""}",dual-simplex,default:dual-simplex,9000,36000,72000,0.00022222222222222223,2,0,0.25,0.6666666666666666,0,0,0,0,144000,2,125023,1.7364305555555555,0,optimal,2.671220,1,3622330.0,14666,optimal,3.774278,1,3622330.0,13862,optimal,0.841509,1,3622330.0000090934,600,30,bcf2e42,Windows-AMD64,2026-10-03T00:33:40+00:00
