suite,instance,instance_sha256,rows,columns,solver,solver_version,status,message,objective,point_objective,reference_objective,absolute_gap,relative_gap,matches_reference,exact_objective,matches_exact,verification,independently_verified,verifier_message,counted_for_time,solver_seconds,wall_seconds,iterations,time_limit,threads,git_commit,machine,timestamp_utc
netlib,25fv47,e0da0d47ae56bef34f11ac03563027da57dd4ab792d978c0dc8e27a16117f627,821,1571,sankhya,fe8a61c,optimal,,5501.84588828675,5501.84588828675,5501.8458883,1.3250428310129791e-08,2.4083604992112937e-12,1,5501.845888286744,1,primal+dual,1,,1,0.26994675,0.27925559199996997,4586,120.0,1,fe8a61c,cloud container (docker); Intel(R) Xeon(R) Processor @ 2.10GHz; 4 cores; 16 GiB RAM; Linux-x86_64,2026-09-30T03:28:39+00:00
netlib,25fv47,e0da0d47ae56bef34f11ac03563027da57dd4ab792d978c0dc8e27a16117f627,821,1571,highs,1.15.1,optimal,optimal,5501.845888286757,5501.845888286757,5501.8458883,1.3243152352515608e-08,2.4070380416648805e-12,1,5501.845888286744,1,primal+dual,1,,1,0.14854884147644043,2.804633587000012,2583,120.0,1,fe8a61c,cloud container (docker); Intel(R) Xeon(R) Processor @ 2.10GHz; 4 cores; 16 GiB RAM; Linux-x86_64,2026-09-30T03:28:39+00:00
netlib,25fv47,e0da0d47ae56bef34f11ac03563027da57dd4ab792d978c0dc8e27a16117f627,821,1571,scip,10.0.2,optimal,optimal,5501.845888286746,5501.845888286754,5501.8458883,1.3245880836620927e-08,2.4075339632447855e-12,1,5501.845888286744,1,primal-only,1,,1,0.48701099999999997,1.6595934380000017,7871,120.0,1,fe8a61c,cloud container (docker); Intel(R) Xeon(R) Processor @ 2.10GHz; 4 cores; 16 GiB RAM; Linux-x86_64,2026-09-30T03:28:39+00:00
netlib,25fv47,e0da0d47ae56bef34f11ac03563027da57dd4ab792d978c0dc8e27a16117f627,821,1571,cbc-clp,1.17.9,optimal,Optimal,5501.845888286744,5501.845888286744,5501.8458883,1.3255885278340429e-08,2.4093523423711032e-12,1,5501.845888286744,1,primal+dual,1,,1,1.3553100940000036,1.3553100940000036,2702,120.0,1,fe8a61c,cloud container (docker); Intel(R) Xeon(R) Processor @ 2.10GHz; 4 cores; 16 GiB RAM; Linux-x86_64,2026-09-30T03:28:39+00:00
netlib,25fv47,e0da0d47ae56bef34f11ac03563027da57dd4ab792d978c0dc8e27a16117f627,821,1571,glpk,5.0,optimal,2401 lines were written,5501.84588828675,5501.8458882867535,5501.8458883,1.32467903313227e-08,2.407699270438087e-12,1,5501.845888286744,1,primal+dual,1,,1,0.2,0.21913849399999208,1615,120.0,1,fe8a61c,cloud container (docker); Intel(R) Xeon(R) Processor @ 2.10GHz; 4 cores; 16 GiB RAM; Linux-x86_64,2026-09-30T03:28:39+00:00
netlib,80bau3b,22aef70f5ce164435b15c5c0aa3be93a99932dc136eb936eb17835a661087b9f,2262,9799,sankhya,fe8a61c,optimal,,987224.192409091,987224.192409091,987232.16072,7.9683109089965,8.071364797501246e-06,0,987224.1924090902,1,primal+dual,1,,1,0.250692472,0.2818515029999844,3887,120.0,1,fe8a61c,cloud container (docker); Intel(R) Xeon(R) Processor @ 2.10GHz; 4 cores; 16 GiB RAM; Linux-x86_64,2026-09-30T03:28:46+00:00
netlib,80bau3b,22aef70f5ce164435b15c5c0aa3be93a99932dc136eb936eb17835a661087b9f,2262,9799,highs,1.15.1,optimal,optimal,987224.1924090902,987224.1924090902,987232.16072,7.968310909811407,8.071364798326691e-06,0,987224.1924090902,1,primal+dual,1,,1,0.1265125274658203,2.099925354999982,3097,120.0,1,fe8a61c,cloud container (docker); Intel(R) Xeon(R) Processor @ 2.10GHz; 4 cores; 16 GiB RAM; Linux-x86_64,2026-09-30T03:28:46+00:00
netlib,80bau3b,22aef70f5ce164435b15c5c0aa3be93a99932dc136eb936eb17835a661087b9f,2262,9799,scip,10.0.2,optimal,optimal,987224.1924090898,987224.1924090903,987232.16072,7.968310909694992,8.07136479820877e-06,0,987224.1924090902,1,primal-only,1,,1,0.38566,0.5901802439999528,6224,120.0,1,fe8a61c,cloud container (docker); Intel(R) Xeon(R) Processor @ 2.10GHz; 4 cores; 16 GiB RAM; Linux-x86_64,2026-09-30T03:28:46+00:00
netlib,80bau3b,22aef70f5ce164435b15c5c0aa3be93a99932dc136eb936eb17835a661087b9f,2262,9799,cbc-clp,1.17.9,optimal,Optimal,987224.1924090906,987224.1924090906,987232.16072,7.968310909462161,8.07136479797293e-06,0,987224.1924090902,1,primal+dual,1,,1,0.11091139000001249,0.11091139000001249,3253,120.0,1,fe8a61c,cloud container (docker); Intel(R) Xeon(R) Processor @ 2.10GHz; 4 cores; 16 GiB RAM; Linux-x86_64,2026-09-30T03:28:46+00:00
netlib,80bau3b,22aef70f5ce164435b15c5c0aa3be93a99932dc136eb936eb17835a661087b9f,2262,9799,glpk,5.0,optimal,12070 lines were written,987224.192409091,987224.192409091,987232.16072,7.9683109089965,8.071364797501246e-06,0,987224.1924090902,1,primal+dual,1,,1,0.6,0.602405559000033,5513,120.0,1,fe8a61c,cloud container (docker); Intel(R) Xeon(R) Processor @ 2.10GHz; 4 cores; 16 GiB RAM; Linux-x86_64,2026-09-30T03:28:46+00:00
netlib,adlittle,db211f7bf735518a246a2a0e385ec51abc09cd601da7ae50d6c3fe083cb6f94b,56,97,sankhya,fe8a61c,optimal,,225494.96316238042,225494.96316238042,225494.96316,2.3804022930562496e-06,1.055634351959886e-11,1,225494.9631623804,1,primal+dual,1,,1,0.00082072,0.004340987999967183,86,120.0,1,fe8a61c,cloud container (docker); Intel(R) Xeon(R) Processor @ 2.10GHz; 4 cores; 16 GiB RAM; Linux-x86_64,2026-09-30T03:28:51+00:00
netlib,adlittle,db211f7bf735518a246a2a0e385ec51abc09cd601da7ae50d6c3fe083cb6f94b,56,97,highs,1.15.1,optimal,optimal,225494.9631623803,225494.9631623803,225494.96316,2.3802858777344227e-06,1.0555827253868593e-11,1,225494.9631623804,1,primal+dual,1,,1,0.0017240047454833984,0.14038472899994758,87,120.0,1,fe8a61c,cloud container (docker); Intel(R) Xeon(R) Processor @ 2.10GHz; 4 cores; 16 GiB RAM; Linux-x86_64,2026-09-30T03:28:51+00:00
netlib,adlittle,db211f7bf735518a246a2a0e385ec51abc09cd601da7ae50d6c3fe083cb6f94b,56,97,scip,10.0.2,optimal,optimal,225494.9631623802,225494.96316238013,225494.96316,2.3801112547516823e-06,1.0555052855273196e-11,1,225494.9631623804,1,primal-only,1,,1,0.0040149999999999995,0.1305821359999868,120,120.0,1,fe8a61c,cloud container (docker); Intel(R) Xeon(R) Processor @ 2.10GHz; 4 cores; 16 GiB RAM; Linux-x86_64,2026-09-30T03:28:51+00:00
netlib,adlittle,db211f7bf735518a246a2a0e385ec51abc09cd601da7ae50d6c3fe083cb6f94b,56,97,cbc-clp,1.17.9,optimal,Optimal,225494.96316238027,225494.96316238027,225494.96316,2.380256773903966e-06,1.0555698187436028e-11,1,225494.9631623804,1,primal+dual,1,,1,0.005874570000003132,0.005874570000003132,73,120.0,1,fe8a61c,cloud container (docker); Intel(R) Xeon(R) Processor @ 2.10GHz; 4 cores; 16 GiB RAM; Linux-x86_64,2026-09-30T03:28:51+00:00
netlib,adlittle,db211f7bf735518a246a2a0e385ec51abc09cd601da7ae50d6c3fe083cb6f94b,56,97,glpk,5.0,optimal,162 lines were written,225494.963162383,225494.9631623824,225494.96316,2.3823813535273075e-06,1.0565120037013369e-11,1,225494.9631623804,1,primal+dual,1,,1,0.0,0.004087503999983255,86,120.0,1,fe8a61c,cloud container (docker); Intel(R) Xeon(R) Processor @ 2.10GHz; 4 cores; 16 GiB RAM; Linux-x86_64,2026-09-30T03:28:51+00:00
netlib,afiro,04992b87e57e57c1c417c96b846833bfa12e055eeaa623f043c45fc773b5be41,27,32,sankhya,fe8a61c,optimal,,-464.75314285714285,-464.75314285714285,-464.75314286,2.857177605619654e-09,6.147731649617561e-12,1,-464.75314285714285,1,primal+dual,1,,1,0.000331133,0.00377084800004468,13,120.0,1,fe8a61c,cloud container (docker); Intel(R) Xeon(R) Processor @ 2.10GHz; 4 cores; 16 GiB RAM; Linux-x86_64,2026-09-30T03:28:51+00:00
netlib,afiro,04992b87e57e57c1c417c96b846833bfa12e055eeaa623f043c45fc773b5be41,27,32,highs,1.15.1,optimal,optimal,-464.75314285714285,-464.75314285714285,-464.75314286,2.857177605619654e-09,6.147731649617561e-12,1,-464.75314285714285,1,primal+dual,1,,1,0.0006334781646728516,0.12714007699997865,6,120.0,1,fe8a61c,cloud container (docker); Intel(R) Xeon(R) Processor @ 2.10GHz; 4 cores; 16 GiB RAM; Linux-x86_64,2026-09-30T03:28:51+00:00
netlib,afiro,04992b87e57e57c1c417c96b846833bfa12e055eeaa623f043c45fc773b5be41,27,32,scip,10.0.2,optimal,optimal,-464.75314285714273,-464.75314285714285,-464.75314286,2.857177605619654e-09,6.147731649617561e-12,1,-464.75314285714285,1,primal-only,1,,1,0.001298,0.1164872629999536,11,120.0,1,fe8a61c,cloud container (docker); Intel(R) Xeon(R) Processor @ 2.10GHz; 4 cores; 16 GiB RAM; Linux-x86_64,2026-09-30T03:28:51+00:00
netlib,afiro,04992b87e57e57c1c417c96b846833bfa12e055eeaa623f043c45fc773b5be41,27,32,cbc-clp,1.17.9,optimal,Optimal,-464.75314285714296,-464.75314285714285,-464.75314286,2.857177605619654e-09,6.147731649617561e-12,1,-464.75314285714285,1,primal+dual,1,,1,0.004581852000001163,0.004581852000001163,5,120.0,1,fe8a61c,cloud container (docker); Intel(R) Xeon(R) Processor @ 2.10GHz; 4 cores; 16 GiB RAM; Linux-x86_64,2026-09-30T03:28:51+00:00
netlib,afiro,04992b87e57e57c1c417c96b846833bfa12e055eeaa623f043c45fc773b5be41,27,32,glpk,5.0,optimal,68 lines were written,-464.753142857143,-464.7531428571428,-464.75314286,2.857234449038515e-09,6.147853958459866e-12,1,-464.75314285714285,1,primal+dual,1,,1,0.0,0.003076120000002902,10,120.0,1,fe8a61c,cloud container (docker); Intel(R) Xeon(R) Processor @ 2.10GHz; 4 cores; 16 GiB RAM; Linux-x86_64,2026-09-30T03:28:51+00:00
netlib,agg,d7844795d0c799f5cdc1416c8d242f5e8f351f5a3271f42a2d428f170abf1f03,488,163,sankhya,fe8a61c,optimal,,-35991767.2865765,-35991767.2865765,-35991767.287,0.0004234984517097473,1.1766536728601052e-11,1,-35991767.28657651,1,primal+dual,1,,1,0.003393257,0.007746886000006725,140,120.0,1,fe8a61c,cloud container (docker); Intel(R) Xeon(R) Processor @ 2.10GHz; 4 cores; 16 GiB RAM; Linux-x86_64,2026-09-30T03:28:52+00:00
netlib,agg,d7844795d0c799f5cdc1416c8d242f5e8f351f5a3271f42a2d428f170abf1f03,488,163,highs,1.15.1,optimal,optimal,-35991767.2865765,-35991767.2865765,-35991767.287,0.0004234984517097473,1.1766536728601052e-11,1,-35991767.28657651,1,primal+dual,1,,1,0.0029480457305908203,0.13601043100004517,102,120.0,1,fe8a61c,cloud container (docker); Intel(R) Xeon(R) Processor @ 2.10GHz; 4 cores; 16 GiB RAM; Linux-x86_64,2026-09-30T03:28:52+00:00
netlib,agg,d7844795d0c799f5cdc1416c8d242f5e8f351f5a3271f42a2d428f170abf1f03,488,163,scip,10.0.2,optimal,optimal,-35991767.28657653,-35991767.286576524,-35991767.287,0.00042347609996795654,1.1765915704864914e-11,1,-35991767.28657651,1,primal-only,1,,1,0.010952,0.18527355399999124,124,120.0,1,fe8a61c,cloud container (docker); Intel(R) Xeon(R) Processor @ 2.10GHz; 4 cores; 16 GiB RAM; Linux-x86_64,2026-09-30T03:28:52+00:00
netlib,agg,d7844795d0c799f5cdc1416c8d242f5e8f351f5a3271f42a2d428f170abf1f03,488,163,cbc-clp,1.17.9,optimal,Optimal,-35991767.28657649,-35991767.28657649,-35991767.287,0.00042351335287094116,1.1766950744425143e-11,1,-35991767.28657651,1,primal+dual,1,,1,0.009538279000025796,0.009538279000025796,90,120.0,1,fe8a61c,cloud container (docker); Intel(R) Xeon(R) Processor @ 2.10GHz; 4 cores; 16 GiB RAM; Linux-x86_64,2026-09-30T03:28:52+00:00
netlib,agg,d7844795d0c799f5cdc1416c8d242f5e8f351f5a3271f42a2d428f170abf1f03,488,163,glpk,5.0,optimal,660 lines were written,-35991767.2865765,-35991767.28657651,-35991767.287,0.0004234910011291504,1.1766329720689005e-11,1,-35991767.28657651,1,primal+dual,1,,1,0.0,0.010471699000049739,76,120.0,1,fe8a61c,cloud container (docker); Intel(R) Xeon(R) Processor @ 2.10GHz; 4 cores; 16 GiB RAM; Linux-x86_64,2026-09-30T03:28:52+00:00
netlib,agg2,0515e9b78a802f9473578b23a7a60075554fc39ea7b5796fb41530cd760e4534,516,302,sankhya,fe8a61c,optimal,,-20239252.355977118,-20239252.355977118,-20239252.356,2.2880733013153076e-05,1.130512758608398e-12,1,-20239252.35597711,1,primal+dual,1,,1,0.003482494,0.009384038000007422,165,120.0,1,fe8a61c,cloud container (docker); Intel(R) Xeon(R) Processor @ 2.10GHz; 4 cores; 16 GiB RAM; Linux-x86_64,2026-09-30T03:28:52+00:00
netlib,agg2,0515e9b78a802f9473578b23a7a60075554fc39ea7b5796fb41530cd760e4534,516,302,highs,1.15.1,optimal,optimal,-20239252.355977118,-20239252.355977118,-20239252.356,2.2880733013153076e-05,1.130512758608398e-12,1,-20239252.35597711,1,primal+dual,1,,1,0.004677534103393555,0.12463385399996696,168,120.0,1,fe8a61c,cloud container (docker); Intel(R) Xeon(R) Processor @ 2.10GHz; 4 cores; 16 GiB RAM; Linux-x86_64,2026-09-30T03:28:52+00:00
netlib,agg2,0515e9b78a802f9473578b23a7a60075554fc39ea7b5796fb41530cd760e4534,516,302,scip,10.0.2,optimal,optimal,-20239252.355977118,-20239252.35597712,-20239252.356,2.2877007722854614e-05,1.1303286959645347e-12,1,-20239252.35597711,1,primal-only,1,,1,0.018175,0.1760322930000484,193,120.0,1,fe8a61c,cloud container (docker); Intel(R) Xeon(R) Processor @ 2.10GHz; 4 cores; 16 GiB RAM; Linux-x86_64,2026-09-30T03:28:52+00:00
netlib,agg2,0515e9b78a802f9473578b23a7a60075554fc39ea7b5796fb41530cd760e4534,516,302,cbc-clp,1.17.9,optimal,Optimal,-20239252.35597712,-20239252.35597712,-20239252.356,2.2877007722854614e-05,1.1303286959645347e-12,1,-20239252.35597711,1,primal+dual,1,,1,0.011273055000003751,0.011273055000003751,165,120.0,1,fe8a61c,cloud container (docker); Intel(R) Xeon(R) Processor @ 2.10GHz; 4 cores; 16 GiB RAM; Linux-x86_64,2026-09-30T03:28:52+00:00
netlib,agg2,0515e9b78a802f9473578b23a7a60075554fc39ea7b5796fb41530cd760e4534,516,302,glpk,5.0,optimal,827 lines were written,-20239252.3559771,-20239252.355977125,-20239252.356,2.2873282432556152e-05,1.1301446333206713e-12,1,-20239252.35597711,1,primal+dual,1,,1,0.0,0.009934877000034703,201,120.0,1,fe8a61c,cloud container (docker); Intel(R) Xeon(R) Processor @ 2.10GHz; 4 cores; 16 GiB RAM; Linux-x86_64,2026-09-30T03:28:52+00:00
netlib,agg3,1a6e78a0b7d210c935c97527ce49449d0655f9605fcbc33bfdfc93952f3b12d1,516,302,sankhya,fe8a61c,optimal,,10312115.935089227,10312115.935089227,10312115.935,8.922629058361053e-05,8.652568604351182e-12,1,10312115.935089225,1,primal+dual,1,,1,0.004218186,0.010668356999985917,168,120.0,1,fe8a61c,cloud container (docker); Intel(R) Xeon(R) Processor @ 2.10GHz; 4 cores; 16 GiB RAM; Linux-x86_64,2026-09-30T03:28:53+00:00
netlib,agg3,1a6e78a0b7d210c935c97527ce49449d0655f9605fcbc33bfdfc93952f3b12d1,516,302,highs,1.15.1,optimal,optimal,10312115.935089216,10312115.935089216,10312115.935,8.921511471271515e-05,8.651484843174928e-12,1,10312115.935089225,1,primal+dual,1,,1,0.008397579193115234,0.13571485500000335,164,120.0,1,fe8a61c,cloud container (docker); Intel(R) Xeon(R) Processor @ 2.10GHz; 4 cores; 16 GiB RAM; Linux-x86_64,2026-09-30T03:28:53+00:00
netlib,agg3,1a6e78a0b7d210c935c97527ce49449d0655f9605fcbc33bfdfc93952f3b12d1,516,302,scip,10.0.2,optimal,optimal,10312115.93508923,10312115.935089217,10312115.935,8.921697735786438e-05,8.651665470037637e-12,1,10312115.935089225,1,primal-only,1,,1,0.011497,0.14989662199997156,205,120.0,1,fe8a61c,cloud container (docker); Intel(R) Xeon(R) Processor @ 2.10GHz; 4 cores; 16 GiB RAM; Linux-x86_64,2026-09-30T03:28:53+00:00
netlib,agg3,1a6e78a0b7d210c935c97527ce49449d0655f9605fcbc33bfdfc93952f3b12d1,516,302,cbc-clp,1.17.9,optimal,Optimal,10312115.935089217,10312115.935089217,10312115.935,8.921697735786438e-05,8.651665470037637e-12,1,10312115.935089225,1,primal+dual,1,,1,0.008961499000008644,0.008961499000008644,188,120.0,1,fe8a61c,cloud container (docker); Intel(R) Xeon(R) Processor @ 2.10GHz; 4 cores; 16 GiB RAM; Linux-x86_64,2026-09-30T03:28:53+00:00
netlib,agg3,1a6e78a0b7d210c935c97527ce49449d0655f9605fcbc33bfdfc93952f3b12d1,516,302,glpk,5.0,optimal,827 lines were written,10312115.9350892,10312115.935089214,10312115.935,8.921325206756592e-05,8.651304216312219e-12,1,10312115.935089225,1,primal+dual,1,,1,0.0,0.016237801000045238,193,120.0,1,fe8a61c,cloud container (docker); Intel(R) Xeon(R) Processor @ 2.10GHz; 4 cores; 16 GiB RAM; Linux-x86_64,2026-09-30T03:28:53+00:00
netlib,bandm,696daa77a79a0715c2fad877285e49bd7fcd7f5513f3cb83fbe0be916b6d8c81,305,472,sankhya,fe8a61c,optimal,,-158.62801845012086,-158.62801845012086,-158.62801845,1.2084910849807784e-10,7.61839614961652e-13,1,-158.62801845012063,1,primal+dual,1,,1,0.009995964,0.015108965999957036,520,120.0,1,fe8a61c,cloud container (docker); Intel(R) Xeon(R) Processor @ 2.10GHz; 4 cores; 16 GiB RAM; Linux-x86_64,2026-09-30T03:28:54+00:00
netlib,bandm,696daa77a79a0715c2fad877285e49bd7fcd7f5513f3cb83fbe0be916b6d8c81,305,472,highs,1.15.1,optimal,optimal,-158.62801845012078,-158.62801845012078,-158.62801845,1.2076384336978663e-10,7.613020987704749e-13,1,-158.62801845012063,1,primal+dual,1,,1,0.00903773307800293,0.13951389599998265,382,120.0,1,fe8a61c,cloud container (docker); Intel(R) Xeon(R) Processor @ 2.10GHz; 4 cores; 16 GiB RAM; Linux-x86_64,2026-09-30T03:28:54+00:00
netlib,bandm,696daa77a79a0715c2fad877285e49bd7fcd7f5513f3cb83fbe0be916b6d8c81,305,472,scip,10.0.2,optimal,optimal,-158.62801845012095,-158.628018450121,-158.62801845,1.2099121704522986e-10,7.627354752802805e-13,1,-158.62801845012063,1,primal-only,1,,1,0.024076,0.15536945200000218,619,120.0,1,fe8a61c,cloud container (docker); Intel(R) Xeon(R) Processor @ 2.10GHz; 4 cores; 16 GiB RAM; Linux-x86_64,2026-09-30T03:28:54+00:00
netlib,bandm,696daa77a79a0715c2fad877285e49bd7fcd7f5513f3cb83fbe0be916b6d8c81,305,472,cbc-clp,1.17.9,optimal,Optimal,-158.62801845012066,-158.62801845012066,-158.62801845,1.20650156532065e-10,7.605854105155722e-13,1,-158.62801845012063,1,primal+dual,1,,1,0.01367111299998669,0.01367111299998669,264,120.0,1,fe8a61c,cloud container (docker); Intel(R) Xeon(R) Processor @ 2.10GHz; 4 cores; 16 GiB RAM; Linux-x86_64,2026-09-30T03:28:54+00:00
netlib,bandm,696daa77a79a0715c2fad877285e49bd7fcd7f5513f3cb83fbe0be916b6d8c81,305,472,glpk,5.0,optimal,786 lines were written,-158.62801845012,-158.62801845012038,-158.62801845,1.2036593943776097e-10,7.587936898783152e-13,1,-158.62801845012063,1,primal+dual,1,,1,0.0,0.016072233000045344,240,120.0,1,fe8a61c,cloud container (docker); Intel(R) Xeon(R) Processor @ 2.10GHz; 4 cores; 16 GiB RAM; Linux-x86_64,2026-09-30T03:28:54+00:00
netlib,beaconfd,7138e7b58b1d6160f1ad42112a61ed00b5db1c92d73dc48d77f6a26fc717dbfc,173,262,sankhya,fe8a61c,optimal,,33592.485807200006,33592.485807200006,33592.485807,2.000087988562882e-07,5.953974350258128e-12,1,33592.4858072,1,primal+dual,1,,1,0.001733769,0.006701154999973369,115,120.0,1,fe8a61c,cloud container (docker); Intel(R) Xeon(R) Processor @ 2.10GHz; 4 cores; 16 GiB RAM; Linux-x86_64,2026-09-30T03:28:54+00:00
netlib,beaconfd,7138e7b58b1d6160f1ad42112a61ed00b5db1c92d73dc48d77f6a26fc717dbfc,173,262,highs,1.15.1,optimal,optimal,33592.4858072,33592.4858072,33592.485807,2.00001522898674e-07,5.953757755462018e-12,1,33592.4858072,1,primal+dual,1,,1,0.002794981002807617,0.14055836500000396,8,120.0,1,fe8a61c,cloud container (docker); Intel(R) Xeon(R) Processor @ 2.10GHz; 4 cores; 16 GiB RAM; Linux-x86_64,2026-09-30T03:28:54+00:00
netlib,beaconfd,7138e7b58b1d6160f1ad42112a61ed00b5db1c92d73dc48d77f6a26fc717dbfc,173,262,scip,10.0.2,optimal,optimal,33592.485807200006,33592.4858072,33592.485807,2.00001522898674e-07,5.953757755462018e-12,1,33592.4858072,1,primal-only,1,,1,0.0043219999999999995,0.14130208299997093,4,120.0,1,fe8a61c,cloud container (docker); Intel(R) Xeon(R) Processor @ 2.10GHz; 4 cores; 16 GiB RAM; Linux-x86_64,2026-09-30T03:28:54+00:00
netlib,beaconfd,7138e7b58b1d6160f1ad42112a61ed00b5db1c92d73dc48d77f6a26fc717dbfc,173,262,cbc-clp,1.17.9,optimal,Optimal,33592.4858072,33592.4858072,33592.485807,2.00001522898674e-07,5.953757755462018e-12,1,33592.4858072,1,primal+dual,1,,1,0.008374720000006164,0.008374720000006164,16,120.0,1,fe8a61c,cloud container (docker); Intel(R) Xeon(R) Processor @ 2.10GHz; 4 cores; 16 GiB RAM; Linux-x86_64,2026-09-30T03:28:54+00:00
netlib,beaconfd,7138e7b58b1d6160f1ad42112a61ed00b5db1c92d73dc48d77f6a26fc717dbfc,173,262,glpk,5.0,optimal,444 lines were written,33592.4858072,33592.48580719999,33592.485807,1.9999424694105983e-07,5.953541160665908e-12,1,33592.4858072,1,primal+dual,1,,1,0.0,0.006114293999985421,14,120.0,1,fe8a61c,cloud container (docker); Intel(R) Xeon(R) Processor @ 2.10GHz; 4 cores; 16 GiB RAM; Linux-x86_64,2026-09-30T03:28:54+00:00
netlib,blend,38e1d84a38f1e0adaa16d3dd0abe758f6cea13a21f33681aa92742b693260aef,74,83,sankhya,fe8a61c,optimal,,-30.812149845828223,-30.812149845828223,-30.812149846,1.7177725908368302e-10,5.574984541560087e-12,1,-30.81214984582822,1,primal+dual,1,,1,0.000988463,0.004311201999996683,99,120.0,1,fe8a61c,cloud container (docker); Intel(R) Xeon(R) Processor @ 2.10GHz; 4 cores; 16 GiB RAM; Linux-x86_64,2026-09-30T03:28:55+00:00
netlib,blend,38e1d84a38f1e0adaa16d3dd0abe758f6cea13a21f33681aa92742b693260aef,74,83,highs,1.15.1,optimal,optimal,-30.812149845828237,-30.812149845828237,-30.812149846,1.7176304822896782e-10,5.5745233321090675e-12,1,-30.81214984582822,1,primal+dual,1,,1,0.0015535354614257812,0.1356759120000106,80,120.0,1,fe8a61c,cloud container (docker); Intel(R) Xeon(R) Processor @ 2.10GHz; 4 cores; 16 GiB RAM; Linux-x86_64,2026-09-30T03:28:55+00:00
netlib,blend,38e1d84a38f1e0adaa16d3dd0abe758f6cea13a21f33681aa92742b693260aef,74,83,scip,10.0.2,optimal,optimal,-30.812149845828205,-30.81214984582821,-30.812149846,1.7179146993839822e-10,5.575445751011107e-12,1,-30.81214984582822,1,primal-only,1,,1,0.005251,0.15662489099997856,81,120.0,1,fe8a61c,cloud container (docker); Intel(R) Xeon(R) Processor @ 2.10GHz; 4 cores; 16 GiB RAM; Linux-x86_64,2026-09-30T03:28:55+00:00
netlib,blend,38e1d84a38f1e0adaa16d3dd0abe758f6cea13a21f33681aa92742b693260aef,74,83,cbc-clp,1.17.9,optimal,Optimal,-30.812149845828245,-30.812149845828245,-30.812149846,1.7175594280161022e-10,5.574292727383558e-12,1,-30.81214984582822,1,primal+dual,1,,1,0.011792903000014121,0.011792903000014121,83,120.0,1,fe8a61c,cloud container (docker); Intel(R) Xeon(R) Processor @ 2.10GHz; 4 cores; 16 GiB RAM; Linux-x86_64,2026-09-30T03:28:55+00:00
netlib,blend,38e1d84a38f1e0adaa16d3dd0abe758f6cea13a21f33681aa92742b693260aef,74,83,glpk,5.0,optimal,166 lines were written,-30.8121498458282,-30.81214984582829,-30.812149846,1.717097575237858e-10,5.572793796667744e-12,1,-30.81214984582822,1,primal+dual,1,,1,0.0,0.004008298999963245,40,120.0,1,fe8a61c,cloud container (docker); Intel(R) Xeon(R) Processor @ 2.10GHz; 4 cores; 16 GiB RAM; Linux-x86_64,2026-09-30T03:28:55+00:00
netlib,bnl1,7a842adca058eaa3cb712b3bbae357602f22df6cc318c4d278f6600167fe2300,643,1175,sankhya,fe8a61c,optimal,,1977.629561522888,1977.629561522888,1977.6292856,0.00027592288802225085,1.3952204795477512e-07,1,1977.6295615228892,1,primal+dual,1,,1,0.058107126,0.06638289699998268,1674,120.0,1,fe8a61c,cloud container (docker); Intel(R) Xeon(R) Processor @ 2.10GHz; 4 cores; 16 GiB RAM; Linux-x86_64,2026-09-30T03:28:55+00:00
netlib,bnl1,7a842adca058eaa3cb712b3bbae357602f22df6cc318c4d278f6600167fe2300,643,1175,highs,1.15.1,optimal,optimal,1977.6295615228878,1977.6295615228878,1977.6292856,0.00027592288779487717,1.3952204783980226e-07,1,1977.6295615228892,1,primal+dual,1,,1,0.024122238159179688,0.20642992400001958,775,120.0,1,fe8a61c,cloud container (docker); Intel(R) Xeon(R) Processor @ 2.10GHz; 4 cores; 16 GiB RAM; Linux-x86_64,2026-09-30T03:28:55+00:00
netlib,bnl1,7a842adca058eaa3cb712b3bbae357602f22df6cc318c4d278f6600167fe2300,643,1175,scip,10.0.2,optimal,optimal,1977.6295615228867,1977.6295615228883,1977.6292856,0.0002759228882496245,1.3952204806974796e-07,1,1977.6295615228892,1,primal-only,1,,1,0.080358,0.21367654399995217,1797,120.0,1,fe8a61c,cloud container (docker); Intel(R) Xeon(R) Processor @ 2.10GHz; 4 cores; 16 GiB RAM; Linux-x86_64,2026-09-30T03:28:55+00:00
netlib,bnl1,7a842adca058eaa3cb712b3bbae357602f22df6cc318c4d278f6600167fe2300,643,1175,cbc-clp,1.17.9,optimal,Optimal,1977.6295615228873,1977.6295615228873,1977.6292856,0.0002759228873401298,1.3952204760985656e-07,1,1977.6295615228892,1,primal+dual,1,,1,0.029867050999996536,0.029867050999996536,978,120.0,1,fe8a61c,cloud container (docker); Intel(R) Xeon(R) Processor @ 2.10GHz; 4 cores; 16 GiB RAM; Linux-x86_64,2026-09-30T03:28:55+00:00
netlib,bnl1,7a842adca058eaa3cb712b3bbae357602f22df6cc318c4d278f6600167fe2300,643,1175,glpk,5.0,optimal,1827 lines were written,1977.62956152289,1977.629561522886,1977.6292856,0.00027592288597588777,1.3952204692001945e-07,1,1977.6295615228892,1,primal+dual,1,,1,0.0,0.04028825899996491,598,120.0,1,fe8a61c,cloud container (docker); Intel(R) Xeon(R) Processor @ 2.10GHz; 4 cores; 16 GiB RAM; Linux-x86_64,2026-09-30T03:28:55+00:00
netlib,bnl2,eafd7e49005db1a020d420b3fbed2e124bebf46740c0b2550edcbaa17b07ad6b,2324,3489,sankhya,fe8a61c,optimal,,1811.236540358547,1811.236540358547,1811.2365404,4.145294951740652e-08,2.2886546617622845e-11,1,1811.2365403585452,1,primal+dual,1,,1,0.150748142,0.16630779700000176,2377,120.0,1,fe8a61c,cloud container (docker); Intel(R) Xeon(R) Processor @ 2.10GHz; 4 cores; 16 GiB RAM; Linux-x86_64,2026-09-30T03:28:56+00:00
netlib,bnl2,eafd7e49005db1a020d420b3fbed2e124bebf46740c0b2550edcbaa17b07ad6b,2324,3489,highs,1.15.1,optimal,optimal,1811.2365403585482,1811.2365403585482,1811.2365404,4.145181264902931e-08,2.2885918942356883e-11,1,1811.2365403585452,1,primal+dual,1,,1,0.048586368560791016,0.4271203259999652,1069,120.0,1,fe8a61c,cloud container (docker); Intel(R) Xeon(R) Processor @ 2.10GHz; 4 cores; 16 GiB RAM; Linux-x86_64,2026-09-30T03:28:56+00:00
netlib,bnl2,eafd7e49005db1a020d420b3fbed2e124bebf46740c0b2550edcbaa17b07ad6b,2324,3489,scip,10.0.2,optimal,optimal,1811.2365403585452,1811.2365403585463,1811.2365404,4.145363163843285e-08,2.2886923222782424e-11,1,1811.2365403585452,1,primal-only,1,,1,0.271718,0.4354472240000291,3173,120.0,1,fe8a61c,cloud container (docker); Intel(R) Xeon(R) Processor @ 2.10GHz; 4 cores; 16 GiB RAM; Linux-x86_64,2026-09-30T03:28:56+00:00
netlib,bnl2,eafd7e49005db1a020d420b3fbed2e124bebf46740c0b2550edcbaa17b07ad6b,2324,3489,cbc-clp,1.17.9,optimal,Optimal,1811.2365403585477,1811.2365403585477,1811.2365404,4.1452267396380194e-08,2.2886170012463266e-11,1,1811.2365403585452,1,primal+dual,1,,1,0.05217876400001842,0.05217876400001842,1083,120.0,1,fe8a61c,cloud container (docker); Intel(R) Xeon(R) Processor @ 2.10GHz; 4 cores; 16 GiB RAM; Linux-x86_64,2026-09-30T03:28:56+00:00
netlib,bnl2,eafd7e49005db1a020d420b3fbed2e124bebf46740c0b2550edcbaa17b07ad6b,2324,3489,glpk,5.0,optimal,5822 lines were written,1811.23654035855,1811.2365403585477,1811.2365404,4.1452267396380194e-08,2.2886170012463266e-11,1,1811.2365403585452,1,primal+dual,1,,1,0.3,0.3086600419999854,1888,120.0,1,fe8a61c,cloud container (docker); Intel(R) Xeon(R) Processor @ 2.10GHz; 4 cores; 16 GiB RAM; Linux-x86_64,2026-09-30T03:28:56+00:00
netlib,boeing1,1d9d58afaf41bad6866d5355330b261d3776ca86753d121eb9b688ee6128ab9e,351,384,sankhya,fe8a61c,optimal,,-335.213567507127,-335.213567507127,-335.21356751,2.8730369194818195e-09,8.570765619133575e-12,1,-335.21356750712664,1,primal+dual,1,,1,0.008269647,0.015995519000000513,465,120.0,1,fe8a61c,cloud container (docker); Intel(R) Xeon(R) Processor @ 2.10GHz; 4 cores; 16 GiB RAM; Linux-x86_64,2026-09-30T03:28:58+00:00
netlib,boeing1,1d9d58afaf41bad6866d5355330b261d3776ca86753d121eb9b688ee6128ab9e,351,384,highs,1.15.1,optimal,optimal,-335.21356750712675,-335.21356750712675,-335.21356751,2.8732642931572627e-09,8.571443914099772e-12,1,-335.21356750712664,1,primal+dual,1,,1,0.010432958602905273,0.13170716399997673,408,120.0,1,fe8a61c,cloud container (docker); Intel(R) Xeon(R) Processor @ 2.10GHz; 4 cores; 16 GiB RAM; Linux-x86_64,2026-09-30T03:28:58+00:00
netlib,boeing1,1d9d58afaf41bad6866d5355330b261d3776ca86753d121eb9b688ee6128ab9e,351,384,scip,10.0.2,optimal,optimal,-335.21356750712664,-335.21356750712687,-335.21356751,2.873150606319541e-09,8.571104766616673e-12,1,-335.21356750712664,1,primal-only,1,,1,0.017221999999999998,0.13845678400002726,617,120.0,1,fe8a61c,cloud container (docker); Intel(R) Xeon(R) Processor @ 2.10GHz; 4 cores; 16 GiB RAM; Linux-x86_64,2026-09-30T03:28:58+00:00
netlib,boeing1,1d9d58afaf41bad6866d5355330b261d3776ca86753d121eb9b688ee6128ab9e,351,384,cbc-clp,1.17.9,optimal,Optimal,-335.21356750712664,-335.21356750712664,-335.21356751,2.8733779799949843e-09,8.57178306158287e-12,1,-335.21356750712664,1,primal+dual,1,,1,0.010869549000005918,0.010869549000005918,356,120.0,1,fe8a61c,cloud container (docker); Intel(R) Xeon(R) Processor @ 2.10GHz; 4 cores; 16 GiB RAM; Linux-x86_64,2026-09-30T03:28:58+00:00
netlib,boeing1,1d9d58afaf41bad6866d5355330b261d3776ca86753d121eb9b688ee6128ab9e,351,384,glpk,5.0,optimal,744 lines were written,-335.213567507126,-335.2135675071269,-335.21356751,2.8730937629006803e-09,8.570935192875123e-12,1,-335.21356750712664,1,primal+dual,1,,1,0.0,0.013558092000039323,420,120.0,1,fe8a61c,cloud container (docker); Intel(R) Xeon(R) Processor @ 2.10GHz; 4 cores; 16 GiB RAM; Linux-x86_64,2026-09-30T03:28:58+00:00
netlib,boeing2,e12e729b8c09bf6e6934af40b728e460d4eb360c42419b791b68fb2271ddd61a,166,143,sankhya,fe8a61c,optimal,,-315.0187280152028,-315.0187280152028,-315.01872802,4.797243491339032e-09,1.522843902485208e-11,1,-315.0187280152029,1,primal+dual,1,,1,0.00231436,0.0061918149999655725,223,120.0,1,fe8a61c,cloud container (docker); Intel(R) Xeon(R) Processor @ 2.10GHz; 4 cores; 16 GiB RAM; Linux-x86_64,2026-09-30T03:28:59+00:00
netlib,boeing2,e12e729b8c09bf6e6934af40b728e460d4eb360c42419b791b68fb2271ddd61a,166,143,highs,1.15.1,optimal,optimal,-315.0187280152027,-315.0187280152027,-315.01872802,4.7973003347578924e-09,1.5228619469421892e-11,1,-315.0187280152029,1,primal+dual,1,,1,0.002631664276123047,0.12346912999998949,141,120.0,1,fe8a61c,cloud container (docker); Intel(R) Xeon(R) Processor @ 2.10GHz; 4 cores; 16 GiB RAM; Linux-x86_64,2026-09-30T03:28:59+00:00
netlib,boeing2,e12e729b8c09bf6e6934af40b728e460d4eb360c42419b791b68fb2271ddd61a,166,143,scip,10.0.2,optimal,optimal,-315.0187280152029,-315.0187280152028,-315.01872802,4.797243491339032e-09,1.522843902485208e-11,1,-315.0187280152029,1,primal-only,1,,1,0.004618,0.1360825329999784,180,120.0,1,fe8a61c,cloud container (docker); Intel(R) Xeon(R) Processor @ 2.10GHz; 4 cores; 16 GiB RAM; Linux-x86_64,2026-09-30T03:28:59+00:00
netlib,boeing2,e12e729b8c09bf6e6934af40b728e460d4eb360c42419b791b68fb2271ddd61a,166,143,cbc-clp,1.17.9,optimal,Optimal,-315.01872801520267,-315.01872801520267,-315.01872802,4.797357178176753e-09,1.5228799913991706e-11,1,-315.0187280152029,1,primal+dual,1,,1,0.005988398999988931,0.005988398999988931,148,120.0,1,fe8a61c,cloud container (docker); Intel(R) Xeon(R) Processor @ 2.10GHz; 4 cores; 16 GiB RAM; Linux-x86_64,2026-09-30T03:28:59+00:00
netlib,boeing2,e12e729b8c09bf6e6934af40b728e460d4eb360c42419b791b68fb2271ddd61a,166,143,glpk,5.0,optimal,318 lines were written,-315.018728015202,-315.01872801520204,-315.01872802,4.797982455784222e-09,1.5230784804259656e-11,1,-315.0187280152029,1,primal+dual,1,,1,0.0,0.006302763000007872,160,120.0,1,fe8a61c,cloud container (docker); Intel(R) Xeon(R) Processor @ 2.10GHz; 4 cores; 16 GiB RAM; Linux-x86_64,2026-09-30T03:28:59+00:00
netlib,bore3d,c7cfe0d4abd466346e3cda4e16d00651f44f3ce1da317cf583c5fed5dfc0515a,233,315,sankhya,fe8a61c,optimal,,1373.080394208493,1373.080394208493,1373.0803942,8.493088898831047e-09,6.185427258816399e-12,1,1373.0803942084926,1,primal+dual,1,,1,0.002238221,0.006218181999997796,162,120.0,1,fe8a61c,cloud container (docker); Intel(R) Xeon(R) Processor @ 2.10GHz; 4 cores; 16 GiB RAM; Linux-x86_64,2026-09-30T03:28:59+00:00
netlib,bore3d,c7cfe0d4abd466346e3cda4e16d00651f44f3ce1da317cf583c5fed5dfc0515a,233,315,highs,1.15.1,optimal,optimal,1373.0803942084926,1373.0803942084926,1373.0803942,8.49263415148016e-09,6.185096071106774e-12,1,1373.0803942084926,1,primal+dual,1,,1,0.0018954277038574219,0.11056221699999469,34,120.0,1,fe8a61c,cloud container (docker); Intel(R) Xeon(R) Processor @ 2.10GHz; 4 cores; 16 GiB RAM; Linux-x86_64,2026-09-30T03:28:59+00:00
netlib,bore3d,c7cfe0d4abd466346e3cda4e16d00651f44f3ce1da317cf583c5fed5dfc0515a,233,315,scip,10.0.2,optimal,optimal,1373.0803942084929,1373.0803942084933,1373.0803942,8.49331627250649e-09,6.185592852671212e-12,1,1373.0803942084926,1,primal-only,1,,1,0.006101,0.15370230500002435,68,120.0,1,fe8a61c,cloud container (docker); Intel(R) Xeon(R) Processor @ 2.10GHz; 4 cores; 16 GiB RAM; Linux-x86_64,2026-09-30T03:28:59+00:00
netlib,bore3d,c7cfe0d4abd466346e3cda4e16d00651f44f3ce1da317cf583c5fed5dfc0515a,233,315,cbc-clp,1.17.9,optimal,Optimal,1373.0803942084926,1373.0803942084926,1373.0803942,8.49263415148016e-09,6.185096071106774e-12,1,1373.0803942084926,1,primal+dual,1,,1,0.005781020999961584,0.005781020999961584,44,120.0,1,fe8a61c,cloud container (docker); Intel(R) Xeon(R) Processor @ 2.10GHz; 4 cores; 16 GiB RAM; Linux-x86_64,2026-09-30T03:28:59+00:00
netlib,bore3d,c7cfe0d4abd466346e3cda4e16d00651f44f3ce1da317cf583c5fed5dfc0515a,233,315,glpk,5.0,optimal,557 lines were written,1373.08039420849,1373.080394208493,1373.0803942,8.493088898831047e-09,6.185427258816399e-12,1,1373.0803942084926,1,primal+dual,1,,1,0.0,0.0057839940000121715,31,120.0,1,fe8a61c,cloud container (docker); Intel(R) Xeon(R) Processor @ 2.10GHz; 4 cores; 16 GiB RAM; Linux-x86_64,2026-09-30T03:28:59+00:00
netlib,brandy,56fa020b84a0a106b7883b7da006c2852449598898c41ec8dd2575151d0e0917,220,249,sankhya,fe8a61c,optimal,,1518.509896488128,1518.509896488128,1518.5098965,1.1871861715917476e-08,7.818099666838409e-12,1,1518.5098964881283,1,primal+dual,1,,1,0.0046495,0.00916949800000566,299,120.0,1,fe8a61c,cloud container (docker); Intel(R) Xeon(R) Processor @ 2.10GHz; 4 cores; 16 GiB RAM; Linux-x86_64,2026-09-30T03:29:00+00:00
netlib,brandy,56fa020b84a0a106b7883b7da006c2852449598898c41ec8dd2575151d0e0917,220,249,highs,1.15.1,optimal,optimal,1518.5098964881279,1518.5098964881279,1518.5098965,1.1872089089592919e-08,7.818249401572418e-12,1,1518.5098964881283,1,primal+dual,1,,1,0.004663705825805664,0.10927695200001608,203,120.0,1,fe8a61c,cloud container (docker); Intel(R) Xeon(R) Processor @ 2.10GHz; 4 cores; 16 GiB RAM; Linux-x86_64,2026-09-30T03:29:00+00:00
netlib,brandy,56fa020b84a0a106b7883b7da006c2852449598898c41ec8dd2575151d0e0917,220,249,scip,10.0.2,optimal,optimal,1518.509896488128,1518.509896488128,1518.5098965,1.1871861715917476e-08,7.818099666838409e-12,1,1518.5098964881283,1,primal-only,1,,1,0.02259,0.16510596099999475,426,120.0,1,fe8a61c,cloud container (docker); Intel(R) Xeon(R) Processor @ 2.10GHz; 4 cores; 16 GiB RAM; Linux-x86_64,2026-09-30T03:29:00+00:00
netlib,brandy,56fa020b84a0a106b7883b7da006c2852449598898c41ec8dd2575151d0e0917,220,249,cbc-clp,1.17.9,optimal,Optimal,1518.5098964881288,1518.5098964881288,1518.5098965,1.1871179594891146e-08,7.81765046263638e-12,1,1518.5098964881283,1,primal+dual,1,,1,0.007633763999990606,0.007633763999990606,226,120.0,1,fe8a61c,cloud container (docker); Intel(R) Xeon(R) Processor @ 2.10GHz; 4 cores; 16 GiB RAM; Linux-x86_64,2026-09-30T03:29:00+00:00
netlib,brandy,56fa020b84a0a106b7883b7da006c2852449598898c41ec8dd2575151d0e0917,220,249,glpk,5.0,optimal,478 lines were written,1518.50989648818,1518.5098964881802,1518.5098965,1.1819793144240975e-08,7.783810412750232e-12,1,1518.5098964881283,1,primal+dual,1,,1,0.0,0.008996487999979763,210,120.0,1,fe8a61c,cloud container (docker); Intel(R) Xeon(R) Processor @ 2.10GHz; 4 cores; 16 GiB RAM; Linux-x86_64,2026-09-30T03:29:00+00:00
netlib,capri,4932bc8861fcdaf19256827b7ee229941fa6f2e84f2044b65300326c226fba78,271,353,sankhya,fe8a61c,optimal,,2690.0129137681615,2690.0129137681615,2690.0129138,3.18386810249649e-08,1.1835884081310426e-11,1,2690.012913768161,1,primal+dual,1,,1,0.003404842,0.007806010000024344,259,120.0,1,fe8a61c,cloud container (docker); Intel(R) Xeon(R) Processor @ 2.10GHz; 4 cores; 16 GiB RAM; Linux-x86_64,2026-09-30T03:29:00+00:00
netlib,capri,4932bc8861fcdaf19256827b7ee229941fa6f2e84f2044b65300326c226fba78,271,353,highs,1.15.1,optimal,optimal,2690.0129137681593,2690.0129137681593,2690.0129138,3.184095476171933e-08,1.18367293325517e-11,1,2690.012913768161,1,primal+dual,1,,1,0.0036568641662597656,0.12917859200001658,150,120.0,1,fe8a61c,cloud container (docker); Intel(R) Xeon(R) Processor @ 2.10GHz; 4 cores; 16 GiB RAM; Linux-x86_64,2026-09-30T03:29:00+00:00
netlib,capri,4932bc8861fcdaf19256827b7ee229941fa6f2e84f2044b65300326c226fba78,271,353,scip,10.0.2,optimal,optimal,2690.0129137681606,2690.0129137681606,2690.0129138,3.183959051966667e-08,1.1836222181806936e-11,1,2690.012913768161,1,primal-only,1,,1,0.015581,0.14027880800000503,269,120.0,1,fe8a61c,cloud container (docker); Intel(R) Xeon(R) Processor @ 2.10GHz; 4 cores; 16 GiB RAM; Linux-x86_64,2026-09-30T03:29:00+00:00
netlib,capri,4932bc8861fcdaf19256827b7ee229941fa6f2e84f2044b65300326c226fba78,271,353,cbc-clp,1.17.9,optimal,Optimal,2690.012913768164,2690.012913768164,2690.0129138,3.1836407288210467e-08,1.1835038830069153e-11,1,2690.012913768161,1,primal+dual,1,,1,0.0076219939999759845,0.0076219939999759845,168,120.0,1,fe8a61c,cloud container (docker); Intel(R) Xeon(R) Processor @ 2.10GHz; 4 cores; 16 GiB RAM; Linux-x86_64,2026-09-30T03:29:00+00:00
netlib,capri,4932bc8861fcdaf19256827b7ee229941fa6f2e84f2044b65300326c226fba78,271,353,glpk,5.0,optimal,633 lines were written,2690.01291376816,2690.0129137681656,2690.0129138,3.183458829880692e-08,1.1834362629076133e-11,1,2690.012913768161,1,primal+dual,1,,1,0.0,0.009282862000020486,207,120.0,1,fe8a61c,cloud container (docker); Intel(R) Xeon(R) Processor @ 2.10GHz; 4 cores; 16 GiB RAM; Linux-x86_64,2026-09-30T03:29:00+00:00
netlib,cycle,bfc8edde30952b8dfa354679ea3a3231c2e7eb762c0ff8f0f845505741816d53,1903,2857,sankhya,fe8a61c,optimal,,-5.226393024894101,-5.226393024894101,-5.2263930249,5.899281063648232e-12,1.1287480745405875e-12,1,-5.226393024894102,1,primal+dual,1,,1,0.023897977,0.04718292000001156,335,120.0,1,fe8a61c,cloud container (docker); Intel(R) Xeon(R) Processor @ 2.10GHz; 4 cores; 16 GiB RAM; Linux-x86_64,2026-09-30T03:29:01+00:00
netlib,cycle,bfc8edde30952b8dfa354679ea3a3231c2e7eb762c0ff8f0f845505741816d53,1903,2857,highs,1.15.1,optimal,optimal,-5.226393024894102,-5.226393024894102,-5.2263930249,5.898392885228532e-12,1.1285781335477328e-12,1,-5.226393024894102,1,primal+dual,1,,1,0.24737334251403809,0.6498382839999977,3726,120.0,1,fe8a61c,cloud container (docker); Intel(R) Xeon(R) Processor @ 2.10GHz; 4 cores; 16 GiB RAM; Linux-x86_64,2026-09-30T03:29:01+00:00
netlib,cycle,bfc8edde30952b8dfa354679ea3a3231c2e7eb762c0ff8f0f845505741816d53,1903,2857,scip,10.0.2,optimal,optimal,-5.226393024894102,-5.226393024894102,-5.2263930249,5.898392885228532e-12,1.1285781335477328e-12,1,-5.226393024894102,1,primal-only,1,,1,0.11003099999999999,0.2953808010000216,254,120.0,1,fe8a61c,cloud container (docker); Intel(R) Xeon(R) Processor @ 2.10GHz; 4 cores; 16 GiB RAM; Linux-x86_64,2026-09-30T03:29:01+00:00
netlib,cycle,bfc8edde30952b8dfa354679ea3a3231c2e7eb762c0ff8f0f845505741816d53,1903,2857,cbc-clp,1.17.9,optimal,Optimal,-5.2263930248941035,-5.2263930248941035,-5.2263930249,5.8966165283891314e-12,1.1282382515620236e-12,1,-5.226393024894102,1,primal+dual,1,,1,0.02679866499994432,0.02679866499994432,210,120.0,1,fe8a61c,cloud container (docker); Intel(R) Xeon(R) Processor @ 2.10GHz; 4 cores; 16 GiB RAM; Linux-x86_64,2026-09-30T03:29:01+00:00
netlib,cycle,bfc8edde30952b8dfa354679ea3a3231c2e7eb762c0ff8f0f845505741816d53,1903,2857,glpk,5.0,optimal,4769 lines were written,-5.2263930248941,-5.226393024894102,-5.2263930249,5.898392885228532e-12,1.1285781335477328e-12,1,-5.226393024894102,1,primal+dual,1,,1,0.0,0.05460193800001889,542,120.0,1,fe8a61c,cloud container (docker); Intel(R) Xeon(R) Processor @ 2.10GHz; 4 cores; 16 GiB RAM; Linux-x86_64,2026-09-30T03:29:01+00:00
netlib,czprob,b1f30bd25705fcc3c4f195d7e627e437788035f81fae9198e3096471b947f704,929,3523,sankhya,fe8a61c,optimal,,2185196.698856578,2185196.698856578,2185196.6989,4.342198371887207e-05,1.98709725951582e-11,1,2185196.6988565773,1,primal+dual,1,,1,0.038865765,0.05446128299996644,981,120.0,1,fe8a61c,cloud container (docker); Intel(R) Xeon(R) Processor @ 2.10GHz; 4 cores; 16 GiB RAM; Linux-x86_64,2026-09-30T03:29:03+00:00
netlib,czprob,b1f30bd25705fcc3c4f195d7e627e437788035f81fae9198e3096471b947f704,929,3523,highs,1.15.1,optimal,optimal,2185196.698856578,2185196.698856578,2185196.6989,4.342198371887207e-05,1.98709725951582e-11,1,2185196.6988565773,1,primal+dual,1,,1,0.03444862365722656,0.42302556999999297,706,120.0,1,fe8a61c,cloud container (docker); Intel(R) Xeon(R) Processor @ 2.10GHz; 4 cores; 16 GiB RAM; Linux-x86_64,2026-09-30T03:29:03+00:00
netlib,czprob,b1f30bd25705fcc3c4f195d7e627e437788035f81fae9198e3096471b947f704,929,3523,scip,10.0.2,optimal,optimal,2185196.6988565777,2185196.698856578,2185196.6989,4.342198371887207e-05,1.98709725951582e-11,1,2185196.6988565773,1,primal-only,1,,1,0.061064,0.24401613399999178,1106,120.0,1,fe8a61c,cloud container (docker); Intel(R) Xeon(R) Processor @ 2.10GHz; 4 cores; 16 GiB RAM; Linux-x86_64,2026-09-30T03:29:03+00:00
netlib,czprob,b1f30bd25705fcc3c4f195d7e627e437788035f81fae9198e3096471b947f704,929,3523,cbc-clp,1.17.9,optimal,Optimal,2185196.6988565787,2185196.6988565787,2185196.6989,4.342151805758476e-05,1.9870759497047838e-11,1,2185196.6988565773,1,primal+dual,1,,1,0.02091982700000017,0.02091982700000017,702,120.0,1,fe8a61c,cloud container (docker); Intel(R) Xeon(R) Processor @ 2.10GHz; 4 cores; 16 GiB RAM; Linux-x86_64,2026-09-30T03:29:03+00:00
netlib,czprob,b1f30bd25705fcc3c4f195d7e627e437788035f81fae9198e3096471b947f704,929,3523,glpk,5.0,optimal,4461 lines were written,2185196.69885658,2185196.6988565777,2185196.6989,4.342244938015938e-05,1.9871185693268564e-11,1,2185196.6988565773,1,primal+dual,1,,1,0.0,0.048438293000003796,808,120.0,1,fe8a61c,cloud container (docker); Intel(R) Xeon(R) Processor @ 2.10GHz; 4 cores; 16 GiB RAM; Linux-x86_64,2026-09-30T03:29:03+00:00
netlib,d2q06c,fb1516a10aba6a4101cea6cec90c1da775ac60d2d2cd96e902bbe21a430790c9,2171,5167,sankhya,fe8a61c,optimal,,122784.21081418934,122784.21081418934,122784.23615,0.02533581065654289,2.0634416478016988e-07,1,122784.21081418946,1,primal+dual,1,,1,2.986107444,3.0200039310000193,14998,120.0,1,fe8a61c,cloud container (docker); Intel(R) Xeon(R) Processor @ 2.10GHz; 4 cores; 16 GiB RAM; Linux-x86_64,2026-09-30T03:29:04+00:00
netlib,d2q06c,fb1516a10aba6a4101cea6cec90c1da775ac60d2d2cd96e902bbe21a430790c9,2171,5167,highs,1.15.1,optimal,optimal,122784.2108141893,122784.2108141893,122784.23615,0.025335810700198635,2.0634416513571832e-07,1,122784.21081418946,1,primal+dual,1,,1,0.8509571552276611,1.5864380780000147,5295,120.0,1,fe8a61c,cloud container (docker); Intel(R) Xeon(R) Processor @ 2.10GHz; 4 cores; 16 GiB RAM; Linux-x86_64,2026-09-30T03:29:04+00:00
netlib,d2q06c,fb1516a10aba6a4101cea6cec90c1da775ac60d2d2cd96e902bbe21a430790c9,2171,5167,scip,10.0.2,optimal,optimal,122784.21081418949,122784.21081418933,122784.23615,0.025335810671094805,2.0634416489868602e-07,1,122784.21081418946,1,primal-only,1,,1,3.272328,3.451909418000014,15041,120.0,1,fe8a61c,cloud container (docker); Intel(R) Xeon(R) Processor @ 2.10GHz; 4 cores; 16 GiB RAM; Linux-x86_64,2026-09-30T03:29:04+00:00
netlib,d2q06c,fb1516a10aba6a4101cea6cec90c1da775ac60d2d2cd96e902bbe21a430790c9,2171,5167,cbc-clp,1.17.9,optimal,Optimal,122784.21081418937,122784.21081418937,122784.23615,0.02533581062743906,2.0634416454313756e-07,1,122784.21081418946,1,primal+dual,1,,1,0.9061844759999644,0.9061844759999644,5626,120.0,1,fe8a61c,cloud container (docker); Intel(R) Xeon(R) Processor @ 2.10GHz; 4 cores; 16 GiB RAM; Linux-x86_64,2026-09-30T03:29:04+00:00
netlib,d2q06c,fb1516a10aba6a4101cea6cec90c1da775ac60d2d2cd96e902bbe21a430790c9,2171,5167,glpk,5.0,optimal,7347 lines were written,122784.210814189,122784.21081418936,122784.23615,0.025335810641990975,2.0634416466165372e-07,1,122784.21081418946,1,primal+dual,1,,1,1.4,1.4816300569999612,5587,120.0,1,fe8a61c,cloud container (docker); Intel(R) Xeon(R) Processor @ 2.10GHz; 4 cores; 16 GiB RAM; Linux-x86_64,2026-09-30T03:29:04+00:00
netlib,d6cube,8cd94ee7783bcbce884acde1f4769f5c79739c9460fe73cb948924e724b02dfa,415,6184,sankhya,fe8a61c,optimal,,315.49166666666713,315.49166666666713,315.49166667,3.3328433346468955e-09,1.0563966300044954e-11,1,315.4916666666667,1,primal+dual,1,,1,0.099364837,0.13237579400004051,868,120.0,1,fe8a61c,cloud container (docker); Intel(R) Xeon(R) Processor @ 2.10GHz; 4 cores; 16 GiB RAM; Linux-x86_64,2026-09-30T03:29:15+00:00
netlib,d6cube,8cd94ee7783bcbce884acde1f4769f5c79739c9460fe73cb948924e724b02dfa,415,6184,highs,1.15.1,optimal,optimal,315.49166666666696,315.49166666666696,315.49166667,3.333013864903478e-09,1.056450682226661e-11,1,315.4916666666667,1,primal+dual,1,,1,0.1123802661895752,0.9115704359999768,433,120.0,1,fe8a61c,cloud container (docker); Intel(R) Xeon(R) Processor @ 2.10GHz; 4 cores; 16 GiB RAM; Linux-x86_64,2026-09-30T03:29:15+00:00
netlib,d6cube,8cd94ee7783bcbce884acde1f4769f5c79739c9460fe73cb948924e724b02dfa,415,6184,scip,10.0.2,optimal,optimal,315.49166666666645,315.4916666666667,315.49166667,3.333298081997782e-09,1.0565407692636037e-11,1,315.4916666666667,1,primal-only,1,,1,0.398599,0.5817846659999759,1510,120.0,1,fe8a61c,cloud container (docker); Intel(R) Xeon(R) Processor @ 2.10GHz; 4 cores; 16 GiB RAM; Linux-x86_64,2026-09-30T03:29:15+00:00
netlib,d6cube,8cd94ee7783bcbce884acde1f4769f5c79739c9460fe73cb948924e724b02dfa,415,6184,cbc-clp,1.17.9,optimal,Optimal,315.49166666666633,315.49166666666633,315.49166667,3.333639142510947e-09,1.056648873707935e-11,1,315.4916666666667,1,primal+dual,1,,1,0.8231848689999879,0.8231848689999879,0,120.0,1,fe8a61c,cloud container (docker); Intel(R) Xeon(R) Processor @ 2.10GHz; 4 cores; 16 GiB RAM; Linux-x86_64,2026-09-30T03:29:15+00:00
netlib,d6cube,8cd94ee7783bcbce884acde1f4769f5c79739c9460fe73cb948924e724b02dfa,415,6184,glpk,5.0,optimal,6608 lines were written,315.491666666667,315.4916666666666,315.49166667,3.333354925416643e-09,1.0565587866709922e-11,1,315.4916666666667,1,primal+dual,1,,1,0.8,0.8970006719999901,5652,120.0,1,fe8a61c,cloud container (docker); Intel(R) Xeon(R) Processor @ 2.10GHz; 4 cores; 16 GiB RAM; Linux-x86_64,2026-09-30T03:29:15+00:00
netlib,degen2,755cf6ca5f3a8ed1b8b68372e8d2d3b5efee784ee69b1dada923c6ff04ee0edb,444,534,sankhya,fe8a61c,optimal,,-1435.178,-1435.178,-1435.178,0.0,0.0,1,-1435.178,1,primal+dual,1,,1,0.019099302,0.025164141000004747,611,120.0,1,fe8a61c,cloud container (docker); Intel(R) Xeon(R) Processor @ 2.10GHz; 4 cores; 16 GiB RAM; Linux-x86_64,2026-09-30T03:29:19+00:00
netlib,degen2,755cf6ca5f3a8ed1b8b68372e8d2d3b5efee784ee69b1dada923c6ff04ee0edb,444,534,highs,1.15.1,optimal,optimal,-1435.178,-1435.178,-1435.178,0.0,0.0,1,-1435.178,1,primal+dual,1,,1,0.01291656494140625,0.13532084199999872,445,120.0,1,fe8a61c,cloud container (docker); Intel(R) Xeon(R) Processor @ 2.10GHz; 4 cores; 16 GiB RAM; Linux-x86_64,2026-09-30T03:29:19+00:00
netlib,degen2,755cf6ca5f3a8ed1b8b68372e8d2d3b5efee784ee69b1dada923c6ff04ee0edb,444,534,scip,10.0.2,optimal,optimal,-1435.1779999999999,-1435.178,-1435.178,0.0,0.0,1,-1435.178,1,primal-only,1,,1,0.032577,0.1735890060000429,1091,120.0,1,fe8a61c,cloud container (docker); Intel(R) Xeon(R) Processor @ 2.10GHz; 4 cores; 16 GiB RAM; Linux-x86_64,2026-09-30T03:29:19+00:00
netlib,degen2,755cf6ca5f3a8ed1b8b68372e8d2d3b5efee784ee69b1dada923c6ff04ee0edb,444,534,cbc-clp,1.17.9,optimal,Optimal,-1435.178,-1435.178,-1435.178,0.0,0.0,1,-1435.178,1,primal+dual,1,,1,0.01950352300002578,0.01950352300002578,447,120.0,1,fe8a61c,cloud container (docker); Intel(R) Xeon(R) Processor @ 2.10GHz; 4 cores; 16 GiB RAM; Linux-x86_64,2026-09-30T03:29:19+00:00
netlib,degen2,755cf6ca5f3a8ed1b8b68372e8d2d3b5efee784ee69b1dada923c6ff04ee0edb,444,534,glpk,5.0,optimal,987 lines were written,-1435.178,-1435.1779999999999,-1435.178,2.2737367544323206e-13,1.584289025077252e-16,1,-1435.178,1,primal+dual,1,,1,0.0,0.026986352999983865,512,120.0,1,fe8a61c,cloud container (docker); Intel(R) Xeon(R) Processor @ 2.10GHz; 4 cores; 16 GiB RAM; Linux-x86_64,2026-09-30T03:29:19+00:00
netlib,degen3,08d600688c524fea548e946af5551ef8c359c7a7e71b8841acc839b00eefadeb,1503,1818,sankhya,fe8a61c,optimal,,-987.2939999999999,-987.2939999999999,-987.294,1.1368683772161603e-13,1.151499327673581e-16,1,-987.294,1,primal+dual,1,,1,0.330482133,0.35135717800000066,3164,120.0,1,fe8a61c,cloud container (docker); Intel(R) Xeon(R) Processor @ 2.10GHz; 4 cores; 16 GiB RAM; Linux-x86_64,2026-09-30T03:29:20+00:00
netlib,degen3,08d600688c524fea548e946af5551ef8c359c7a7e71b8841acc839b00eefadeb,1503,1818,highs,1.15.1,optimal,optimal,-987.2940000000007,-987.2940000000007,-987.294,6.821210263296962e-13,6.908995966041485e-16,1,-987.294,1,primal+dual,1,,1,0.1833484172821045,0.42515620300002865,2098,120.0,1,fe8a61c,cloud container (docker); Intel(R) Xeon(R) Processor @ 2.10GHz; 4 cores; 16 GiB RAM; Linux-x86_64,2026-09-30T03:29:20+00:00
netlib,degen3,08d600688c524fea548e946af5551ef8c359c7a7e71b8841acc839b00eefadeb,1503,1818,scip,10.0.2,optimal,optimal,-987.294,-987.2940000000004,-987.294,4.547473508864641e-13,4.605997310694324e-16,1,-987.294,1,primal-only,1,,1,0.812295,1.0000906980000082,8311,120.0,1,fe8a61c,cloud container (docker); Intel(R) Xeon(R) Processor @ 2.10GHz; 4 cores; 16 GiB RAM; Linux-x86_64,2026-09-30T03:29:20+00:00
netlib,degen3,08d600688c524fea548e946af5551ef8c359c7a7e71b8841acc839b00eefadeb,1503,1818,cbc-clp,1.17.9,optimal,Optimal,-987.2940000000002,-987.2940000000002,-987.294,2.2737367544323206e-13,2.302998655347162e-16,1,-987.294,1,primal+dual,1,,1,0.22961624100003064,0.22961624100003064,1913,120.0,1,fe8a61c,cloud container (docker); Intel(R) Xeon(R) Processor @ 2.10GHz; 4 cores; 16 GiB RAM; Linux-x86_64,2026-09-30T03:29:20+00:00
netlib,degen3,08d600688c524fea548e946af5551ef8c359c7a7e71b8841acc839b00eefadeb,1503,1818,glpk,5.0,optimal,3330 lines were written,-987.294,-987.2940000000003,-987.294,3.410605131648481e-13,3.4544979830207424e-16,1,-987.294,1,primal+dual,1,,1,0.3,0.28583981499997435,2036,120.0,1,fe8a61c,cloud container (docker); Intel(R) Xeon(R) Processor @ 2.10GHz; 4 cores; 16 GiB RAM; Linux-x86_64,2026-09-30T03:29:20+00:00
netlib,dfl001,85d47c5f8a5fc53772eabac1805b7a1af72431cad9e14d26d673043980952730,6071,12230,sankhya,fe8a61c,optimal,,11266396.0466714,11266396.0466714,11266400.0,3.953328600153327,3.508954590777291e-07,1,11266396.046671392,1,primal+dual,1,,1,48.673632495,48.73075012299995,85012,120.0,1,fe8a61c,cloud container (docker); Intel(R) Xeon(R) Processor @ 2.10GHz; 4 cores; 16 GiB RAM; Linux-x86_64,2026-09-30T03:29:23+00:00
netlib,dfl001,85d47c5f8a5fc53772eabac1805b7a1af72431cad9e14d26d673043980952730,6071,12230,highs,1.15.1,optimal,optimal,11266396.04667138,11266396.04667138,11266400.0,3.9533286206424236,3.50895460896331e-07,1,11266396.046671392,1,primal+dual,1,,1,6.417301416397095,9.443826962000003,18117,120.0,1,fe8a61c,cloud container (docker); Intel(R) Xeon(R) Processor @ 2.10GHz; 4 cores; 16 GiB RAM; Linux-x86_64,2026-09-30T03:29:23+00:00
netlib,dfl001,85d47c5f8a5fc53772eabac1805b7a1af72431cad9e14d26d673043980952730,6071,12230,scip,10.0.2,optimal,optimal,11266396.046673775,11266396.046671815,11266400.0,3.9533281847834587,3.508954222097084e-07,1,11266396.046671392,1,primal-only,1,,1,19.743986,20.01605126100003,36220,120.0,1,fe8a61c,cloud container (docker); Intel(R) Xeon(R) Processor @ 2.10GHz; 4 cores; 16 GiB RAM; Linux-x86_64,2026-09-30T03:29:23+00:00
netlib,dfl001,85d47c5f8a5fc53772eabac1805b7a1af72431cad9e14d26d673043980952730,6071,12230,cbc-clp,1.17.9,optimal,Optimal,11266396.046671385,11266396.046671385,11266400.0,3.953328615054488,3.508954604003487e-07,1,11266396.046671392,1,primal+dual,1,,1,5.490465647999997,5.490465647999997,18683,120.0,1,fe8a61c,cloud container (docker); Intel(R) Xeon(R) Processor @ 2.10GHz; 4 cores; 16 GiB RAM; Linux-x86_64,2026-09-30T03:29:23+00:00
netlib,dfl001,85d47c5f8a5fc53772eabac1805b7a1af72431cad9e14d26d673043980952730,6071,12230,glpk,5.0,optimal,18310 lines were written,11266396.0466711,11266396.04667113,11266400.0,3.9533288702368736,3.508954830502089e-07,1,11266396.046671392,1,primal+dual,0,[FAIL] dual feasibility (columns)  worst 2.851e-07 (2.851e-07 relative) on C11729,0,27.1,27.206258667999975,43170,120.0,1,fe8a61c,cloud container (docker); Intel(R) Xeon(R) Processor @ 2.10GHz; 4 cores; 16 GiB RAM; Linux-x86_64,2026-09-30T03:29:23+00:00
netlib,e226,ddf56486daea52c8592b520aeb83d329223a1b45a3e5a269bd663ef9195bd8d8,223,282,sankhya,fe8a61c,optimal,,-11.638929066370528,-18.751929066370558,-18.751929066,3.7055869483992865e-10,1.9761097300213553e-11,1,-18.75192906637055,1,primal+dual,1,,1,0.006115438,0.010617578999983834,435,120.0,1,fe8a61c,cloud container (docker); Intel(R) Xeon(R) Processor @ 2.10GHz; 4 cores; 16 GiB RAM; Linux-x86_64,2026-09-30T03:31:15+00:00
netlib,e226,ddf56486daea52c8592b520aeb83d329223a1b45a3e5a269bd663ef9195bd8d8,223,282,highs,1.15.1,optimal,optimal,-11.638929066370537,-18.751929066370533,-18.751929066,3.7053382584417704e-10,1.975977109021862e-11,1,-18.75192906637055,1,primal+dual,1,,1,0.007368803024291992,0.13437175199999274,335,120.0,1,fe8a61c,cloud container (docker); Intel(R) Xeon(R) Processor @ 2.10GHz; 4 cores; 16 GiB RAM; Linux-x86_64,2026-09-30T03:31:15+00:00
netlib,e226,ddf56486daea52c8592b520aeb83d329223a1b45a3e5a269bd663ef9195bd8d8,223,282,scip,10.0.2,optimal,optimal,-11.638929066370551,-18.75192906637054,-18.751929066,3.7054093127153465e-10,1.976015000736003e-11,1,-18.75192906637055,1,primal-only,1,,1,0.024645,0.15457073099997842,444,120.0,1,fe8a61c,cloud container (docker); Intel(R) Xeon(R) Processor @ 2.10GHz; 4 cores; 16 GiB RAM; Linux-x86_64,2026-09-30T03:31:15+00:00
netlib,e226,ddf56486daea52c8592b520aeb83d329223a1b45a3e5a269bd663ef9195bd8d8,223,282,cbc-clp,1.17.9,optimal,Optimal,-11.638929066370505,-18.751929066370504,-18.751929066,3.7050540413474664e-10,1.9758255421652983e-11,1,-18.75192906637055,1,primal+dual,1,,1,0.01052830300000096,0.01052830300000096,300,120.0,1,fe8a61c,cloud container (docker); Intel(R) Xeon(R) Processor @ 2.10GHz; 4 cores; 16 GiB RAM; Linux-x86_64,2026-09-30T03:31:15+00:00
netlib,e226,ddf56486daea52c8592b520aeb83d329223a1b45a3e5a269bd663ef9195bd8d8,223,282,glpk,5.0,optimal,"514 lines were written; objective restated from GLPK's constant convention (constant -7.113 there, 7.113 here)",-25.8649290663703,-18.75192906637024,-18.751929066,3.702425033225154e-10,1.9744235487420835e-11,1,-18.75192906637055,1,primal+dual,1,,1,0.0,0.008398413000008986,237,120.0,1,fe8a61c,cloud container (docker); Intel(R) Xeon(R) Processor @ 2.10GHz; 4 cores; 16 GiB RAM; Linux-x86_64,2026-09-30T03:31:15+00:00
netlib,etamacro,41701e1add7af2ed2b21a421ab7271bc867e6bc7ad98ac189748d6522e7d4926,400,688,sankhya,fe8a61c,optimal,,-755.7152333505866,-755.7152333505866,-755.71521774,1.561058661536663e-05,2.0656705394990964e-08,1,-755.7152333749133,1,primal+dual,1,,1,0.015360758,0.019876093000050332,779,120.0,1,fe8a61c,cloud container (docker); Intel(R) Xeon(R) Processor @ 2.10GHz; 4 cores; 16 GiB RAM; Linux-x86_64,2026-09-30T03:31:16+00:00
netlib,etamacro,41701e1add7af2ed2b21a421ab7271bc867e6bc7ad98ac189748d6522e7d4926,400,688,highs,1.15.1,optimal,optimal,-755.7152333005275,-755.7152333005275,-755.71521774,1.5560527572233696e-05,2.0590464776887975e-08,1,-755.7152333749133,1,primal+dual,1,,1,0.009438037872314453,0.17472192500002848,419,120.0,1,fe8a61c,cloud container (docker); Intel(R) Xeon(R) Processor @ 2.10GHz; 4 cores; 16 GiB RAM; Linux-x86_64,2026-09-30T03:31:16+00:00
netlib,etamacro,41701e1add7af2ed2b21a421ab7271bc867e6bc7ad98ac189748d6522e7d4926,400,688,scip,10.0.2,optimal,optimal,-755.7152332694528,-755.7152332694528,-755.71521774,1.552945286675822e-05,2.0549345179523764e-08,1,-755.7152333749133,1,primal-only,1,,1,0.022091,0.16720596400000431,727,120.0,1,fe8a61c,cloud container (docker); Intel(R) Xeon(R) Processor @ 2.10GHz; 4 cores; 16 GiB RAM; Linux-x86_64,2026-09-30T03:31:16+00:00
netlib,etamacro,41701e1add7af2ed2b21a421ab7271bc867e6bc7ad98ac189748d6522e7d4926,400,688,cbc-clp,1.17.9,optimal,Optimal,-755.7152333387961,-755.7152333387961,-755.71521774,1.559879615342652e-05,2.0641103668754236e-08,1,-755.7152333749133,1,primal+dual,1,,1,0.015907096999967507,0.015907096999967507,437,120.0,1,fe8a61c,cloud container (docker); Intel(R) Xeon(R) Processor @ 2.10GHz; 4 cores; 16 GiB RAM; Linux-x86_64,2026-09-30T03:31:16+00:00
netlib,etamacro,41701e1add7af2ed2b21a421ab7271bc867e6bc7ad98ac189748d6522e7d4926,400,688,glpk,5.0,optimal,1097 lines were written,-755.71523325414,-755.7152332541394,-755.71521774,1.5514139477090794e-05,2.0529081739926476e-08,1,-755.7152333749133,1,primal+dual,1,,1,0.0,0.01748877300002505,449,120.0,1,fe8a61c,cloud container (docker); Intel(R) Xeon(R) Processor @ 2.10GHz; 4 cores; 16 GiB RAM; Linux-x86_64,2026-09-30T03:31:16+00:00
netlib,fffff800,9d6695686c15d5f1b4f43b2ce8830c1d38df3a204717d8875f144aa21b33901e,524,854,sankhya,fe8a61c,optimal,,555679.5648174962,555679.5648174962,555679.61165,0.046832503750920296,8.427968701579461e-08,1,555679.5648174963,1,primal+dual,1,,1,0.012510408,0.01855064999995193,706,120.0,1,fe8a61c,cloud container (docker); Intel(R) Xeon(R) Processor @ 2.10GHz; 4 cores; 16 GiB RAM; Linux-x86_64,2026-09-30T03:31:17+00:00
netlib,fffff800,9d6695686c15d5f1b4f43b2ce8830c1d38df3a204717d8875f144aa21b33901e,524,854,highs,1.15.1,optimal,optimal,555679.5648174963,555679.5648174963,555679.61165,0.046832503634504974,8.427968680629381e-08,1,555679.5648174963,1,primal+dual,1,,1,0.00984048843383789,0.14663395100001253,411,120.0,1,fe8a61c,cloud container (docker); Intel(R) Xeon(R) Processor @ 2.10GHz; 4 cores; 16 GiB RAM; Linux-x86_64,2026-09-30T03:31:17+00:00
netlib,fffff800,9d6695686c15d5f1b4f43b2ce8830c1d38df3a204717d8875f144aa21b33901e,524,854,scip,10.0.2,optimal,optimal,555679.5648174963,555679.5648174963,555679.61165,0.046832503634504974,8.427968680629381e-08,1,555679.5648174963,1,primal-only,1,,1,0.07976899999999999,0.20501693099998874,413,120.0,1,fe8a61c,cloud container (docker); Intel(R) Xeon(R) Processor @ 2.10GHz; 4 cores; 16 GiB RAM; Linux-x86_64,2026-09-30T03:31:17+00:00
netlib,fffff800,9d6695686c15d5f1b4f43b2ce8830c1d38df3a204717d8875f144aa21b33901e,524,854,cbc-clp,1.17.9,optimal,Optimal,555679.5648174963,555679.5648174963,555679.61165,0.046832503634504974,8.427968680629381e-08,1,555679.5648174963,1,primal+dual,1,,1,0.010996641000019736,0.010996641000019736,307,120.0,1,fe8a61c,cloud container (docker); Intel(R) Xeon(R) Processor @ 2.10GHz; 4 cores; 16 GiB RAM; Linux-x86_64,2026-09-30T03:31:17+00:00
netlib,fffff800,9d6695686c15d5f1b4f43b2ce8830c1d38df3a204717d8875f144aa21b33901e,524,854,glpk,5.0,optimal,1387 lines were written,555679.564817496,555679.5648174968,555679.61165,0.04683250316884369,8.427968596829063e-08,1,555679.5648174963,1,primal+dual,1,,1,0.0,0.012571068999989166,235,120.0,1,fe8a61c,cloud container (docker); Intel(R) Xeon(R) Processor @ 2.10GHz; 4 cores; 16 GiB RAM; Linux-x86_64,2026-09-30T03:31:17+00:00
netlib,finnis,891821f24a8cd14af78b95bb460a56f0e0b5410a59ad01ab58d9daf3387e7546,497,614,sankhya,fe8a61c,optimal,,172791.06559561164,172791.06559561164,172790.96547,0.10012561164330691,5.794609189835839e-07,1,172791.06559561158,1,primal+dual,1,,1,0.00833575,0.01346745899996904,398,120.0,1,fe8a61c,cloud container (docker); Intel(R) Xeon(R) Processor @ 2.10GHz; 4 cores; 16 GiB RAM; Linux-x86_64,2026-09-30T03:31:17+00:00
netlib,finnis,891821f24a8cd14af78b95bb460a56f0e0b5410a59ad01ab58d9daf3387e7546,497,614,highs,1.15.1,optimal,optimal,172791.06559561164,172791.06559561164,172790.96547,0.10012561164330691,5.794609189835839e-07,1,172791.06559561158,1,primal+dual,1,,1,0.004324436187744141,0.11184582800001408,246,120.0,1,fe8a61c,cloud container (docker); Intel(R) Xeon(R) Processor @ 2.10GHz; 4 cores; 16 GiB RAM; Linux-x86_64,2026-09-30T03:31:17+00:00
netlib,finnis,891821f24a8cd14af78b95bb460a56f0e0b5410a59ad01ab58d9daf3387e7546,497,614,scip,10.0.2,optimal,optimal,172791.0655956116,172791.06559561155,172790.96547,0.10012561155599542,5.794609184782827e-07,1,172791.06559561158,1,primal-only,1,,1,0.017556,0.14189688200002593,546,120.0,1,fe8a61c,cloud container (docker); Intel(R) Xeon(R) Processor @ 2.10GHz; 4 cores; 16 GiB RAM; Linux-x86_64,2026-09-30T03:31:17+00:00
netlib,finnis,891821f24a8cd14af78b95bb460a56f0e0b5410a59ad01ab58d9daf3387e7546,497,614,cbc-clp,1.17.9,optimal,Optimal,172791.06559561155,172791.06559561155,172790.96547,0.10012561155599542,5.794609184782827e-07,1,172791.06559561158,1,primal+dual,1,,1,0.009609773000022415,0.009609773000022415,210,120.0,1,fe8a61c,cloud container (docker); Intel(R) Xeon(R) Processor @ 2.10GHz; 4 cores; 16 GiB RAM; Linux-x86_64,2026-09-30T03:31:17+00:00
netlib,finnis,891821f24a8cd14af78b95bb460a56f0e0b5410a59ad01ab58d9daf3387e7546,497,614,glpk,5.0,optimal,1120 lines were written,172791.065595612,172791.06559561158,172790.96547,0.10012561158509925,5.794609186467163e-07,1,172791.06559561158,1,primal+dual,1,,1,0.0,0.011175801999968371,386,120.0,1,fe8a61c,cloud container (docker); Intel(R) Xeon(R) Processor @ 2.10GHz; 4 cores; 16 GiB RAM; Linux-x86_64,2026-09-30T03:31:17+00:00
netlib,fit1d,59cee4fedd040a05c05d8410474ee014f42ef910e083689202be708491fe8717,24,1026,sankhya,fe8a61c,optimal,,-9146.378092420928,-9146.378092420928,-9146.3780924,2.092747308779508e-08,2.2880612277754342e-12,1,-9146.378092420928,1,primal+dual,1,,1,0.002869421,0.013205072000005202,56,120.0,1,fe8a61c,cloud container (docker); Intel(R) Xeon(R) Processor @ 2.10GHz; 4 cores; 16 GiB RAM; Linux-x86_64,2026-09-30T03:31:18+00:00
netlib,fit1d,59cee4fedd040a05c05d8410474ee014f42ef910e083689202be708491fe8717,24,1026,highs,1.15.1,optimal,optimal,-9146.378092420928,-9146.378092420928,-9146.3780924,2.092747308779508e-08,2.2880612277754342e-12,1,-9146.378092420928,1,primal+dual,1,,1,0.008631706237792969,0.13909730899996475,58,120.0,1,fe8a61c,cloud container (docker); Intel(R) Xeon(R) Processor @ 2.10GHz; 4 cores; 16 GiB RAM; Linux-x86_64,2026-09-30T03:31:18+00:00
netlib,fit1d,59cee4fedd040a05c05d8410474ee014f42ef910e083689202be708491fe8717,24,1026,scip,10.0.2,optimal,optimal,-9146.378092420926,-9146.378092420928,-9146.3780924,2.092747308779508e-08,2.2880612277754342e-12,1,-9146.378092420928,1,primal-only,1,,1,0.084177,0.21633257600001343,194,120.0,1,fe8a61c,cloud container (docker); Intel(R) Xeon(R) Processor @ 2.10GHz; 4 cores; 16 GiB RAM; Linux-x86_64,2026-09-30T03:31:18+00:00
netlib,fit1d,59cee4fedd040a05c05d8410474ee014f42ef910e083689202be708491fe8717,24,1026,cbc-clp,1.17.9,optimal,Optimal,-9146.378092420953,-9146.378092420953,-9146.3780924,2.095293893944472e-08,2.2908454830721623e-12,1,-9146.378092420928,1,primal+dual,1,,1,0.0114455899999939,0.0114455899999939,69,120.0,1,fe8a61c,cloud container (docker); Intel(R) Xeon(R) Processor @ 2.10GHz; 4 cores; 16 GiB RAM; Linux-x86_64,2026-09-30T03:31:18+00:00
netlib,fit1d,59cee4fedd040a05c05d8410474ee014f42ef910e083689202be708491fe8717,24,1026,glpk,5.0,optimal,1059 lines were written,-9146.37809242092,-9146.378092420924,-9146.3780924,2.0923835108987987e-08,2.287663477018759e-12,1,-9146.378092420928,1,primal+dual,1,,1,0.0,0.05437892700001612,510,120.0,1,fe8a61c,cloud container (docker); Intel(R) Xeon(R) Processor @ 2.10GHz; 4 cores; 16 GiB RAM; Linux-x86_64,2026-09-30T03:31:18+00:00
netlib,fit1p,416e77d83daf74dee5ec1d253b77f8e252ff3e27cd123459218b02ef2be0df17,627,1677,sankhya,fe8a61c,optimal,,9146.378092420935,9146.378092420935,9146.3780924,2.0934749045409262e-08,2.288856729288785e-12,1,9146.378092420928,1,primal+dual,1,,1,0.036131637,0.043832517999987886,1088,120.0,1,fe8a61c,cloud container (docker); Intel(R) Xeon(R) Processor @ 2.10GHz; 4 cores; 16 GiB RAM; Linux-x86_64,2026-09-30T03:31:19+00:00
netlib,fit1p,416e77d83daf74dee5ec1d253b77f8e252ff3e27cd123459218b02ef2be0df17,627,1677,highs,1.15.1,optimal,optimal,9146.378092420935,9146.378092420935,9146.3780924,2.0934749045409262e-08,2.288856729288785e-12,1,9146.378092420928,1,primal+dual,1,,1,0.03121781349182129,0.1857493740000109,860,120.0,1,fe8a61c,cloud container (docker); Intel(R) Xeon(R) Processor @ 2.10GHz; 4 cores; 16 GiB RAM; Linux-x86_64,2026-09-30T03:31:19+00:00
netlib,fit1p,416e77d83daf74dee5ec1d253b77f8e252ff3e27cd123459218b02ef2be0df17,627,1677,scip,10.0.2,optimal,optimal,9146.378092420928,9146.378092420931,9146.3780924,2.093111106660217e-08,2.2884589785321096e-12,1,9146.378092420928,1,primal-only,1,,1,0.161443,0.30247442300003513,2476,120.0,1,fe8a61c,cloud container (docker); Intel(R) Xeon(R) Processor @ 2.10GHz; 4 cores; 16 GiB RAM; Linux-x86_64,2026-09-30T03:31:19+00:00
netlib,fit1p,416e77d83daf74dee5ec1d253b77f8e252ff3e27cd123459218b02ef2be0df17,627,1677,cbc-clp,1.17.9,optimal,Optimal,9146.378092420933,9146.378092420933,9146.3780924,2.0932930056005716e-08,2.2886578539104475e-12,1,9146.378092420928,1,primal+dual,1,,1,0.03184594599997581,0.03184594599997581,523,120.0,1,fe8a61c,cloud container (docker); Intel(R) Xeon(R) Processor @ 2.10GHz; 4 cores; 16 GiB RAM; Linux-x86_64,2026-09-30T03:31:19+00:00
netlib,fit1p,416e77d83daf74dee5ec1d253b77f8e252ff3e27cd123459218b02ef2be0df17,627,1677,glpk,5.0,optimal,2313 lines were written,9146.37809242093,9146.378092420931,9146.3780924,2.093111106660217e-08,2.2884589785321096e-12,1,9146.378092420928,1,primal+dual,1,,1,0.0,0.031247145000008913,390,120.0,1,fe8a61c,cloud container (docker); Intel(R) Xeon(R) Processor @ 2.10GHz; 4 cores; 16 GiB RAM; Linux-x86_64,2026-09-30T03:31:19+00:00
netlib,fit2d,1c16c328c0358ab175596bdd6b9a2c5d1cb4bb53b099d5d1f2a208a889c7bafc,25,10500,sankhya,fe8a61c,optimal,,-68464.2932938321,-68464.2932938321,-68464.293294,1.6789999790489674e-07,2.4523731981559937e-12,1,-68464.29329383207,1,primal+dual,1,,1,0.069591984,0.14484817400000338,226,120.0,1,fe8a61c,cloud container (docker); Intel(R) Xeon(R) Processor @ 2.10GHz; 4 cores; 16 GiB RAM; Linux-x86_64,2026-09-30T03:31:20+00:00
netlib,fit2d,1c16c328c0358ab175596bdd6b9a2c5d1cb4bb53b099d5d1f2a208a889c7bafc,25,10500,highs,1.15.1,optimal,optimal,-68464.2932938321,-68464.2932938321,-68464.293294,1.6789999790489674e-07,2.4523731981559937e-12,1,-68464.29329383207,1,primal+dual,1,,1,0.10899806022644043,2.0372441979999962,129,120.0,1,fe8a61c,cloud container (docker); Intel(R) Xeon(R) Processor @ 2.10GHz; 4 cores; 16 GiB RAM; Linux-x86_64,2026-09-30T03:31:20+00:00
netlib,fit2d,1c16c328c0358ab175596bdd6b9a2c5d1cb4bb53b099d5d1f2a208a889c7bafc,25,10500,scip,10.0.2,optimal,optimal,-68464.29329383207,-68464.2932938321,-68464.293294,1.6789999790489674e-07,2.4523731981559937e-12,1,-68464.29329383207,1,primal-only,1,,1,0.734938,1.0271282239999664,862,120.0,1,fe8a61c,cloud container (docker); Intel(R) Xeon(R) Processor @ 2.10GHz; 4 cores; 16 GiB RAM; Linux-x86_64,2026-09-30T03:31:20+00:00
netlib,fit2d,1c16c328c0358ab175596bdd6b9a2c5d1cb4bb53b099d5d1f2a208a889c7bafc,25,10500,cbc-clp,1.17.9,optimal,Optimal,-68464.29329383152,-68464.29329383152,-68464.293294,1.684820745140314e-07,2.4608750986522876e-12,1,-68464.29329383207,1,primal+dual,1,,1,0.11171225000003915,0.11171225000003915,121,120.0,1,fe8a61c,cloud container (docker); Intel(R) Xeon(R) Processor @ 2.10GHz; 4 cores; 16 GiB RAM; Linux-x86_64,2026-09-30T03:31:20+00:00
netlib,fit2d,1c16c328c0358ab175596bdd6b9a2c5d1cb4bb53b099d5d1f2a208a889c7bafc,25,10500,glpk,5.0,optimal,10534 lines were written,-68464.293293832,-68464.293293832,-68464.293294,1.680018613114953e-07,2.453861030742845e-12,1,-68464.29329383207,1,primal+dual,1,,1,3.1,3.2133568350000132,5598,120.0,1,fe8a61c,cloud container (docker); Intel(R) Xeon(R) Processor @ 2.10GHz; 4 cores; 16 GiB RAM; Linux-x86_64,2026-09-30T03:31:20+00:00
netlib,fit2p,0f44de8ea974ed4cc04fb60ccd2707c2f887dc65f8b6b9bd1e9f01bb59dd4a4f,3000,13525,sankhya,fe8a61c,optimal,,68464.29329383219,68464.29329383219,68464.293232,6.183219375088811e-05,9.031305346476276e-10,1,68464.29329383207,1,primal+dual,1,,1,2.316507066,2.3666913499999964,10207,120.0,1,fe8a61c,cloud container (docker); Intel(R) Xeon(R) Processor @ 2.10GHz; 4 cores; 16 GiB RAM; Linux-x86_64,2026-09-30T03:31:28+00:00
netlib,fit2p,0f44de8ea974ed4cc04fb60ccd2707c2f887dc65f8b6b9bd1e9f01bb59dd4a4f,3000,13525,highs,1.15.1,optimal,optimal,68464.29329383216,68464.29329383216,68464.293232,6.183216464705765e-05,9.031301095526024e-10,1,68464.29329383207,1,primal+dual,1,,1,0.9362266063690186,4.48646453799995,4907,120.0,1,fe8a61c,cloud container (docker); Intel(R) Xeon(R) Processor @ 2.10GHz; 4 cores; 16 GiB RAM; Linux-x86_64,2026-09-30T03:31:28+00:00
netlib,fit2p,0f44de8ea974ed4cc04fb60ccd2707c2f887dc65f8b6b9bd1e9f01bb59dd4a4f,3000,13525,scip,10.0.2,optimal,optimal,68464.29329383207,68464.29329383216,68464.293232,6.183216464705765e-05,9.031301095526024e-10,1,68464.29329383207,1,primal-only,1,,1,1.119813,1.3742046219999793,8796,120.0,1,fe8a61c,cloud container (docker); Intel(R) Xeon(R) Processor @ 2.10GHz; 4 cores; 16 GiB RAM; Linux-x86_64,2026-09-30T03:31:28+00:00
netlib,fit2p,0f44de8ea974ed4cc04fb60ccd2707c2f887dc65f8b6b9bd1e9f01bb59dd4a4f,3000,13525,cbc-clp,1.17.9,optimal,Optimal,68464.29329383218,68464.29329383218,68464.293232,6.183217919897288e-05,9.03130322100115e-10,1,68464.29329383207,1,primal+dual,1,,1,1.2018692220000275,1.2018692220000275,4678,120.0,1,fe8a61c,cloud container (docker); Intel(R) Xeon(R) Processor @ 2.10GHz; 4 cores; 16 GiB RAM; Linux-x86_64,2026-09-30T03:31:28+00:00
netlib,fit2p,0f44de8ea974ed4cc04fb60ccd2707c2f887dc65f8b6b9bd1e9f01bb59dd4a4f,3000,13525,glpk,5.0,optimal,16534 lines were written,68464.2932938321,68464.29329383212,68464.293232,6.183212099131197e-05,9.031294719100647e-10,1,68464.29329383207,1,primal+dual,1,,1,1.3,1.3745639429999983,6602,120.0,1,fe8a61c,cloud container (docker); Intel(R) Xeon(R) Processor @ 2.10GHz; 4 cores; 16 GiB RAM; Linux-x86_64,2026-09-30T03:31:28+00:00
netlib,forplan,65ec816c0b3c58ec4d61574df130a3ce464abb42f3d49de21710a787bf3cfdc7,161,421,sankhya,fe8a61c,optimal,,-664.2189612722065,-664.2189612722065,-664.21873953,0.00022174220646320464,3.3383913049503697e-07,1,-664.2189612722045,1,primal+dual,1,,1,0.004474674,0.010267150000004222,298,120.0,1,fe8a61c,cloud container (docker); Intel(R) Xeon(R) Processor @ 2.10GHz; 4 cores; 16 GiB RAM; Linux-x86_64,2026-09-30T03:31:40+00:00
netlib,forplan,65ec816c0b3c58ec4d61574df130a3ce464abb42f3d49de21710a787bf3cfdc7,161,421,highs,1.15.1,optimal,optimal,-664.2189612722054,-664.2189612722054,-664.21873953,0.0002217422054400231,3.338391289546084e-07,1,-664.2189612722045,1,primal+dual,1,,1,0.005604982376098633,0.1256629339999904,165,120.0,1,fe8a61c,cloud container (docker); Intel(R) Xeon(R) Processor @ 2.10GHz; 4 cores; 16 GiB RAM; Linux-x86_64,2026-09-30T03:31:40+00:00
netlib,forplan,65ec816c0b3c58ec4d61574df130a3ce464abb42f3d49de21710a787bf3cfdc7,161,421,scip,10.0.2,optimal,optimal; 372 names mapped back to their spaced form; 123 names mapped back to their spaced form,-664.2189612722042,-664.2189612722044,-664.21873953,0.00022174220441684156,3.338391274141798e-07,1,-664.2189612722045,1,primal-only,1,,1,0.020461999999999998,0.1543528619999961,221,120.0,1,fe8a61c,cloud container (docker); Intel(R) Xeon(R) Processor @ 2.10GHz; 4 cores; 16 GiB RAM; Linux-x86_64,2026-09-30T03:31:40+00:00
netlib,forplan,65ec816c0b3c58ec4d61574df130a3ce464abb42f3d49de21710a787bf3cfdc7,161,421,cbc-clp,1.17.9,optimal,Optimal; 372 names mapped back to their spaced form; 123 names mapped back to their spaced form,-664.2189612722052,-664.2189612722052,-664.21873953,0.00022174220521264942,3.338391286122909e-07,1,-664.2189612722045,1,primal+dual,1,,1,0.008991149999985737,0.008991149999985737,178,120.0,1,fe8a61c,cloud container (docker); Intel(R) Xeon(R) Processor @ 2.10GHz; 4 cores; 16 GiB RAM; Linux-x86_64,2026-09-30T03:31:40+00:00
netlib,forplan,65ec816c0b3c58ec4d61574df130a3ce464abb42f3d49de21710a787bf3cfdc7,161,421,glpk,5.0,optimal,591 lines were written; 372 names mapped back to their spaced form; 123 names mapped back to their spaced form,-664.218961272207,-664.2189612722066,-664.21873953,0.00022174220657689148,3.338391306661957e-07,1,-664.2189612722045,1,primal+dual,1,,1,0.0,0.01025652399999899,118,120.0,1,fe8a61c,cloud container (docker); Intel(R) Xeon(R) Processor @ 2.10GHz; 4 cores; 16 GiB RAM; Linux-x86_64,2026-09-30T03:31:40+00:00
netlib,ganges,f655f33ba979a59d659a8605acaf480c2fe5c610f3a50921bbcac7be40546067,1309,1681,sankhya,fe8a61c,optimal,,-109585.73612927819,-109585.73612927819,-109586.36356,0.6274307218118338,5.72544522355929e-06,0,-109585.73612927811,1,primal+dual,1,,1,0.026073083,0.03406316999996761,1183,120.0,1,fe8a61c,cloud container (docker); Intel(R) Xeon(R) Processor @ 2.10GHz; 4 cores; 16 GiB RAM; Linux-x86_64,2026-09-30T03:31:41+00:00
netlib,ganges,f655f33ba979a59d659a8605acaf480c2fe5c610f3a50921bbcac7be40546067,1309,1681,highs,1.15.1,optimal,optimal,-109585.73612927813,-109585.73612927813,-109586.36356,0.6274307218700415,5.725445224090448e-06,0,-109585.73612927811,1,primal+dual,1,,1,0.009968042373657227,0.19891701500000636,513,120.0,1,fe8a61c,cloud container (docker); Intel(R) Xeon(R) Processor @ 2.10GHz; 4 cores; 16 GiB RAM; Linux-x86_64,2026-09-30T03:31:41+00:00
netlib,ganges,f655f33ba979a59d659a8605acaf480c2fe5c610f3a50921bbcac7be40546067,1309,1681,scip,10.0.2,optimal,optimal,-109585.73612929112,-109585.7361292911,-109586.36356,0.627430708904285,5.725445105775029e-06,0,-109585.73612927811,1,primal-only,1,,1,0.039959999999999996,0.17792628799998056,229,120.0,1,fe8a61c,cloud container (docker); Intel(R) Xeon(R) Processor @ 2.10GHz; 4 cores; 16 GiB RAM; Linux-x86_64,2026-09-30T03:31:41+00:00
netlib,ganges,f655f33ba979a59d659a8605acaf480c2fe5c610f3a50921bbcac7be40546067,1309,1681,cbc-clp,1.17.9,optimal,Optimal,-109585.7361292783,-109585.7361292783,-109586.36356,0.6274307216954185,5.725445222496974e-06,0,-109585.73612927811,1,primal+dual,1,,1,0.013233501999991404,0.013233501999991404,393,120.0,1,fe8a61c,cloud container (docker); Intel(R) Xeon(R) Processor @ 2.10GHz; 4 cores; 16 GiB RAM; Linux-x86_64,2026-09-30T03:31:41+00:00
netlib,ganges,f655f33ba979a59d659a8605acaf480c2fe5c610f3a50921bbcac7be40546067,1309,1681,glpk,5.0,optimal,2999 lines were written,-109585.736129278,-109585.73612927845,-109586.36356,0.6274307215498993,5.7254452211690795e-06,0,-109585.73612927811,1,primal+dual,1,,1,0.0,0.03963920699999335,721,120.0,1,fe8a61c,cloud container (docker); Intel(R) Xeon(R) Processor @ 2.10GHz; 4 cores; 16 GiB RAM; Linux-x86_64,2026-09-30T03:31:41+00:00
netlib,gfrd-pnc,d66ea78a803e91e4f38dcd74ca4c575aa742e27e7120c1c3494d4d424ee5c936,616,1092,sankhya,fe8a61c,optimal,,6902235.999548811,6902235.999548811,6902235.9995,4.8811547458171844e-05,7.071845625346303e-12,1,6902235.999548809,1,primal+dual,1,,1,0.009608284,0.015188507999994272,448,120.0,1,fe8a61c,cloud container (docker); Intel(R) Xeon(R) Processor @ 2.10GHz; 4 cores; 16 GiB RAM; Linux-x86_64,2026-09-30T03:31:42+00:00
netlib,gfrd-pnc,d66ea78a803e91e4f38dcd74ca4c575aa742e27e7120c1c3494d4d424ee5c936,616,1092,highs,1.15.1,optimal,optimal,6902235.999548812,6902235.999548812,6902235.9995,4.881247878074646e-05,7.0719805559071656e-12,1,6902235.999548809,1,primal+dual,1,,1,0.006624698638916016,0.1605918190000466,303,120.0,1,fe8a61c,cloud container (docker); Intel(R) Xeon(R) Processor @ 2.10GHz; 4 cores; 16 GiB RAM; Linux-x86_64,2026-09-30T03:31:42+00:00
netlib,gfrd-pnc,d66ea78a803e91e4f38dcd74ca4c575aa742e27e7120c1c3494d4d424ee5c936,616,1092,scip,10.0.2,optimal,optimal,6902235.999548809,6902235.999548812,6902235.9995,4.881247878074646e-05,7.0719805559071656e-12,1,6902235.999548809,1,primal-only,1,,1,0.016676,0.14808771200000592,427,120.0,1,fe8a61c,cloud container (docker); Intel(R) Xeon(R) Processor @ 2.10GHz; 4 cores; 16 GiB RAM; Linux-x86_64,2026-09-30T03:31:42+00:00
netlib,gfrd-pnc,d66ea78a803e91e4f38dcd74ca4c575aa742e27e7120c1c3494d4d424ee5c936,616,1092,cbc-clp,1.17.9,optimal,Optimal,6902235.999548811,6902235.999548811,6902235.9995,4.8811547458171844e-05,7.071845625346303e-12,1,6902235.999548809,1,primal+dual,1,,1,0.012393506000023535,0.012393506000023535,308,120.0,1,fe8a61c,cloud container (docker); Intel(R) Xeon(R) Processor @ 2.10GHz; 4 cores; 16 GiB RAM; Linux-x86_64,2026-09-30T03:31:42+00:00
netlib,gfrd-pnc,d66ea78a803e91e4f38dcd74ca4c575aa742e27e7120c1c3494d4d424ee5c936,616,1092,glpk,5.0,optimal,1717 lines were written,6902235.99954882,6902235.999548814,6902235.9995,4.881434142589569e-05,7.07225041702889e-12,1,6902235.999548809,1,primal+dual,1,,1,0.0,0.018859704000021793,379,120.0,1,fe8a61c,cloud container (docker); Intel(R) Xeon(R) Processor @ 2.10GHz; 4 cores; 16 GiB RAM; Linux-x86_64,2026-09-30T03:31:42+00:00
netlib,greenbea,cb701e3ba5153e385b8cb6426e34b5d23bad4b1b9c9a037802e351c24b0f653d,2392,5405,sankhya,fe8a61c,optimal,,-72555248.12984598,-72555248.12984598,-72462405.908,92842.22184596956,0.0012812467469524025,0,-72555248.12984599,1,primal+dual,1,,1,0.837852259,0.8632439639999916,8526,120.0,1,fe8a61c,cloud container (docker); Intel(R) Xeon(R) Processor @ 2.10GHz; 4 cores; 16 GiB RAM; Linux-x86_64,2026-09-30T03:31:43+00:00
netlib,greenbea,cb701e3ba5153e385b8cb6426e34b5d23bad4b1b9c9a037802e351c24b0f653d,2392,5405,highs,1.15.1,optimal,optimal,-72555248.12984587,-72555248.12984587,-72462405.908,92842.22184586525,0.0012812467469509629,0,-72555248.12984599,1,primal+dual,1,,1,0.22073006629943848,1.0286033900000007,2524,120.0,1,fe8a61c,cloud container (docker); Intel(R) Xeon(R) Processor @ 2.10GHz; 4 cores; 16 GiB RAM; Linux-x86_64,2026-09-30T03:31:43+00:00
netlib,greenbea,cb701e3ba5153e385b8cb6426e34b5d23bad4b1b9c9a037802e351c24b0f653d,2392,5405,scip,10.0.2,optimal,optimal,-72555248.12983902,-72555248.12984921,-72462405.908,92842.22184920311,0.0012812467469970263,0,-72555248.12984599,1,primal-only,1,,1,3.326215,3.4852920609999956,21581,120.0,1,fe8a61c,cloud container (docker); Intel(R) Xeon(R) Processor @ 2.10GHz; 4 cores; 16 GiB RAM; Linux-x86_64,2026-09-30T03:31:43+00:00
netlib,greenbea,cb701e3ba5153e385b8cb6426e34b5d23bad4b1b9c9a037802e351c24b0f653d,2392,5405,cbc-clp,1.17.9,optimal,Optimal,-72555248.12984599,-72555248.12984599,-72462405.908,92842.22184598446,0.001281246746952608,0,-72555248.12984599,1,primal+dual,1,,1,0.1254996549999987,0.1254996549999987,2447,120.0,1,fe8a61c,cloud container (docker); Intel(R) Xeon(R) Processor @ 2.10GHz; 4 cores; 16 GiB RAM; Linux-x86_64,2026-09-30T03:31:43+00:00
netlib,greenbea,cb701e3ba5153e385b8cb6426e34b5d23bad4b1b9c9a037802e351c24b0f653d,2392,5405,glpk,5.0,optimal,7806 lines were written,-72555248.1298451,-72555248.12984513,-72462405.908,92842.22184512019,0.001281246746940681,0,-72555248.12984599,1,primal+dual,1,,1,0.5,0.4922301839999932,3177,120.0,1,fe8a61c,cloud container (docker); Intel(R) Xeon(R) Processor @ 2.10GHz; 4 cores; 16 GiB RAM; Linux-x86_64,2026-09-30T03:31:43+00:00
netlib,greenbeb,21f92f6a32f71ec72c8f693d6685e4a91ecb2debec732ec61302bc866f370865,2392,5405,sankhya,fe8a61c,optimal,,-4302260.261206586,-4302260.261206586,-4302147.6065,112.65470658615232,2.6185690703858075e-05,0,-4302260.261206587,1,primal+dual,1,,1,1.129692359,1.156496567999966,10966,120.0,1,fe8a61c,cloud container (docker); Intel(R) Xeon(R) Processor @ 2.10GHz; 4 cores; 16 GiB RAM; Linux-x86_64,2026-09-30T03:31:49+00:00
netlib,greenbeb,21f92f6a32f71ec72c8f693d6685e4a91ecb2debec732ec61302bc866f370865,2392,5405,highs,1.15.1,optimal,optimal,-4302260.261206586,-4302260.261206586,-4302147.6065,112.65470658615232,2.6185690703858075e-05,0,-4302260.261206587,1,primal+dual,1,,1,0.351917028427124,1.0731025710000495,4620,120.0,1,fe8a61c,cloud container (docker); Intel(R) Xeon(R) Processor @ 2.10GHz; 4 cores; 16 GiB RAM; Linux-x86_64,2026-09-30T03:31:49+00:00
netlib,greenbeb,21f92f6a32f71ec72c8f693d6685e4a91ecb2debec732ec61302bc866f370865,2392,5405,scip,10.0.2,optimal,optimal,-4302260.261206588,-4302260.261206587,-4302147.6065,112.65470658708364,2.6185690704074553e-05,0,-4302260.261206587,1,primal-only,1,,1,1.408223,1.593320494000011,12019,120.0,1,fe8a61c,cloud container (docker); Intel(R) Xeon(R) Processor @ 2.10GHz; 4 cores; 16 GiB RAM; Linux-x86_64,2026-09-30T03:31:49+00:00
netlib,greenbeb,21f92f6a32f71ec72c8f693d6685e4a91ecb2debec732ec61302bc866f370865,2392,5405,cbc-clp,1.17.9,optimal,Optimal,-4302260.261206586,-4302260.261206586,-4302147.6065,112.65470658615232,2.6185690703858075e-05,0,-4302260.261206587,1,primal+dual,1,,1,0.2632548130000032,0.2632548130000032,4061,120.0,1,fe8a61c,cloud container (docker); Intel(R) Xeon(R) Processor @ 2.10GHz; 4 cores; 16 GiB RAM; Linux-x86_64,2026-09-30T03:31:49+00:00
netlib,greenbeb,21f92f6a32f71ec72c8f693d6685e4a91ecb2debec732ec61302bc866f370865,2392,5405,glpk,5.0,optimal,7806 lines were written,-4302260.26120659,-4302260.261206586,-4302147.6065,112.65470658615232,2.6185690703858075e-05,0,-4302260.261206587,1,primal+dual,1,,1,0.3,0.35296091800000795,2181,120.0,1,fe8a61c,cloud container (docker); Intel(R) Xeon(R) Processor @ 2.10GHz; 4 cores; 16 GiB RAM; Linux-x86_64,2026-09-30T03:31:49+00:00
netlib,grow15,ab84e2f83d00c5bd26291e0505f23804b050bc96dc1e576d9da8f04e1f6ed51f,300,645,sankhya,fe8a61c,optimal,,-106870941.29357535,-106870941.29357535,-106870941.29,0.003575339913368225,3.345474335878028e-11,1,-106870941.29357533,1,primal+dual,1,,1,0.028043152,0.03362121500003923,1238,120.0,1,fe8a61c,cloud container (docker); Intel(R) Xeon(R) Processor @ 2.10GHz; 4 cores; 16 GiB RAM; Linux-x86_64,2026-09-30T03:31:55+00:00
netlib,grow15,ab84e2f83d00c5bd26291e0505f23804b050bc96dc1e576d9da8f04e1f6ed51f,300,645,highs,1.15.1,optimal,optimal,-106870941.29357533,-106870941.29357533,-106870941.29,0.0035753250122070312,3.3454603927415554e-11,1,-106870941.29357533,1,primal+dual,1,,1,0.03902792930603027,0.18105263600000399,1198,120.0,1,fe8a61c,cloud container (docker); Intel(R) Xeon(R) Processor @ 2.10GHz; 4 cores; 16 GiB RAM; Linux-x86_64,2026-09-30T03:31:55+00:00
netlib,grow15,ab84e2f83d00c5bd26291e0505f23804b050bc96dc1e576d9da8f04e1f6ed51f,300,645,scip,10.0.2,optimal,optimal,-106870941.29357533,-106870941.29357535,-106870941.29,0.003575339913368225,3.345474335878028e-11,1,-106870941.29357533,1,primal-only,1,,1,0.11997999999999999,0.24844098300002315,2926,120.0,1,fe8a61c,cloud container (docker); Intel(R) Xeon(R) Processor @ 2.10GHz; 4 cores; 16 GiB RAM; Linux-x86_64,2026-09-30T03:31:55+00:00
netlib,grow15,ab84e2f83d00c5bd26291e0505f23804b050bc96dc1e576d9da8f04e1f6ed51f,300,645,cbc-clp,1.17.9,optimal,Optimal,-106870941.29357535,-106870941.29357535,-106870941.29,0.003575339913368225,3.345474335878028e-11,1,-106870941.29357533,1,primal+dual,1,,1,0.045367825000028006,0.045367825000028006,1269,120.0,1,fe8a61c,cloud container (docker); Intel(R) Xeon(R) Processor @ 2.10GHz; 4 cores; 16 GiB RAM; Linux-x86_64,2026-09-30T03:31:55+00:00
netlib,grow15,ab84e2f83d00c5bd26291e0505f23804b050bc96dc1e576d9da8f04e1f6ed51f,300,645,glpk,5.0,optimal,954 lines were written,-106870941.293575,-106870941.29357535,-106870941.29,0.003575339913368225,3.345474335878028e-11,1,-106870941.29357533,1,primal+dual,1,,1,0.0,0.023310721999962425,360,120.0,1,fe8a61c,cloud container (docker); Intel(R) Xeon(R) Processor @ 2.10GHz; 4 cores; 16 GiB RAM; Linux-x86_64,2026-09-30T03:31:55+00:00
netlib,grow22,671111a1623539730f4caa9366c7eda43fb472137773cd9444dc96ed87f9810e,440,946,sankhya,fe8a61c,optimal,,-160834336.482563,-160834336.482563,-160834336.48,0.002562999725341797,1.5935650194077246e-11,1,-160834336.48256296,1,primal+dual,1,,1,0.08897881,0.09734599000000799,2264,120.0,1,fe8a61c,cloud container (docker); Intel(R) Xeon(R) Processor @ 2.10GHz; 4 cores; 16 GiB RAM; Linux-x86_64,2026-09-30T03:31:55+00:00
netlib,grow22,671111a1623539730f4caa9366c7eda43fb472137773cd9444dc96ed87f9810e,440,946,highs,1.15.1,optimal,optimal,-160834336.48256296,-160834336.48256296,-160834336.48,0.002562969923019409,1.5935464895819175e-11,1,-160834336.48256296,1,primal+dual,1,,1,0.06670188903808594,0.19376798500002224,1934,120.0,1,fe8a61c,cloud container (docker); Intel(R) Xeon(R) Processor @ 2.10GHz; 4 cores; 16 GiB RAM; Linux-x86_64,2026-09-30T03:31:55+00:00
netlib,grow22,671111a1623539730f4caa9366c7eda43fb472137773cd9444dc96ed87f9810e,440,946,scip,10.0.2,optimal,optimal,-160834336.48256296,-160834336.48256296,-160834336.48,0.002562969923019409,1.5935464895819175e-11,1,-160834336.48256296,1,primal-only,1,,1,0.114891,0.25080663899996125,2308,120.0,1,fe8a61c,cloud container (docker); Intel(R) Xeon(R) Processor @ 2.10GHz; 4 cores; 16 GiB RAM; Linux-x86_64,2026-09-30T03:31:55+00:00
netlib,grow22,671111a1623539730f4caa9366c7eda43fb472137773cd9444dc96ed87f9810e,440,946,cbc-clp,1.17.9,optimal,Optimal,-160834336.48256296,-160834336.48256296,-160834336.48,0.002562969923019409,1.5935464895819175e-11,1,-160834336.48256296,1,primal+dual,1,,1,0.09657924900000125,0.09657924900000125,1984,120.0,1,fe8a61c,cloud container (docker); Intel(R) Xeon(R) Processor @ 2.10GHz; 4 cores; 16 GiB RAM; Linux-x86_64,2026-09-30T03:31:55+00:00
netlib,grow22,671111a1623539730f4caa9366c7eda43fb472137773cd9444dc96ed87f9810e,440,946,glpk,5.0,optimal,1395 lines were written,-160834336.482563,-160834336.48256302,-160834336.48,0.0025630295276641846,1.5935835492335317e-11,1,-160834336.48256296,1,primal+dual,1,,1,0.0,0.04922751999998809,618,120.0,1,fe8a61c,cloud container (docker); Intel(R) Xeon(R) Processor @ 2.10GHz; 4 cores; 16 GiB RAM; Linux-x86_64,2026-09-30T03:31:55+00:00
netlib,grow7,6b8734ffdf991a36f17cfddf306834a4a3ced3e17964cac9fa2983a043906cd4,140,301,sankhya,fe8a61c,optimal,,-47787811.8147115,-47787811.8147115,-47787811.815,0.00028849393129348755,6.036977219428426e-12,1,-47787811.8147115,1,primal+dual,1,,1,0.008976093,0.014472249999982978,337,120.0,1,fe8a61c,cloud container (docker); Intel(R) Xeon(R) Processor @ 2.10GHz; 4 cores; 16 GiB RAM; Linux-x86_64,2026-09-30T03:31:56+00:00
netlib,grow7,6b8734ffdf991a36f17cfddf306834a4a3ced3e17964cac9fa2983a043906cd4,140,301,highs,1.15.1,optimal,optimal,-47787811.8147115,-47787811.8147115,-47787811.815,0.00028849393129348755,6.036977219428426e-12,1,-47787811.8147115,1,primal+dual,1,,1,0.010826349258422852,0.13624790000000075,441,120.0,1,fe8a61c,cloud container (docker); Intel(R) Xeon(R) Processor @ 2.10GHz; 4 cores; 16 GiB RAM; Linux-x86_64,2026-09-30T03:31:56+00:00
netlib,grow7,6b8734ffdf991a36f17cfddf306834a4a3ced3e17964cac9fa2983a043906cd4,140,301,scip,10.0.2,optimal,optimal,-47787811.81471149,-47787811.81471149,-47787811.815,0.0002885088324546814,6.0372890387109555e-12,1,-47787811.8147115,1,primal-only,1,,1,0.022335,0.1259964810000156,846,120.0,1,fe8a61c,cloud container (docker); Intel(R) Xeon(R) Processor @ 2.10GHz; 4 cores; 16 GiB RAM; Linux-x86_64,2026-09-30T03:31:56+00:00
netlib,grow7,6b8734ffdf991a36f17cfddf306834a4a3ced3e17964cac9fa2983a043906cd4,140,301,cbc-clp,1.17.9,optimal,Optimal,-47787811.8147115,-47787811.8147115,-47787811.815,0.00028849393129348755,6.036977219428426e-12,1,-47787811.8147115,1,primal+dual,1,,1,0.009674005999954716,0.009674005999954716,306,120.0,1,fe8a61c,cloud container (docker); Intel(R) Xeon(R) Processor @ 2.10GHz; 4 cores; 16 GiB RAM; Linux-x86_64,2026-09-30T03:31:56+00:00
netlib,grow7,6b8734ffdf991a36f17cfddf306834a4a3ced3e17964cac9fa2983a043906cd4,140,301,glpk,5.0,optimal,450 lines were written,-47787811.8147115,-47787811.8147115,-47787811.815,0.00028849393129348755,6.036977219428426e-12,1,-47787811.8147115,1,primal+dual,1,,1,0.0,0.009815800000012587,169,120.0,1,fe8a61c,cloud container (docker); Intel(R) Xeon(R) Processor @ 2.10GHz; 4 cores; 16 GiB RAM; Linux-x86_64,2026-09-30T03:31:56+00:00
netlib,israel,96564e1fddcbb6e3d46447fceb54b9d18260b95e95075c3a19f5812f9bf5ceeb,174,142,sankhya,fe8a61c,optimal,,-896644.821863046,-896644.821863046,-896644.82186,3.0460068956017494e-06,3.3971164739267804e-12,1,-896644.8218630457,1,primal+dual,1,,1,0.002968058,0.007601582999996026,170,120.0,1,fe8a61c,cloud container (docker); Intel(R) Xeon(R) Processor @ 2.10GHz; 4 cores; 16 GiB RAM; Linux-x86_64,2026-09-30T03:31:57+00:00
netlib,israel,96564e1fddcbb6e3d46447fceb54b9d18260b95e95075c3a19f5812f9bf5ceeb,174,142,highs,1.15.1,optimal,optimal,-896644.8218630459,-896644.8218630459,-896644.82186,3.0458904802799225e-06,3.396986639549791e-12,1,-896644.8218630457,1,primal+dual,1,,1,0.0029540061950683594,0.11446257599999399,133,120.0,1,fe8a61c,cloud container (docker); Intel(R) Xeon(R) Processor @ 2.10GHz; 4 cores; 16 GiB RAM; Linux-x86_64,2026-09-30T03:31:57+00:00
netlib,israel,96564e1fddcbb6e3d46447fceb54b9d18260b95e95075c3a19f5812f9bf5ceeb,174,142,scip,10.0.2,optimal,optimal,-896644.8218630458,-896644.8218630458,-896644.82186,3.0457740649580956e-06,3.3968568051728017e-12,1,-896644.8218630457,1,primal-only,1,,1,0.008898999999999999,0.13075649500001418,104,120.0,1,fe8a61c,cloud container (docker); Intel(R) Xeon(R) Processor @ 2.10GHz; 4 cores; 16 GiB RAM; Linux-x86_64,2026-09-30T03:31:57+00:00
netlib,israel,96564e1fddcbb6e3d46447fceb54b9d18260b95e95075c3a19f5812f9bf5ceeb,174,142,cbc-clp,1.17.9,optimal,Optimal,-896644.8218630461,-896644.8218630461,-896644.82186,3.0461233109235764e-06,3.39724630830377e-12,1,-896644.8218630457,1,primal+dual,1,,1,0.007722426999976051,0.007722426999976051,109,120.0,1,fe8a61c,cloud container (docker); Intel(R) Xeon(R) Processor @ 2.10GHz; 4 cores; 16 GiB RAM; Linux-x86_64,2026-09-30T03:31:57+00:00
netlib,israel,96564e1fddcbb6e3d46447fceb54b9d18260b95e95075c3a19f5812f9bf5ceeb,174,142,glpk,5.0,optimal,325 lines were written,-896644.821863046,-896644.8218630458,-896644.82186,3.0457740649580956e-06,3.3968568051728017e-12,1,-896644.8218630457,1,primal+dual,1,,1,0.0,0.006775735000019267,112,120.0,1,fe8a61c,cloud container (docker); Intel(R) Xeon(R) Processor @ 2.10GHz; 4 cores; 16 GiB RAM; Linux-x86_64,2026-09-30T03:31:57+00:00
netlib,kb2,f0eb647d1d9aac84f49d88662b6b02c6cecc04496e5435be733eced36d7f48f2,43,41,sankhya,fe8a61c,optimal,,-1749.9001299062058,-1749.9001299062058,-1749.9001299,6.205937097547576e-09,3.5464521611883195e-12,1,-1749.9001299062056,1,primal+dual,1,,1,0.000565073,0.003911141999992651,51,120.0,1,fe8a61c,cloud container (docker); Intel(R) Xeon(R) Processor @ 2.10GHz; 4 cores; 16 GiB RAM; Linux-x86_64,2026-09-30T03:31:57+00:00
netlib,kb2,f0eb647d1d9aac84f49d88662b6b02c6cecc04496e5435be733eced36d7f48f2,43,41,highs,1.15.1,optimal,optimal,-1749.9001299062056,-1749.9001299062056,-1749.9001299,6.205709723872133e-09,3.546322225958555e-12,1,-1749.9001299062056,1,primal+dual,1,,1,0.0008962154388427734,0.10775210999997853,31,120.0,1,fe8a61c,cloud container (docker); Intel(R) Xeon(R) Processor @ 2.10GHz; 4 cores; 16 GiB RAM; Linux-x86_64,2026-09-30T03:31:57+00:00
netlib,kb2,f0eb647d1d9aac84f49d88662b6b02c6cecc04496e5435be733eced36d7f48f2,43,41,scip,10.0.2,optimal,optimal,-1749.9001299062058,-1749.9001299062056,-1749.9001299,6.205709723872133e-09,3.546322225958555e-12,1,-1749.9001299062056,1,primal-only,1,,1,0.0020399999999999997,0.12591093100002126,55,120.0,1,fe8a61c,cloud container (docker); Intel(R) Xeon(R) Processor @ 2.10GHz; 4 cores; 16 GiB RAM; Linux-x86_64,2026-09-30T03:31:57+00:00
netlib,kb2,f0eb647d1d9aac84f49d88662b6b02c6cecc04496e5435be733eced36d7f48f2,43,41,cbc-clp,1.17.9,optimal,Optimal,-1749.9001299062056,-1749.9001299062056,-1749.9001299,6.205709723872133e-09,3.546322225958555e-12,1,-1749.9001299062056,1,primal+dual,1,,1,0.005151308999984394,0.005151308999984394,53,120.0,1,fe8a61c,cloud container (docker); Intel(R) Xeon(R) Processor @ 2.10GHz; 4 cores; 16 GiB RAM; Linux-x86_64,2026-09-30T03:31:57+00:00
netlib,kb2,f0eb647d1d9aac84f49d88662b6b02c6cecc04496e5435be733eced36d7f48f2,43,41,glpk,5.0,optimal,93 lines were written,-1749.90012990619,-1749.9001299061993,-1749.9001299,6.199343260959722e-09,3.5426840395251533e-12,1,-1749.9001299062056,1,primal+dual,1,,1,0.0,0.00258371900002885,39,120.0,1,fe8a61c,cloud container (docker); Intel(R) Xeon(R) Processor @ 2.10GHz; 4 cores; 16 GiB RAM; Linux-x86_64,2026-09-30T03:31:57+00:00
netlib,lotfi,fcb90a1b5e02b2eae67adacd0937a073d420ca92ac6af514ee13a348d7f31623,153,308,sankhya,fe8a61c,optimal,,-25.264706061880016,-25.264706061880016,-25.264706062,1.1998224636045052e-10,4.74900622496902e-12,1,-25.26470606188,1,primal+dual,1,,1,0.00333176,0.008426834000033523,200,120.0,1,fe8a61c,cloud container (docker); Intel(R) Xeon(R) Processor @ 2.10GHz; 4 cores; 16 GiB RAM; Linux-x86_64,2026-09-30T03:31:58+00:00
netlib,lotfi,fcb90a1b5e02b2eae67adacd0937a073d420ca92ac6af514ee13a348d7f31623,153,308,highs,1.15.1,optimal,optimal,-25.264706061880002,-25.264706061880002,-25.264706062,1.1999645721516572e-10,4.749568703498567e-12,1,-25.26470606188,1,primal+dual,1,,1,0.0019807815551757812,0.11989736900000025,98,120.0,1,fe8a61c,cloud container (docker); Intel(R) Xeon(R) Processor @ 2.10GHz; 4 cores; 16 GiB RAM; Linux-x86_64,2026-09-30T03:31:58+00:00
netlib,lotfi,fcb90a1b5e02b2eae67adacd0937a073d420ca92ac6af514ee13a348d7f31623,153,308,scip,10.0.2,optimal,optimal,-25.26470606188002,-25.264706061879956,-25.264706062,1.2004264249299013e-10,4.751396758719596e-12,1,-25.26470606188,1,primal-only,1,,1,0.005437,0.13918086500001436,154,120.0,1,fe8a61c,cloud container (docker); Intel(R) Xeon(R) Processor @ 2.10GHz; 4 cores; 16 GiB RAM; Linux-x86_64,2026-09-30T03:31:58+00:00
netlib,lotfi,fcb90a1b5e02b2eae67adacd0937a073d420ca92ac6af514ee13a348d7f31623,153,308,cbc-clp,1.17.9,optimal,Optimal,-25.26470606188001,-25.26470606188001,-25.264706062,1.1998935178780812e-10,4.749287464233793e-12,1,-25.26470606188,1,primal+dual,1,,1,0.006125763999989431,0.006125763999989431,105,120.0,1,fe8a61c,cloud container (docker); Intel(R) Xeon(R) Processor @ 2.10GHz; 4 cores; 16 GiB RAM; Linux-x86_64,2026-09-30T03:31:58+00:00
netlib,lotfi,fcb90a1b5e02b2eae67adacd0937a073d420ca92ac6af514ee13a348d7f31623,153,308,glpk,5.0,optimal,470 lines were written,-25.2647060618799,-25.264706061879945,-25.264706062,1.2005330063402653e-10,4.7518186176167566e-12,1,-25.26470606188,1,primal+dual,1,,1,0.0,0.0040319050000334755,101,120.0,1,fe8a61c,cloud container (docker); Intel(R) Xeon(R) Processor @ 2.10GHz; 4 cores; 16 GiB RAM; Linux-x86_64,2026-09-30T03:31:58+00:00
netlib,maros,4910e97a363fca07d2fb72838fa26629329a9a8dcd6a4da186f560424bd67077,846,1443,sankhya,fe8a61c,optimal,,-58063.743701125895,-58063.743701125895,-58063.743701,1.2589589459821582e-07,2.1682359175205506e-12,1,-58063.743701125895,1,primal+dual,1,,1,0.111355792,0.12473147100001825,1802,120.0,1,fe8a61c,cloud container (docker); Intel(R) Xeon(R) Processor @ 2.10GHz; 4 cores; 16 GiB RAM; Linux-x86_64,2026-09-30T03:31:58+00:00
netlib,maros,4910e97a363fca07d2fb72838fa26629329a9a8dcd6a4da186f560424bd67077,846,1443,highs,1.15.1,optimal,optimal,-58063.74370112589,-58063.74370112589,-58063.743701,1.2588861864060163e-07,2.1681106076946522e-12,1,-58063.743701125895,1,primal+dual,1,,1,0.04401564598083496,0.23357961400000704,1283,120.0,1,fe8a61c,cloud container (docker); Intel(R) Xeon(R) Processor @ 2.10GHz; 4 cores; 16 GiB RAM; Linux-x86_64,2026-09-30T03:31:58+00:00
netlib,maros,4910e97a363fca07d2fb72838fa26629329a9a8dcd6a4da186f560424bd67077,846,1443,scip,10.0.2,optimal,optimal,-58063.743701125946,-58063.74370112592,-58063.743701,1.2591772247105837e-07,2.168611846998246e-12,1,-58063.743701125895,1,primal-only,1,,1,0.08104599999999999,0.21709995899999512,1243,120.0,1,fe8a61c,cloud container (docker); Intel(R) Xeon(R) Processor @ 2.10GHz; 4 cores; 16 GiB RAM; Linux-x86_64,2026-09-30T03:31:58+00:00
netlib,maros,4910e97a363fca07d2fb72838fa26629329a9a8dcd6a4da186f560424bd67077,846,1443,cbc-clp,1.17.9,optimal,Optimal,-58063.743701125924,-58063.743701125924,-58063.743701,1.2592499842867255e-07,2.1687371568241442e-12,1,-58063.743701125895,1,primal+dual,1,,1,0.03410717100001648,0.03410717100001648,873,120.0,1,fe8a61c,cloud container (docker); Intel(R) Xeon(R) Processor @ 2.10GHz; 4 cores; 16 GiB RAM; Linux-x86_64,2026-09-30T03:31:58+00:00
netlib,maros,4910e97a363fca07d2fb72838fa26629329a9a8dcd6a4da186f560424bd67077,846,1443,glpk,5.0,optimal,2298 lines were written,-58063.7437011259,-58063.7437011259,-58063.743701,1.2590317055583e-07,2.168361227346449e-12,1,-58063.743701125895,1,primal+dual,1,,1,0.0,0.05771905000000288,663,120.0,1,fe8a61c,cloud container (docker); Intel(R) Xeon(R) Processor @ 2.10GHz; 4 cores; 16 GiB RAM; Linux-x86_64,2026-09-30T03:31:58+00:00
netlib,maros-r7,e97f59ab32a8280526c26c210aacabd6e0c05300e67a0d4afd00b95d245f8db7,3136,9408,sankhya,fe8a61c,optimal,"; crossover did not reach a vertex (not_solved after 0 pivots, 0.01s), the interior point's answer stands",1497185.1664813687,1497185.1664813687,1497185.1665,1.86313409358263e-05,1.2444246278088076e-11,1,1497185.166479644,1,primal+dual,1,,1,8.645268242,8.733252712000024,28,120.0,1,fe8a61c,cloud container (docker); Intel(R) Xeon(R) Processor @ 2.10GHz; 4 cores; 16 GiB RAM; Linux-x86_64,2026-09-30T03:32:00+00:00
netlib,maros-r7,e97f59ab32a8280526c26c210aacabd6e0c05300e67a0d4afd00b95d245f8db7,3136,9408,highs,1.15.1,optimal,optimal,1497185.1664796423,1497185.1664796423,1497185.1665,2.0357780158519745e-05,1.3597369660100587e-11,1,1497185.166479644,1,primal+dual,1,,1,0.7775909900665283,2.425884406000023,2457,120.0,1,fe8a61c,cloud container (docker); Intel(R) Xeon(R) Processor @ 2.10GHz; 4 cores; 16 GiB RAM; Linux-x86_64,2026-09-30T03:32:00+00:00
netlib,maros-r7,e97f59ab32a8280526c26c210aacabd6e0c05300e67a0d4afd00b95d245f8db7,3136,9408,scip,10.0.2,optimal,optimal,1497185.1664796453,1497185.1664796432,1497185.1665,2.035684883594513e-05,1.3596747611074551e-11,1,1497185.166479644,1,primal-only,1,,1,1.076898,1.3330430720000095,3943,120.0,1,fe8a61c,cloud container (docker); Intel(R) Xeon(R) Processor @ 2.10GHz; 4 cores; 16 GiB RAM; Linux-x86_64,2026-09-30T03:32:00+00:00
netlib,maros-r7,e97f59ab32a8280526c26c210aacabd6e0c05300e67a0d4afd00b95d245f8db7,3136,9408,cbc-clp,1.17.9,optimal,Optimal,1497185.166479643,1497185.166479643,1497185.1665,2.0357081666588783e-05,1.359690312333106e-11,1,1497185.166479644,1,primal+dual,1,,1,1.0364680750000161,1.0364680750000161,0,120.0,1,fe8a61c,cloud container (docker); Intel(R) Xeon(R) Processor @ 2.10GHz; 4 cores; 16 GiB RAM; Linux-x86_64,2026-09-30T03:32:00+00:00
netlib,maros-r7,e97f59ab32a8280526c26c210aacabd6e0c05300e67a0d4afd00b95d245f8db7,3136,9408,glpk,5.0,optimal,12553 lines were written,1497185.16647964,1497185.1664796427,1497185.1665,2.0357314497232437e-05,1.3597058635587569e-11,1,1497185.166479644,1,primal+dual,1,,1,2.1,2.304333055000029,5882,120.0,1,fe8a61c,cloud container (docker); Intel(R) Xeon(R) Processor @ 2.10GHz; 4 cores; 16 GiB RAM; Linux-x86_64,2026-09-30T03:32:00+00:00
netlib,modszk1,af109be42aa6bd62fc307b623184c69f1030db2f8e1682c636b387a49fd8da43,687,1620,sankhya,fe8a61c,optimal,,320.6197290642054,320.6197290642054,320.61972906,4.2053898141602986e-09,1.311644117001082e-11,1,320.6197290643158,1,primal+dual,1,,1,0.016335886,0.022913264999999683,662,120.0,1,fe8a61c,cloud container (docker); Intel(R) Xeon(R) Processor @ 2.10GHz; 4 cores; 16 GiB RAM; Linux-x86_64,2026-09-30T03:32:17+00:00
netlib,modszk1,af109be42aa6bd62fc307b623184c69f1030db2f8e1682c636b387a49fd8da43,687,1620,highs,1.15.1,optimal,optimal,320.61972906434596,320.61972906434596,320.61972906,4.345963589003077e-09,1.35548851025003e-11,1,320.6197290643158,1,primal+dual,1,,1,0.014508485794067383,0.1940986790000352,539,120.0,1,fe8a61c,cloud container (docker); Intel(R) Xeon(R) Processor @ 2.10GHz; 4 cores; 16 GiB RAM; Linux-x86_64,2026-09-30T03:32:17+00:00
netlib,modszk1,af109be42aa6bd62fc307b623184c69f1030db2f8e1682c636b387a49fd8da43,687,1620,scip,10.0.2,optimal,optimal,320.61972906417213,320.6197290637085,320.61972906,3.7085214898979757e-09,1.1566728912068826e-11,1,320.6197290643158,1,primal-only,1,,1,0.035692999999999996,0.179580465000015,839,120.0,1,fe8a61c,cloud container (docker); Intel(R) Xeon(R) Processor @ 2.10GHz; 4 cores; 16 GiB RAM; Linux-x86_64,2026-09-30T03:32:17+00:00
netlib,modszk1,af109be42aa6bd62fc307b623184c69f1030db2f8e1682c636b387a49fd8da43,687,1620,cbc-clp,1.17.9,optimal,Optimal,320.6197290642656,320.6197290642656,320.61972906,4.265586994733894e-09,1.3304193747651887e-11,1,320.6197290643158,1,primal+dual,1,,1,0.016842107000002215,0.016842107000002215,551,120.0,1,fe8a61c,cloud container (docker); Intel(R) Xeon(R) Processor @ 2.10GHz; 4 cores; 16 GiB RAM; Linux-x86_64,2026-09-30T03:32:17+00:00
netlib,modszk1,af109be42aa6bd62fc307b623184c69f1030db2f8e1682c636b387a49fd8da43,687,1620,glpk,5.0,optimal,2316 lines were written,320.619729063786,320.6197290637858,320.61972906,3.785828539548675e-09,1.1807846481088517e-11,1,320.6197290643158,1,primal+dual,1,,1,0.0,0.037208745999976145,589,120.0,1,fe8a61c,cloud container (docker); Intel(R) Xeon(R) Processor @ 2.10GHz; 4 cores; 16 GiB RAM; Linux-x86_64,2026-09-30T03:32:17+00:00
netlib,nesm,20b55063a879a649ef5c7a1a701f81917717b414943f58dea37a1c30495bc5ba,662,2923,sankhya,fe8a61c,optimal,,14076036.48756271,14076036.48756271,14076073.035,36.547437289729714,2.596422823244446e-06,0,14076036.487562729,1,primal+dual,1,,1,0.12893274,0.14206324499997436,3321,120.0,1,fe8a61c,cloud container (docker); Intel(R) Xeon(R) Processor @ 2.10GHz; 4 cores; 16 GiB RAM; Linux-x86_64,2026-09-30T03:32:18+00:00
netlib,nesm,20b55063a879a649ef5c7a1a701f81917717b414943f58dea37a1c30495bc5ba,662,2923,highs,1.15.1,optimal,optimal,14076036.487562705,14076036.487562705,14076073.035,36.54743729531765,2.596422823641427e-06,0,14076036.487562729,1,primal+dual,1,,1,0.14405584335327148,0.4225226329999714,2574,120.0,1,fe8a61c,cloud container (docker); Intel(R) Xeon(R) Processor @ 2.10GHz; 4 cores; 16 GiB RAM; Linux-x86_64,2026-09-30T03:32:18+00:00
netlib,nesm,20b55063a879a649ef5c7a1a701f81917717b414943f58dea37a1c30495bc5ba,662,2923,scip,10.0.2,optimal,optimal,14076036.487562744,14076036.487562744,14076073.035,36.5474372562021,2.596422820862559e-06,0,14076036.487562729,1,primal-only,1,,1,0.346722,0.505070336000017,6773,120.0,1,fe8a61c,cloud container (docker); Intel(R) Xeon(R) Processor @ 2.10GHz; 4 cores; 16 GiB RAM; Linux-x86_64,2026-09-30T03:32:18+00:00
netlib,nesm,20b55063a879a649ef5c7a1a701f81917717b414943f58dea37a1c30495bc5ba,662,2923,cbc-clp,1.17.9,optimal,Optimal,14076036.487562727,14076036.487562727,14076073.035,36.54743727296591,2.5964228220535022e-06,0,14076036.487562729,1,primal+dual,1,,1,0.05283407199999601,0.05283407199999601,1429,120.0,1,fe8a61c,cloud container (docker); Intel(R) Xeon(R) Processor @ 2.10GHz; 4 cores; 16 GiB RAM; Linux-x86_64,2026-09-30T03:32:18+00:00
netlib,nesm,20b55063a879a649ef5c7a1a701f81917717b414943f58dea37a1c30495bc5ba,662,2923,glpk,5.0,optimal,3594 lines were written,14076036.4875636,14076036.487563562,14076073.035,36.54743643850088,2.5964227627709863e-06,0,14076036.487562729,1,primal+dual,1,,1,0.2,0.20288131899997097,2526,120.0,1,fe8a61c,cloud container (docker); Intel(R) Xeon(R) Processor @ 2.10GHz; 4 cores; 16 GiB RAM; Linux-x86_64,2026-09-30T03:32:18+00:00
netlib,perold,040ed4572876366cd979b6811ee20d706abba6998616b0e53201ea1e043acacd,625,1376,sankhya,fe8a61c,optimal,,-9380.755278235163,-9380.755278235163,-9380.7580773,0.002799064837745391,2.9838365030633286e-07,1,-9380.755278235161,1,primal+dual,1,,1,0.122192751,0.13006872400001157,2492,120.0,1,fe8a61c,cloud container (docker); Intel(R) Xeon(R) Processor @ 2.10GHz; 4 cores; 16 GiB RAM; Linux-x86_64,2026-09-30T03:32:20+00:00
netlib,perold,040ed4572876366cd979b6811ee20d706abba6998616b0e53201ea1e043acacd,625,1376,highs,1.15.1,optimal,optimal,-9380.755278235187,-9380.755278235187,-9380.7580773,0.0027990648140985286,2.9838364778554915e-07,1,-9380.755278235161,1,primal+dual,1,,1,0.05178689956665039,0.23262140600002112,1149,120.0,1,fe8a61c,cloud container (docker); Intel(R) Xeon(R) Processor @ 2.10GHz; 4 cores; 16 GiB RAM; Linux-x86_64,2026-09-30T03:32:20+00:00
netlib,perold,040ed4572876366cd979b6811ee20d706abba6998616b0e53201ea1e043acacd,625,1376,scip,10.0.2,optimal,optimal,-9380.755278235163,-9380.755278235165,-9380.7580773,0.0027990648359264014,2.983836501124264e-07,1,-9380.755278235161,1,primal-only,1,,1,0.23970799999999998,0.382890744000008,5839,120.0,1,fe8a61c,cloud container (docker); Intel(R) Xeon(R) Processor @ 2.10GHz; 4 cores; 16 GiB RAM; Linux-x86_64,2026-09-30T03:32:20+00:00
netlib,perold,040ed4572876366cd979b6811ee20d706abba6998616b0e53201ea1e043acacd,625,1376,cbc-clp,1.17.9,optimal,Optimal,-9380.755278235081,-9380.755278235081,-9380.7580773,0.002799064919599914,2.9838365903212265e-07,1,-9380.755278235161,1,primal+dual,1,,1,0.07886418700002196,0.07886418700002196,1520,120.0,1,fe8a61c,cloud container (docker); Intel(R) Xeon(R) Processor @ 2.10GHz; 4 cores; 16 GiB RAM; Linux-x86_64,2026-09-30T03:32:20+00:00
netlib,perold,040ed4572876366cd979b6811ee20d706abba6998616b0e53201ea1e043acacd,625,1376,glpk,5.0,optimal,2010 lines were written,-9380.75527823514,-9380.755278235141,-9380.7580773,0.0027990648595732637,2.9838365263321014e-07,1,-9380.755278235161,1,primal+dual,1,,1,0.1,0.06926105700000562,1004,120.0,1,fe8a61c,cloud container (docker); Intel(R) Xeon(R) Processor @ 2.10GHz; 4 cores; 16 GiB RAM; Linux-x86_64,2026-09-30T03:32:20+00:00
netlib,pilot,26916951225f695c68c474adb2e1e052e4c1b3479d6a11fbd579fd20d4e7d2eb,1441,3652,sankhya,fe8a61c,optimal,,-557.4897292730848,-557.4897292730848,-557.40430007,0.08542920308480006,0.00015326254762310174,0,-557.4897292840682,1,primal+dual,1,,1,3.804162368,3.834455305000006,9900,120.0,1,fe8a61c,cloud container (docker); Intel(R) Xeon(R) Processor @ 2.10GHz; 4 cores; 16 GiB RAM; Linux-x86_64,2026-09-30T03:32:21+00:00
netlib,pilot,26916951225f695c68c474adb2e1e052e4c1b3479d6a11fbd579fd20d4e7d2eb,1441,3652,highs,1.15.1,optimal,optimal,-557.4897292744025,-557.4897292744025,-557.40430007,0.0854292044025442,0.00015326254998717417,0,-557.4897292840682,1,primal+dual,1,,1,0.9307575225830078,1.3850354329999846,4815,120.0,1,fe8a61c,cloud container (docker); Intel(R) Xeon(R) Processor @ 2.10GHz; 4 cores; 16 GiB RAM; Linux-x86_64,2026-09-30T03:32:21+00:00
netlib,pilot,26916951225f695c68c474adb2e1e052e4c1b3479d6a11fbd579fd20d4e7d2eb,1441,3652,scip,10.0.2,optimal,optimal,-557.4897292743991,-557.4897292743992,-557.40430007,0.08542920439924728,0.00015326254998125938,0,-557.4897292840682,1,primal-only,1,,1,2.501604,2.671054322000032,12458,120.0,1,fe8a61c,cloud container (docker); Intel(R) Xeon(R) Processor @ 2.10GHz; 4 cores; 16 GiB RAM; Linux-x86_64,2026-09-30T03:32:21+00:00
netlib,pilot,26916951225f695c68c474adb2e1e052e4c1b3479d6a11fbd579fd20d4e7d2eb,1441,3652,cbc-clp,1.17.9,optimal,Optimal,-557.4897062268309,-557.4897062268309,-557.40430007,0.08540615683091346,0.0001532212019537488,0,-557.4897292840682,1,primal+dual,0,[FAIL] column bounds               worst violation 5.392e-07 (5.392e-07 relative) on UFO006,0,1.0197646860000305,1.0197646860000305,3558,120.0,1,fe8a61c,cloud container (docker); Intel(R) Xeon(R) Processor @ 2.10GHz; 4 cores; 16 GiB RAM; Linux-x86_64,2026-09-30T03:32:21+00:00
netlib,pilot,26916951225f695c68c474adb2e1e052e4c1b3479d6a11fbd579fd20d4e7d2eb,1441,3652,glpk,5.0,optimal,5102 lines were written,-557.489729278352,-557.4897292783518,-557.40430007,0.08542920835179757,0.00015326255707225292,0,-557.4897292840682,1,primal+dual,1,,1,2.1,2.1432185459999573,5837,120.0,1,fe8a61c,cloud container (docker); Intel(R) Xeon(R) Processor @ 2.10GHz; 4 cores; 16 GiB RAM; Linux-x86_64,2026-09-30T03:32:21+00:00
netlib,pilot.ja,c0cea98ca60001558b561e3195b84b8d3fd33eeeb695ddba6836bfa29d06d50f,940,1988,sankhya,fe8a61c,feasible,"engine reported optimal but the reduced costs violate dual feasibility by 5.058e-02 (5.058e-02 relative to the terms they are computed from), above the 1.0e-07 tolerance; reporting a feasible point ra",-6113.136465581344,,-6113.1344111,,,0,-6113.136465581343,0,not-run,,,0,0.215589019,0.227535846999956,3220,120.0,1,fe8a61c,cloud container (docker); Intel(R) Xeon(R) Processor @ 2.10GHz; 4 cores; 16 GiB RAM; Linux-x86_64,2026-09-30T03:32:33+00:00
netlib,pilot.ja,c0cea98ca60001558b561e3195b84b8d3fd33eeeb695ddba6836bfa29d06d50f,940,1988,highs,1.15.1,optimal,optimal,-6113.136465581338,-6113.136465581338,-6113.1344111,0.002054481337836478,3.3607658521396616e-07,1,-6113.136465581343,1,primal+dual,1,,1,0.0769662857055664,0.29745108699995626,1287,120.0,1,fe8a61c,cloud container (docker); Intel(R) Xeon(R) Processor @ 2.10GHz; 4 cores; 16 GiB RAM; Linux-x86_64,2026-09-30T03:32:33+00:00
netlib,pilot.ja,c0cea98ca60001558b561e3195b84b8d3fd33eeeb695ddba6836bfa29d06d50f,940,1988,scip,10.0.2,optimal,optimal,-6113.1364655813595,-6113.1364655813595,-6113.1344111,0.0020544813596643507,3.360765887846177e-07,1,-6113.136465581343,1,primal-only,1,,1,0.391646,0.5299533840000095,4887,120.0,1,fe8a61c,cloud container (docker); Intel(R) Xeon(R) Processor @ 2.10GHz; 4 cores; 16 GiB RAM; Linux-x86_64,2026-09-30T03:32:33+00:00
netlib,pilot.ja,c0cea98ca60001558b561e3195b84b8d3fd33eeeb695ddba6836bfa29d06d50f,940,1988,cbc-clp,1.17.9,optimal,Optimal,-6113.136626477895,-6113.136626477895,-6113.1344111,0.0022153778954816516,3.623963987212602e-07,1,-6113.136465581343,1,primal+dual,0,[FAIL] column bounds               worst violation 1.538e-05 (1.538e-05 relative) on USLB06,0,0.20689729200000784,0.20689729200000784,2284,120.0,1,fe8a61c,cloud container (docker); Intel(R) Xeon(R) Processor @ 2.10GHz; 4 cores; 16 GiB RAM; Linux-x86_64,2026-09-30T03:32:33+00:00
netlib,pilot.ja,c0cea98ca60001558b561e3195b84b8d3fd33eeeb695ddba6836bfa29d06d50f,940,1988,glpk,5.0,optimal,2937 lines were written,-6113.13646558134,-6113.136465581343,-6113.1344111,0.002054481343293446,3.3607658610662904e-07,1,-6113.136465581343,1,primal+dual,1,,1,0.1,0.14051197399999182,1511,120.0,1,fe8a61c,cloud container (docker); Intel(R) Xeon(R) Processor @ 2.10GHz; 4 cores; 16 GiB RAM; Linux-x86_64,2026-09-30T03:32:33+00:00
netlib,pilot.we,5c3e8ed78a522c7df2cac39435efd0552273b8e942b03186997ee9011cd1015a,722,2789,sankhya,fe8a61c,optimal,,-2720107.5328449644,-2720107.5328449644,-2720102.7439,4.788944964297116,1.7605750279237147e-06,0,-2720107.532844964,1,primal+dual,1,,1,0.258564156,0.26770330800002284,5254,120.0,1,fe8a61c,cloud container (docker); Intel(R) Xeon(R) Processor @ 2.10GHz; 4 cores; 16 GiB RAM; Linux-x86_64,2026-09-30T03:32:35+00:00
netlib,pilot.we,5c3e8ed78a522c7df2cac39435efd0552273b8e942b03186997ee9011cd1015a,722,2789,highs,1.15.1,optimal,optimal,-2720107.5328449584,-2720107.5328449584,-2720102.7439,4.788944958243519,1.7605750256982119e-06,0,-2720107.532844964,1,primal+dual,1,,1,0.11585164070129395,0.33873264900000777,2605,120.0,1,fe8a61c,cloud container (docker); Intel(R) Xeon(R) Processor @ 2.10GHz; 4 cores; 16 GiB RAM; Linux-x86_64,2026-09-30T03:32:35+00:00
netlib,pilot.we,5c3e8ed78a522c7df2cac39435efd0552273b8e942b03186997ee9011cd1015a,722,2789,scip,10.0.2,optimal,optimal,-2720107.5328449607,-2720107.5328449607,-2720102.7439,4.7889449605718255,1.7605750265541744e-06,0,-2720107.532844964,1,primal-only,1,,1,0.509242,0.6952910269999393,7784,120.0,1,fe8a61c,cloud container (docker); Intel(R) Xeon(R) Processor @ 2.10GHz; 4 cores; 16 GiB RAM; Linux-x86_64,2026-09-30T03:32:35+00:00
netlib,pilot.we,5c3e8ed78a522c7df2cac39435efd0552273b8e942b03186997ee9011cd1015a,722,2789,cbc-clp,1.17.9,optimal,Optimal,-2720107.539267063,-2720107.539267063,-2720102.7439,4.79536706302315,1.7629360044494861e-06,0,-2720107.532844964,1,primal+dual,0,[FAIL] column bounds               worst violation 1.000e-05 (1.000e-05 relative) on UOSE03,0,0.1049805819999392,0.1049805819999392,2147,120.0,1,fe8a61c,cloud container (docker); Intel(R) Xeon(R) Processor @ 2.10GHz; 4 cores; 16 GiB RAM; Linux-x86_64,2026-09-30T03:32:35+00:00
netlib,pilot.we,5c3e8ed78a522c7df2cac39435efd0552273b8e942b03186997ee9011cd1015a,722,2789,glpk,5.0,optimal,3520 lines were written,-2720107.53284497,-2720107.5328449695,-2720102.7439,4.78894496941939,1.7605750298068326e-06,0,-2720107.532844964,1,primal+dual,1,,1,0.1,0.1134941280000703,1326,120.0,1,fe8a61c,cloud container (docker); Intel(R) Xeon(R) Processor @ 2.10GHz; 4 cores; 16 GiB RAM; Linux-x86_64,2026-09-30T03:32:35+00:00
netlib,pilot4,67e872aae722a493f5c2c8f88e3d70d093eea116093874ea43852c864a687cba,410,1000,sankhya,fe8a61c,optimal,route: the scaled attempt returned optimal after 0.0 s of its 60 s share; the unscaled retry from its basis produced this answer,-2581.1392588847157,-2581.1392588847157,-2581.1392641,5.215284545556642e-06,2.0205358998229503e-09,1,-2581.1392588838885,1,primal+dual,1,,1,0.048102891,0.05714397099995949,4,120.0,1,fe8a61c,cloud container (docker); Intel(R) Xeon(R) Processor @ 2.10GHz; 4 cores; 16 GiB RAM; Linux-x86_64,2026-09-30T03:32:37+00:00
netlib,pilot4,67e872aae722a493f5c2c8f88e3d70d093eea116093874ea43852c864a687cba,410,1000,highs,1.15.1,optimal,optimal,-2581.1392588838853,-2581.1392588838853,-2581.1392641,5.216114914219361e-06,2.0208576060843163e-09,1,-2581.1392588838885,1,primal+dual,1,,1,0.027643918991088867,0.18255953100003808,684,120.0,1,fe8a61c,cloud container (docker); Intel(R) Xeon(R) Processor @ 2.10GHz; 4 cores; 16 GiB RAM; Linux-x86_64,2026-09-30T03:32:37+00:00
netlib,pilot4,67e872aae722a493f5c2c8f88e3d70d093eea116093874ea43852c864a687cba,410,1000,scip,10.0.2,optimal,optimal,-2581.1392588838917,-2581.1392588838908,-2581.1392641,5.21610945725115e-06,2.0208554919139243e-09,1,-2581.1392588838885,1,primal-only,1,,1,0.080054,0.2252534020000212,1413,120.0,1,fe8a61c,cloud container (docker); Intel(R) Xeon(R) Processor @ 2.10GHz; 4 cores; 16 GiB RAM; Linux-x86_64,2026-09-30T03:32:37+00:00
netlib,pilot4,67e872aae722a493f5c2c8f88e3d70d093eea116093874ea43852c864a687cba,410,1000,cbc-clp,1.17.9,optimal,Optimal,-2581.139258883959,-2581.139258883959,-2581.1392641,5.216041245148517e-06,2.02082906478402e-09,1,-2581.1392588838885,1,primal+dual,1,,1,0.041017431000000215,0.041017431000000215,938,120.0,1,fe8a61c,cloud container (docker); Intel(R) Xeon(R) Processor @ 2.10GHz; 4 cores; 16 GiB RAM; Linux-x86_64,2026-09-30T03:32:37+00:00
netlib,pilot4,67e872aae722a493f5c2c8f88e3d70d093eea116093874ea43852c864a687cba,410,1000,glpk,5.0,optimal,1419 lines were written,-2581.13925888389,-2581.1392588838917,-2581.1392641,5.216108547756448e-06,2.020855139552192e-09,1,-2581.1392588838885,1,primal+dual,1,,1,0.0,0.034904459000017596,520,120.0,1,fe8a61c,cloud container (docker); Intel(R) Xeon(R) Processor @ 2.10GHz; 4 cores; 16 GiB RAM; Linux-x86_64,2026-09-30T03:32:37+00:00
netlib,pilot87,0ecfcc173d82c8a0252f58a99b2a529d8ad0155ee9212b8451cc25c0e387caa4,2030,4883,sankhya,fe8a61c,optimal,,301.71034812776736,301.71034812776736,301.71072827,0.00038014223264326574,1.259955967833791e-06,0,301.7103473331105,1,primal+dual,1,,1,26.40804984,26.455734441000004,21163,120.0,1,fe8a61c,cloud container (docker); Intel(R) Xeon(R) Processor @ 2.10GHz; 4 cores; 16 GiB RAM; Linux-x86_64,2026-09-30T03:32:38+00:00
netlib,pilot87,0ecfcc173d82c8a0252f58a99b2a529d8ad0155ee9212b8451cc25c0e387caa4,2030,4883,highs,1.15.1,optimal,optimal,301.71034733310745,301.71034733310745,301.71072827,0.00038093689255447316,1.2625898148824655e-06,0,301.7103473331105,1,primal+dual,1,,1,3.8079025745391846,4.458409162000066,8369,120.0,1,fe8a61c,cloud container (docker); Intel(R) Xeon(R) Processor @ 2.10GHz; 4 cores; 16 GiB RAM; Linux-x86_64,2026-09-30T03:32:38+00:00
netlib,pilot87,0ecfcc173d82c8a0252f58a99b2a529d8ad0155ee9212b8451cc25c0e387caa4,2030,4883,scip,10.0.2,optimal,optimal,301.71034733311,301.7103473331099,301.71072827,0.00038093689011020615,1.2625898067811063e-06,0,301.7103473331105,1,primal-only,1,,1,6.960678,7.165868796000041,14581,120.0,1,fe8a61c,cloud container (docker); Intel(R) Xeon(R) Processor @ 2.10GHz; 4 cores; 16 GiB RAM; Linux-x86_64,2026-09-30T03:32:38+00:00
netlib,pilot87,0ecfcc173d82c8a0252f58a99b2a529d8ad0155ee9212b8451cc25c0e387caa4,2030,4883,cbc-clp,1.17.9,optimal,Optimal,301.71034733311046,301.71034733311046,301.71072827,0.00038093688954177196,1.2625898048970692e-06,0,301.7103473331105,1,primal+dual,1,,1,3.8574228979999816,3.8574228979999816,7772,120.0,1,fe8a61c,cloud container (docker); Intel(R) Xeon(R) Processor @ 2.10GHz; 4 cores; 16 GiB RAM; Linux-x86_64,2026-09-30T03:32:38+00:00
netlib,pilot87,0ecfcc173d82c8a0252f58a99b2a529d8ad0155ee9212b8451cc25c0e387caa4,2030,4883,glpk,5.0,optimal,6922 lines were written,301.710347437537,301.71034743753717,301.71072827,0.0003808324628380433,1.2622436895821532e-06,0,301.7103473331105,1,primal+dual,1,,1,6.0,6.027147312000011,8080,120.0,1,fe8a61c,cloud container (docker); Intel(R) Xeon(R) Processor @ 2.10GHz; 4 cores; 16 GiB RAM; Linux-x86_64,2026-09-30T03:32:38+00:00
netlib,pilotnov,2b000b6da9fb539e3303d5b81f00cc74f430e7ed52d7666ff1ef835bf060773d,975,2172,sankhya,fe8a61c,optimal,,-4497.276188218868,-4497.276188218868,-4497.2761882,1.8867467588279396e-08,4.195309960678878e-12,1,-4497.2761882188715,1,primal+dual,1,,1,0.157597984,0.16989354299994375,2311,120.0,1,fe8a61c,cloud container (docker); Intel(R) Xeon(R) Processor @ 2.10GHz; 4 cores; 16 GiB RAM; Linux-x86_64,2026-09-30T03:33:27+00:00
netlib,pilotnov,2b000b6da9fb539e3303d5b81f00cc74f430e7ed52d7666ff1ef835bf060773d,975,2172,highs,1.15.1,optimal,optimal,-4497.2761882188715,-4497.2761882188715,-4497.2761882,1.8871105567086488e-08,4.196118890051869e-12,1,-4497.2761882188715,1,primal+dual,1,,1,0.15090346336364746,0.42045414699998673,2154,120.0,1,fe8a61c,cloud container (docker); Intel(R) Xeon(R) Processor @ 2.10GHz; 4 cores; 16 GiB RAM; Linux-x86_64,2026-09-30T03:33:27+00:00
netlib,pilotnov,2b000b6da9fb539e3303d5b81f00cc74f430e7ed52d7666ff1ef835bf060773d,975,2172,scip,10.0.2,optimal,optimal,-4497.276188218871,-4497.276188218871,-4497.2761882,1.8870196072384715e-08,4.195916657708621e-12,1,-4497.2761882188715,1,primal-only,1,,1,0.20187,0.3740891969999893,2222,120.0,1,fe8a61c,cloud container (docker); Intel(R) Xeon(R) Processor @ 2.10GHz; 4 cores; 16 GiB RAM; Linux-x86_64,2026-09-30T03:33:27+00:00
netlib,pilotnov,2b000b6da9fb539e3303d5b81f00cc74f430e7ed52d7666ff1ef835bf060773d,975,2172,cbc-clp,1.17.9,optimal,Optimal,-4497.27618821887,-4497.27618821887,-4497.2761882,1.8869286577682942e-08,4.195714425365373e-12,1,-4497.2761882188715,1,primal+dual,0,[FAIL] column bounds               worst violation 1.538e-05 (1.538e-05 relative) on USLB06,0,0.08768295699996997,0.08768295699996997,1463,120.0,1,fe8a61c,cloud container (docker); Intel(R) Xeon(R) Processor @ 2.10GHz; 4 cores; 16 GiB RAM; Linux-x86_64,2026-09-30T03:33:27+00:00
netlib,pilotnov,2b000b6da9fb539e3303d5b81f00cc74f430e7ed52d7666ff1ef835bf060773d,975,2172,glpk,5.0,optimal,3156 lines were written,-4497.27618821887,-4497.276188218871,-4497.2761882,1.8870196072384715e-08,4.195916657708621e-12,1,-4497.2761882188715,1,primal+dual,1,,1,0.1,0.09735800900000413,861,120.0,1,fe8a61c,cloud container (docker); Intel(R) Xeon(R) Processor @ 2.10GHz; 4 cores; 16 GiB RAM; Linux-x86_64,2026-09-30T03:33:27+00:00
netlib,recipe,277b34645cc89526db4a3365fa781ce28aa9768a65c4f301416a8a05c934af61,91,180,sankhya,fe8a61c,optimal,,-266.61600000000027,-266.61600000000027,-266.616,2.8421709430404007e-13,1.0660166468030429e-15,1,-266.616,1,primal+dual,1,,1,0.000576189,0.0044913449999057775,40,120.0,1,fe8a61c,cloud container (docker); Intel(R) Xeon(R) Processor @ 2.10GHz; 4 cores; 16 GiB RAM; Linux-x86_64,2026-09-30T03:33:28+00:00
netlib,recipe,277b34645cc89526db4a3365fa781ce28aa9768a65c4f301416a8a05c934af61,91,180,highs,1.15.1,optimal,optimal,-266.61600000000027,-266.61600000000027,-266.616,2.8421709430404007e-13,1.0660166468030429e-15,1,-266.616,1,primal+dual,1,,1,0.0011055469512939453,0.10280936599997403,19,120.0,1,fe8a61c,cloud container (docker); Intel(R) Xeon(R) Processor @ 2.10GHz; 4 cores; 16 GiB RAM; Linux-x86_64,2026-09-30T03:33:28+00:00
netlib,recipe,277b34645cc89526db4a3365fa781ce28aa9768a65c4f301416a8a05c934af61,91,180,scip,10.0.2,optimal,optimal,-266.61599999999993,-266.61600000000027,-266.616,2.8421709430404007e-13,1.0660166468030429e-15,1,-266.616,1,primal-only,1,,1,0.006514,0.11790111799996339,0,120.0,1,fe8a61c,cloud container (docker); Intel(R) Xeon(R) Processor @ 2.10GHz; 4 cores; 16 GiB RAM; Linux-x86_64,2026-09-30T03:33:28+00:00
netlib,recipe,277b34645cc89526db4a3365fa781ce28aa9768a65c4f301416a8a05c934af61,91,180,cbc-clp,1.17.9,optimal,Optimal,-266.61600000000027,-266.61600000000027,-266.616,2.8421709430404007e-13,1.0660166468030429e-15,1,-266.616,1,primal+dual,1,,1,0.005777803999990283,0.005777803999990283,40,120.0,1,fe8a61c,cloud container (docker); Intel(R) Xeon(R) Processor @ 2.10GHz; 4 cores; 16 GiB RAM; Linux-x86_64,2026-09-30T03:33:28+00:00
netlib,recipe,277b34645cc89526db4a3365fa781ce28aa9768a65c4f301416a8a05c934af61,91,180,glpk,5.0,optimal,280 lines were written,-266.616,-266.61600000000027,-266.616,2.8421709430404007e-13,1.0660166468030429e-15,1,-266.616,1,primal+dual,1,,1,0.0,0.003280169000049682,15,120.0,1,fe8a61c,cloud container (docker); Intel(R) Xeon(R) Processor @ 2.10GHz; 4 cores; 16 GiB RAM; Linux-x86_64,2026-09-30T03:33:28+00:00
netlib,sc105,062d034400be956757316a9bde8e6de3d221a88fb5dc502def743f1883e23ec3,105,103,sankhya,fe8a61c,optimal,,-52.20206121170722,-52.20206121170722,-52.202061212,2.927791342699493e-10,5.608574210909634e-12,1,-52.202061211707246,1,primal+dual,1,,1,0.00110491,0.005113707999953476,98,120.0,1,fe8a61c,cloud container (docker); Intel(R) Xeon(R) Processor @ 2.10GHz; 4 cores; 16 GiB RAM; Linux-x86_64,2026-09-30T03:33:29+00:00
netlib,sc105,062d034400be956757316a9bde8e6de3d221a88fb5dc502def743f1883e23ec3,105,103,highs,1.15.1,optimal,optimal,-52.20206121170723,-52.20206121170723,-52.202061212,2.927649234152341e-10,5.608301983062969e-12,1,-52.202061211707246,1,primal+dual,1,,1,0.0012271404266357422,0.12808611200000541,37,120.0,1,fe8a61c,cloud container (docker); Intel(R) Xeon(R) Processor @ 2.10GHz; 4 cores; 16 GiB RAM; Linux-x86_64,2026-09-30T03:33:29+00:00
netlib,sc105,062d034400be956757316a9bde8e6de3d221a88fb5dc502def743f1883e23ec3,105,103,scip,10.0.2,optimal,optimal,-52.20206121170723,-52.202061211707225,-52.202061212,2.927720288425917e-10,5.608438096986301e-12,1,-52.202061211707246,1,primal-only,1,,1,0.0028959999999999997,0.12754796100000476,41,120.0,1,fe8a61c,cloud container (docker); Intel(R) Xeon(R) Processor @ 2.10GHz; 4 cores; 16 GiB RAM; Linux-x86_64,2026-09-30T03:33:29+00:00
netlib,sc105,062d034400be956757316a9bde8e6de3d221a88fb5dc502def743f1883e23ec3,105,103,cbc-clp,1.17.9,optimal,Optimal,-52.20206121170723,-52.20206121170723,-52.202061212,2.927649234152341e-10,5.608301983062969e-12,1,-52.202061211707246,1,primal+dual,1,,1,0.005458807999957571,0.005458807999957571,39,120.0,1,fe8a61c,cloud container (docker); Intel(R) Xeon(R) Processor @ 2.10GHz; 4 cores; 16 GiB RAM; Linux-x86_64,2026-09-30T03:33:29+00:00
netlib,sc105,062d034400be956757316a9bde8e6de3d221a88fb5dc502def743f1883e23ec3,105,103,glpk,5.0,optimal,217 lines were written,-52.2020612117072,-52.2020612117072,-52.202061212,2.927933451246645e-10,5.608846438756298e-12,1,-52.202061211707246,1,primal+dual,1,,1,0.0,0.003457138000044324,51,120.0,1,fe8a61c,cloud container (docker); Intel(R) Xeon(R) Processor @ 2.10GHz; 4 cores; 16 GiB RAM; Linux-x86_64,2026-09-30T03:33:29+00:00
netlib,sc205,bcecc8d8cafd08c6d97cf8e39a740f5d777e317600bb9f6f158f2ceb550005f9,205,203,sankhya,fe8a61c,optimal,,-52.2020612117072,-52.2020612117072,-52.202061212,2.927933451246645e-10,5.608846438756298e-12,1,-52.202061211707246,1,primal+dual,1,,1,0.003445035,0.007368327999984103,232,120.0,1,fe8a61c,cloud container (docker); Intel(R) Xeon(R) Processor @ 2.10GHz; 4 cores; 16 GiB RAM; Linux-x86_64,2026-09-30T03:33:29+00:00
netlib,sc205,bcecc8d8cafd08c6d97cf8e39a740f5d777e317600bb9f6f158f2ceb550005f9,205,203,highs,1.15.1,optimal,optimal,-52.20206121170721,-52.20206121170721,-52.202061212,2.927862396973069e-10,5.608710324832966e-12,1,-52.202061211707246,1,primal+dual,1,,1,0.002521991729736328,0.1418917319999764,84,120.0,1,fe8a61c,cloud container (docker); Intel(R) Xeon(R) Processor @ 2.10GHz; 4 cores; 16 GiB RAM; Linux-x86_64,2026-09-30T03:33:29+00:00
netlib,sc205,bcecc8d8cafd08c6d97cf8e39a740f5d777e317600bb9f6f158f2ceb550005f9,205,203,scip,10.0.2,optimal,optimal,-52.20206121170724,-52.20206121170726,-52.202061212,2.927365017058037e-10,5.60775752736964e-12,1,-52.202061211707246,1,primal-only,1,,1,0.004256,0.13086312500001895,111,120.0,1,fe8a61c,cloud container (docker); Intel(R) Xeon(R) Processor @ 2.10GHz; 4 cores; 16 GiB RAM; Linux-x86_64,2026-09-30T03:33:29+00:00
netlib,sc205,bcecc8d8cafd08c6d97cf8e39a740f5d777e317600bb9f6f158f2ceb550005f9,205,203,cbc-clp,1.17.9,optimal,Optimal,-52.20206121170721,-52.20206121170721,-52.202061212,2.927862396973069e-10,5.608710324832966e-12,1,-52.202061211707246,1,primal+dual,1,,1,0.006800669999961428,0.006800669999961428,79,120.0,1,fe8a61c,cloud container (docker); Intel(R) Xeon(R) Processor @ 2.10GHz; 4 cores; 16 GiB RAM; Linux-x86_64,2026-09-30T03:33:29+00:00
netlib,sc205,bcecc8d8cafd08c6d97cf8e39a740f5d777e317600bb9f6f158f2ceb550005f9,205,203,glpk,5.0,optimal,417 lines were written,-52.2020612117072,-52.2020612117072,-52.202061212,2.927933451246645e-10,5.608846438756298e-12,1,-52.202061211707246,1,primal+dual,1,,1,0.0,0.005730760999995255,117,120.0,1,fe8a61c,cloud container (docker); Intel(R) Xeon(R) Processor @ 2.10GHz; 4 cores; 16 GiB RAM; Linux-x86_64,2026-09-30T03:33:29+00:00
netlib,sc50a,36bfce2f419555712bf1b9a8477541199073c7654475d933475cea6db0abe2f2,50,48,sankhya,fe8a61c,optimal,,-64.57507705856447,-64.57507705856447,-64.575077059,4.355200644567958e-10,6.744398679677553e-12,1,-64.5750770585645,1,primal+dual,1,,1,0.000679577,0.004770434000079149,42,120.0,1,fe8a61c,cloud container (docker); Intel(R) Xeon(R) Processor @ 2.10GHz; 4 cores; 16 GiB RAM; Linux-x86_64,2026-09-30T03:33:30+00:00
netlib,sc50a,36bfce2f419555712bf1b9a8477541199073c7654475d933475cea6db0abe2f2,50,48,highs,1.15.1,optimal,optimal,-64.5750770585645,-64.5750770585645,-64.575077059,4.354916427473654e-10,6.743958545329677e-12,1,-64.5750770585645,1,primal+dual,1,,1,0.0008256435394287109,0.11914505400000053,18,120.0,1,fe8a61c,cloud container (docker); Intel(R) Xeon(R) Processor @ 2.10GHz; 4 cores; 16 GiB RAM; Linux-x86_64,2026-09-30T03:33:30+00:00
netlib,sc50a,36bfce2f419555712bf1b9a8477541199073c7654475d933475cea6db0abe2f2,50,48,scip,10.0.2,optimal,optimal,-64.5750770585645,-64.57507705856449,-64.575077059,4.355058536020806e-10,6.744178612503615e-12,1,-64.5750770585645,1,primal-only,1,,1,0.001344,0.11896658500006652,18,120.0,1,fe8a61c,cloud container (docker); Intel(R) Xeon(R) Processor @ 2.10GHz; 4 cores; 16 GiB RAM; Linux-x86_64,2026-09-30T03:33:30+00:00
netlib,sc50a,36bfce2f419555712bf1b9a8477541199073c7654475d933475cea6db0abe2f2,50,48,cbc-clp,1.17.9,optimal,Optimal,-64.5750770585645,-64.5750770585645,-64.575077059,4.354916427473654e-10,6.743958545329677e-12,1,-64.5750770585645,1,primal+dual,1,,1,0.00527384399993025,0.00527384399993025,15,120.0,1,fe8a61c,cloud container (docker); Intel(R) Xeon(R) Processor @ 2.10GHz; 4 cores; 16 GiB RAM; Linux-x86_64,2026-09-30T03:33:30+00:00
netlib,sc50a,36bfce2f419555712bf1b9a8477541199073c7654475d933475cea6db0abe2f2,50,48,glpk,5.0,optimal,107 lines were written,-64.5750770585645,-64.5750770585645,-64.575077059,4.354916427473654e-10,6.743958545329677e-12,1,-64.5750770585645,1,primal+dual,1,,1,0.0,0.0032170170001109,26,120.0,1,fe8a61c,cloud container (docker); Intel(R) Xeon(R) Processor @ 2.10GHz; 4 cores; 16 GiB RAM; Linux-x86_64,2026-09-30T03:33:30+00:00
netlib,sc50b,bfc47ffcf8f037552130a75142a203dc768d82d15c3b7b9f718c444ffa472f15,50,48,sankhya,fe8a61c,optimal,,-69.99999999999999,-69.99999999999999,-70.0,1.4210854715202004e-14,2.0301221021717148e-16,1,-70.0,1,primal+dual,1,,1,0.000516692,0.00401945600003728,42,120.0,1,fe8a61c,cloud container (docker); Intel(R) Xeon(R) Processor @ 2.10GHz; 4 cores; 16 GiB RAM; Linux-x86_64,2026-09-30T03:33:30+00:00
netlib,sc50b,bfc47ffcf8f037552130a75142a203dc768d82d15c3b7b9f718c444ffa472f15,50,48,highs,1.15.1,optimal,optimal,-69.99999999999999,-69.99999999999999,-70.0,1.4210854715202004e-14,2.0301221021717148e-16,1,-70.0,1,primal+dual,1,,1,0.0007886886596679688,0.13239130399995247,18,120.0,1,fe8a61c,cloud container (docker); Intel(R) Xeon(R) Processor @ 2.10GHz; 4 cores; 16 GiB RAM; Linux-x86_64,2026-09-30T03:33:30+00:00
netlib,sc50b,bfc47ffcf8f037552130a75142a203dc768d82d15c3b7b9f718c444ffa472f15,50,48,scip,10.0.2,optimal,optimal,-69.99999999999999,-69.99999999999999,-70.0,1.4210854715202004e-14,2.0301221021717148e-16,1,-70.0,1,primal-only,1,,1,0.001451,0.13947810799993476,18,120.0,1,fe8a61c,cloud container (docker); Intel(R) Xeon(R) Processor @ 2.10GHz; 4 cores; 16 GiB RAM; Linux-x86_64,2026-09-30T03:33:30+00:00
netlib,sc50b,bfc47ffcf8f037552130a75142a203dc768d82d15c3b7b9f718c444ffa472f15,50,48,cbc-clp,1.17.9,optimal,Optimal,-69.99999999999999,-69.99999999999999,-70.0,1.4210854715202004e-14,2.0301221021717148e-16,1,-70.0,1,primal+dual,1,,1,0.005332211999984793,0.005332211999984793,16,120.0,1,fe8a61c,cloud container (docker); Intel(R) Xeon(R) Processor @ 2.10GHz; 4 cores; 16 GiB RAM; Linux-x86_64,2026-09-30T03:33:30+00:00
netlib,sc50b,bfc47ffcf8f037552130a75142a203dc768d82d15c3b7b9f718c444ffa472f15,50,48,glpk,5.0,optimal,107 lines were written,-70.0,-70.0,-70.0,0.0,0.0,1,-70.0,1,primal+dual,1,,1,0.0,0.0035998009999502756,30,120.0,1,fe8a61c,cloud container (docker); Intel(R) Xeon(R) Processor @ 2.10GHz; 4 cores; 16 GiB RAM; Linux-x86_64,2026-09-30T03:33:30+00:00
netlib,scagr25,7bac79b91dec46966af26a236d593c823f1e61eb055597426365e4f6bc36df76,471,500,sankhya,fe8a61c,optimal,,-14753433.060768533,-14753433.060768533,-14753433.061,0.00023146718740463257,1.5689039049257294e-11,1,-14753433.060768522,1,primal+dual,1,,1,0.005718066,0.010499513000013394,457,120.0,1,fe8a61c,cloud container (docker); Intel(R) Xeon(R) Processor @ 2.10GHz; 4 cores; 16 GiB RAM; Linux-x86_64,2026-09-30T03:33:31+00:00
netlib,scagr25,7bac79b91dec46966af26a236d593c823f1e61eb055597426365e4f6bc36df76,471,500,highs,1.15.1,optimal,optimal,-14753433.060768528,-14753433.060768528,-14753433.061,0.00023147277534008026,1.5689417804183323e-11,1,-14753433.060768522,1,primal+dual,1,,1,0.006984710693359375,0.14564990299993497,338,120.0,1,fe8a61c,cloud container (docker); Intel(R) Xeon(R) Processor @ 2.10GHz; 4 cores; 16 GiB RAM; Linux-x86_64,2026-09-30T03:33:31+00:00
netlib,scagr25,7bac79b91dec46966af26a236d593c823f1e61eb055597426365e4f6bc36df76,471,500,scip,10.0.2,optimal,optimal,-14753433.060768522,-14753433.06076853,-14753433.061,0.00023147091269493103,1.568929155254131e-11,1,-14753433.060768522,1,primal-only,1,,1,0.01099,0.14224160000003394,316,120.0,1,fe8a61c,cloud container (docker); Intel(R) Xeon(R) Processor @ 2.10GHz; 4 cores; 16 GiB RAM; Linux-x86_64,2026-09-30T03:33:31+00:00
netlib,scagr25,7bac79b91dec46966af26a236d593c823f1e61eb055597426365e4f6bc36df76,471,500,cbc-clp,1.17.9,optimal,Optimal,-14753433.060768532,-14753433.060768532,-14753433.061,0.0002314690500497818,1.5689165300899303e-11,1,-14753433.060768522,1,primal+dual,1,,1,0.009659586999987368,0.009659586999987368,260,120.0,1,fe8a61c,cloud container (docker); Intel(R) Xeon(R) Processor @ 2.10GHz; 4 cores; 16 GiB RAM; Linux-x86_64,2026-09-30T03:33:31+00:00
netlib,scagr25,7bac79b91dec46966af26a236d593c823f1e61eb055597426365e4f6bc36df76,471,500,glpk,5.0,optimal,980 lines were written,-14753433.0607685,-14753433.060768524,-14753433.061,0.00023147650063037872,1.568967030746734e-11,1,-14753433.060768522,1,primal+dual,1,,1,0.0,0.008855756000002657,256,120.0,1,fe8a61c,cloud container (docker); Intel(R) Xeon(R) Processor @ 2.10GHz; 4 cores; 16 GiB RAM; Linux-x86_64,2026-09-30T03:33:31+00:00
netlib,scagr7,2170c16fd0cc04a823172c1564e89593e75aac5225e2c2f893a6837ba0b26085,129,140,sankhya,fe8a61c,optimal,,-2331389.824330984,-2331389.824330984,-2331389.2548,0.5695309839211404,2.442882426212426e-07,1,-2331389.824330984,1,primal+dual,1,,1,0.001013989,0.004559331999985261,111,120.0,1,fe8a61c,cloud container (docker); Intel(R) Xeon(R) Processor @ 2.10GHz; 4 cores; 16 GiB RAM; Linux-x86_64,2026-09-30T03:33:31+00:00
netlib,scagr7,2170c16fd0cc04a823172c1564e89593e75aac5225e2c2f893a6837ba0b26085,129,140,highs,1.15.1,optimal,optimal,-2331389.824330984,-2331389.824330984,-2331389.2548,0.5695309839211404,2.442882426212426e-07,1,-2331389.824330984,1,primal+dual,1,,1,0.0018770694732666016,0.12541086999999607,104,120.0,1,fe8a61c,cloud container (docker); Intel(R) Xeon(R) Processor @ 2.10GHz; 4 cores; 16 GiB RAM; Linux-x86_64,2026-09-30T03:33:31+00:00
netlib,scagr7,2170c16fd0cc04a823172c1564e89593e75aac5225e2c2f893a6837ba0b26085,129,140,scip,10.0.2,optimal,optimal,-2331389.8243309837,-2331389.824330984,-2331389.2548,0.5695309839211404,2.442882426212426e-07,1,-2331389.824330984,1,primal-only,1,,1,0.0033859999999999997,0.1539740629999642,45,120.0,1,fe8a61c,cloud container (docker); Intel(R) Xeon(R) Processor @ 2.10GHz; 4 cores; 16 GiB RAM; Linux-x86_64,2026-09-30T03:33:31+00:00
netlib,scagr7,2170c16fd0cc04a823172c1564e89593e75aac5225e2c2f893a6837ba0b26085,129,140,cbc-clp,1.17.9,optimal,Optimal,-2331389.8243309846,-2331389.8243309846,-2331389.2548,0.5695309843868017,2.442882428209781e-07,1,-2331389.824330984,1,primal+dual,1,,1,0.006285817999923893,0.006285817999923893,76,120.0,1,fe8a61c,cloud container (docker); Intel(R) Xeon(R) Processor @ 2.10GHz; 4 cores; 16 GiB RAM; Linux-x86_64,2026-09-30T03:33:31+00:00
netlib,scagr7,2170c16fd0cc04a823172c1564e89593e75aac5225e2c2f893a6837ba0b26085,129,140,glpk,5.0,optimal,278 lines were written,-2331389.82433099,-2331389.8243309855,-2331389.2548,0.5695309853181243,2.442882432204492e-07,1,-2331389.824330984,1,primal+dual,1,,1,0.0,0.004875264000020252,85,120.0,1,fe8a61c,cloud container (docker); Intel(R) Xeon(R) Processor @ 2.10GHz; 4 cores; 16 GiB RAM; Linux-x86_64,2026-09-30T03:33:31+00:00
netlib,scfxm1,3e602523ca64bb4fd7387da7eca577d964e08d7c04326c59937a0d58add7de25,330,457,sankhya,fe8a61c,optimal,,18416.759028348937,18416.759028348937,18416.759028,3.4893673728220165e-07,1.89466961451629e-11,1,18416.759028348944,1,primal+dual,1,,1,0.008071831,0.01351626699999997,433,120.0,1,fe8a61c,cloud container (docker); Intel(R) Xeon(R) Processor @ 2.10GHz; 4 cores; 16 GiB RAM; Linux-x86_64,2026-09-30T03:33:32+00:00
netlib,scfxm1,3e602523ca64bb4fd7387da7eca577d964e08d7c04326c59937a0d58add7de25,330,457,highs,1.15.1,optimal,optimal,18416.759028348948,18416.759028348948,18416.759028,3.489476512186229e-07,1.8947288754123286e-11,1,18416.759028348944,1,primal+dual,1,,1,0.006713390350341797,0.126927136000063,375,120.0,1,fe8a61c,cloud container (docker); Intel(R) Xeon(R) Processor @ 2.10GHz; 4 cores; 16 GiB RAM; Linux-x86_64,2026-09-30T03:33:32+00:00
netlib,scfxm1,3e602523ca64bb4fd7387da7eca577d964e08d7c04326c59937a0d58add7de25,330,457,scip,10.0.2,optimal,optimal,18416.759028348948,18416.759028348948,18416.759028,3.489476512186229e-07,1.8947288754123286e-11,1,18416.759028348944,1,primal-only,1,,1,0.027618,0.17253734700000223,648,120.0,1,fe8a61c,cloud container (docker); Intel(R) Xeon(R) Processor @ 2.10GHz; 4 cores; 16 GiB RAM; Linux-x86_64,2026-09-30T03:33:32+00:00
netlib,scfxm1,3e602523ca64bb4fd7387da7eca577d964e08d7c04326c59937a0d58add7de25,330,457,cbc-clp,1.17.9,optimal,Optimal,18416.759028348944,18416.759028348944,18416.759028,3.4894401323981583e-07,1.8947091217803157e-11,1,18416.759028348944,1,primal+dual,1,,1,0.010777372000006835,0.010777372000006835,291,120.0,1,fe8a61c,cloud container (docker); Intel(R) Xeon(R) Processor @ 2.10GHz; 4 cores; 16 GiB RAM; Linux-x86_64,2026-09-30T03:33:32+00:00
netlib,scfxm1,3e602523ca64bb4fd7387da7eca577d964e08d7c04326c59937a0d58add7de25,330,457,glpk,5.0,optimal,796 lines were written,18416.7590283489,18416.759028348966,18416.759028,3.489658411126584e-07,1.894827643572393e-11,1,18416.759028348944,1,primal+dual,1,,1,0.0,0.009678067999971063,222,120.0,1,fe8a61c,cloud container (docker); Intel(R) Xeon(R) Processor @ 2.10GHz; 4 cores; 16 GiB RAM; Linux-x86_64,2026-09-30T03:33:32+00:00
netlib,scfxm2,64d44da9d2e6329705e73b1e083f52a7560124c13af4c67ff60d55b0a46b0f0e,660,914,sankhya,fe8a61c,optimal,,36660.26156499881,36660.26156499881,36660.261565,1.1932570487260818e-09,3.254905987537467e-14,1,36660.261564998815,1,primal+dual,1,,1,0.02515262,0.03236779599990314,937,120.0,1,fe8a61c,cloud container (docker); Intel(R) Xeon(R) Processor @ 2.10GHz; 4 cores; 16 GiB RAM; Linux-x86_64,2026-09-30T03:33:33+00:00
netlib,scfxm2,64d44da9d2e6329705e73b1e083f52a7560124c13af4c67ff60d55b0a46b0f0e,660,914,highs,1.15.1,optimal,optimal,36660.261564998815,36660.261564998815,36660.261565,1.1859810911118984e-09,3.2350589998085804e-14,1,36660.261564998815,1,primal+dual,1,,1,0.01830601692199707,0.16737556100008533,771,120.0,1,fe8a61c,cloud container (docker); Intel(R) Xeon(R) Processor @ 2.10GHz; 4 cores; 16 GiB RAM; Linux-x86_64,2026-09-30T03:33:33+00:00
netlib,scfxm2,64d44da9d2e6329705e73b1e083f52a7560124c13af4c67ff60d55b0a46b0f0e,660,914,scip,10.0.2,optimal,optimal,36660.261564998815,36660.261564998815,36660.261565,1.1859810911118984e-09,3.2350589998085804e-14,1,36660.261564998815,1,primal-only,1,,1,0.054077999999999994,0.1975333519999367,1152,120.0,1,fe8a61c,cloud container (docker); Intel(R) Xeon(R) Processor @ 2.10GHz; 4 cores; 16 GiB RAM; Linux-x86_64,2026-09-30T03:33:33+00:00
netlib,scfxm2,64d44da9d2e6329705e73b1e083f52a7560124c13af4c67ff60d55b0a46b0f0e,660,914,cbc-clp,1.17.9,optimal,Optimal,36660.261564998815,36660.261564998815,36660.261565,1.1859810911118984e-09,3.2350589998085804e-14,1,36660.261564998815,1,primal+dual,1,,1,0.02034270900003321,0.02034270900003321,637,120.0,1,fe8a61c,cloud container (docker); Intel(R) Xeon(R) Processor @ 2.10GHz; 4 cores; 16 GiB RAM; Linux-x86_64,2026-09-30T03:33:33+00:00
netlib,scfxm2,64d44da9d2e6329705e73b1e083f52a7560124c13af4c67ff60d55b0a46b0f0e,660,914,glpk,5.0,optimal,1583 lines were written,36660.2615649988,36660.26156499884,36660.261565,1.1641532182693481e-09,3.1755180366219195e-14,1,36660.261564998815,1,primal+dual,1,,1,0.0,0.02651026900002762,441,120.0,1,fe8a61c,cloud container (docker); Intel(R) Xeon(R) Processor @ 2.10GHz; 4 cores; 16 GiB RAM; Linux-x86_64,2026-09-30T03:33:33+00:00
netlib,scfxm3,515b442feba7cb583e03d4466da264782d898cc69093848052a7fa98ba4eac7b,990,1371,sankhya,fe8a61c,optimal,,54901.25454975145,54901.25454975145,54901.25455,2.4854671210050583e-07,4.527159062898059e-12,1,54901.25454975145,1,primal+dual,1,,1,0.053537331,0.06266276899998502,1641,120.0,1,fe8a61c,cloud container (docker); Intel(R) Xeon(R) Processor @ 2.10GHz; 4 cores; 16 GiB RAM; Linux-x86_64,2026-09-30T03:33:33+00:00
netlib,scfxm3,515b442feba7cb583e03d4466da264782d898cc69093848052a7fa98ba4eac7b,990,1371,highs,1.15.1,optimal,optimal,54901.254549751444,54901.254549751444,54901.25455,2.4855398805812e-07,4.527291590973672e-12,1,54901.25454975145,1,primal+dual,1,,1,0.02907586097717285,0.20083925199992336,1202,120.0,1,fe8a61c,cloud container (docker); Intel(R) Xeon(R) Processor @ 2.10GHz; 4 cores; 16 GiB RAM; Linux-x86_64,2026-09-30T03:33:33+00:00
netlib,scfxm3,515b442feba7cb583e03d4466da264782d898cc69093848052a7fa98ba4eac7b,990,1371,scip,10.0.2,optimal,optimal,54901.25454975145,54901.254549751444,54901.25455,2.4855398805812e-07,4.527291590973672e-12,1,54901.25454975145,1,primal-only,1,,1,0.05858,0.17634834600005433,1524,120.0,1,fe8a61c,cloud container (docker); Intel(R) Xeon(R) Processor @ 2.10GHz; 4 cores; 16 GiB RAM; Linux-x86_64,2026-09-30T03:33:33+00:00
netlib,scfxm3,515b442feba7cb583e03d4466da264782d898cc69093848052a7fa98ba4eac7b,990,1371,cbc-clp,1.17.9,optimal,Optimal,54901.254549751466,54901.254549751466,54901.25455,2.4853216018527746e-07,4.526894006746836e-12,1,54901.25454975145,1,primal+dual,1,,1,0.03723611099997015,0.03723611099997015,992,120.0,1,fe8a61c,cloud container (docker); Intel(R) Xeon(R) Processor @ 2.10GHz; 4 cores; 16 GiB RAM; Linux-x86_64,2026-09-30T03:33:33+00:00
netlib,scfxm3,515b442feba7cb583e03d4466da264782d898cc69093848052a7fa98ba4eac7b,990,1371,glpk,5.0,optimal,2370 lines were written,54901.2545497515,54901.2545497514,54901.25455,2.485976438038051e-07,4.528086759427342e-12,1,54901.25454975145,1,primal+dual,1,,1,0.0,0.037354456000002756,686,120.0,1,fe8a61c,cloud container (docker); Intel(R) Xeon(R) Processor @ 2.10GHz; 4 cores; 16 GiB RAM; Linux-x86_64,2026-09-30T03:33:33+00:00
netlib,scorpion,39b61cae042ce4adffb441faec77f5cc003fa725baa25edfb1738aef93a83c5d,388,358,sankhya,fe8a61c,optimal,,1878.1248227381068,1878.1248227381068,1878.1248227,3.810669113590848e-08,2.0289754267304842e-11,1,1878.1248227381066,1,primal+dual,1,,1,0.003442301,0.008370598000055907,242,120.0,1,fe8a61c,cloud container (docker); Intel(R) Xeon(R) Processor @ 2.10GHz; 4 cores; 16 GiB RAM; Linux-x86_64,2026-09-30T03:33:34+00:00
netlib,scorpion,39b61cae042ce4adffb441faec77f5cc003fa725baa25edfb1738aef93a83c5d,388,358,highs,1.15.1,optimal,optimal,1878.1248227381068,1878.1248227381068,1878.1248227,3.810669113590848e-08,2.0289754267304842e-11,1,1878.1248227381066,1,primal+dual,1,,1,0.0024738311767578125,0.11199886100007461,78,120.0,1,fe8a61c,cloud container (docker); Intel(R) Xeon(R) Processor @ 2.10GHz; 4 cores; 16 GiB RAM; Linux-x86_64,2026-09-30T03:33:34+00:00
netlib,scorpion,39b61cae042ce4adffb441faec77f5cc003fa725baa25edfb1738aef93a83c5d,388,358,scip,10.0.2,optimal,optimal,1878.1248227381068,1878.124822738107,1878.1248227,3.810691850958392e-08,2.0289875331502864e-11,1,1878.1248227381066,1,primal-only,1,,1,0.006572,0.16496354799994606,66,120.0,1,fe8a61c,cloud container (docker); Intel(R) Xeon(R) Processor @ 2.10GHz; 4 cores; 16 GiB RAM; Linux-x86_64,2026-09-30T03:33:34+00:00
netlib,scorpion,39b61cae042ce4adffb441faec77f5cc003fa725baa25edfb1738aef93a83c5d,388,358,cbc-clp,1.17.9,optimal,Optimal,1878.1248227381063,1878.1248227381063,1878.1248227,3.810623638855759e-08,2.02895121389088e-11,1,1878.1248227381066,1,primal+dual,1,,1,0.00715184400007729,0.00715184400007729,114,120.0,1,fe8a61c,cloud container (docker); Intel(R) Xeon(R) Processor @ 2.10GHz; 4 cores; 16 GiB RAM; Linux-x86_64,2026-09-30T03:33:34+00:00
netlib,scorpion,39b61cae042ce4adffb441faec77f5cc003fa725baa25edfb1738aef93a83c5d,388,358,glpk,5.0,optimal,755 lines were written,1878.12482273811,1878.1248227381054,1878.1248227,3.810532689385582e-08,2.0289027882116717e-11,1,1878.1248227381066,1,primal+dual,1,,1,0.0,0.007948101000010865,156,120.0,1,fe8a61c,cloud container (docker); Intel(R) Xeon(R) Processor @ 2.10GHz; 4 cores; 16 GiB RAM; Linux-x86_64,2026-09-30T03:33:34+00:00
netlib,scrs8,33b12d5e3d07b47a8b837ab0bf445fbfb5980af5c825bf049c23e71fb3faf026,490,1169,sankhya,fe8a61c,optimal,,904.2969538007919,904.2969538007919,904.29998619,0.003032389208101449,3.3533000712269414e-06,0,904.2969538007915,1,primal+dual,1,,1,0.016794261,0.028081423999992694,610,120.0,1,fe8a61c,cloud container (docker); Intel(R) Xeon(R) Processor @ 2.10GHz; 4 cores; 16 GiB RAM; Linux-x86_64,2026-09-30T03:33:35+00:00
netlib,scrs8,33b12d5e3d07b47a8b837ab0bf445fbfb5980af5c825bf049c23e71fb3faf026,490,1169,highs,1.15.1,optimal,optimal,904.296953800792,904.296953800792,904.29998619,0.0030323892079877623,3.3533000711012235e-06,0,904.2969538007915,1,primal+dual,1,,1,0.007348775863647461,0.14812837199997375,361,120.0,1,fe8a61c,cloud container (docker); Intel(R) Xeon(R) Processor @ 2.10GHz; 4 cores; 16 GiB RAM; Linux-x86_64,2026-09-30T03:33:35+00:00
netlib,scrs8,33b12d5e3d07b47a8b837ab0bf445fbfb5980af5c825bf049c23e71fb3faf026,490,1169,scip,10.0.2,optimal,optimal,904.2969538007917,904.2969538007919,904.29998619,0.003032389208101449,3.3533000712269414e-06,0,904.2969538007915,1,primal-only,1,,1,0.02889,0.15294628200001625,818,120.0,1,fe8a61c,cloud container (docker); Intel(R) Xeon(R) Processor @ 2.10GHz; 4 cores; 16 GiB RAM; Linux-x86_64,2026-09-30T03:33:35+00:00
netlib,scrs8,33b12d5e3d07b47a8b837ab0bf445fbfb5980af5c825bf049c23e71fb3faf026,490,1169,cbc-clp,1.17.9,optimal,Optimal,904.296953800792,904.296953800792,904.29998619,0.0030323892079877623,3.3533000711012235e-06,0,904.2969538007915,1,primal+dual,1,,1,0.013601261000076192,0.013601261000076192,347,120.0,1,fe8a61c,cloud container (docker); Intel(R) Xeon(R) Processor @ 2.10GHz; 4 cores; 16 GiB RAM; Linux-x86_64,2026-09-30T03:33:35+00:00
netlib,scrs8,33b12d5e3d07b47a8b837ab0bf445fbfb5980af5c825bf049c23e71fb3faf026,490,1169,glpk,5.0,optimal,1668 lines were written,904.296953800784,904.2969538007837,904.29998619,0.0030323892162869015,3.3533000802786417e-06,0,904.2969538007915,1,primal+dual,1,,1,0.0,0.02333581300001697,559,120.0,1,fe8a61c,cloud container (docker); Intel(R) Xeon(R) Processor @ 2.10GHz; 4 cores; 16 GiB RAM; Linux-x86_64,2026-09-30T03:33:35+00:00
netlib,scsd1,8c4aac4987a81ef66715b5cb2debdb1993afe6cb5e2a29f32556a03802bf55f5,77,760,sankhya,fe8a61c,optimal,,8.666666674333365,8.666666674333365,8.6666666743,3.3365310514454904e-11,3.849843517507819e-12,1,8.666666674333365,1,primal+dual,1,,1,0.00202392,0.007610987000020941,98,120.0,1,fe8a61c,cloud container (docker); Intel(R) Xeon(R) Processor @ 2.10GHz; 4 cores; 16 GiB RAM; Linux-x86_64,2026-09-30T03:33:35+00:00
netlib,scsd1,8c4aac4987a81ef66715b5cb2debdb1993afe6cb5e2a29f32556a03802bf55f5,77,760,highs,1.15.1,optimal,optimal,8.666666674333364,8.666666674333364,8.6666666743,3.3363534157615504e-11,3.8496385532573e-12,1,8.666666674333365,1,primal+dual,1,,1,0.00278472900390625,0.14113262099999702,86,120.0,1,fe8a61c,cloud container (docker); Intel(R) Xeon(R) Processor @ 2.10GHz; 4 cores; 16 GiB RAM; Linux-x86_64,2026-09-30T03:33:35+00:00
netlib,scsd1,8c4aac4987a81ef66715b5cb2debdb1993afe6cb5e2a29f32556a03802bf55f5,77,760,scip,10.0.2,optimal,optimal,8.666666674333365,8.666666674333365,8.6666666743,3.3365310514454904e-11,3.849843517507819e-12,1,8.666666674333365,1,primal-only,1,,1,0.014773,0.1410884360000182,113,120.0,1,fe8a61c,cloud container (docker); Intel(R) Xeon(R) Processor @ 2.10GHz; 4 cores; 16 GiB RAM; Linux-x86_64,2026-09-30T03:33:35+00:00
netlib,scsd1,8c4aac4987a81ef66715b5cb2debdb1993afe6cb5e2a29f32556a03802bf55f5,77,760,cbc-clp,1.17.9,optimal,Optimal,8.666666674333365,8.666666674333365,8.6666666743,3.3365310514454904e-11,3.849843517507819e-12,1,8.666666674333365,1,primal+dual,1,,1,0.0075037610000663335,0.0075037610000663335,87,120.0,1,fe8a61c,cloud container (docker); Intel(R) Xeon(R) Processor @ 2.10GHz; 4 cores; 16 GiB RAM; Linux-x86_64,2026-09-30T03:33:35+00:00
netlib,scsd1,8c4aac4987a81ef66715b5cb2debdb1993afe6cb5e2a29f32556a03802bf55f5,77,760,glpk,5.0,optimal,846 lines were written,8.66666667433336,8.66666667433336,8.6666666743,3.3359981443936704e-11,3.849228624756261e-12,1,8.666666674333365,1,primal+dual,1,,1,0.0,0.007458786999904987,80,120.0,1,fe8a61c,cloud container (docker); Intel(R) Xeon(R) Processor @ 2.10GHz; 4 cores; 16 GiB RAM; Linux-x86_64,2026-09-30T03:33:35+00:00
netlib,scsd6,f3da742cfa24cfadb99d510847ea1f7a361ba61537d4c2900c09b674912a5891,147,1350,sankhya,fe8a61c,optimal,,50.500000077641246,50.500000077641246,50.500000078,3.587530272852746e-10,7.104020331310119e-12,1,50.50000007714434,1,primal+dual,1,,1,0.008463609,0.015081895999969674,399,120.0,1,fe8a61c,cloud container (docker); Intel(R) Xeon(R) Processor @ 2.10GHz; 4 cores; 16 GiB RAM; Linux-x86_64,2026-09-30T03:33:36+00:00
netlib,scsd6,f3da742cfa24cfadb99d510847ea1f7a361ba61537d4c2900c09b674912a5891,147,1350,highs,1.15.1,optimal,optimal,50.5000000782623,50.5000000782623,50.500000078,2.623039563331986e-10,5.194137741149621e-12,1,50.50000007714434,1,primal+dual,1,,1,0.00821685791015625,0.17623457600006986,270,120.0,1,fe8a61c,cloud container (docker); Intel(R) Xeon(R) Processor @ 2.10GHz; 4 cores; 16 GiB RAM; Linux-x86_64,2026-09-30T03:33:36+00:00
netlib,scsd6,f3da742cfa24cfadb99d510847ea1f7a361ba61537d4c2900c09b674912a5891,147,1350,scip,10.0.2,optimal,optimal,50.500000078019326,50.50000007801932,50.500000078,1.9319656985317124e-11,3.8256746446488833e-13,1,50.50000007714434,1,primal-only,1,,1,0.02966,0.1662905050000063,438,120.0,1,fe8a61c,cloud container (docker); Intel(R) Xeon(R) Processor @ 2.10GHz; 4 cores; 16 GiB RAM; Linux-x86_64,2026-09-30T03:33:36+00:00
netlib,scsd6,f3da742cfa24cfadb99d510847ea1f7a361ba61537d4c2900c09b674912a5891,147,1350,cbc-clp,1.17.9,optimal,Optimal,50.50000007826239,50.50000007826239,50.500000078,2.623892214614898e-10,5.195826159529017e-12,1,50.50000007714434,1,primal+dual,1,,1,0.013500612000029832,0.013500612000029832,262,120.0,1,fe8a61c,cloud container (docker); Intel(R) Xeon(R) Processor @ 2.10GHz; 4 cores; 16 GiB RAM; Linux-x86_64,2026-09-30T03:33:36+00:00
netlib,scsd6,f3da742cfa24cfadb99d510847ea1f7a361ba61537d4c2900c09b674912a5891,147,1350,glpk,5.0,optimal,1506 lines were written,50.5000000782624,50.50000007826239,50.500000078,2.623892214614898e-10,5.195826159529017e-12,1,50.50000007714434,1,primal+dual,1,,1,0.0,0.012534746000028463,164,120.0,1,fe8a61c,cloud container (docker); Intel(R) Xeon(R) Processor @ 2.10GHz; 4 cores; 16 GiB RAM; Linux-x86_64,2026-09-30T03:33:36+00:00
netlib,scsd8,2090a22840fe2c75730cd76336702ece7c27a739d58740926b67c4b2e57b8e5c,397,2750,sankhya,fe8a61c,optimal,,904.9999999254642,904.9999999254642,904.99999993,4.535763764579315e-09,5.011893662906241e-12,1,904.9999999254644,1,primal+dual,1,,1,0.059759675,0.07014685599995119,1563,120.0,1,fe8a61c,cloud container (docker); Intel(R) Xeon(R) Processor @ 2.10GHz; 4 cores; 16 GiB RAM; Linux-x86_64,2026-09-30T03:33:37+00:00
netlib,scsd8,2090a22840fe2c75730cd76336702ece7c27a739d58740926b67c4b2e57b8e5c,397,2750,highs,1.15.1,optimal,optimal,904.9999999254643,904.9999999254643,904.99999993,4.535650077741593e-09,5.011768042091069e-12,1,904.9999999254644,1,primal+dual,1,,1,0.032759904861450195,0.31077157900006114,1054,120.0,1,fe8a61c,cloud container (docker); Intel(R) Xeon(R) Processor @ 2.10GHz; 4 cores; 16 GiB RAM; Linux-x86_64,2026-09-30T03:33:37+00:00
netlib,scsd8,2090a22840fe2c75730cd76336702ece7c27a739d58740926b67c4b2e57b8e5c,397,2750,scip,10.0.2,optimal,optimal,904.9999999254644,904.9999999254647,904.99999993,4.535195330390707e-09,5.011265558830382e-12,1,904.9999999254644,1,primal-only,1,,1,0.09131199999999999,0.25444749400003275,1525,120.0,1,fe8a61c,cloud container (docker); Intel(R) Xeon(R) Processor @ 2.10GHz; 4 cores; 16 GiB RAM; Linux-x86_64,2026-09-30T03:33:37+00:00
netlib,scsd8,2090a22840fe2c75730cd76336702ece7c27a739d58740926b67c4b2e57b8e5c,397,2750,cbc-clp,1.17.9,optimal,Optimal,904.9999999254645,904.9999999254645,904.99999993,4.53542270406615e-09,5.011516800460725e-12,1,904.9999999254644,1,primal+dual,1,,1,0.037840713000036885,0.037840713000036885,993,120.0,1,fe8a61c,cloud container (docker); Intel(R) Xeon(R) Processor @ 2.10GHz; 4 cores; 16 GiB RAM; Linux-x86_64,2026-09-30T03:33:37+00:00
netlib,scsd8,2090a22840fe2c75730cd76336702ece7c27a739d58740926b67c4b2e57b8e5c,397,2750,glpk,5.0,optimal,3156 lines were written,904.999999925465,904.9999999254654,904.99999993,4.534513209364377e-09,5.010511833939352e-12,1,904.9999999254644,1,primal+dual,1,,1,0.0,0.03032483099991623,402,120.0,1,fe8a61c,cloud container (docker); Intel(R) Xeon(R) Processor @ 2.10GHz; 4 cores; 16 GiB RAM; Linux-x86_64,2026-09-30T03:33:37+00:00
netlib,sctap1,2b1ab5950d3e37fd21327892e2bc830c5f0d8d3fc1f687c0f57a5cdefd9caa21,300,480,sankhya,fe8a61c,optimal,,1412.2499999999998,1412.2499999999998,1412.25,2.2737367544323206e-13,1.6100100934199472e-16,1,1412.25,1,primal+dual,1,,1,0.004768648,0.009877532000018618,278,120.0,1,fe8a61c,cloud container (docker); Intel(R) Xeon(R) Processor @ 2.10GHz; 4 cores; 16 GiB RAM; Linux-x86_64,2026-09-30T03:33:38+00:00
netlib,sctap1,2b1ab5950d3e37fd21327892e2bc830c5f0d8d3fc1f687c0f57a5cdefd9caa21,300,480,highs,1.15.1,optimal,optimal,1412.25,1412.25,1412.25,0.0,0.0,1,1412.25,1,primal+dual,1,,1,0.00481867790222168,0.12276952399997754,323,120.0,1,fe8a61c,cloud container (docker); Intel(R) Xeon(R) Processor @ 2.10GHz; 4 cores; 16 GiB RAM; Linux-x86_64,2026-09-30T03:33:38+00:00
netlib,sctap1,2b1ab5950d3e37fd21327892e2bc830c5f0d8d3fc1f687c0f57a5cdefd9caa21,300,480,scip,10.0.2,optimal,optimal,1412.25,1412.2499999999998,1412.25,2.2737367544323206e-13,1.6100100934199472e-16,1,1412.25,1,primal-only,1,,1,0.012180999999999999,0.1414810019999777,234,120.0,1,fe8a61c,cloud container (docker); Intel(R) Xeon(R) Processor @ 2.10GHz; 4 cores; 16 GiB RAM; Linux-x86_64,2026-09-30T03:33:38+00:00
netlib,sctap1,2b1ab5950d3e37fd21327892e2bc830c5f0d8d3fc1f687c0f57a5cdefd9caa21,300,480,cbc-clp,1.17.9,optimal,Optimal,1412.25,1412.25,1412.25,0.0,0.0,1,1412.25,1,primal+dual,1,,1,0.008378907999940566,0.008378907999940566,198,120.0,1,fe8a61c,cloud container (docker); Intel(R) Xeon(R) Processor @ 2.10GHz; 4 cores; 16 GiB RAM; Linux-x86_64,2026-09-30T03:33:38+00:00
netlib,sctap1,2b1ab5950d3e37fd21327892e2bc830c5f0d8d3fc1f687c0f57a5cdefd9caa21,300,480,glpk,5.0,optimal,789 lines were written,1412.25,1412.2500000000002,1412.25,2.2737367544323206e-13,1.6100100934199472e-16,1,1412.25,1,primal+dual,1,,1,0.0,0.008304316000021572,166,120.0,1,fe8a61c,cloud container (docker); Intel(R) Xeon(R) Processor @ 2.10GHz; 4 cores; 16 GiB RAM; Linux-x86_64,2026-09-30T03:33:38+00:00
netlib,sctap2,673d50e3b929f83b1719d28ee09500890294107099518161bcf2a4f452e95fb2,1090,1880,sankhya,fe8a61c,optimal,,1724.8071428571432,1724.8071428571432,1724.8071429,4.285675458959304e-08,2.4847273369668418e-11,1,1724.807142857143,1,primal+dual,1,,1,0.019889137,0.028125539000029676,775,120.0,1,fe8a61c,cloud container (docker); Intel(R) Xeon(R) Processor @ 2.10GHz; 4 cores; 16 GiB RAM; Linux-x86_64,2026-09-30T03:33:39+00:00
netlib,sctap2,673d50e3b929f83b1719d28ee09500890294107099518161bcf2a4f452e95fb2,1090,1880,highs,1.15.1,optimal,optimal,1724.807142857143,1724.807142857143,1724.8071429,4.285698196326848e-08,2.484740519523302e-11,1,1724.807142857143,1,primal+dual,1,,1,0.012042999267578125,0.226366864000056,755,120.0,1,fe8a61c,cloud container (docker); Intel(R) Xeon(R) Processor @ 2.10GHz; 4 cores; 16 GiB RAM; Linux-x86_64,2026-09-30T03:33:39+00:00
netlib,sctap2,673d50e3b929f83b1719d28ee09500890294107099518161bcf2a4f452e95fb2,1090,1880,scip,10.0.2,optimal,optimal,1724.807142857143,1724.807142857143,1724.8071429,4.285698196326848e-08,2.484740519523302e-11,1,1724.807142857143,1,primal-only,1,,1,0.038319,0.18260246099998767,530,120.0,1,fe8a61c,cloud container (docker); Intel(R) Xeon(R) Processor @ 2.10GHz; 4 cores; 16 GiB RAM; Linux-x86_64,2026-09-30T03:33:39+00:00
netlib,sctap2,673d50e3b929f83b1719d28ee09500890294107099518161bcf2a4f452e95fb2,1090,1880,cbc-clp,1.17.9,optimal,Optimal,1724.807142857143,1724.807142857143,1724.8071429,4.285698196326848e-08,2.484740519523302e-11,1,1724.807142857143,1,primal+dual,1,,1,0.019904467000060322,0.019904467000060322,381,120.0,1,fe8a61c,cloud container (docker); Intel(R) Xeon(R) Processor @ 2.10GHz; 4 cores; 16 GiB RAM; Linux-x86_64,2026-09-30T03:33:39+00:00
netlib,sctap2,673d50e3b929f83b1719d28ee09500890294107099518161bcf2a4f452e95fb2,1090,1880,glpk,5.0,optimal,2979 lines were written,1724.80714285714,1724.8071428571427,1724.8071429,4.2857209336943924e-08,2.4847537020797624e-11,1,1724.807142857143,1,primal+dual,1,,1,0.0,0.025680453000063608,381,120.0,1,fe8a61c,cloud container (docker); Intel(R) Xeon(R) Processor @ 2.10GHz; 4 cores; 16 GiB RAM; Linux-x86_64,2026-09-30T03:33:39+00:00
netlib,sctap3,44e105b02a722bf19292b8aeb4779480c4eb81f40da35d64d8f4534f85000168,1480,2480,sankhya,fe8a61c,optimal,,1424.0,1424.0,1424.0,0.0,0.0,1,1424.0,1,primal+dual,1,,1,0.039509275,0.05039318700005424,1111,120.0,1,fe8a61c,cloud container (docker); Intel(R) Xeon(R) Processor @ 2.10GHz; 4 cores; 16 GiB RAM; Linux-x86_64,2026-09-30T03:33:39+00:00
netlib,sctap3,44e105b02a722bf19292b8aeb4779480c4eb81f40da35d64d8f4534f85000168,1480,2480,highs,1.15.1,optimal,optimal,1424.0,1424.0,1424.0,0.0,0.0,1,1424.0,1,primal+dual,1,,1,0.015924453735351562,0.2956714650000549,982,120.0,1,fe8a61c,cloud container (docker); Intel(R) Xeon(R) Processor @ 2.10GHz; 4 cores; 16 GiB RAM; Linux-x86_64,2026-09-30T03:33:39+00:00
netlib,sctap3,44e105b02a722bf19292b8aeb4779480c4eb81f40da35d64d8f4534f85000168,1480,2480,scip,10.0.2,optimal,optimal,1424.0,1424.0,1424.0,0.0,0.0,1,1424.0,1,primal-only,1,,1,0.045257,0.17181119800000033,682,120.0,1,fe8a61c,cloud container (docker); Intel(R) Xeon(R) Processor @ 2.10GHz; 4 cores; 16 GiB RAM; Linux-x86_64,2026-09-30T03:33:39+00:00
netlib,sctap3,44e105b02a722bf19292b8aeb4779480c4eb81f40da35d64d8f4534f85000168,1480,2480,cbc-clp,1.17.9,optimal,Optimal,1424.0,1424.0,1424.0,0.0,0.0,1,1424.0,1,primal+dual,1,,1,0.022041117999947346,0.022041117999947346,471,120.0,1,fe8a61c,cloud container (docker); Intel(R) Xeon(R) Processor @ 2.10GHz; 4 cores; 16 GiB RAM; Linux-x86_64,2026-09-30T03:33:39+00:00
netlib,sctap3,44e105b02a722bf19292b8aeb4779480c4eb81f40da35d64d8f4534f85000168,1480,2480,glpk,5.0,optimal,3969 lines were written,1424.0,1424.0000000000002,1424.0,2.2737367544323206e-13,1.5967252488991015e-16,1,1424.0,1,primal+dual,1,,1,0.0,0.04340058200000385,631,120.0,1,fe8a61c,cloud container (docker); Intel(R) Xeon(R) Processor @ 2.10GHz; 4 cores; 16 GiB RAM; Linux-x86_64,2026-09-30T03:33:39+00:00
netlib,seba,539733cdb036e2d2e8e80e7ea1666848b6b67a36a34b1c6cf9a883e1c868ef1e,515,1028,sankhya,fe8a61c,optimal,,15711.599999999999,15711.599999999999,15711.6,1.8189894035458565e-12,1.1577365790536013e-16,1,15711.6,1,primal+dual,1,,1,0.005293155,0.02078974100004416,439,120.0,1,fe8a61c,cloud container (docker); Intel(R) Xeon(R) Processor @ 2.10GHz; 4 cores; 16 GiB RAM; Linux-x86_64,2026-09-30T03:33:40+00:00
netlib,seba,539733cdb036e2d2e8e80e7ea1666848b6b67a36a34b1c6cf9a883e1c868ef1e,515,1028,highs,1.15.1,optimal,optimal,15711.599999999999,15711.599999999999,15711.6,1.8189894035458565e-12,1.1577365790536013e-16,1,15711.6,1,primal+dual,1,,1,0.0031380653381347656,0.1375041369999508,1,120.0,1,fe8a61c,cloud container (docker); Intel(R) Xeon(R) Processor @ 2.10GHz; 4 cores; 16 GiB RAM; Linux-x86_64,2026-09-30T03:33:40+00:00
netlib,seba,539733cdb036e2d2e8e80e7ea1666848b6b67a36a34b1c6cf9a883e1c868ef1e,515,1028,scip,10.0.2,optimal,optimal,15711.599999999999,15711.599999999999,15711.6,1.8189894035458565e-12,1.1577365790536013e-16,1,15711.6,1,primal-only,1,,1,0.00788,0.13902404000009483,0,120.0,1,fe8a61c,cloud container (docker); Intel(R) Xeon(R) Processor @ 2.10GHz; 4 cores; 16 GiB RAM; Linux-x86_64,2026-09-30T03:33:40+00:00
netlib,seba,539733cdb036e2d2e8e80e7ea1666848b6b67a36a34b1c6cf9a883e1c868ef1e,515,1028,cbc-clp,1.17.9,optimal,Optimal,15711.599999999999,15711.599999999999,15711.6,1.8189894035458565e-12,1.1577365790536013e-16,1,15711.6,1,primal+dual,1,,1,0.00773910700002034,0.00773910700002034,2,120.0,1,fe8a61c,cloud container (docker); Intel(R) Xeon(R) Processor @ 2.10GHz; 4 cores; 16 GiB RAM; Linux-x86_64,2026-09-30T03:33:40+00:00
netlib,seba,539733cdb036e2d2e8e80e7ea1666848b6b67a36a34b1c6cf9a883e1c868ef1e,515,1028,glpk,5.0,optimal,1552 lines were written,15711.6,15711.599999999991,15711.6,9.094947017729282e-12,5.788682895268007e-16,1,15711.6,1,primal+dual,1,,1,0.0,0.015193322999948577,258,120.0,1,fe8a61c,cloud container (docker); Intel(R) Xeon(R) Processor @ 2.10GHz; 4 cores; 16 GiB RAM; Linux-x86_64,2026-09-30T03:33:40+00:00
netlib,share1b,fafdf8b5e3d50d27f5eff40e46eb104d1e614bf2721cb5be38081f1678dbd562,117,225,sankhya,fe8a61c,optimal,,-76589.31857918552,-76589.31857918552,-76589.318579,1.85522367246449e-07,2.4223007945303396e-12,1,-76589.31857918568,1,primal+dual,1,,1,0.002307204,0.007925829999976486,136,120.0,1,fe8a61c,cloud container (docker); Intel(R) Xeon(R) Processor @ 2.10GHz; 4 cores; 16 GiB RAM; Linux-x86_64,2026-09-30T03:33:41+00:00
netlib,share1b,fafdf8b5e3d50d27f5eff40e46eb104d1e614bf2721cb5be38081f1678dbd562,117,225,highs,1.15.1,optimal,optimal,-76589.31857918572,-76589.31857918572,-76589.318579,1.8572609405964613e-07,2.42496078442158e-12,1,-76589.31857918568,1,primal+dual,1,,1,0.0023009777069091797,0.10331637100000535,160,120.0,1,fe8a61c,cloud container (docker); Intel(R) Xeon(R) Processor @ 2.10GHz; 4 cores; 16 GiB RAM; Linux-x86_64,2026-09-30T03:33:41+00:00
netlib,share1b,fafdf8b5e3d50d27f5eff40e46eb104d1e614bf2721cb5be38081f1678dbd562,117,225,scip,10.0.2,optimal,optimal,-76589.31857918561,-76589.31857918564,-76589.318579,1.8563878256827593e-07,2.4238207887539054e-12,1,-76589.31857918568,1,primal-only,1,,1,0.007913,0.10744355700001051,244,120.0,1,fe8a61c,cloud container (docker); Intel(R) Xeon(R) Processor @ 2.10GHz; 4 cores; 16 GiB RAM; Linux-x86_64,2026-09-30T03:33:41+00:00
netlib,share1b,fafdf8b5e3d50d27f5eff40e46eb104d1e614bf2721cb5be38081f1678dbd562,117,225,cbc-clp,1.17.9,optimal,Optimal,-76589.31857918586,-76589.31857918586,-76589.318579,1.8585706129670143e-07,2.4266707779230917e-12,1,-76589.31857918568,1,primal+dual,1,,1,0.008276686999920457,0.008276686999920457,132,120.0,1,fe8a61c,cloud container (docker); Intel(R) Xeon(R) Processor @ 2.10GHz; 4 cores; 16 GiB RAM; Linux-x86_64,2026-09-30T03:33:41+00:00
netlib,share1b,fafdf8b5e3d50d27f5eff40e46eb104d1e614bf2721cb5be38081f1678dbd562,117,225,glpk,5.0,optimal,351 lines were written,-76589.3185791857,-76589.31857918575,-76589.318579,1.8575519789010286e-07,2.4253407829774715e-12,1,-76589.31857918568,1,primal+dual,1,,1,0.0,0.005519607999985965,161,120.0,1,fe8a61c,cloud container (docker); Intel(R) Xeon(R) Processor @ 2.10GHz; 4 cores; 16 GiB RAM; Linux-x86_64,2026-09-30T03:33:41+00:00
netlib,share2b,2816c0a71096acc08fd88f65c960366856802c074601e5fa544f9c3eab640c96,96,79,sankhya,fe8a61c,optimal,,-415.7322407414192,-415.7322407414192,-415.73224074,1.4192096386977937e-09,3.4137589044612273e-12,1,-415.7322407414195,1,primal+dual,1,,1,0.001657918,0.0060296279999647595,124,120.0,1,fe8a61c,cloud container (docker); Intel(R) Xeon(R) Processor @ 2.10GHz; 4 cores; 16 GiB RAM; Linux-x86_64,2026-09-30T03:33:42+00:00
netlib,share2b,2816c0a71096acc08fd88f65c960366856802c074601e5fa544f9c3eab640c96,96,79,highs,1.15.1,optimal,optimal,-415.73224074141945,-415.73224074141945,-415.73224074,1.419437012373237e-09,3.4143058278247812e-12,1,-415.7322407414195,1,primal+dual,1,,1,0.0015611648559570312,0.0994223930000544,99,120.0,1,fe8a61c,cloud container (docker); Intel(R) Xeon(R) Processor @ 2.10GHz; 4 cores; 16 GiB RAM; Linux-x86_64,2026-09-30T03:33:42+00:00
netlib,share2b,2816c0a71096acc08fd88f65c960366856802c074601e5fa544f9c3eab640c96,96,79,scip,10.0.2,optimal,optimal,-415.7322407414159,-415.7322407414159,-415.73224074,1.4159127204038668e-09,3.405828515689699e-12,1,-415.7322407414195,1,primal-only,1,,1,0.004097,0.10661757499997293,123,120.0,1,fe8a61c,cloud container (docker); Intel(R) Xeon(R) Processor @ 2.10GHz; 4 cores; 16 GiB RAM; Linux-x86_64,2026-09-30T03:33:42+00:00
netlib,share2b,2816c0a71096acc08fd88f65c960366856802c074601e5fa544f9c3eab640c96,96,79,cbc-clp,1.17.9,optimal,Optimal,-415.73224074141956,-415.73224074141956,-415.73224074,1.4195506992109586e-09,3.414579289506558e-12,1,-415.7322407414195,1,primal+dual,1,,1,0.006054750000089371,0.006054750000089371,96,120.0,1,fe8a61c,cloud container (docker); Intel(R) Xeon(R) Processor @ 2.10GHz; 4 cores; 16 GiB RAM; Linux-x86_64,2026-09-30T03:33:42+00:00
netlib,share2b,2816c0a71096acc08fd88f65c960366856802c074601e5fa544f9c3eab640c96,96,79,glpk,5.0,optimal,184 lines were written,-415.73224074142,-415.7322407414195,-415.73224074,1.4194938557920977e-09,3.4144425586656697e-12,1,-415.7322407414195,1,primal+dual,1,,1,0.0,0.0035150359999533975,73,120.0,1,fe8a61c,cloud container (docker); Intel(R) Xeon(R) Processor @ 2.10GHz; 4 cores; 16 GiB RAM; Linux-x86_64,2026-09-30T03:33:42+00:00
netlib,shell,e21331e8282f8d8616cbee27e093e50d140ea03f9bc3fd0b6da0ccff638d2f91,536,1775,sankhya,fe8a61c,optimal,,1208825346.0,1208825346.0,1208825346.0,0.0,0.0,1,1208825346.0,1,primal+dual,1,,1,0.007279721,0.012676531000010982,461,120.0,1,fe8a61c,cloud container (docker); Intel(R) Xeon(R) Processor @ 2.10GHz; 4 cores; 16 GiB RAM; Linux-x86_64,2026-09-30T03:33:42+00:00
netlib,shell,e21331e8282f8d8616cbee27e093e50d140ea03f9bc3fd0b6da0ccff638d2f91,536,1775,highs,1.15.1,optimal,optimal,1208825346.0,1208825346.0,1208825346.0,0.0,0.0,1,1208825346.0,1,primal+dual,1,,1,0.011135339736938477,0.16271243599999252,325,120.0,1,fe8a61c,cloud container (docker); Intel(R) Xeon(R) Processor @ 2.10GHz; 4 cores; 16 GiB RAM; Linux-x86_64,2026-09-30T03:33:42+00:00
netlib,shell,e21331e8282f8d8616cbee27e093e50d140ea03f9bc3fd0b6da0ccff638d2f91,536,1775,scip,10.0.2,optimal,optimal,1208825346.0,1208825346.0,1208825346.0,0.0,0.0,1,1208825346.0,1,primal-only,1,,1,0.032686,0.18536129000005985,409,120.0,1,fe8a61c,cloud container (docker); Intel(R) Xeon(R) Processor @ 2.10GHz; 4 cores; 16 GiB RAM; Linux-x86_64,2026-09-30T03:33:42+00:00
netlib,shell,e21331e8282f8d8616cbee27e093e50d140ea03f9bc3fd0b6da0ccff638d2f91,536,1775,cbc-clp,1.17.9,optimal,Optimal,1208825346.0,1208825346.0,1208825346.0,0.0,0.0,1,1208825346.0,1,primal+dual,1,,1,0.010973313000022245,0.010973313000022245,266,120.0,1,fe8a61c,cloud container (docker); Intel(R) Xeon(R) Processor @ 2.10GHz; 4 cores; 16 GiB RAM; Linux-x86_64,2026-09-30T03:33:42+00:00
netlib,shell,e21331e8282f8d8616cbee27e093e50d140ea03f9bc3fd0b6da0ccff638d2f91,536,1775,glpk,5.0,optimal,2320 lines were written,1208825346.0,1208825346.0,1208825346.0,0.0,0.0,1,1208825346.0,1,primal+dual,1,,1,0.0,0.01706928800001606,422,120.0,1,fe8a61c,cloud container (docker); Intel(R) Xeon(R) Processor @ 2.10GHz; 4 cores; 16 GiB RAM; Linux-x86_64,2026-09-30T03:33:42+00:00
netlib,ship04l,e7c46bfd6492a400220cf1f5f093f264901fd0e8534dd8cbb060d491612dc881,402,2118,sankhya,fe8a61c,optimal,,1793324.5379703562,1793324.5379703562,1793324.538,2.9643764719367027e-05,1.6530061397825488e-11,1,1793324.5379703557,1,primal+dual,1,,1,0.008757409,0.02094073099999605,447,120.0,1,fe8a61c,cloud container (docker); Intel(R) Xeon(R) Processor @ 2.10GHz; 4 cores; 16 GiB RAM; Linux-x86_64,2026-09-30T03:33:43+00:00
netlib,ship04l,e7c46bfd6492a400220cf1f5f093f264901fd0e8534dd8cbb060d491612dc881,402,2118,highs,1.15.1,optimal,optimal,1793324.5379703562,1793324.5379703562,1793324.538,2.9643764719367027e-05,1.6530061397825488e-11,1,1793324.5379703557,1,primal+dual,1,,1,0.007147789001464844,0.2152330090000305,380,120.0,1,fe8a61c,cloud container (docker); Intel(R) Xeon(R) Processor @ 2.10GHz; 4 cores; 16 GiB RAM; Linux-x86_64,2026-09-30T03:33:43+00:00
netlib,ship04l,e7c46bfd6492a400220cf1f5f093f264901fd0e8534dd8cbb060d491612dc881,402,2118,scip,10.0.2,optimal,optimal,1793324.537970356,1793324.5379703566,1793324.538,2.964329905807972e-05,1.652980173412411e-11,1,1793324.5379703557,1,primal-only,1,,1,0.045444,0.19844657499993446,506,120.0,1,fe8a61c,cloud container (docker); Intel(R) Xeon(R) Processor @ 2.10GHz; 4 cores; 16 GiB RAM; Linux-x86_64,2026-09-30T03:33:43+00:00
netlib,ship04l,e7c46bfd6492a400220cf1f5f093f264901fd0e8534dd8cbb060d491612dc881,402,2118,cbc-clp,1.17.9,optimal,Optimal,1793324.537970356,1793324.537970356,1793324.538,2.964399755001068e-05,1.6530191229676178e-11,1,1793324.5379703557,1,primal+dual,1,,1,0.011921812999958092,0.011921812999958092,393,120.0,1,fe8a61c,cloud container (docker); Intel(R) Xeon(R) Processor @ 2.10GHz; 4 cores; 16 GiB RAM; Linux-x86_64,2026-09-30T03:33:43+00:00
netlib,ship04l,e7c46bfd6492a400220cf1f5f093f264901fd0e8534dd8cbb060d491612dc881,402,2118,glpk,5.0,optimal,2529 lines were written,1793324.53797036,1793324.5379703562,1793324.538,2.9643764719367027e-05,1.6530061397825488e-11,1,1793324.5379703557,1,primal+dual,1,,1,0.0,0.018219428999941556,334,120.0,1,fe8a61c,cloud container (docker); Intel(R) Xeon(R) Processor @ 2.10GHz; 4 cores; 16 GiB RAM; Linux-x86_64,2026-09-30T03:33:43+00:00
netlib,ship04s,2ed2828b251173a05004349121cd9a271a3434bf2efe4e1b70d7e0bdf2d76f94,402,1458,sankhya,fe8a61c,optimal,,1798714.7004453922,1798714.7004453922,1798714.7004,4.5392196625471115e-05,2.5235906848026957e-11,1,1798714.7004453922,1,primal+dual,1,,1,0.003591553,0.011379581999904076,296,120.0,1,fe8a61c,cloud container (docker); Intel(R) Xeon(R) Processor @ 2.10GHz; 4 cores; 16 GiB RAM; Linux-x86_64,2026-09-30T03:33:44+00:00
netlib,ship04s,2ed2828b251173a05004349121cd9a271a3434bf2efe4e1b70d7e0bdf2d76f94,402,1458,highs,1.15.1,optimal,optimal,1798714.7004453917,1798714.7004453917,1798714.7004,4.539173096418381e-05,2.523564796245316e-11,1,1798714.7004453922,1,primal+dual,1,,1,0.004985332489013672,0.16149301999996624,264,120.0,1,fe8a61c,cloud container (docker); Intel(R) Xeon(R) Processor @ 2.10GHz; 4 cores; 16 GiB RAM; Linux-x86_64,2026-09-30T03:33:44+00:00
netlib,ship04s,2ed2828b251173a05004349121cd9a271a3434bf2efe4e1b70d7e0bdf2d76f94,402,1458,scip,10.0.2,optimal,optimal,1798714.700445392,1798714.7004453915,1798714.7004,4.5391498133540154e-05,2.5235518519666264e-11,1,1798714.7004453922,1,primal-only,1,,1,0.022806999999999997,0.15673411800003123,366,120.0,1,fe8a61c,cloud container (docker); Intel(R) Xeon(R) Processor @ 2.10GHz; 4 cores; 16 GiB RAM; Linux-x86_64,2026-09-30T03:33:44+00:00
netlib,ship04s,2ed2828b251173a05004349121cd9a271a3434bf2efe4e1b70d7e0bdf2d76f94,402,1458,cbc-clp,1.17.9,optimal,Optimal,1798714.7004453917,1798714.7004453917,1798714.7004,4.539173096418381e-05,2.523564796245316e-11,1,1798714.7004453922,1,primal+dual,1,,1,0.008522665999976198,0.008522665999976198,291,120.0,1,fe8a61c,cloud container (docker); Intel(R) Xeon(R) Processor @ 2.10GHz; 4 cores; 16 GiB RAM; Linux-x86_64,2026-09-30T03:33:44+00:00
netlib,ship04s,2ed2828b251173a05004349121cd9a271a3434bf2efe4e1b70d7e0bdf2d76f94,402,1458,glpk,5.0,optimal,1869 lines were written,1798714.70044539,1798714.7004453915,1798714.7004,4.5391498133540154e-05,2.5235518519666264e-11,1,1798714.7004453922,1,primal+dual,1,,1,0.0,0.012481289999982437,224,120.0,1,fe8a61c,cloud container (docker); Intel(R) Xeon(R) Processor @ 2.10GHz; 4 cores; 16 GiB RAM; Linux-x86_64,2026-09-30T03:33:44+00:00
netlib,ship08l,58b6142628facaa1b056f32f9f47167097db66825f0c6b42c6f65e4da1b5da07,778,4283,sankhya,fe8a61c,optimal,,1909055.211389131,1909055.211389131,1909055.2114,1.0869000107049942e-05,5.6933922299078996e-12,1,1909055.2113891316,1,primal+dual,1,,1,0.02103405,0.0398520290000306,743,120.0,1,fe8a61c,cloud container (docker); Intel(R) Xeon(R) Processor @ 2.10GHz; 4 cores; 16 GiB RAM; Linux-x86_64,2026-09-30T03:33:44+00:00
netlib,ship08l,58b6142628facaa1b056f32f9f47167097db66825f0c6b42c6f65e4da1b5da07,778,4283,highs,1.15.1,optimal,optimal,1909055.211389131,1909055.211389131,1909055.2114,1.0869000107049942e-05,5.6933922299078996e-12,1,1909055.2113891316,1,primal+dual,1,,1,0.024086952209472656,0.5366970159999482,670,120.0,1,fe8a61c,cloud container (docker); Intel(R) Xeon(R) Processor @ 2.10GHz; 4 cores; 16 GiB RAM; Linux-x86_64,2026-09-30T03:33:44+00:00
netlib,ship08l,58b6142628facaa1b056f32f9f47167097db66825f0c6b42c6f65e4da1b5da07,778,4283,scip,10.0.2,optimal,optimal,1909055.2113891318,1909055.211389131,1909055.2114,1.0869000107049942e-05,5.6933922299078996e-12,1,1909055.2113891316,1,primal-only,1,,1,0.06752999999999999,0.23508800100000826,1022,120.0,1,fe8a61c,cloud container (docker); Intel(R) Xeon(R) Processor @ 2.10GHz; 4 cores; 16 GiB RAM; Linux-x86_64,2026-09-30T03:33:44+00:00
netlib,ship08l,58b6142628facaa1b056f32f9f47167097db66825f0c6b42c6f65e4da1b5da07,778,4283,cbc-clp,1.17.9,optimal,Optimal,1909055.2113891307,1909055.2113891307,1909055.2114,1.0869232937693596e-05,5.693514191097007e-12,1,1909055.2113891316,1,primal+dual,1,,1,0.02191656200000125,0.02191656200000125,703,120.0,1,fe8a61c,cloud container (docker); Intel(R) Xeon(R) Processor @ 2.10GHz; 4 cores; 16 GiB RAM; Linux-x86_64,2026-09-30T03:33:44+00:00
netlib,ship08l,58b6142628facaa1b056f32f9f47167097db66825f0c6b42c6f65e4da1b5da07,778,4283,glpk,5.0,optimal,5070 lines were written,1909055.21138913,1909055.2113891295,1909055.2114,1.0870397090911865e-05,5.694123997042544e-12,1,1909055.2113891316,1,primal+dual,1,,1,0.0,0.03518709200000103,539,120.0,1,fe8a61c,cloud container (docker); Intel(R) Xeon(R) Processor @ 2.10GHz; 4 cores; 16 GiB RAM; Linux-x86_64,2026-09-30T03:33:44+00:00
netlib,ship08s,bdf5671548dde27b0d83c244914036e58081c4683786b2fd132277f577c9a7d8,778,2387,sankhya,fe8a61c,optimal,,1920098.2105346182,1920098.2105346182,1920098.2105,3.461819142103195e-05,1.8029385805227774e-11,1,1920098.2105346196,1,primal+dual,1,,1,0.005575628,0.013137906999986626,422,120.0,1,fe8a61c,cloud container (docker); Intel(R) Xeon(R) Processor @ 2.10GHz; 4 cores; 16 GiB RAM; Linux-x86_64,2026-09-30T03:33:46+00:00
netlib,ship08s,bdf5671548dde27b0d83c244914036e58081c4683786b2fd132277f577c9a7d8,778,2387,highs,1.15.1,optimal,optimal,1920098.2105346182,1920098.2105346182,1920098.2105,3.461819142103195e-05,1.8029385805227774e-11,1,1920098.2105346196,1,primal+dual,1,,1,0.007512807846069336,0.2154144940000151,366,120.0,1,fe8a61c,cloud container (docker); Intel(R) Xeon(R) Processor @ 2.10GHz; 4 cores; 16 GiB RAM; Linux-x86_64,2026-09-30T03:33:46+00:00
netlib,ship08s,bdf5671548dde27b0d83c244914036e58081c4683786b2fd132277f577c9a7d8,778,2387,scip,10.0.2,optimal,optimal,1920098.2105346196,1920098.210534618,1920098.2105,3.46179585903883e-05,1.802926454547013e-11,1,1920098.2105346196,1,primal-only,1,,1,0.031359,0.17743316099995354,511,120.0,1,fe8a61c,cloud container (docker); Intel(R) Xeon(R) Processor @ 2.10GHz; 4 cores; 16 GiB RAM; Linux-x86_64,2026-09-30T03:33:46+00:00
netlib,ship08s,bdf5671548dde27b0d83c244914036e58081c4683786b2fd132277f577c9a7d8,778,2387,cbc-clp,1.17.9,optimal,Optimal,1920098.210534618,1920098.210534618,1920098.2105,3.46179585903883e-05,1.802926454547013e-11,1,1920098.2105346196,1,primal+dual,1,,1,0.014427401000034479,0.014427401000034479,387,120.0,1,fe8a61c,cloud container (docker); Intel(R) Xeon(R) Processor @ 2.10GHz; 4 cores; 16 GiB RAM; Linux-x86_64,2026-09-30T03:33:46+00:00
netlib,ship08s,bdf5671548dde27b0d83c244914036e58081c4683786b2fd132277f577c9a7d8,778,2387,glpk,5.0,optimal,3174 lines were written,1920098.21053462,1920098.2105346185,1920098.2105,3.4618424251675606e-05,1.8029507064985417e-11,1,1920098.2105346196,1,primal+dual,1,,1,0.0,0.020802855999932035,326,120.0,1,fe8a61c,cloud container (docker); Intel(R) Xeon(R) Processor @ 2.10GHz; 4 cores; 16 GiB RAM; Linux-x86_64,2026-09-30T03:33:46+00:00
netlib,ship12l,87bf21f83ae0c5a87aa73ee2d8e2bd4a6a72b3c6cbdc603853dbb7b43b824911,1151,5427,sankhya,fe8a61c,optimal,,1470187.919329266,1470187.919329266,1470187.9193,2.926611341536045e-05,1.9906375934101617e-11,1,1470187.919329265,1,primal+dual,1,,1,0.033524485,0.05095081299998583,1063,120.0,1,fe8a61c,cloud container (docker); Intel(R) Xeon(R) Processor @ 2.10GHz; 4 cores; 16 GiB RAM; Linux-x86_64,2026-09-30T03:33:47+00:00
netlib,ship12l,87bf21f83ae0c5a87aa73ee2d8e2bd4a6a72b3c6cbdc603853dbb7b43b824911,1151,5427,highs,1.15.1,optimal,optimal,1470187.9193292663,1470187.9193292663,1470187.9193,2.9266346246004105e-05,1.9906534302049413e-11,1,1470187.919329265,1,primal+dual,1,,1,0.024151086807250977,0.7644266480000397,951,120.0,1,fe8a61c,cloud container (docker); Intel(R) Xeon(R) Processor @ 2.10GHz; 4 cores; 16 GiB RAM; Linux-x86_64,2026-09-30T03:33:47+00:00
netlib,ship12l,87bf21f83ae0c5a87aa73ee2d8e2bd4a6a72b3c6cbdc603853dbb7b43b824911,1151,5427,scip,10.0.2,optimal,optimal,1470187.919329265,1470187.9193292663,1470187.9193,2.9266346246004105e-05,1.9906534302049413e-11,1,1470187.919329265,1,primal-only,1,,1,0.088435,0.25047975100005715,1132,120.0,1,fe8a61c,cloud container (docker); Intel(R) Xeon(R) Processor @ 2.10GHz; 4 cores; 16 GiB RAM; Linux-x86_64,2026-09-30T03:33:47+00:00
netlib,ship12l,87bf21f83ae0c5a87aa73ee2d8e2bd4a6a72b3c6cbdc603853dbb7b43b824911,1151,5427,cbc-clp,1.17.9,optimal,Optimal,1470187.9193292658,1470187.9193292658,1470187.9193,2.9265880584716797e-05,1.990621756615382e-11,1,1470187.919329265,1,primal+dual,1,,1,0.021504929999991873,0.021504929999991873,986,120.0,1,fe8a61c,cloud container (docker); Intel(R) Xeon(R) Processor @ 2.10GHz; 4 cores; 16 GiB RAM; Linux-x86_64,2026-09-30T03:33:47+00:00
netlib,ship12l,87bf21f83ae0c5a87aa73ee2d8e2bd4a6a72b3c6cbdc603853dbb7b43b824911,1151,5427,glpk,5.0,optimal,6587 lines were written,1470187.91932927,1470187.9193292668,1470187.9193,2.9266811907291412e-05,1.9906851037945005e-11,1,1470187.919329265,1,primal+dual,1,,1,0.0,0.06394917900001929,714,120.0,1,fe8a61c,cloud container (docker); Intel(R) Xeon(R) Processor @ 2.10GHz; 4 cores; 16 GiB RAM; Linux-x86_64,2026-09-30T03:33:47+00:00
netlib,ship12s,43bacbc026b0b5588ed9bec06b11fadfbff8beb19b4e84881370a57cc6540e5d,1151,2763,sankhya,fe8a61c,optimal,,1489236.1344061326,1489236.1344061326,1489236.1344,6.132526323199272e-06,4.1179005676423585e-12,1,1489236.1344061291,1,primal+dual,1,,1,0.009108824,0.023265802000082658,590,120.0,1,fe8a61c,cloud container (docker); Intel(R) Xeon(R) Processor @ 2.10GHz; 4 cores; 16 GiB RAM; Linux-x86_64,2026-09-30T03:33:48+00:00
netlib,ship12s,43bacbc026b0b5588ed9bec06b11fadfbff8beb19b4e84881370a57cc6540e5d,1151,2763,highs,1.15.1,optimal,optimal,1489236.1344061329,1489236.1344061329,1489236.1344,6.132759153842926e-06,4.118056909969996e-12,1,1489236.1344061291,1,primal+dual,1,,1,0.010319948196411133,0.3077048110000078,480,120.0,1,fe8a61c,cloud container (docker); Intel(R) Xeon(R) Processor @ 2.10GHz; 4 cores; 16 GiB RAM; Linux-x86_64,2026-09-30T03:33:48+00:00
netlib,ship12s,43bacbc026b0b5588ed9bec06b11fadfbff8beb19b4e84881370a57cc6540e5d,1151,2763,scip,10.0.2,optimal,optimal,1489236.1344061291,1489236.1344061329,1489236.1344,6.132759153842926e-06,4.118056909969996e-12,1,1489236.1344061291,1,primal-only,1,,1,0.031872,0.1628557039999805,658,120.0,1,fe8a61c,cloud container (docker); Intel(R) Xeon(R) Processor @ 2.10GHz; 4 cores; 16 GiB RAM; Linux-x86_64,2026-09-30T03:33:48+00:00
netlib,ship12s,43bacbc026b0b5588ed9bec06b11fadfbff8beb19b4e84881370a57cc6540e5d,1151,2763,cbc-clp,1.17.9,optimal,Optimal,1489236.1344061326,1489236.1344061326,1489236.1344,6.132526323199272e-06,4.1179005676423585e-12,1,1489236.1344061291,1,primal+dual,1,,1,0.013792271999932382,0.013792271999932382,550,120.0,1,fe8a61c,cloud container (docker); Intel(R) Xeon(R) Processor @ 2.10GHz; 4 cores; 16 GiB RAM; Linux-x86_64,2026-09-30T03:33:48+00:00
netlib,ship12s,43bacbc026b0b5588ed9bec06b11fadfbff8beb19b4e84881370a57cc6540e5d,1151,2763,glpk,5.0,optimal,3923 lines were written,1489236.13440613,1489236.1344061326,1489236.1344,6.132526323199272e-06,4.1179005676423585e-12,1,1489236.1344061291,1,primal+dual,1,,1,0.0,0.025508945000069616,382,120.0,1,fe8a61c,cloud container (docker); Intel(R) Xeon(R) Processor @ 2.10GHz; 4 cores; 16 GiB RAM; Linux-x86_64,2026-09-30T03:33:48+00:00
netlib,sierra,dbabb4bb56b9de7efbca7df842922c7c1ef620bcbee2aeb28f4bf3c5a3868cc9,1227,2036,sankhya,fe8a61c,optimal,,15394362.183631925,15394362.183631925,15394362.184,0.0003680754452943802,2.3909756110385417e-11,1,15394362.18363193,1,primal+dual,1,,1,0.016722917,0.026277171000060662,550,120.0,1,fe8a61c,cloud container (docker); Intel(R) Xeon(R) Processor @ 2.10GHz; 4 cores; 16 GiB RAM; Linux-x86_64,2026-09-30T03:33:49+00:00
netlib,sierra,dbabb4bb56b9de7efbca7df842922c7c1ef620bcbee2aeb28f4bf3c5a3868cc9,1227,2036,highs,1.15.1,optimal,optimal,15394362.183631929,15394362.183631929,15394362.184,0.0003680717200040817,2.390951411982719e-11,1,15394362.18363193,1,primal+dual,1,,1,0.01294565200805664,0.22583964300008574,352,120.0,1,fe8a61c,cloud container (docker); Intel(R) Xeon(R) Processor @ 2.10GHz; 4 cores; 16 GiB RAM; Linux-x86_64,2026-09-30T03:33:49+00:00
netlib,sierra,dbabb4bb56b9de7efbca7df842922c7c1ef620bcbee2aeb28f4bf3c5a3868cc9,1227,2036,scip,10.0.2,optimal,optimal,15394362.18363193,15394362.183631923,15394362.184,0.0003680773079395294,2.390987710566453e-11,1,15394362.18363193,1,primal-only,1,,1,0.069255,0.20686446700005945,432,120.0,1,fe8a61c,cloud container (docker); Intel(R) Xeon(R) Processor @ 2.10GHz; 4 cores; 16 GiB RAM; Linux-x86_64,2026-09-30T03:33:49+00:00
netlib,sierra,dbabb4bb56b9de7efbca7df842922c7c1ef620bcbee2aeb28f4bf3c5a3868cc9,1227,2036,cbc-clp,1.17.9,optimal,Optimal,15394362.183631927,15394362.183631927,15394362.184,0.00036807358264923096,2.3909635115106303e-11,1,15394362.18363193,1,primal+dual,1,,1,0.020487608000053115,0.020487608000053115,428,120.0,1,fe8a61c,cloud container (docker); Intel(R) Xeon(R) Processor @ 2.10GHz; 4 cores; 16 GiB RAM; Linux-x86_64,2026-09-30T03:33:49+00:00
netlib,sierra,dbabb4bb56b9de7efbca7df842922c7c1ef620bcbee2aeb28f4bf3c5a3868cc9,1227,2036,glpk,5.0,optimal,3272 lines were written,15394362.1836319,15394362.183631929,15394362.184,0.0003680717200040817,2.390951411982719e-11,1,15394362.18363193,1,primal+dual,1,,1,0.0,0.05097218299999895,1006,120.0,1,fe8a61c,cloud container (docker); Intel(R) Xeon(R) Processor @ 2.10GHz; 4 cores; 16 GiB RAM; Linux-x86_64,2026-09-30T03:33:49+00:00
netlib,stair,30a16ec0d02cf6c490495340d2a718f533d8e5d88f839693eb4bc06671bd8649,356,467,sankhya,fe8a61c,optimal,,-251.2669511929633,-251.2669511929633,-251.26695119,2.9633042686327826e-09,1.17934501716146e-11,1,-251.2669511929633,1,primal+dual,1,,1,0.011323185,0.016318382999997993,445,120.0,1,fe8a61c,cloud container (docker); Intel(R) Xeon(R) Processor @ 2.10GHz; 4 cores; 16 GiB RAM; Linux-x86_64,2026-09-30T03:33:50+00:00
netlib,stair,30a16ec0d02cf6c490495340d2a718f533d8e5d88f839693eb4bc06671bd8649,356,467,highs,1.15.1,optimal,optimal,-251.26695119296335,-251.26695119296335,-251.26695119,2.9633611120516434e-09,1.1793676398814761e-11,1,-251.2669511929633,1,primal+dual,1,,1,0.01148366928100586,0.12081668400003309,291,120.0,1,fe8a61c,cloud container (docker); Intel(R) Xeon(R) Processor @ 2.10GHz; 4 cores; 16 GiB RAM; Linux-x86_64,2026-09-30T03:33:50+00:00
netlib,stair,30a16ec0d02cf6c490495340d2a718f533d8e5d88f839693eb4bc06671bd8649,356,467,scip,10.0.2,optimal,optimal,-251.2669511929633,-251.26695119296332,-251.26695119,2.963332690342213e-09,1.179356328521468e-11,1,-251.2669511929633,1,primal-only,1,,1,0.042946,0.16863309300003948,536,120.0,1,fe8a61c,cloud container (docker); Intel(R) Xeon(R) Processor @ 2.10GHz; 4 cores; 16 GiB RAM; Linux-x86_64,2026-09-30T03:33:50+00:00
netlib,stair,30a16ec0d02cf6c490495340d2a718f533d8e5d88f839693eb4bc06671bd8649,356,467,cbc-clp,1.17.9,optimal,Optimal,-251.26695119295297,-251.26695119295297,-251.26695119,2.952987188109546e-09,1.1752389934785303e-11,1,-251.2669511929633,1,primal+dual,1,,1,0.01226435399996717,0.01226435399996717,317,120.0,1,fe8a61c,cloud container (docker); Intel(R) Xeon(R) Processor @ 2.10GHz; 4 cores; 16 GiB RAM; Linux-x86_64,2026-09-30T03:33:50+00:00
netlib,stair,30a16ec0d02cf6c490495340d2a718f533d8e5d88f839693eb4bc06671bd8649,356,467,glpk,5.0,optimal,832 lines were written,-251.266951192963,-251.266951192963,-251.26695119,2.9630200515384786e-09,1.1792319035613793e-11,1,-251.2669511929633,1,primal+dual,1,,1,0.0,0.03589181600000302,434,120.0,1,fe8a61c,cloud container (docker); Intel(R) Xeon(R) Processor @ 2.10GHz; 4 cores; 16 GiB RAM; Linux-x86_64,2026-09-30T03:33:50+00:00
netlib,standata,a513e8587cb8d72ac1f6fb07b33642a212f55646fb2c04521cdfd04b959c6fb1,359,1075,sankhya,fe8a61c,optimal,,1257.6995000000002,1257.6995000000002,1257.6995,2.2737367544323206e-13,1.8078537476021266e-16,1,1257.6995,1,primal+dual,1,,1,0.002088778,0.009455213000023832,51,120.0,1,fe8a61c,cloud container (docker); Intel(R) Xeon(R) Processor @ 2.10GHz; 4 cores; 16 GiB RAM; Linux-x86_64,2026-09-30T03:33:51+00:00
netlib,standata,a513e8587cb8d72ac1f6fb07b33642a212f55646fb2c04521cdfd04b959c6fb1,359,1075,highs,1.15.1,optimal,optimal,1257.6995,1257.6995,1257.6995,0.0,0.0,1,1257.6995,1,primal+dual,1,,1,0.004087686538696289,0.14178847699997732,34,120.0,1,fe8a61c,cloud container (docker); Intel(R) Xeon(R) Processor @ 2.10GHz; 4 cores; 16 GiB RAM; Linux-x86_64,2026-09-30T03:33:51+00:00
netlib,standata,a513e8587cb8d72ac1f6fb07b33642a212f55646fb2c04521cdfd04b959c6fb1,359,1075,scip,10.0.2,optimal,optimal,1257.6995000000002,1257.6995,1257.6995,0.0,0.0,1,1257.6995,1,primal-only,1,,1,0.015704,0.19727820500008875,109,120.0,1,fe8a61c,cloud container (docker); Intel(R) Xeon(R) Processor @ 2.10GHz; 4 cores; 16 GiB RAM; Linux-x86_64,2026-09-30T03:33:51+00:00
netlib,standata,a513e8587cb8d72ac1f6fb07b33642a212f55646fb2c04521cdfd04b959c6fb1,359,1075,cbc-clp,1.17.9,optimal,Optimal,1257.6995,1257.6995,1257.6995,0.0,0.0,1,1257.6995,1,primal+dual,1,,1,0.007351034999942385,0.007351034999942385,30,120.0,1,fe8a61c,cloud container (docker); Intel(R) Xeon(R) Processor @ 2.10GHz; 4 cores; 16 GiB RAM; Linux-x86_64,2026-09-30T03:33:51+00:00
netlib,standata,a513e8587cb8d72ac1f6fb07b33642a212f55646fb2c04521cdfd04b959c6fb1,359,1075,glpk,5.0,optimal,1443 lines were written,1257.6995,1257.6995,1257.6995,0.0,0.0,1,1257.6995,1,primal+dual,1,,1,0.0,0.013204523000013069,128,120.0,1,fe8a61c,cloud container (docker); Intel(R) Xeon(R) Processor @ 2.10GHz; 4 cores; 16 GiB RAM; Linux-x86_64,2026-09-30T03:33:51+00:00
netlib,standmps,93bd6bc6251b7fee0f943e1c69a7b7e836b4b34e4c011c1a871be66a1cb7e00d,467,1075,sankhya,fe8a61c,optimal,,1406.0175000000002,1406.0175000000002,1406.0175,2.2737367544323206e-13,1.617146838095771e-16,1,1406.0175,1,primal+dual,1,,1,0.003809871,0.00984370100002252,197,120.0,1,fe8a61c,cloud container (docker); Intel(R) Xeon(R) Processor @ 2.10GHz; 4 cores; 16 GiB RAM; Linux-x86_64,2026-09-30T03:33:52+00:00
netlib,standmps,93bd6bc6251b7fee0f943e1c69a7b7e836b4b34e4c011c1a871be66a1cb7e00d,467,1075,highs,1.15.1,optimal,optimal,1406.0175,1406.0175,1406.0175,0.0,0.0,1,1406.0175,1,primal+dual,1,,1,0.0045278072357177734,0.13800722600001336,163,120.0,1,fe8a61c,cloud container (docker); Intel(R) Xeon(R) Processor @ 2.10GHz; 4 cores; 16 GiB RAM; Linux-x86_64,2026-09-30T03:33:52+00:00
netlib,standmps,93bd6bc6251b7fee0f943e1c69a7b7e836b4b34e4c011c1a871be66a1cb7e00d,467,1075,scip,10.0.2,optimal,optimal,1406.0175000000002,1406.0175,1406.0175,0.0,0.0,1,1406.0175,1,primal-only,1,,1,0.016902,0.1444151429999465,218,120.0,1,fe8a61c,cloud container (docker); Intel(R) Xeon(R) Processor @ 2.10GHz; 4 cores; 16 GiB RAM; Linux-x86_64,2026-09-30T03:33:52+00:00
netlib,standmps,93bd6bc6251b7fee0f943e1c69a7b7e836b4b34e4c011c1a871be66a1cb7e00d,467,1075,cbc-clp,1.17.9,optimal,Optimal,1406.0174999999997,1406.0174999999997,1406.0175,2.2737367544323206e-13,1.617146838095771e-16,1,1406.0175,1,primal+dual,1,,1,0.008584125999959724,0.008584125999959724,158,120.0,1,fe8a61c,cloud container (docker); Intel(R) Xeon(R) Processor @ 2.10GHz; 4 cores; 16 GiB RAM; Linux-x86_64,2026-09-30T03:33:52+00:00
netlib,standmps,93bd6bc6251b7fee0f943e1c69a7b7e836b4b34e4c011c1a871be66a1cb7e00d,467,1075,glpk,5.0,optimal,1551 lines were written,1406.0175,1406.0175,1406.0175,0.0,0.0,1,1406.0175,1,primal+dual,1,,1,0.0,0.01051148400006241,265,120.0,1,fe8a61c,cloud container (docker); Intel(R) Xeon(R) Processor @ 2.10GHz; 4 cores; 16 GiB RAM; Linux-x86_64,2026-09-30T03:33:52+00:00
netlib,stocfor1,98e1cb3940233e044e3d0e50869539087acdf8f0862916f777e553afc705ba90,117,111,sankhya,fe8a61c,optimal,,-41131.97621943643,-41131.97621943643,-41131.976219,4.3643376557156444e-07,1.0610571280306333e-11,1,-41131.97621943641,1,primal+dual,1,,1,0.001308962,0.004946538000012879,104,120.0,1,fe8a61c,cloud container (docker); Intel(R) Xeon(R) Processor @ 2.10GHz; 4 cores; 16 GiB RAM; Linux-x86_64,2026-09-30T03:33:52+00:00
netlib,stocfor1,98e1cb3940233e044e3d0e50869539087acdf8f0862916f777e553afc705ba90,117,111,highs,1.15.1,optimal,optimal,-41131.97621943641,-41131.97621943641,-41131.976219,4.364119376987219e-07,1.061004060138329e-11,1,-41131.97621943641,1,primal+dual,1,,1,0.001741647720336914,0.15962792699997408,53,120.0,1,fe8a61c,cloud container (docker); Intel(R) Xeon(R) Processor @ 2.10GHz; 4 cores; 16 GiB RAM; Linux-x86_64,2026-09-30T03:33:52+00:00
netlib,stocfor1,98e1cb3940233e044e3d0e50869539087acdf8f0862916f777e553afc705ba90,117,111,scip,10.0.2,optimal,optimal,-41131.976219436416,-41131.97621943641,-41131.976219,4.364119376987219e-07,1.061004060138329e-11,1,-41131.97621943641,1,primal-only,1,,1,0.0026869999999999997,0.10295978499993907,64,120.0,1,fe8a61c,cloud container (docker); Intel(R) Xeon(R) Processor @ 2.10GHz; 4 cores; 16 GiB RAM; Linux-x86_64,2026-09-30T03:33:52+00:00
netlib,stocfor1,98e1cb3940233e044e3d0e50869539087acdf8f0862916f777e553afc705ba90,117,111,cbc-clp,1.17.9,optimal,Optimal,-41131.97621943641,-41131.97621943641,-41131.976219,4.364119376987219e-07,1.061004060138329e-11,1,-41131.97621943641,1,primal+dual,1,,1,0.006473647000007077,0.006473647000007077,60,120.0,1,fe8a61c,cloud container (docker); Intel(R) Xeon(R) Processor @ 2.10GHz; 4 cores; 16 GiB RAM; Linux-x86_64,2026-09-30T03:33:52+00:00
netlib,stocfor1,98e1cb3940233e044e3d0e50869539087acdf8f0862916f777e553afc705ba90,117,111,glpk,5.0,optimal,237 lines were written,-41131.9762194367,-41131.976219436685,-41131.976219,4.3668842408806086e-07,1.0616762534408508e-11,1,-41131.97621943641,1,primal+dual,1,,1,0.0,0.003805134000003818,52,120.0,1,fe8a61c,cloud container (docker); Intel(R) Xeon(R) Processor @ 2.10GHz; 4 cores; 16 GiB RAM; Linux-x86_64,2026-09-30T03:33:52+00:00
netlib,stocfor2,d54988bc39e9c48d13c8a3248913e9b6b77c2f8e9b9f4c3e4c76b060f6096b50,2157,2031,sankhya,fe8a61c,optimal,,-39024.4085378821,-39024.4085378821,-39024.408538,1.1790689313784242e-07,3.021362720283912e-12,1,-39024.40853788203,1,primal+dual,1,,1,0.095077107,0.10547273999998197,1877,120.0,1,fe8a61c,cloud container (docker); Intel(R) Xeon(R) Processor @ 2.10GHz; 4 cores; 16 GiB RAM; Linux-x86_64,2026-09-30T03:33:53+00:00
netlib,stocfor2,d54988bc39e9c48d13c8a3248913e9b6b77c2f8e9b9f4c3e4c76b060f6096b50,2157,2031,highs,1.15.1,optimal,optimal,-39024.408537882104,-39024.408537882104,-39024.408538,1.1789961718022823e-07,3.021176273957452e-12,1,-39024.40853788203,1,primal+dual,1,,1,0.029110193252563477,0.39020633600000565,821,120.0,1,fe8a61c,cloud container (docker); Intel(R) Xeon(R) Processor @ 2.10GHz; 4 cores; 16 GiB RAM; Linux-x86_64,2026-09-30T03:33:53+00:00
netlib,stocfor2,d54988bc39e9c48d13c8a3248913e9b6b77c2f8e9b9f4c3e4c76b060f6096b50,2157,2031,scip,10.0.2,optimal,optimal,-39024.40853788204,-39024.40853788211,-39024.408538,1.1789234122261405e-07,3.020989827630992e-12,1,-39024.40853788203,1,primal-only,1,,1,0.09111,0.23655082299990227,1590,120.0,1,fe8a61c,cloud container (docker); Intel(R) Xeon(R) Processor @ 2.10GHz; 4 cores; 16 GiB RAM; Linux-x86_64,2026-09-30T03:33:53+00:00
netlib,stocfor2,d54988bc39e9c48d13c8a3248913e9b6b77c2f8e9b9f4c3e4c76b060f6096b50,2157,2031,cbc-clp,1.17.9,optimal,Optimal,-39024.408537882104,-39024.408537882104,-39024.408538,1.1789961718022823e-07,3.021176273957452e-12,1,-39024.40853788203,1,primal+dual,1,,1,0.022019741999997677,0.022019741999997677,843,120.0,1,fe8a61c,cloud container (docker); Intel(R) Xeon(R) Processor @ 2.10GHz; 4 cores; 16 GiB RAM; Linux-x86_64,2026-09-30T03:33:53+00:00
netlib,stocfor2,d54988bc39e9c48d13c8a3248913e9b6b77c2f8e9b9f4c3e4c76b060f6096b50,2157,2031,glpk,5.0,optimal,4197 lines were written,-39024.4085378821,-39024.40853788209,-39024.408538,1.179141690954566e-07,3.021549166610372e-12,1,-39024.40853788203,1,primal+dual,1,,1,0.1,0.06997709899997062,880,120.0,1,fe8a61c,cloud container (docker); Intel(R) Xeon(R) Processor @ 2.10GHz; 4 cores; 16 GiB RAM; Linux-x86_64,2026-09-30T03:33:53+00:00
netlib,stocfor3,be37b15c7a6f0751476f4a940af74c9fb2876fdc0887b5c820c49277db0e20b1,16675,15695,sankhya,fe8a61c,optimal,,-39976.78394364947,-39976.78394364947,-39976.661576,0.1223676494701067,3.0609771963442328e-06,0,-39976.783943649585,1,primal+dual,1,,1,5.721668621,5.792040440000051,14487,120.0,1,fe8a61c,cloud container (docker); Intel(R) Xeon(R) Processor @ 2.10GHz; 4 cores; 16 GiB RAM; Linux-x86_64,2026-09-30T03:33:54+00:00
netlib,stocfor3,be37b15c7a6f0751476f4a940af74c9fb2876fdc0887b5c820c49277db0e20b1,16675,15695,highs,1.15.1,optimal,optimal,-39976.78394364945,-39976.78394364945,-39976.661576,0.12236764944827883,3.0609771957982176e-06,0,-39976.783943649585,1,primal+dual,1,,1,0.3357665538787842,10.566260852999903,6404,120.0,1,fe8a61c,cloud container (docker); Intel(R) Xeon(R) Processor @ 2.10GHz; 4 cores; 16 GiB RAM; Linux-x86_64,2026-09-30T03:33:54+00:00
netlib,stocfor3,be37b15c7a6f0751476f4a940af74c9fb2876fdc0887b5c820c49277db0e20b1,16675,15695,scip,10.0.2,optimal,optimal,-39976.7839436496,-39976.78394364945,-39976.661576,0.12236764944827883,3.0609771957982176e-06,0,-39976.783943649585,1,primal-only,1,,1,2.244586,2.673167297999953,12491,120.0,1,fe8a61c,cloud container (docker); Intel(R) Xeon(R) Processor @ 2.10GHz; 4 cores; 16 GiB RAM; Linux-x86_64,2026-09-30T03:33:54+00:00
netlib,stocfor3,be37b15c7a6f0751476f4a940af74c9fb2876fdc0887b5c820c49277db0e20b1,16675,15695,cbc-clp,1.17.9,optimal,Optimal,-39976.78394364941,-39976.78394364941,-39976.661576,0.12236764941189904,3.060977194888192e-06,0,-39976.783943649585,1,primal+dual,1,,1,0.5214772479999965,0.5214772479999965,7050,120.0,1,fe8a61c,cloud container (docker); Intel(R) Xeon(R) Processor @ 2.10GHz; 4 cores; 16 GiB RAM; Linux-x86_64,2026-09-30T03:33:54+00:00
netlib,stocfor3,be37b15c7a6f0751476f4a940af74c9fb2876fdc0887b5c820c49277db0e20b1,16675,15695,glpk,5.0,optimal,32379 lines were written,-39976.7839436494,-39976.78394364943,-39976.661576,0.12236764943372691,3.0609771954342073e-06,0,-39976.783943649585,1,primal+dual,1,,1,3.4,3.5254946119999886,7549,120.0,1,fe8a61c,cloud container (docker); Intel(R) Xeon(R) Processor @ 2.10GHz; 4 cores; 16 GiB RAM; Linux-x86_64,2026-09-30T03:33:54+00:00
netlib,truss,fcabea737e4cdd5cf70e70918632f6be7a7c93a4941c176bc2d5e1fd75170547,1000,8806,sankhya,fe8a61c,optimal,,458815.84718561673,458815.84718561673,458815.84719,4.38326969742775e-06,9.55344006592823e-12,1,458815.84718561673,1,primal+dual,1,,1,1.893120475,1.9461699500000122,14279,120.0,1,fe8a61c,cloud container (docker); Intel(R) Xeon(R) Processor @ 2.10GHz; 4 cores; 16 GiB RAM; Linux-x86_64,2026-09-30T03:34:20+00:00
netlib,truss,fcabea737e4cdd5cf70e70918632f6be7a7c93a4941c176bc2d5e1fd75170547,1000,8806,highs,1.15.1,optimal,optimal,458815.84718561685,458815.84718561685,458815.84719,4.383153282105923e-06,9.553186335978534e-12,1,458815.84718561673,1,primal+dual,1,,1,2.953345775604248,4.376709623000011,19206,120.0,1,fe8a61c,cloud container (docker); Intel(R) Xeon(R) Processor @ 2.10GHz; 4 cores; 16 GiB RAM; Linux-x86_64,2026-09-30T03:34:20+00:00
netlib,truss,fcabea737e4cdd5cf70e70918632f6be7a7c93a4941c176bc2d5e1fd75170547,1000,8806,scip,10.0.2,optimal,optimal,458815.84718561714,458815.8471856171,458815.84719,4.382920451462269e-06,9.552678876079143e-12,1,458815.84718561673,1,primal-only,1,,1,1.860331,2.0630814820000296,15131,120.0,1,fe8a61c,cloud container (docker); Intel(R) Xeon(R) Processor @ 2.10GHz; 4 cores; 16 GiB RAM; Linux-x86_64,2026-09-30T03:34:20+00:00
netlib,truss,fcabea737e4cdd5cf70e70918632f6be7a7c93a4941c176bc2d5e1fd75170547,1000,8806,cbc-clp,1.17.9,optimal,Optimal,458815.8471856167,458815.8471856167,458815.84719,4.383327905088663e-06,9.553566930903076e-12,1,458815.84718561673,1,primal+dual,1,,1,1.9141713169999548,1.9141713169999548,17109,120.0,1,fe8a61c,cloud container (docker); Intel(R) Xeon(R) Processor @ 2.10GHz; 4 cores; 16 GiB RAM; Linux-x86_64,2026-09-30T03:34:20+00:00
netlib,truss,fcabea737e4cdd5cf70e70918632f6be7a7c93a4941c176bc2d5e1fd75170547,1000,8806,glpk,5.0,optimal,9815 lines were written,458815.847185617,458815.8471856169,458815.84719,4.383095074445009e-06,9.553059471003685e-12,1,458815.84718561673,1,primal+dual,1,,1,0.6,0.6455981219999103,4273,120.0,1,fe8a61c,cloud container (docker); Intel(R) Xeon(R) Processor @ 2.10GHz; 4 cores; 16 GiB RAM; Linux-x86_64,2026-09-30T03:34:20+00:00
netlib,tuff,768782d2ab2d7d044061f56ba54ddd53cf5ea0666a965edd33d48803098e15e2,333,587,sankhya,fe8a61c,optimal,,0.29214776509361284,0.29214776509361284,0.29214776509,3.612832255583953e-12,3.612832255583953e-12,1,0.29214776509361284,1,primal+dual,1,,1,0.00378365,0.009057067999947321,242,120.0,1,fe8a61c,cloud container (docker); Intel(R) Xeon(R) Processor @ 2.10GHz; 4 cores; 16 GiB RAM; Linux-x86_64,2026-09-30T03:34:32+00:00
netlib,tuff,768782d2ab2d7d044061f56ba54ddd53cf5ea0666a965edd33d48803098e15e2,333,587,highs,1.15.1,optimal,optimal,0.292147765093613,0.292147765093613,0.29214776509,3.612998789037647e-12,3.612998789037647e-12,1,0.29214776509361284,1,primal+dual,1,,1,0.005878448486328125,0.12852878099999998,152,120.0,1,fe8a61c,cloud container (docker); Intel(R) Xeon(R) Processor @ 2.10GHz; 4 cores; 16 GiB RAM; Linux-x86_64,2026-09-30T03:34:32+00:00
netlib,tuff,768782d2ab2d7d044061f56ba54ddd53cf5ea0666a965edd33d48803098e15e2,333,587,scip,10.0.2,optimal,optimal,0.2921477650936128,0.29214776509361273,0.29214776509,3.6127212332814906e-12,3.6127212332814906e-12,1,0.29214776509361284,1,primal-only,1,,1,0.025418999999999997,0.13718124999991232,176,120.0,1,fe8a61c,cloud container (docker); Intel(R) Xeon(R) Processor @ 2.10GHz; 4 cores; 16 GiB RAM; Linux-x86_64,2026-09-30T03:34:32+00:00
netlib,tuff,768782d2ab2d7d044061f56ba54ddd53cf5ea0666a965edd33d48803098e15e2,333,587,cbc-clp,1.17.9,optimal,Optimal,0.2921477650936103,0.2921477650936103,0.29214776509,3.6102787426273153e-12,3.6102787426273153e-12,1,0.29214776509361284,1,primal+dual,1,,1,0.013352729999951407,0.013352729999951407,150,120.0,1,fe8a61c,cloud container (docker); Intel(R) Xeon(R) Processor @ 2.10GHz; 4 cores; 16 GiB RAM; Linux-x86_64,2026-09-30T03:34:32+00:00
netlib,tuff,768782d2ab2d7d044061f56ba54ddd53cf5ea0666a965edd33d48803098e15e2,333,587,glpk,5.0,optimal,929 lines were written,0.292147765093613,0.2921477650936134,0.29214776509,3.6133873670962657e-12,3.6133873670962657e-12,1,0.29214776509361284,1,primal+dual,1,,1,0.0,0.012012662999950408,74,120.0,1,fe8a61c,cloud container (docker); Intel(R) Xeon(R) Processor @ 2.10GHz; 4 cores; 16 GiB RAM; Linux-x86_64,2026-09-30T03:34:32+00:00
netlib,vtp.base,7c34b37d7714796bc0fe30d920f3ecf9866c018a018ee0349ceb85350581dc68,198,203,sankhya,fe8a61c,optimal,,129831.46246136139,129831.46246136139,129831.46246,1.3613898772746325e-06,1.0485824094402891e-11,1,129831.46246136137,1,primal+dual,1,,1,0.001801619,0.005465506000064124,162,120.0,1,fe8a61c,cloud container (docker); Intel(R) Xeon(R) Processor @ 2.10GHz; 4 cores; 16 GiB RAM; Linux-x86_64,2026-09-30T03:34:32+00:00
netlib,vtp.base,7c34b37d7714796bc0fe30d920f3ecf9866c018a018ee0349ceb85350581dc68,198,203,highs,1.15.1,optimal,optimal,129831.46246136137,129831.46246136137,129831.46246,1.361375325359404e-06,1.0485712011284111e-11,1,129831.46246136137,1,primal+dual,1,,1,0.0011157989501953125,0.10428260099990894,20,120.0,1,fe8a61c,cloud container (docker); Intel(R) Xeon(R) Processor @ 2.10GHz; 4 cores; 16 GiB RAM; Linux-x86_64,2026-09-30T03:34:32+00:00
netlib,vtp.base,7c34b37d7714796bc0fe30d920f3ecf9866c018a018ee0349ceb85350581dc68,198,203,scip,10.0.2,optimal,optimal,129831.46246136137,129831.46246136136,129831.46246,1.3613607734441757e-06,1.048559992816533e-11,1,129831.46246136137,1,primal-only,1,,1,0.003127,0.10887358399997993,25,120.0,1,fe8a61c,cloud container (docker); Intel(R) Xeon(R) Processor @ 2.10GHz; 4 cores; 16 GiB RAM; Linux-x86_64,2026-09-30T03:34:32+00:00
netlib,vtp.base,7c34b37d7714796bc0fe30d920f3ecf9866c018a018ee0349ceb85350581dc68,198,203,cbc-clp,1.17.9,optimal,Optimal,129831.46246136136,129831.46246136136,129831.46246,1.3613607734441757e-06,1.048559992816533e-11,1,129831.46246136137,1,primal+dual,1,,1,0.0058264990000225225,0.0058264990000225225,36,120.0,1,fe8a61c,cloud container (docker); Intel(R) Xeon(R) Processor @ 2.10GHz; 4 cores; 16 GiB RAM; Linux-x86_64,2026-09-30T03:34:32+00:00
netlib,vtp.base,7c34b37d7714796bc0fe30d920f3ecf9866c018a018ee0349ceb85350581dc68,198,203,glpk,5.0,optimal,410 lines were written,129831.462461361,129831.46246136136,129831.46246,1.3613607734441757e-06,1.048559992816533e-11,1,129831.46246136137,1,primal+dual,1,,1,0.0,0.005149252000023807,68,120.0,1,fe8a61c,cloud container (docker); Intel(R) Xeon(R) Processor @ 2.10GHz; 4 cores; 16 GiB RAM; Linux-x86_64,2026-09-30T03:34:32+00:00
netlib,wood1p,af3cac48f0727f1d9e1f1ecfa6de30168678800b39e38a808b5df90a48d61330,244,2594,sankhya,fe8a61c,optimal,,1.4429024115734101,1.4429024115734101,1.4429024116,2.65898414397725e-11,1.8428024810276435e-11,1,1.4429024115734093,1,primal+dual,1,,1,0.016857753,0.05428538900002877,219,120.0,1,fe8a61c,cloud container (docker); Intel(R) Xeon(R) Processor @ 2.10GHz; 4 cores; 16 GiB RAM; Linux-x86_64,2026-09-30T03:34:33+00:00
netlib,wood1p,af3cac48f0727f1d9e1f1ecfa6de30168678800b39e38a808b5df90a48d61330,244,2594,highs,1.15.1,optimal,optimal,1.442902411573409,1.442902411573409,1.4429024116,2.6590951662797124e-11,1.8428794247638033e-11,1,1.4429024115734093,1,primal+dual,1,,1,0.062015533447265625,0.33440910100000565,138,120.0,1,fe8a61c,cloud container (docker); Intel(R) Xeon(R) Processor @ 2.10GHz; 4 cores; 16 GiB RAM; Linux-x86_64,2026-09-30T03:34:33+00:00
netlib,wood1p,af3cac48f0727f1d9e1f1ecfa6de30168678800b39e38a808b5df90a48d61330,244,2594,scip,10.0.2,optimal,optimal,1.4429024115734095,1.4429024115734093,1.4429024116,2.65907296181922e-11,1.8428640360165714e-11,1,1.4429024115734093,1,primal-only,1,,1,0.175639,0.3277639639999279,171,120.0,1,fe8a61c,cloud container (docker); Intel(R) Xeon(R) Processor @ 2.10GHz; 4 cores; 16 GiB RAM; Linux-x86_64,2026-09-30T03:34:33+00:00
netlib,wood1p,af3cac48f0727f1d9e1f1ecfa6de30168678800b39e38a808b5df90a48d61330,244,2594,cbc-clp,1.17.9,optimal,Optimal,1.4429024115734088,1.4429024115734088,1.4429024116,2.659117370740205e-11,1.842894813511035e-11,1,1.4429024115734093,1,primal+dual,1,,1,0.03901177099999131,0.03901177099999131,127,120.0,1,fe8a61c,cloud container (docker); Intel(R) Xeon(R) Processor @ 2.10GHz; 4 cores; 16 GiB RAM; Linux-x86_64,2026-09-30T03:34:33+00:00
netlib,wood1p,af3cac48f0727f1d9e1f1ecfa6de30168678800b39e38a808b5df90a48d61330,244,2594,glpk,5.0,optimal,2847 lines were written,1.44290241157341,1.44290241157341,1.4429024116,2.6590063484377424e-11,1.8428178697748754e-11,1,1.4429024115734093,1,primal+dual,1,,1,0.1,0.1881495630000245,316,120.0,1,fe8a61c,cloud container (docker); Intel(R) Xeon(R) Processor @ 2.10GHz; 4 cores; 16 GiB RAM; Linux-x86_64,2026-09-30T03:34:33+00:00
netlib,woodw,01450b5407d3bb282595e2874e78c26dd7cdde87d70d663065e58bd3e6c288b0,1098,8405,sankhya,fe8a61c,optimal,,1.3044763330842293,1.3044763330842293,1.3044763331,1.577071806480035e-11,1.2089692748447418e-11,1,1.3044763330842293,1,primal+dual,1,,1,0.224452299,0.26024592300007043,2495,120.0,1,fe8a61c,cloud container (docker); Intel(R) Xeon(R) Processor @ 2.10GHz; 4 cores; 16 GiB RAM; Linux-x86_64,2026-09-30T03:34:35+00:00
netlib,woodw,01450b5407d3bb282595e2874e78c26dd7cdde87d70d663065e58bd3e6c288b0,1098,8405,highs,1.15.1,optimal,optimal,1.3044763330842293,1.3044763330842293,1.3044763331,1.577071806480035e-11,1.2089692748447418e-11,1,1.3044763330842293,1,primal+dual,1,,1,0.07582426071166992,1.3099448110000367,793,120.0,1,fe8a61c,cloud container (docker); Intel(R) Xeon(R) Processor @ 2.10GHz; 4 cores; 16 GiB RAM; Linux-x86_64,2026-09-30T03:34:35+00:00
netlib,woodw,01450b5407d3bb282595e2874e78c26dd7cdde87d70d663065e58bd3e6c288b0,1098,8405,scip,10.0.2,optimal,optimal,1.3044763330842293,1.3044763330842293,1.3044763331,1.577071806480035e-11,1.2089692748447418e-11,1,1.3044763330842293,1,primal-only,1,,1,0.159158,0.3520708129999548,1130,120.0,1,fe8a61c,cloud container (docker); Intel(R) Xeon(R) Processor @ 2.10GHz; 4 cores; 16 GiB RAM; Linux-x86_64,2026-09-30T03:34:35+00:00
netlib,woodw,01450b5407d3bb282595e2874e78c26dd7cdde87d70d663065e58bd3e6c288b0,1098,8405,cbc-clp,1.17.9,optimal,Optimal,1.3044763330842293,1.3044763330842293,1.3044763331,1.577071806480035e-11,1.2089692748447418e-11,1,1.3044763330842293,1,primal+dual,1,,1,0.13453877500001,0.13453877500001,0,120.0,1,fe8a61c,cloud container (docker); Intel(R) Xeon(R) Processor @ 2.10GHz; 4 cores; 16 GiB RAM; Linux-x86_64,2026-09-30T03:34:35+00:00
netlib,woodw,01450b5407d3bb282595e2874e78c26dd7cdde87d70d663065e58bd3e6c288b0,1098,8405,glpk,5.0,optimal,9512 lines were written,1.30447633308423,1.304476333084227,1.3044763331,1.57729385108496e-11,1.2091394922716823e-11,1,1.3044763330842293,1,primal+dual,1,,1,0.1,0.10641825300001528,919,120.0,1,fe8a61c,cloud container (docker); Intel(R) Xeon(R) Processor @ 2.10GHz; 4 cores; 16 GiB RAM; Linux-x86_64,2026-09-30T03:34:35+00:00
