suite,instance,instance_sha256,rows,columns,solver,solver_version,status,message,objective,point_objective,reference_objective,absolute_gap,relative_gap,matches_reference,exact_objective,matches_exact,verification,independently_verified,verifier_message,counted_for_time,solver_seconds,wall_seconds,iterations,time_limit,threads,git_commit,machine,timestamp_utc
maros-meszaros,aug2d,02192b136ef5a1cbc3115c1c8ecf16a00047f8bdb7ead4233109796b3f4b34a9,10000,20200,sankhya,1860864,optimal,,1687411.7529757002,1687411.7529757004,1687411.8,0.047024299623444676,2.7867708180922212e-08,1,,,primal+dual,1,,1,0.078187914,0.17233089499995913,2,60.0,1,1860864,cloud container (docker); Intel(R) Xeon(R) Processor @ 2.10GHz; 4 cores; 16 GiB RAM; Linux-x86_64,2026-09-30T13:56:57+00:00
maros-meszaros,aug2d,02192b136ef5a1cbc3115c1c8ecf16a00047f8bdb7ead4233109796b3f4b34a9,10000,20200,highs,1.15.1,solve error,solve error,,,1687411.8,,,0,,,not-run,,,0,1.2895393371582031,1.5546342840000307,-1,60.0,1,1860864,cloud container (docker); Intel(R) Xeon(R) Processor @ 2.10GHz; 4 cores; 16 GiB RAM; Linux-x86_64,2026-09-30T13:56:57+00:00
maros-meszaros,aug2d,02192b136ef5a1cbc3115c1c8ecf16a00047f8bdb7ead4233109796b3f4b34a9,10000,20200,scip,,hung,no exit within 120 s,,,1687411.8,,,0,,,not-run,,,0,,120.27741238199997,,60.0,1,1860864,cloud container (docker); Intel(R) Xeon(R) Processor @ 2.10GHz; 4 cores; 16 GiB RAM; Linux-x86_64,2026-09-30T13:56:57+00:00
maros-meszaros,aug2d,02192b136ef5a1cbc3115c1c8ecf16a00047f8bdb7ead4233109796b3f4b34a9,10000,20200,cbc-clp,1.17.9,optimal,Optimal,1687411.7528967308,1687411.7528967492,1687411.8,0.0471032508648932,2.7914496547252542e-08,1,,,primal+dual,1,,1,0.3072959549999723,0.3072959549999723,20,60.0,1,1860864,cloud container (docker); Intel(R) Xeon(R) Processor @ 2.10GHz; 4 cores; 16 GiB RAM; Linux-x86_64,2026-09-30T13:56:57+00:00
maros-meszaros,aug2d,02192b136ef5a1cbc3115c1c8ecf16a00047f8bdb7ead4233109796b3f4b34a9,10000,20200,glpk,,unsupported,no quadratic objective in GLPK,,,1687411.8,,,0,,,unsupported,,,0,,,,60.0,1,1860864,cloud container (docker); Intel(R) Xeon(R) Processor @ 2.10GHz; 4 cores; 16 GiB RAM; Linux-x86_64,2026-09-30T13:56:57+00:00
maros-meszaros,aug2dc,04e9ead714afdc3b34ecec3b7c2d7860e7dc8b07c56b7c34b8bb7854f1ff047a,10000,20200,sankhya,1860864,optimal,,1818368.0656626818,1818368.0656626818,1818368.1,0.0343373182695359,1.8883590329997482e-08,1,,,primal+dual,1,,1,0.097092765,0.23338418200000888,2,60.0,1,1860864,cloud container (docker); Intel(R) Xeon(R) Processor @ 2.10GHz; 4 cores; 16 GiB RAM; Linux-x86_64,2026-09-30T13:59:01+00:00
maros-meszaros,aug2dc,04e9ead714afdc3b34ecec3b7c2d7860e7dc8b07c56b7c34b8bb7854f1ff047a,10000,20200,highs,1.15.1,solve error,solve error,,,1818368.1,,,0,,,not-run,,,0,0.7397382259368896,0.9761102669999673,-1,60.0,1,1860864,cloud container (docker); Intel(R) Xeon(R) Processor @ 2.10GHz; 4 cores; 16 GiB RAM; Linux-x86_64,2026-09-30T13:59:01+00:00
maros-meszaros,aug2dc,04e9ead714afdc3b34ecec3b7c2d7860e7dc8b07c56b7c34b8bb7854f1ff047a,10000,20200,scip,,hung,no exit within 120 s,,,1818368.1,,,0,,,not-run,,,0,,120.22258237300002,,60.0,1,1860864,cloud container (docker); Intel(R) Xeon(R) Processor @ 2.10GHz; 4 cores; 16 GiB RAM; Linux-x86_64,2026-09-30T13:59:01+00:00
maros-meszaros,aug2dc,04e9ead714afdc3b34ecec3b7c2d7860e7dc8b07c56b7c34b8bb7854f1ff047a,10000,20200,cbc-clp,1.17.9,optimal,Optimal,1818368.065570208,1818368.0655701968,1818368.1,0.03442980325780809,1.8934451862528873e-08,1,,,primal+dual,1,,1,0.23966573300003802,0.23966573300003802,22,60.0,1,1860864,cloud container (docker); Intel(R) Xeon(R) Processor @ 2.10GHz; 4 cores; 16 GiB RAM; Linux-x86_64,2026-09-30T13:59:01+00:00
maros-meszaros,aug2dc,04e9ead714afdc3b34ecec3b7c2d7860e7dc8b07c56b7c34b8bb7854f1ff047a,10000,20200,glpk,,unsupported,no quadratic objective in GLPK,,,1818368.1,,,0,,,unsupported,,,0,,,,60.0,1,1860864,cloud container (docker); Intel(R) Xeon(R) Processor @ 2.10GHz; 4 cores; 16 GiB RAM; Linux-x86_64,2026-09-30T13:59:01+00:00
maros-meszaros,aug2dcqp,46196205ae60e36a1ffb6ce90ea9f2372faedafb9da5f37da4be97dcae47c54f,10000,20200,sankhya,1860864,optimal,,6498134.739473294,6498134.739473294,6498134.8,0.06052670627832413,9.314473789974952e-09,1,,,primal+dual,1,,1,0.40648206,0.5709455340000318,16,60.0,1,1860864,cloud container (docker); Intel(R) Xeon(R) Processor @ 2.10GHz; 4 cores; 16 GiB RAM; Linux-x86_64,2026-09-30T15:05:08+00:00
maros-meszaros,aug2dcqp,46196205ae60e36a1ffb6ce90ea9f2372faedafb9da5f37da4be97dcae47c54f,10000,20200,highs,1.15.1,time_limit,time limit reached,,,6498134.8,,,0,,,not-run,,,0,60.03351807594299,60.42422313399999,15179,60.0,1,1860864,cloud container (docker); Intel(R) Xeon(R) Processor @ 2.10GHz; 4 cores; 16 GiB RAM; Linux-x86_64,2026-09-30T15:05:08+00:00
maros-meszaros,aug2dcqp,46196205ae60e36a1ffb6ce90ea9f2372faedafb9da5f37da4be97dcae47c54f,10000,20200,scip,,hung,no exit within 120 s,,,6498134.8,,,0,,,not-run,,,0,,120.21474153099996,,60.0,1,1860864,cloud container (docker); Intel(R) Xeon(R) Processor @ 2.10GHz; 4 cores; 16 GiB RAM; Linux-x86_64,2026-09-30T15:05:08+00:00
maros-meszaros,aug2dcqp,46196205ae60e36a1ffb6ce90ea9f2372faedafb9da5f37da4be97dcae47c54f,10000,20200,cbc-clp,1.17.9,optimal,Optimal,6498134.739473618,6498134.7394746095,6498134.8,0.060525390319526196,9.314271276663296e-09,1,,,primal+dual,0,[FAIL] complementary slackness     worst |multiplier| * slack = 1.583e-06 on C--19611,0,1.6254044799999292,1.6254044799999292,32,60.0,1,1860864,cloud container (docker); Intel(R) Xeon(R) Processor @ 2.10GHz; 4 cores; 16 GiB RAM; Linux-x86_64,2026-09-30T15:05:08+00:00
maros-meszaros,aug2dcqp,46196205ae60e36a1ffb6ce90ea9f2372faedafb9da5f37da4be97dcae47c54f,10000,20200,glpk,,unsupported,no quadratic objective in GLPK,,,6498134.8,,,0,,,unsupported,,,0,,,,60.0,1,1860864,cloud container (docker); Intel(R) Xeon(R) Processor @ 2.10GHz; 4 cores; 16 GiB RAM; Linux-x86_64,2026-09-30T15:05:08+00:00
maros-meszaros,aug2dqp,b197b11fcee4907481a21e886ced528145063dbbb061e116c88c17f9dad64c1b,10000,20200,sankhya,1860864,optimal,,6237012.025569532,6237012.025569531,6237012.1,0.07443046849220991,1.1933673896866405e-08,1,,,primal+dual,1,,1,0.41407664,0.5359731090000004,18,60.0,1,1860864,cloud container (docker); Intel(R) Xeon(R) Processor @ 2.10GHz; 4 cores; 16 GiB RAM; Linux-x86_64,2026-09-30T16:07:54+00:00
maros-meszaros,aug2dqp,b197b11fcee4907481a21e886ced528145063dbbb061e116c88c17f9dad64c1b,10000,20200,highs,1.15.1,time_limit,time limit reached,,,6237012.1,,,0,,,not-run,,,0,60.02130961418152,60.422811194000005,13435,60.0,1,1860864,cloud container (docker); Intel(R) Xeon(R) Processor @ 2.10GHz; 4 cores; 16 GiB RAM; Linux-x86_64,2026-09-30T16:07:54+00:00
maros-meszaros,aug2dqp,b197b11fcee4907481a21e886ced528145063dbbb061e116c88c17f9dad64c1b,10000,20200,scip,,hung,no exit within 120 s,,,6237012.1,,,0,,,not-run,,,0,,120.22903947,,60.0,1,1860864,cloud container (docker); Intel(R) Xeon(R) Processor @ 2.10GHz; 4 cores; 16 GiB RAM; Linux-x86_64,2026-09-30T16:07:54+00:00
maros-meszaros,aug2dqp,b197b11fcee4907481a21e886ced528145063dbbb061e116c88c17f9dad64c1b,10000,20200,cbc-clp,1.17.9,optimal,Optimal,6237012.025567489,6237012.025567918,6237012.1,0.07443208154290915,1.1933932522418732e-08,1,,,primal+dual,0,[FAIL] dual feasibility (columns)  worst 9.312e-07 (9.312e-07 relative) on C--19804; [FAIL] complementary slackness     worst |multiplier| * slack = 5.991e-05 on C--19804,0,0.40249853899999266,0.40249853899999266,38,60.0,1,1860864,cloud container (docker); Intel(R) Xeon(R) Processor @ 2.10GHz; 4 cores; 16 GiB RAM; Linux-x86_64,2026-09-30T16:07:54+00:00
maros-meszaros,aug2dqp,b197b11fcee4907481a21e886ced528145063dbbb061e116c88c17f9dad64c1b,10000,20200,glpk,,unsupported,no quadratic objective in GLPK,,,6237012.1,,,0,,,unsupported,,,0,,,,60.0,1,1860864,cloud container (docker); Intel(R) Xeon(R) Processor @ 2.10GHz; 4 cores; 16 GiB RAM; Linux-x86_64,2026-09-30T16:07:54+00:00
maros-meszaros,aug3d,76f244bf29b122513d1f4c97b892284d85f2ac95030e13cffd1cd26c582bf94e,1000,3873,sankhya,1860864,optimal,,554.067725792532,554.067725792529,554.06773,4.2074709654116305e-06,7.593784545820112e-09,1,,,primal+dual,1,,1,0.006830664,0.026875255999982528,2,60.0,1,1860864,cloud container (docker); Intel(R) Xeon(R) Processor @ 2.10GHz; 4 cores; 16 GiB RAM; Linux-x86_64,2026-09-30T16:10:58+00:00
maros-meszaros,aug3d,76f244bf29b122513d1f4c97b892284d85f2ac95030e13cffd1cd26c582bf94e,1000,3873,highs,1.15.1,optimal,optimal,554.0677257925397,554.0677257925215,554.06773,4.20747846874292e-06,7.59379808808378e-09,1,,,primal+dual,0,"[FAIL] dual feasibility (columns)  worst 2.006e-07 (2.006e-07 relative) on C---3696; [FAIL] strong duality              primal 5.540677257925e+02  dual 5.540682388161e+02  gap 5.130e-04 (relative 9.259e-07), 2.789e-04 of it from per-item violations accepted above",0,33.70301342010498,33.911157715,1,60.0,1,1860864,cloud container (docker); Intel(R) Xeon(R) Processor @ 2.10GHz; 4 cores; 16 GiB RAM; Linux-x86_64,2026-09-30T16:10:58+00:00
maros-meszaros,aug3d,76f244bf29b122513d1f4c97b892284d85f2ac95030e13cffd1cd26c582bf94e,1000,3873,scip,10.0.2,time_limit,timelimit,,,554.06773,,,0,,,not-run,,,0,60.001472,60.19854458599997,117534,60.0,1,1860864,cloud container (docker); Intel(R) Xeon(R) Processor @ 2.10GHz; 4 cores; 16 GiB RAM; Linux-x86_64,2026-09-30T16:10:58+00:00
maros-meszaros,aug3d,76f244bf29b122513d1f4c97b892284d85f2ac95030e13cffd1cd26c582bf94e,1000,3873,cbc-clp,1.17.9,optimal,Optimal,554.067725792529,554.0677257925295,554.06773,4.2074705106642796e-06,7.59378372507686e-09,1,,,primal+dual,1,,1,0.030650509999986753,0.030650509999986753,16,60.0,1,1860864,cloud container (docker); Intel(R) Xeon(R) Processor @ 2.10GHz; 4 cores; 16 GiB RAM; Linux-x86_64,2026-09-30T16:10:58+00:00
maros-meszaros,aug3d,76f244bf29b122513d1f4c97b892284d85f2ac95030e13cffd1cd26c582bf94e,1000,3873,glpk,,unsupported,no quadratic objective in GLPK,,,554.06773,,,0,,,unsupported,,,0,,,,60.0,1,1860864,cloud container (docker); Intel(R) Xeon(R) Processor @ 2.10GHz; 4 cores; 16 GiB RAM; Linux-x86_64,2026-09-30T16:10:58+00:00
maros-meszaros,aug3dc,b072c781ed91457d1384275247803fc1edd7a6ad15276885e258c80fce69a3bc,1000,3873,sankhya,1860864,optimal,,771.2624386889536,771.2624386889834,771.26244,1.311016603722237e-06,1.6998320360605622e-09,1,,,primal+dual,1,,1,0.020993799,0.053462682000031236,2,60.0,1,1860864,cloud container (docker); Intel(R) Xeon(R) Processor @ 2.10GHz; 4 cores; 16 GiB RAM; Linux-x86_64,2026-09-30T16:12:32+00:00
maros-meszaros,aug3dc,b072c781ed91457d1384275247803fc1edd7a6ad15276885e258c80fce69a3bc,1000,3873,highs,1.15.1,optimal,optimal,771.2624386889654,771.2624386889365,771.26244,1.3110634426993784e-06,1.699892766331754e-09,1,,,primal+dual,0,"[FAIL] dual feasibility (columns)  worst 1.828e-07 (1.828e-07 relative) on C---3697; [FAIL] strong duality              primal 7.712624386889e+02  dual 7.712628998921e+02  gap 4.612e-04 (relative 5.980e-07), 2.248e-04 of it from per-item violations accepted above",0,33.57857012748718,33.73965809800001,1,60.0,1,1860864,cloud container (docker); Intel(R) Xeon(R) Processor @ 2.10GHz; 4 cores; 16 GiB RAM; Linux-x86_64,2026-09-30T16:12:32+00:00
maros-meszaros,aug3dc,b072c781ed91457d1384275247803fc1edd7a6ad15276885e258c80fce69a3bc,1000,3873,scip,10.0.2,time_limit,timelimit,,,771.26244,,,0,,,not-run,,,0,60.001903,60.21844557700001,201697,60.0,1,1860864,cloud container (docker); Intel(R) Xeon(R) Processor @ 2.10GHz; 4 cores; 16 GiB RAM; Linux-x86_64,2026-09-30T16:12:32+00:00
maros-meszaros,aug3dc,b072c781ed91457d1384275247803fc1edd7a6ad15276885e258c80fce69a3bc,1000,3873,cbc-clp,1.17.9,optimal,Optimal,771.2624386889534,771.2624386889588,771.26244,1.311041160079185e-06,1.6998638752318665e-09,1,,,primal+dual,1,,1,0.03277512699997942,0.03277512699997942,16,60.0,1,1860864,cloud container (docker); Intel(R) Xeon(R) Processor @ 2.10GHz; 4 cores; 16 GiB RAM; Linux-x86_64,2026-09-30T16:12:32+00:00
maros-meszaros,aug3dc,b072c781ed91457d1384275247803fc1edd7a6ad15276885e258c80fce69a3bc,1000,3873,glpk,,unsupported,no quadratic objective in GLPK,,,771.26244,,,0,,,unsupported,,,0,,,,60.0,1,1860864,cloud container (docker); Intel(R) Xeon(R) Processor @ 2.10GHz; 4 cores; 16 GiB RAM; Linux-x86_64,2026-09-30T16:12:32+00:00
maros-meszaros,aug3dcqp,96a6134f1de6ab9ff6728eeae3afb712812edfa57ab116b96b5b36b564d0f5e3,1000,3873,sankhya,1860864,optimal,,993.3621466519617,993.3621466519548,993.36215,3.348045197526517e-06,3.37041752348478e-09,1,,,primal+dual,1,,1,0.04331626,0.05926956700000119,11,60.0,1,1860864,cloud container (docker); Intel(R) Xeon(R) Processor @ 2.10GHz; 4 cores; 16 GiB RAM; Linux-x86_64,2026-09-30T16:14:07+00:00
maros-meszaros,aug3dcqp,96a6134f1de6ab9ff6728eeae3afb712812edfa57ab116b96b5b36b564d0f5e3,1000,3873,highs,1.15.1,optimal,optimal,993.3621465250958,993.3621465251058,993.36215,3.4748942425721907e-06,3.4981141999140904e-09,1,,,primal+dual,0,"[FAIL] dual feasibility (columns)  worst 1.991e-07 (1.991e-07 relative) on C---3576; [FAIL] complementary slackness     worst |multiplier| * slack = 1.096e-06 on C---1105; [FAIL] strong duality              primal 9.933621465251e+02  dual 9.933627652838e+02  gap 6.188e-04 (relative 6.229e-07), 5.902",0,35.554728269577026,35.73531900300003,7735,60.0,1,1860864,cloud container (docker); Intel(R) Xeon(R) Processor @ 2.10GHz; 4 cores; 16 GiB RAM; Linux-x86_64,2026-09-30T16:14:07+00:00
maros-meszaros,aug3dcqp,96a6134f1de6ab9ff6728eeae3afb712812edfa57ab116b96b5b36b564d0f5e3,1000,3873,scip,10.0.2,optimal,optimal,993.3621381027519,993.3621381203188,993.36215,1.1879681210302806e-05,1.1959063681158785e-08,1,,,primal-only,1,,1,57.963307,58.24067740800001,160357,60.0,1,1860864,cloud container (docker); Intel(R) Xeon(R) Processor @ 2.10GHz; 4 cores; 16 GiB RAM; Linux-x86_64,2026-09-30T16:14:07+00:00
maros-meszaros,aug3dcqp,96a6134f1de6ab9ff6728eeae3afb712812edfa57ab116b96b5b36b564d0f5e3,1000,3873,cbc-clp,1.17.9,optimal,Optimal,993.362146528057,993.3621465382366,993.36215,3.461763412815344e-06,3.4848956272547166e-09,1,,,primal+dual,1,,1,0.0955269809999777,0.0955269809999777,34,60.0,1,1860864,cloud container (docker); Intel(R) Xeon(R) Processor @ 2.10GHz; 4 cores; 16 GiB RAM; Linux-x86_64,2026-09-30T16:14:07+00:00
maros-meszaros,aug3dcqp,96a6134f1de6ab9ff6728eeae3afb712812edfa57ab116b96b5b36b564d0f5e3,1000,3873,glpk,,unsupported,no quadratic objective in GLPK,,,993.36215,,,0,,,unsupported,,,0,,,,60.0,1,1860864,cloud container (docker); Intel(R) Xeon(R) Processor @ 2.10GHz; 4 cores; 16 GiB RAM; Linux-x86_64,2026-09-30T16:14:07+00:00
maros-meszaros,aug3dqp,1de556794b7d959bbe7ff26676c1447eea09ecb0c4431c6d06391f004bf6daed,1000,3873,sankhya,1860864,optimal,,675.2376714760542,675.2376714760358,675.23767,1.476035777159268e-06,2.185949988778422e-09,1,,,primal+dual,1,,1,0.050992732,0.06692490299997189,13,60.0,1,1860864,cloud container (docker); Intel(R) Xeon(R) Processor @ 2.10GHz; 4 cores; 16 GiB RAM; Linux-x86_64,2026-09-30T16:15:42+00:00
maros-meszaros,aug3dqp,1de556794b7d959bbe7ff26676c1447eea09ecb0c4431c6d06391f004bf6daed,1000,3873,highs,1.15.1,optimal,optimal,675.237671274926,675.2376712749178,675.23767,1.2749178495141678e-06,1.888102376625652e-09,1,,,primal+dual,0,[FAIL] dual feasibility (columns)  worst 7.805e-07 (7.550e-07 relative) on C---2179; [FAIL] complementary slackness     worst |multiplier| * slack = 3.160e-06 on C---1691,0,11.588611602783203,11.737255282999968,5431,60.0,1,1860864,cloud container (docker); Intel(R) Xeon(R) Processor @ 2.10GHz; 4 cores; 16 GiB RAM; Linux-x86_64,2026-09-30T16:15:42+00:00
maros-meszaros,aug3dqp,1de556794b7d959bbe7ff26676c1447eea09ecb0c4431c6d06391f004bf6daed,1000,3873,scip,10.0.2,optimal,optimal,675.2376665995876,675.237666616676,675.23767,3.3833239285741e-06,5.010567506658952e-09,1,,,primal-only,1,,1,27.841897,28.061053801999947,102184,60.0,1,1860864,cloud container (docker); Intel(R) Xeon(R) Processor @ 2.10GHz; 4 cores; 16 GiB RAM; Linux-x86_64,2026-09-30T16:15:42+00:00
maros-meszaros,aug3dqp,1de556794b7d959bbe7ff26676c1447eea09ecb0c4431c6d06391f004bf6daed,1000,3873,cbc-clp,1.17.9,optimal,Optimal,675.237671274909,675.2376712832101,675.23767,1.2832101674575824e-06,1.9003829680556514e-09,1,,,primal+dual,1,,1,0.07788855600006173,0.07788855600006173,38,60.0,1,1860864,cloud container (docker); Intel(R) Xeon(R) Processor @ 2.10GHz; 4 cores; 16 GiB RAM; Linux-x86_64,2026-09-30T16:15:42+00:00
maros-meszaros,aug3dqp,1de556794b7d959bbe7ff26676c1447eea09ecb0c4431c6d06391f004bf6daed,1000,3873,glpk,,unsupported,no quadratic objective in GLPK,,,675.23767,,,0,,,unsupported,,,0,,,,60.0,1,1860864,cloud container (docker); Intel(R) Xeon(R) Processor @ 2.10GHz; 4 cores; 16 GiB RAM; Linux-x86_64,2026-09-30T16:15:42+00:00
maros-meszaros,boyd1,6902192b4f0556984e61acdb30a44d5f335991d00e103950499f3012c29d0fc5,18,93261,sankhya,1860864,feasible,"the in-process KKT check does not back the optimal claim (complementary slackness: |multiplier| * slack = 1.653e-06 on column 25322); reported as feasible, not optimal (#590)",-61735219.64084777,,-61735220.0,,,0,,,not-run,,,0,21.646045391,23.018362335000006,35,60.0,1,1860864,cloud container (docker); Intel(R) Xeon(R) Processor @ 2.10GHz; 4 cores; 16 GiB RAM; Linux-x86_64,2026-09-30T16:16:25+00:00
maros-meszaros,boyd1,6902192b4f0556984e61acdb30a44d5f335991d00e103950499f3012c29d0fc5,18,93261,highs,1.15.1,time_limit,time limit reached,,,-61735220.0,,,0,,,not-run,,,0,60.2309091091156,61.29916054399996,2083,60.0,1,1860864,cloud container (docker); Intel(R) Xeon(R) Processor @ 2.10GHz; 4 cores; 16 GiB RAM; Linux-x86_64,2026-09-30T16:16:25+00:00
maros-meszaros,boyd1,6902192b4f0556984e61acdb30a44d5f335991d00e103950499f3012c29d0fc5,18,93261,scip,10.0.2,time_limit,timelimit,,,-61735220.0,,,0,,,not-run,,,0,60.008879,61.47030122299998,2130,60.0,1,1860864,cloud container (docker); Intel(R) Xeon(R) Processor @ 2.10GHz; 4 cores; 16 GiB RAM; Linux-x86_64,2026-09-30T16:16:25+00:00
maros-meszaros,boyd1,6902192b4f0556984e61acdb30a44d5f335991d00e103950499f3012c29d0fc5,18,93261,cbc-clp,1.17.9,unparsed,"g on iterations
At end primal/dual infeasibilities 2.6066938e+23/7.6957505e+18, complementarity gap 7.6957505e+28, objective -4.416171e+29
Stopped objective -4.416170974e+29 - 0 iterations time 81.772",,,-61735220.0,,,0,,,not-run,,,0,83.48195702800001,83.48195702800001,0,60.0,1,1860864,cloud container (docker); Intel(R) Xeon(R) Processor @ 2.10GHz; 4 cores; 16 GiB RAM; Linux-x86_64,2026-09-30T16:16:25+00:00
maros-meszaros,boyd1,6902192b4f0556984e61acdb30a44d5f335991d00e103950499f3012c29d0fc5,18,93261,glpk,,unsupported,no quadratic objective in GLPK,,,-61735220.0,,,0,,,unsupported,,,0,,,,60.0,1,1860864,cloud container (docker); Intel(R) Xeon(R) Processor @ 2.10GHz; 4 cores; 16 GiB RAM; Linux-x86_64,2026-09-30T16:16:25+00:00
maros-meszaros,boyd2,c1c49668a02e6487fad5aebb3029aa41b1e6180a5680262d5fdd6f8dc6795e4f,186531,93263,sankhya,1860864,optimal,,21.256767004627875,21.256767004627875,21.256767,4.627874972129575e-09,2.1771302155824426e-10,1,,,primal+dual,1,,1,40.746125263,42.20346685200002,69,60.0,1,1860864,cloud container (docker); Intel(R) Xeon(R) Processor @ 2.10GHz; 4 cores; 16 GiB RAM; Linux-x86_64,2026-09-30T16:20:20+00:00
maros-meszaros,boyd2,c1c49668a02e6487fad5aebb3029aa41b1e6180a5680262d5fdd6f8dc6795e4f,186531,93263,highs,1.15.1,time_limit,time limit reached,,,21.256767,,,0,,,not-run,,,0,93.50250673294067,94.20582928700003,4010,60.0,1,1860864,cloud container (docker); Intel(R) Xeon(R) Processor @ 2.10GHz; 4 cores; 16 GiB RAM; Linux-x86_64,2026-09-30T16:20:20+00:00
maros-meszaros,boyd2,c1c49668a02e6487fad5aebb3029aa41b1e6180a5680262d5fdd6f8dc6795e4f,186531,93263,scip,10.0.2,time_limit,timelimit,,,21.256767,,,0,,,not-run,,,0,60.132596,60.923032795999916,32489,60.0,1,1860864,cloud container (docker); Intel(R) Xeon(R) Processor @ 2.10GHz; 4 cores; 16 GiB RAM; Linux-x86_64,2026-09-30T16:20:20+00:00
maros-meszaros,boyd2,c1c49668a02e6487fad5aebb3029aa41b1e6180a5680262d5fdd6f8dc6795e4f,186531,93263,cbc-clp,,hung,no exit within 120 s,,,21.256767,,,0,,,not-run,,,0,,120.10841608300007,,60.0,1,1860864,cloud container (docker); Intel(R) Xeon(R) Processor @ 2.10GHz; 4 cores; 16 GiB RAM; Linux-x86_64,2026-09-30T16:20:20+00:00
maros-meszaros,boyd2,c1c49668a02e6487fad5aebb3029aa41b1e6180a5680262d5fdd6f8dc6795e4f,186531,93263,glpk,,unsupported,no quadratic objective in GLPK,,,21.256767,,,0,,,unsupported,,,0,,,,60.0,1,1860864,cloud container (docker); Intel(R) Xeon(R) Processor @ 2.10GHz; 4 cores; 16 GiB RAM; Linux-x86_64,2026-09-30T16:20:20+00:00
maros-meszaros,cont-050,9c452ffc27f314a3d791d997221209ad49e9903a368c803ed714c75643a0e916,2401,2597,sankhya,1860864,optimal,,-4.563850904321636,-4.563850904321636,-4.5638509,4.321635493909071e-09,9.469274059564632e-10,1,,,primal+dual,1,,1,0.124718265,0.1492959659999542,11,60.0,1,1860864,cloud container (docker); Intel(R) Xeon(R) Processor @ 2.10GHz; 4 cores; 16 GiB RAM; Linux-x86_64,2026-09-30T16:25:44+00:00
maros-meszaros,cont-050,9c452ffc27f314a3d791d997221209ad49e9903a368c803ed714c75643a0e916,2401,2597,highs,1.15.1,optimal,optimal,-4.563850868314486,-4.563850868314486,-4.5638509,3.168551465648761e-08,6.942714683445862e-09,1,,,primal+dual,0,"[FAIL] strong duality              primal -4.563850868314e+00  dual -4.564606144916e+00  gap 7.553e-04 (relative 1.655e-04), 5.197e-04 of it from per-item violations accepted above",0,1.8699431419372559,2.024877650999997,3005,60.0,1,1860864,cloud container (docker); Intel(R) Xeon(R) Processor @ 2.10GHz; 4 cores; 16 GiB RAM; Linux-x86_64,2026-09-30T16:25:44+00:00
maros-meszaros,cont-050,9c452ffc27f314a3d791d997221209ad49e9903a368c803ed714c75643a0e916,2401,2597,scip,10.0.2,optimal,optimal,-4.5638509810845065,-4.56385088452397,-4.5638509,1.5476030235106464e-08,3.3910025928117992e-09,1,,,primal-only,0,"[FAIL] objective           recomputed -4.563850884524e+00, solver said -4.563850981085e+00, difference 9.656e-08",0,46.843356,47.05638823899994,50198,60.0,1,1860864,cloud container (docker); Intel(R) Xeon(R) Processor @ 2.10GHz; 4 cores; 16 GiB RAM; Linux-x86_64,2026-09-30T16:25:44+00:00
maros-meszaros,cont-050,9c452ffc27f314a3d791d997221209ad49e9903a368c803ed714c75643a0e916,2401,2597,cbc-clp,1.17.9,optimal,Optimal,-4.563850885233196,-4.563850904325769,-4.5638509,4.325769076274355e-09,9.478331284386076e-10,1,,,primal+dual,0,"[FAIL] objective                   recomputed -4.563850904326e+00, solver said -4.563850885233e+00, difference 1.909e-08",0,0.8779245339999306,0.8779245339999306,20,60.0,1,1860864,cloud container (docker); Intel(R) Xeon(R) Processor @ 2.10GHz; 4 cores; 16 GiB RAM; Linux-x86_64,2026-09-30T16:25:44+00:00
maros-meszaros,cont-050,9c452ffc27f314a3d791d997221209ad49e9903a368c803ed714c75643a0e916,2401,2597,glpk,,unsupported,no quadratic objective in GLPK,,,-4.5638509,,,0,,,unsupported,,,0,,,,60.0,1,1860864,cloud container (docker); Intel(R) Xeon(R) Processor @ 2.10GHz; 4 cores; 16 GiB RAM; Linux-x86_64,2026-09-30T16:25:44+00:00
maros-meszaros,cont-100,79066914e40a8c3f40db52502fb2d4d197d531a7b88751bdc0c4cdb43e0faff4,9801,10197,sankhya,1860864,optimal,,-4.644397868754877,-4.644397868754877,-4.6443979,3.124512382157718e-08,6.727486424360233e-09,1,,,primal+dual,1,,1,1.044268899,1.1189661880000585,12,60.0,1,1860864,cloud container (docker); Intel(R) Xeon(R) Processor @ 2.10GHz; 4 cores; 16 GiB RAM; Linux-x86_64,2026-09-30T16:26:35+00:00
maros-meszaros,cont-100,79066914e40a8c3f40db52502fb2d4d197d531a7b88751bdc0c4cdb43e0faff4,9801,10197,highs,1.15.1,optimal,optimal,-4.64439737595804,-4.64439737595804,-4.6443979,5.240419600482937e-07,1.1283313172807474e-07,1,,,primal+dual,0,"[FAIL] strong duality              primal -4.644397375958e+00  dual -4.646823585593e+00  gap 2.426e-03 (relative 5.224e-04), 1.950e-03 of it from per-item violations accepted above",0,50.50320243835449,50.751711028000045,10959,60.0,1,1860864,cloud container (docker); Intel(R) Xeon(R) Processor @ 2.10GHz; 4 cores; 16 GiB RAM; Linux-x86_64,2026-09-30T16:26:35+00:00
maros-meszaros,cont-100,79066914e40a8c3f40db52502fb2d4d197d531a7b88751bdc0c4cdb43e0faff4,9801,10197,scip,,hung,no exit within 120 s,,,-4.6443979,,,0,,,not-run,,,0,,120.14622816399992,,60.0,1,1860864,cloud container (docker); Intel(R) Xeon(R) Processor @ 2.10GHz; 4 cores; 16 GiB RAM; Linux-x86_64,2026-09-30T16:26:35+00:00
maros-meszaros,cont-100,79066914e40a8c3f40db52502fb2d4d197d531a7b88751bdc0c4cdb43e0faff4,9801,10197,cbc-clp,1.17.9,optimal,Optimal,-4.644397861851426,-4.6443978687638925,-4.6443979,3.1236107922438805e-08,6.725545182603498e-09,1,,,primal+dual,0,"[FAIL] objective                   recomputed -4.644397868764e+00, solver said -4.644397861851e+00, difference 6.912e-09",0,21.50775362599984,21.50775362599984,26,60.0,1,1860864,cloud container (docker); Intel(R) Xeon(R) Processor @ 2.10GHz; 4 cores; 16 GiB RAM; Linux-x86_64,2026-09-30T16:26:35+00:00
maros-meszaros,cont-100,79066914e40a8c3f40db52502fb2d4d197d531a7b88751bdc0c4cdb43e0faff4,9801,10197,glpk,,unsupported,no quadratic objective in GLPK,,,-4.6443979,,,0,,,unsupported,,,0,,,,60.0,1,1860864,cloud container (docker); Intel(R) Xeon(R) Processor @ 2.10GHz; 4 cores; 16 GiB RAM; Linux-x86_64,2026-09-30T16:26:35+00:00
maros-meszaros,cont-101,80e75837b280a2fe148dd23af99f142e7e3827275c0969f742d53dc35e6358d9,10098,10197,sankhya,1860864,optimal,,0.19552732467669875,0.19552732467669875,0.19552733,5.323301244253287e-09,5.323301244253287e-09,1,,,primal+dual,1,,1,0.994939704,1.0635676739998416,11,60.0,1,1860864,cloud container (docker); Intel(R) Xeon(R) Processor @ 2.10GHz; 4 cores; 16 GiB RAM; Linux-x86_64,2026-09-30T16:29:50+00:00
maros-meszaros,cont-101,80e75837b280a2fe148dd23af99f142e7e3827275c0969f742d53dc35e6358d9,10098,10197,highs,1.15.1,time_limit,time limit reached,,,0.19552733,,,0,,,not-run,,,0,67.28265380859375,67.47688109900014,12739,60.0,1,1860864,cloud container (docker); Intel(R) Xeon(R) Processor @ 2.10GHz; 4 cores; 16 GiB RAM; Linux-x86_64,2026-09-30T16:29:50+00:00
maros-meszaros,cont-101,80e75837b280a2fe148dd23af99f142e7e3827275c0969f742d53dc35e6358d9,10098,10197,scip,10.0.2,time_limit,timelimit,,,0.19552733,,,0,,,not-run,,,0,62.745517,62.96907392000003,21141,60.0,1,1860864,cloud container (docker); Intel(R) Xeon(R) Processor @ 2.10GHz; 4 cores; 16 GiB RAM; Linux-x86_64,2026-09-30T16:29:50+00:00
maros-meszaros,cont-101,80e75837b280a2fe148dd23af99f142e7e3827275c0969f742d53dc35e6358d9,10098,10197,cbc-clp,1.17.9,optimal,Optimal,0.19552730506844002,0.19552731943557167,0.19552733,1.056442833213822e-08,1.056442833213822e-08,1,,,primal+dual,0,"[FAIL] objective                   recomputed 1.955273194356e-01, solver said 1.955273050684e-01, difference 1.437e-08",0,35.963781329000085,35.963781329000085,48,60.0,1,1860864,cloud container (docker); Intel(R) Xeon(R) Processor @ 2.10GHz; 4 cores; 16 GiB RAM; Linux-x86_64,2026-09-30T16:29:50+00:00
maros-meszaros,cont-101,80e75837b280a2fe148dd23af99f142e7e3827275c0969f742d53dc35e6358d9,10098,10197,glpk,,unsupported,no quadratic objective in GLPK,,,0.19552733,,,0,,,unsupported,,,0,,,,60.0,1,1860864,cloud container (docker); Intel(R) Xeon(R) Processor @ 2.10GHz; 4 cores; 16 GiB RAM; Linux-x86_64,2026-09-30T16:29:50+00:00
maros-meszaros,cont-200,2c46760c82c4cbbd029c53ab3cb0a1132e96d58afc78e36b1dee7d34a0c5705a,39601,40397,sankhya,1860864,optimal,,-4.684875920368369,-4.684875920368369,-4.6848759,2.036836921348595e-08,4.3476859682635245e-09,1,,,primal+dual,1,,1,8.104841199,8.421390310000106,13,60.0,1,1860864,cloud container (docker); Intel(R) Xeon(R) Processor @ 2.10GHz; 4 cores; 16 GiB RAM; Linux-x86_64,2026-09-30T16:32:39+00:00
maros-meszaros,cont-200,2c46760c82c4cbbd029c53ab3cb0a1132e96d58afc78e36b1dee7d34a0c5705a,39601,40397,highs,1.15.1,time_limit,time limit reached,,,-4.6848759,,,0,,,not-run,,,0,60.032007932662964,60.43562325700009,13321,60.0,1,1860864,cloud container (docker); Intel(R) Xeon(R) Processor @ 2.10GHz; 4 cores; 16 GiB RAM; Linux-x86_64,2026-09-30T16:32:39+00:00
maros-meszaros,cont-200,2c46760c82c4cbbd029c53ab3cb0a1132e96d58afc78e36b1dee7d34a0c5705a,39601,40397,scip,10.0.2,time_limit,timelimit,,,-4.6848759,,,0,,,not-run,,,0,61.356614,62.10944336300008,58197,60.0,1,1860864,cloud container (docker); Intel(R) Xeon(R) Processor @ 2.10GHz; 4 cores; 16 GiB RAM; Linux-x86_64,2026-09-30T16:32:39+00:00
maros-meszaros,cont-200,2c46760c82c4cbbd029c53ab3cb0a1132e96d58afc78e36b1dee7d34a0c5705a,39601,40397,cbc-clp,,hung,no exit within 120 s,,,-4.6848759,,,0,,,not-run,,,0,,120.1238312370001,,60.0,1,1860864,cloud container (docker); Intel(R) Xeon(R) Processor @ 2.10GHz; 4 cores; 16 GiB RAM; Linux-x86_64,2026-09-30T16:32:39+00:00
maros-meszaros,cont-200,2c46760c82c4cbbd029c53ab3cb0a1132e96d58afc78e36b1dee7d34a0c5705a,39601,40397,glpk,,unsupported,no quadratic objective in GLPK,,,-4.6848759,,,0,,,unsupported,,,0,,,,60.0,1,1860864,cloud container (docker); Intel(R) Xeon(R) Processor @ 2.10GHz; 4 cores; 16 GiB RAM; Linux-x86_64,2026-09-30T16:32:39+00:00
maros-meszaros,cont-201,497f6bb826031776a79f55252f7c23587195d3759e50c94d5bbc8cdc4b2bd06a,40198,40397,sankhya,1860864,optimal,,0.1924833730281923,0.1924833730281923,0.19248337,3.0281923080188733e-09,3.0281923080188733e-09,1,,,primal+dual,1,,1,8.63244118,8.963354356000082,13,60.0,1,1860864,cloud container (docker); Intel(R) Xeon(R) Processor @ 2.10GHz; 4 cores; 16 GiB RAM; Linux-x86_64,2026-09-30T16:36:54+00:00
maros-meszaros,cont-201,497f6bb826031776a79f55252f7c23587195d3759e50c94d5bbc8cdc4b2bd06a,40198,40397,highs,1.15.1,time_limit,time limit reached,,,0.19248337,,,0,,,not-run,,,0,60.03364109992981,60.372590199000115,13001,60.0,1,1860864,cloud container (docker); Intel(R) Xeon(R) Processor @ 2.10GHz; 4 cores; 16 GiB RAM; Linux-x86_64,2026-09-30T16:36:54+00:00
maros-meszaros,cont-201,497f6bb826031776a79f55252f7c23587195d3759e50c94d5bbc8cdc4b2bd06a,40198,40397,scip,,hung,no exit within 120 s,,,0.19248337,,,0,,,not-run,,,0,,120.05699634200005,,60.0,1,1860864,cloud container (docker); Intel(R) Xeon(R) Processor @ 2.10GHz; 4 cores; 16 GiB RAM; Linux-x86_64,2026-09-30T16:36:54+00:00
maros-meszaros,cont-201,497f6bb826031776a79f55252f7c23587195d3759e50c94d5bbc8cdc4b2bd06a,40198,40397,cbc-clp,1.17.9,unparsed,"ank 120793
Exiting on iterations
At end primal/dual infeasibilities 1525.5903/0.31472794, complementarity gap 0.73663876, objective -45.16931
Stopped objective -45.16931046 - 2 iterations time 101.872",,,0.19248337,,,0,,,not-run,,,0,103.60334283999987,103.60334283999987,2,60.0,1,1860864,cloud container (docker); Intel(R) Xeon(R) Processor @ 2.10GHz; 4 cores; 16 GiB RAM; Linux-x86_64,2026-09-30T16:36:54+00:00
maros-meszaros,cont-201,497f6bb826031776a79f55252f7c23587195d3759e50c94d5bbc8cdc4b2bd06a,40198,40397,glpk,,unsupported,no quadratic objective in GLPK,,,0.19248337,,,0,,,unsupported,,,0,,,,60.0,1,1860864,cloud container (docker); Intel(R) Xeon(R) Processor @ 2.10GHz; 4 cores; 16 GiB RAM; Linux-x86_64,2026-09-30T16:36:54+00:00
maros-meszaros,cont-300,f4001c2ebe5aac243f838ed198818beb1de07a140e5401173a6e93c79fbc0c58,90298,90597,sankhya,1860864,optimal,,0.19151228607287474,0.19151228607287474,0.19151232,3.392712527583441e-08,3.392712527583441e-08,1,,,primal+dual,1,,1,33.650130802,34.3132494069996,14,60.0,1,1860864,cloud container (docker); Intel(R) Xeon(R) Processor @ 2.10GHz; 4 cores; 16 GiB RAM; Linux-x86_64,2026-09-30T16:41:50+00:00
maros-meszaros,cont-300,f4001c2ebe5aac243f838ed198818beb1de07a140e5401173a6e93c79fbc0c58,90298,90597,highs,1.15.1,time_limit,time limit reached,,,0.19151232,,,0,,,not-run,,,0,62.01555252075195,62.68533351999986,16790,60.0,1,1860864,cloud container (docker); Intel(R) Xeon(R) Processor @ 2.10GHz; 4 cores; 16 GiB RAM; Linux-x86_64,2026-09-30T16:41:50+00:00
maros-meszaros,cont-300,f4001c2ebe5aac243f838ed198818beb1de07a140e5401173a6e93c79fbc0c58,90298,90597,scip,10.0.2,time_limit,timelimit,,,0.19151232,,,0,,,not-run,,,0,61.438063,62.441188472999784,34316,60.0,1,1860864,cloud container (docker); Intel(R) Xeon(R) Processor @ 2.10GHz; 4 cores; 16 GiB RAM; Linux-x86_64,2026-09-30T16:41:50+00:00
maros-meszaros,cont-300,f4001c2ebe5aac243f838ed198818beb1de07a140e5401173a6e93c79fbc0c58,90298,90597,cbc-clp,,hung,no exit within 120 s,,,0.19151232,,,0,,,not-run,,,0,,120.13891319300001,,60.0,1,1860864,cloud container (docker); Intel(R) Xeon(R) Processor @ 2.10GHz; 4 cores; 16 GiB RAM; Linux-x86_64,2026-09-30T16:41:50+00:00
maros-meszaros,cont-300,f4001c2ebe5aac243f838ed198818beb1de07a140e5401173a6e93c79fbc0c58,90298,90597,glpk,,unsupported,no quadratic objective in GLPK,,,0.19151232,,,0,,,unsupported,,,0,,,,60.0,1,1860864,cloud container (docker); Intel(R) Xeon(R) Processor @ 2.10GHz; 4 cores; 16 GiB RAM; Linux-x86_64,2026-09-30T16:41:50+00:00
maros-meszaros,cvxqp1l,83c03debbb3201adfd09dfcfabe3541ebb4c70626bc7fba003a7e55e5dd12cdf,5000,10000,sankhya,1860864,model_error,"the quadratic objective is not convex: sparse LDL^T reached -0.00353259 at column 6580 (C---6581) in minimization sense; that exhibits a direction in which the objective curves downward, so the model ",0.0,,108704800.0,,,0,,,not-run,,,0,0.052497255,0.10190771499992479,0,60.0,1,1860864,cloud container (docker); Intel(R) Xeon(R) Processor @ 2.10GHz; 4 cores; 16 GiB RAM; Linux-x86_64,2026-09-30T16:46:35+00:00
maros-meszaros,cvxqp1l,83c03debbb3201adfd09dfcfabe3541ebb4c70626bc7fba003a7e55e5dd12cdf,5000,10000,highs,1.15.1,optimal,optimal,108704799.91529542,108704799.91529502,108704800.0,0.08470498025417328,7.792202391630662e-10,1,,,primal+dual,0,[FAIL] complementary slackness     worst |multiplier| * slack = 2.689e-05 on C---6304,0,14.828841209411621,15.047146596999937,11712,60.0,1,1860864,cloud container (docker); Intel(R) Xeon(R) Processor @ 2.10GHz; 4 cores; 16 GiB RAM; Linux-x86_64,2026-09-30T16:46:35+00:00
maros-meszaros,cvxqp1l,83c03debbb3201adfd09dfcfabe3541ebb4c70626bc7fba003a7e55e5dd12cdf,5000,10000,scip,,hung,no exit within 120 s,,,108704800.0,,,0,,,not-run,,,0,,120.10684430500032,,60.0,1,1860864,cloud container (docker); Intel(R) Xeon(R) Processor @ 2.10GHz; 4 cores; 16 GiB RAM; Linux-x86_64,2026-09-30T16:46:35+00:00
maros-meszaros,cvxqp1l,83c03debbb3201adfd09dfcfabe3541ebb4c70626bc7fba003a7e55e5dd12cdf,5000,10000,cbc-clp,1.17.9,unparsed,"
Exiting on iterations
At end primal/dual infeasibilities 13.815438/3.5027485e+08, complementarity gap 2.5338804e+08, objective -1.1321477e+08
Stopped objective -113214767.5 - 8 iterations time 75.332",,,108704800.0,,,0,,,not-run,,,0,76.50546757500024,76.50546757500024,8,60.0,1,1860864,cloud container (docker); Intel(R) Xeon(R) Processor @ 2.10GHz; 4 cores; 16 GiB RAM; Linux-x86_64,2026-09-30T16:46:35+00:00
maros-meszaros,cvxqp1l,83c03debbb3201adfd09dfcfabe3541ebb4c70626bc7fba003a7e55e5dd12cdf,5000,10000,glpk,,unsupported,no quadratic objective in GLPK,,,108704800.0,,,0,,,unsupported,,,0,,,,60.0,1,1860864,cloud container (docker); Intel(R) Xeon(R) Processor @ 2.10GHz; 4 cores; 16 GiB RAM; Linux-x86_64,2026-09-30T16:46:35+00:00
maros-meszaros,cvxqp1m,ca7bdb6fc942ea1ddb1384b18d4c63e0bea8c30672914daa30c4d0640a26344b,500,1000,sankhya,1860864,optimal,,1087511.5673547338,1087511.5673547357,1087511.6,0.032645264407619834,3.0018313742694636e-08,1,,,primal+dual,1,,1,0.123036563,0.13262494899981903,14,60.0,1,1860864,cloud container (docker); Intel(R) Xeon(R) Processor @ 2.10GHz; 4 cores; 16 GiB RAM; Linux-x86_64,2026-09-30T16:50:07+00:00
maros-meszaros,cvxqp1m,ca7bdb6fc942ea1ddb1384b18d4c63e0bea8c30672914daa30c4d0640a26344b,500,1000,highs,1.15.1,optimal,optimal,1087511.567321501,1087511.5673215007,1087511.6,0.03267849935218692,3.0048874285282946e-08,1,,,primal+dual,1,,1,0.0794367790222168,0.21789882799976112,1145,60.0,1,1860864,cloud container (docker); Intel(R) Xeon(R) Processor @ 2.10GHz; 4 cores; 16 GiB RAM; Linux-x86_64,2026-09-30T16:50:07+00:00
maros-meszaros,cvxqp1m,ca7bdb6fc942ea1ddb1384b18d4c63e0bea8c30672914daa30c4d0640a26344b,500,1000,scip,10.0.2,time_limit,timelimit,,,1087511.6,,,0,,,not-run,,,0,60.006441,60.17371200700018,166734,60.0,1,1860864,cloud container (docker); Intel(R) Xeon(R) Processor @ 2.10GHz; 4 cores; 16 GiB RAM; Linux-x86_64,2026-09-30T16:50:07+00:00
maros-meszaros,cvxqp1m,ca7bdb6fc942ea1ddb1384b18d4c63e0bea8c30672914daa30c4d0640a26344b,500,1000,cbc-clp,1.17.9,optimal,Optimal,1087511.5673215017,1087511.5673215014,1087511.6,0.03267849865369499,3.004887364299837e-08,1,,,primal+dual,1,,1,0.47455638299970815,0.47455638299970815,514,60.0,1,1860864,cloud container (docker); Intel(R) Xeon(R) Processor @ 2.10GHz; 4 cores; 16 GiB RAM; Linux-x86_64,2026-09-30T16:50:07+00:00
maros-meszaros,cvxqp1m,ca7bdb6fc942ea1ddb1384b18d4c63e0bea8c30672914daa30c4d0640a26344b,500,1000,glpk,,unsupported,no quadratic objective in GLPK,,,1087511.6,,,0,,,unsupported,,,0,,,,60.0,1,1860864,cloud container (docker); Intel(R) Xeon(R) Processor @ 2.10GHz; 4 cores; 16 GiB RAM; Linux-x86_64,2026-09-30T16:50:07+00:00
maros-meszaros,cvxqp1s,481bf3df4058cb0721493d537fea18158f5d148a5678bf80badcc7090b886eb7,50,100,sankhya,1860864,optimal,,11590.71811944213,11590.718119442126,11590.718,0.00011944212565140333,1.0304980731254382e-08,1,,,primal+dual,1,,1,0.001571997,0.006120874999851367,10,60.0,1,1860864,cloud container (docker); Intel(R) Xeon(R) Processor @ 2.10GHz; 4 cores; 16 GiB RAM; Linux-x86_64,2026-09-30T16:51:09+00:00
maros-meszaros,cvxqp1s,481bf3df4058cb0721493d537fea18158f5d148a5678bf80badcc7090b886eb7,50,100,highs,1.15.1,optimal,optimal,11590.718119426765,11590.71811942676,11590.718,0.00011942675882892217,1.030365494432029e-08,1,,,primal+dual,1,,1,0.0026395320892333984,0.15049854300013976,91,60.0,1,1860864,cloud container (docker); Intel(R) Xeon(R) Processor @ 2.10GHz; 4 cores; 16 GiB RAM; Linux-x86_64,2026-09-30T16:51:09+00:00
maros-meszaros,cvxqp1s,481bf3df4058cb0721493d537fea18158f5d148a5678bf80badcc7090b886eb7,50,100,scip,10.0.2,optimal,optimal,11590.71811275768,11590.718112847677,11590.718,0.0001128476760641206,9.736038445946196e-09,1,,,primal-only,1,,1,0.34520999999999996,0.5143812099995557,2338,60.0,1,1860864,cloud container (docker); Intel(R) Xeon(R) Processor @ 2.10GHz; 4 cores; 16 GiB RAM; Linux-x86_64,2026-09-30T16:51:09+00:00
maros-meszaros,cvxqp1s,481bf3df4058cb0721493d537fea18158f5d148a5678bf80badcc7090b886eb7,50,100,cbc-clp,1.17.9,optimal,Optimal,11590.718119442616,11590.718119425845,11590.718,0.00011942584387725219,1.0303576006012067e-08,1,,,primal+dual,1,,1,0.006263119000323059,0.006263119000323059,24,60.0,1,1860864,cloud container (docker); Intel(R) Xeon(R) Processor @ 2.10GHz; 4 cores; 16 GiB RAM; Linux-x86_64,2026-09-30T16:51:09+00:00
maros-meszaros,cvxqp1s,481bf3df4058cb0721493d537fea18158f5d148a5678bf80badcc7090b886eb7,50,100,glpk,,unsupported,no quadratic objective in GLPK,,,11590.718,,,0,,,unsupported,,,0,,,,60.0,1,1860864,cloud container (docker); Intel(R) Xeon(R) Processor @ 2.10GHz; 4 cores; 16 GiB RAM; Linux-x86_64,2026-09-30T16:51:09+00:00
maros-meszaros,cvxqp2l,65df66df056a944c4d2578140100f4c01da903c5b7a80c8df1b53e84f1d68ff5,2500,10000,sankhya,1860864,model_error,"the quadratic objective is not convex: sparse LDL^T reached -0.00353259 at column 6580 (C---6581) in minimization sense; that exhibits a direction in which the objective curves downward, so the model ",0.0,,81842458.0,,,0,,,not-run,,,0,0.060809997,0.11985186899983091,0,60.0,1,1860864,cloud container (docker); Intel(R) Xeon(R) Processor @ 2.10GHz; 4 cores; 16 GiB RAM; Linux-x86_64,2026-09-30T16:51:10+00:00
maros-meszaros,cvxqp2l,65df66df056a944c4d2578140100f4c01da903c5b7a80c8df1b53e84f1d68ff5,2500,10000,highs,1.15.1,optimal,optimal,81842458.2628411,81842458.26284143,81842458.0,0.26284143328666687,3.2115535103633724e-09,1,,,primal+dual,0,[FAIL] complementary slackness     worst |multiplier| * slack = 2.500e-06 on C---1023,0,40.504875898361206,40.73612431999982,8945,60.0,1,1860864,cloud container (docker); Intel(R) Xeon(R) Processor @ 2.10GHz; 4 cores; 16 GiB RAM; Linux-x86_64,2026-09-30T16:51:10+00:00
maros-meszaros,cvxqp2l,65df66df056a944c4d2578140100f4c01da903c5b7a80c8df1b53e84f1d68ff5,2500,10000,scip,10.0.2,time_limit,timelimit,,,81842458.0,,,0,,,not-run,,,0,116.791576,117.20475682100005,2456,60.0,1,1860864,cloud container (docker); Intel(R) Xeon(R) Processor @ 2.10GHz; 4 cores; 16 GiB RAM; Linux-x86_64,2026-09-30T16:51:10+00:00
maros-meszaros,cvxqp2l,65df66df056a944c4d2578140100f4c01da903c5b7a80c8df1b53e84f1d68ff5,2500,10000,cbc-clp,1.17.9,unparsed,"/2.3418843, complementarity gap 0.00029100222, objective 81842458
0  Obj 81842458 Dual inf 2043636.2 (4676)
Stopped - objective value 81842458
Stopped objective 81842458.26 - 17 iterations time 60.692",,,81842458.0,,,0,,,not-run,,,0,61.81972910500008,61.81972910500008,17,60.0,1,1860864,cloud container (docker); Intel(R) Xeon(R) Processor @ 2.10GHz; 4 cores; 16 GiB RAM; Linux-x86_64,2026-09-30T16:51:10+00:00
maros-meszaros,cvxqp2l,65df66df056a944c4d2578140100f4c01da903c5b7a80c8df1b53e84f1d68ff5,2500,10000,glpk,,unsupported,no quadratic objective in GLPK,,,81842458.0,,,0,,,unsupported,,,0,,,,60.0,1,1860864,cloud container (docker); Intel(R) Xeon(R) Processor @ 2.10GHz; 4 cores; 16 GiB RAM; Linux-x86_64,2026-09-30T16:51:10+00:00
maros-meszaros,cvxqp2m,54b6275cb56d2a06527e9c265a4b4fcb2f09a162ead9819989bb836daa421a9c,250,1000,sankhya,1860864,optimal,,820155.4310157085,820155.4310157071,820155.43,0.001015707035548985,1.2384323731771e-09,1,,,primal+dual,1,,1,0.079904919,0.08886935300006371,13,60.0,1,1860864,cloud container (docker); Intel(R) Xeon(R) Processor @ 2.10GHz; 4 cores; 16 GiB RAM; Linux-x86_64,2026-09-30T16:54:50+00:00
maros-meszaros,cvxqp2m,54b6275cb56d2a06527e9c265a4b4fcb2f09a162ead9819989bb836daa421a9c,250,1000,highs,1.15.1,optimal,optimal,820155.4310157005,820155.4310156982,820155.43,0.0010156981879845262,1.2384215855091347e-09,1,,,primal+dual,0,[FAIL] complementary slackness     worst |multiplier| * slack = 2.263e-06 on C----111,0,0.057039499282836914,0.19644921600001908,849,60.0,1,1860864,cloud container (docker); Intel(R) Xeon(R) Processor @ 2.10GHz; 4 cores; 16 GiB RAM; Linux-x86_64,2026-09-30T16:54:50+00:00
maros-meszaros,cvxqp2m,54b6275cb56d2a06527e9c265a4b4fcb2f09a162ead9819989bb836daa421a9c,250,1000,scip,10.0.2,time_limit,timelimit,,,820155.43,,,0,,,not-run,,,0,60.000321,60.155292363999706,280059,60.0,1,1860864,cloud container (docker); Intel(R) Xeon(R) Processor @ 2.10GHz; 4 cores; 16 GiB RAM; Linux-x86_64,2026-09-30T16:54:50+00:00
maros-meszaros,cvxqp2m,54b6275cb56d2a06527e9c265a4b4fcb2f09a162ead9819989bb836daa421a9c,250,1000,cbc-clp,1.17.9,optimal,Optimal,820155.4310159247,820155.4310156871,820155.43,0.0010156870121136308,1.2384079589811785e-09,1,,,primal+dual,1,,1,0.09164006199989672,0.09164006199989672,26,60.0,1,1860864,cloud container (docker); Intel(R) Xeon(R) Processor @ 2.10GHz; 4 cores; 16 GiB RAM; Linux-x86_64,2026-09-30T16:54:50+00:00
maros-meszaros,cvxqp2m,54b6275cb56d2a06527e9c265a4b4fcb2f09a162ead9819989bb836daa421a9c,250,1000,glpk,,unsupported,no quadratic objective in GLPK,,,820155.43,,,0,,,unsupported,,,0,,,,60.0,1,1860864,cloud container (docker); Intel(R) Xeon(R) Processor @ 2.10GHz; 4 cores; 16 GiB RAM; Linux-x86_64,2026-09-30T16:54:50+00:00
maros-meszaros,cvxqp2s,c7131355e795b3e6bdc8ac5736f9a6c18afe055f7a194deef27e92d45980432c,25,100,sankhya,1860864,optimal,,8120.940477252443,8120.940477252442,8120.9405,2.274755752296187e-05,2.801098902640879e-09,1,,,primal+dual,1,,1,0.001285221,0.004995294000309514,12,60.0,1,1860864,cloud container (docker); Intel(R) Xeon(R) Processor @ 2.10GHz; 4 cores; 16 GiB RAM; Linux-x86_64,2026-09-30T16:55:51+00:00
maros-meszaros,cvxqp2s,c7131355e795b3e6bdc8ac5736f9a6c18afe055f7a194deef27e92d45980432c,25,100,highs,1.15.1,optimal,optimal,8120.940477250686,8120.940477250692,8120.9405,2.274930739076808e-05,2.8013143786447003e-09,1,,,primal+dual,0,[FAIL] complementary slackness     worst |multiplier| * slack = 1.168e-06 on C------9,0,0.0020835399627685547,0.1292862850000347,76,60.0,1,1860864,cloud container (docker); Intel(R) Xeon(R) Processor @ 2.10GHz; 4 cores; 16 GiB RAM; Linux-x86_64,2026-09-30T16:55:51+00:00
maros-meszaros,cvxqp2s,c7131355e795b3e6bdc8ac5736f9a6c18afe055f7a194deef27e92d45980432c,25,100,scip,10.0.2,optimal,optimal,8120.940471680644,8120.940471770629,8120.9405,2.822937040036777e-05,3.476120826198366e-09,1,,,primal-only,1,,1,0.635286,0.7636890479998328,8033,60.0,1,1860864,cloud container (docker); Intel(R) Xeon(R) Processor @ 2.10GHz; 4 cores; 16 GiB RAM; Linux-x86_64,2026-09-30T16:55:51+00:00
maros-meszaros,cvxqp2s,c7131355e795b3e6bdc8ac5736f9a6c18afe055f7a194deef27e92d45980432c,25,100,cbc-clp,1.17.9,optimal,Optimal,8120.940477257713,8120.940477250695,8120.9405,2.2749304662283976e-05,2.8013140426634053e-09,1,,,primal+dual,1,,1,0.006774277000204165,0.006774277000204165,26,60.0,1,1860864,cloud container (docker); Intel(R) Xeon(R) Processor @ 2.10GHz; 4 cores; 16 GiB RAM; Linux-x86_64,2026-09-30T16:55:51+00:00
maros-meszaros,cvxqp2s,c7131355e795b3e6bdc8ac5736f9a6c18afe055f7a194deef27e92d45980432c,25,100,glpk,,unsupported,no quadratic objective in GLPK,,,8120.9405,,,0,,,unsupported,,,0,,,,60.0,1,1860864,cloud container (docker); Intel(R) Xeon(R) Processor @ 2.10GHz; 4 cores; 16 GiB RAM; Linux-x86_64,2026-09-30T16:55:51+00:00
maros-meszaros,cvxqp3l,af77954ea31b284296c729cffebfd59d93382c2e72a59757aa9679c7309d4b6f,7500,10000,sankhya,1860864,model_error,"the quadratic objective is not convex: sparse LDL^T reached -0.00353259 at column 6580 (C---6581) in minimization sense; that exhibits a direction in which the objective curves downward, so the model ",0.0,,115711100.0,,,0,,,not-run,,,0,0.055855476,0.11622264100014945,0,60.0,1,1860864,cloud container (docker); Intel(R) Xeon(R) Processor @ 2.10GHz; 4 cores; 16 GiB RAM; Linux-x86_64,2026-09-30T16:55:52+00:00
maros-meszaros,cvxqp3l,af77954ea31b284296c729cffebfd59d93382c2e72a59757aa9679c7309d4b6f,7500,10000,highs,1.15.1,optimal,optimal,115711104.26843122,115711104.26843154,115711100.0,4.268431544303894,3.68886955901715e-08,1,,,primal+dual,1,,1,20.125495195388794,20.394445565000296,14431,60.0,1,1860864,cloud container (docker); Intel(R) Xeon(R) Processor @ 2.10GHz; 4 cores; 16 GiB RAM; Linux-x86_64,2026-09-30T16:55:52+00:00
maros-meszaros,cvxqp3l,af77954ea31b284296c729cffebfd59d93382c2e72a59757aa9679c7309d4b6f,7500,10000,scip,,hung,no exit within 120 s,,,115711100.0,,,0,,,not-run,,,0,,120.03333163600018,,60.0,1,1860864,cloud container (docker); Intel(R) Xeon(R) Processor @ 2.10GHz; 4 cores; 16 GiB RAM; Linux-x86_64,2026-09-30T16:55:52+00:00
maros-meszaros,cvxqp3l,af77954ea31b284296c729cffebfd59d93382c2e72a59757aa9679c7309d4b6f,7500,10000,cbc-clp,1.17.9,unparsed,"iting on iterations
At end primal/dual infeasibilities 5458.1046/7.726062e+08, complementarity gap 1.0608715e+09, objective -2.2019247e+10
Stopped objective -2.201924665e+10 - 2 iterations time 83.102",,,115711100.0,,,0,,,not-run,,,0,84.62080251900034,84.62080251900034,2,60.0,1,1860864,cloud container (docker); Intel(R) Xeon(R) Processor @ 2.10GHz; 4 cores; 16 GiB RAM; Linux-x86_64,2026-09-30T16:55:52+00:00
maros-meszaros,cvxqp3l,af77954ea31b284296c729cffebfd59d93382c2e72a59757aa9679c7309d4b6f,7500,10000,glpk,,unsupported,no quadratic objective in GLPK,,,115711100.0,,,0,,,unsupported,,,0,,,,60.0,1,1860864,cloud container (docker); Intel(R) Xeon(R) Processor @ 2.10GHz; 4 cores; 16 GiB RAM; Linux-x86_64,2026-09-30T16:55:52+00:00
maros-meszaros,cvxqp3m,9c59cef2a949cdb0e618a07585ac147d724a407ada4f7c60244f110050f5b708,750,1000,sankhya,1860864,optimal,,1362828.741602914,1362828.7416029174,1362828.7,0.04160291748121381,3.0526886820929e-08,1,,,primal+dual,1,,1,6.85813554,7.057849280000028,284100,60.0,1,1860864,cloud container (docker); Intel(R) Xeon(R) Processor @ 2.10GHz; 4 cores; 16 GiB RAM; Linux-x86_64,2026-09-30T16:59:38+00:00
maros-meszaros,cvxqp3m,9c59cef2a949cdb0e618a07585ac147d724a407ada4f7c60244f110050f5b708,750,1000,highs,1.15.1,optimal,optimal,1362828.741602146,1362828.741602144,1362828.7,0.04160214401781559,3.052631927828904e-08,1,,,primal+dual,1,,1,0.10807561874389648,0.2435198279999895,1285,60.0,1,1860864,cloud container (docker); Intel(R) Xeon(R) Processor @ 2.10GHz; 4 cores; 16 GiB RAM; Linux-x86_64,2026-09-30T16:59:38+00:00
maros-meszaros,cvxqp3m,9c59cef2a949cdb0e618a07585ac147d724a407ada4f7c60244f110050f5b708,750,1000,scip,10.0.2,time_limit,timelimit,,,1362828.7,,,0,,,not-run,,,0,60.006082,60.198523813000065,30164,60.0,1,1860864,cloud container (docker); Intel(R) Xeon(R) Processor @ 2.10GHz; 4 cores; 16 GiB RAM; Linux-x86_64,2026-09-30T16:59:38+00:00
maros-meszaros,cvxqp3m,9c59cef2a949cdb0e618a07585ac147d724a407ada4f7c60244f110050f5b708,750,1000,cbc-clp,1.17.9,optimal,Optimal,1362828.7416028883,1362828.7416028867,1362828.7,0.041602886747568846,3.052686426956583e-08,1,,,primal+dual,1,,1,1.254564472000311,1.254564472000311,773,60.0,1,1860864,cloud container (docker); Intel(R) Xeon(R) Processor @ 2.10GHz; 4 cores; 16 GiB RAM; Linux-x86_64,2026-09-30T16:59:38+00:00
maros-meszaros,cvxqp3m,9c59cef2a949cdb0e618a07585ac147d724a407ada4f7c60244f110050f5b708,750,1000,glpk,,unsupported,no quadratic objective in GLPK,,,1362828.7,,,0,,,unsupported,,,0,,,,60.0,1,1860864,cloud container (docker); Intel(R) Xeon(R) Processor @ 2.10GHz; 4 cores; 16 GiB RAM; Linux-x86_64,2026-09-30T16:59:38+00:00
maros-meszaros,cvxqp3s,e8676449606aaccd1b94d2b0f5e9b8cf71b8e78cfa503bc796e888101557dd01,75,100,sankhya,1860864,optimal,,11943.432202328597,11943.432202328617,11943.432,0.00020232861606928054,1.6940575880473933e-08,1,,,primal+dual,1,,1,0.001947906,0.007154201999583165,10,60.0,1,1860864,cloud container (docker); Intel(R) Xeon(R) Processor @ 2.10GHz; 4 cores; 16 GiB RAM; Linux-x86_64,2026-09-30T17:00:47+00:00
maros-meszaros,cvxqp3s,e8676449606aaccd1b94d2b0f5e9b8cf71b8e78cfa503bc796e888101557dd01,75,100,highs,1.15.1,optimal,optimal,11943.432202309958,11943.432202309958,11943.432,0.00020230995687597897,1.6939013583028644e-08,1,,,primal+dual,1,,1,0.0028009414672851562,0.16023278300008315,94,60.0,1,1860864,cloud container (docker); Intel(R) Xeon(R) Processor @ 2.10GHz; 4 cores; 16 GiB RAM; Linux-x86_64,2026-09-30T17:00:47+00:00
maros-meszaros,cvxqp3s,e8676449606aaccd1b94d2b0f5e9b8cf71b8e78cfa503bc796e888101557dd01,75,100,scip,10.0.2,optimal,optimal,11943.432192362663,11943.432192452701,11943.432,0.00019245270050305407,1.6113684952788617e-08,1,,,primal-only,1,,1,0.082767,0.21896763699987787,157,60.0,1,1860864,cloud container (docker); Intel(R) Xeon(R) Processor @ 2.10GHz; 4 cores; 16 GiB RAM; Linux-x86_64,2026-09-30T17:00:47+00:00
maros-meszaros,cvxqp3s,e8676449606aaccd1b94d2b0f5e9b8cf71b8e78cfa503bc796e888101557dd01,75,100,cbc-clp,1.17.9,optimal,Optimal,11943.432202703549,11943.432203095475,11943.432,0.00020309547471697442,1.7004783442227864e-08,1,,,primal+dual,1,,1,0.008186179000404081,0.008186179000404081,32,60.0,1,1860864,cloud container (docker); Intel(R) Xeon(R) Processor @ 2.10GHz; 4 cores; 16 GiB RAM; Linux-x86_64,2026-09-30T17:00:47+00:00
maros-meszaros,cvxqp3s,e8676449606aaccd1b94d2b0f5e9b8cf71b8e78cfa503bc796e888101557dd01,75,100,glpk,,unsupported,no quadratic objective in GLPK,,,11943.432,,,0,,,unsupported,,,0,,,,60.0,1,1860864,cloud container (docker); Intel(R) Xeon(R) Processor @ 2.10GHz; 4 cores; 16 GiB RAM; Linux-x86_64,2026-09-30T17:00:47+00:00
maros-meszaros,dpklo1,7a49c5707a22c8fc45f7ad74c848d7a3fa872ea98d6fb8356d253686e0a61c16,77,133,sankhya,1860864,optimal,,0.37009621711426777,0.37009621711426777,0.37009622,2.8857322087461057e-09,2.8857322087461057e-09,1,,,primal+dual,1,,1,0.001235734,0.00608869899997444,2,60.0,1,1860864,cloud container (docker); Intel(R) Xeon(R) Processor @ 2.10GHz; 4 cores; 16 GiB RAM; Linux-x86_64,2026-09-30T17:00:48+00:00
maros-meszaros,dpklo1,7a49c5707a22c8fc45f7ad74c848d7a3fa872ea98d6fb8356d253686e0a61c16,77,133,highs,1.15.1,optimal,optimal,0.7125222100437303,0.7125222100437303,0.37009622,0.3424259900437303,0.3424259900437303,0,,,primal+dual,0,[FAIL] row activity                worst violation 3.653e+01 (3.653e+01 relative to the row's terms) on 53,0,0.002862691879272461,0.15912314800016247,1,60.0,1,1860864,cloud container (docker); Intel(R) Xeon(R) Processor @ 2.10GHz; 4 cores; 16 GiB RAM; Linux-x86_64,2026-09-30T17:00:48+00:00
maros-meszaros,dpklo1,7a49c5707a22c8fc45f7ad74c848d7a3fa872ea98d6fb8356d253686e0a61c16,77,133,scip,10.0.2,optimal,optimal,0.3700961596973462,0.3700962516885754,0.37009622,3.16885754303442e-08,3.16885754303442e-08,1,,,primal-only,0,"[FAIL] objective           recomputed 3.700962516886e-01, solver said 3.700961596973e-01, difference 9.199e-08",0,0.18475799999999998,0.3383242469999459,3345,60.0,1,1860864,cloud container (docker); Intel(R) Xeon(R) Processor @ 2.10GHz; 4 cores; 16 GiB RAM; Linux-x86_64,2026-09-30T17:00:48+00:00
maros-meszaros,dpklo1,7a49c5707a22c8fc45f7ad74c848d7a3fa872ea98d6fb8356d253686e0a61c16,77,133,cbc-clp,1.17.9,optimal,Optimal,0.37009621725671504,0.3700962196558354,0.37009622,3.4416458571939756e-10,3.4416458571939756e-10,1,,,primal+dual,0,"[FAIL] objective                   recomputed 3.700962196558e-01, solver said 3.700962172567e-01, difference 2.399e-09",0,0.008172439000190934,0.008172439000190934,10,60.0,1,1860864,cloud container (docker); Intel(R) Xeon(R) Processor @ 2.10GHz; 4 cores; 16 GiB RAM; Linux-x86_64,2026-09-30T17:00:48+00:00
maros-meszaros,dpklo1,7a49c5707a22c8fc45f7ad74c848d7a3fa872ea98d6fb8356d253686e0a61c16,77,133,glpk,,unsupported,no quadratic objective in GLPK,,,0.37009622,,,0,,,unsupported,,,0,,,,60.0,1,1860864,cloud container (docker); Intel(R) Xeon(R) Processor @ 2.10GHz; 4 cores; 16 GiB RAM; Linux-x86_64,2026-09-30T17:00:48+00:00
maros-meszaros,dtoc3,4efa5db5f426966bb5b817a36877b9e533667406d65028b62f47ba13a967105e,9998,14999,sankhya,1860864,optimal,,235.26248104981164,235.26248104981164,235.26248,1.049811629627584e-06,4.462299426698145e-09,1,,,primal+dual,1,,1,0.043675489,0.1361349430003429,3,60.0,1,1860864,cloud container (docker); Intel(R) Xeon(R) Processor @ 2.10GHz; 4 cores; 16 GiB RAM; Linux-x86_64,2026-09-30T17:00:49+00:00
maros-meszaros,dtoc3,4efa5db5f426966bb5b817a36877b9e533667406d65028b62f47ba13a967105e,9998,14999,highs,1.15.1,solve error,solve error,,,235.26248,,,0,,,not-run,,,0,0.15671777725219727,0.33011223199991946,-1,60.0,1,1860864,cloud container (docker); Intel(R) Xeon(R) Processor @ 2.10GHz; 4 cores; 16 GiB RAM; Linux-x86_64,2026-09-30T17:00:49+00:00
maros-meszaros,dtoc3,4efa5db5f426966bb5b817a36877b9e533667406d65028b62f47ba13a967105e,9998,14999,scip,,hung,no exit within 120 s,,,235.26248,,,0,,,not-run,,,0,,120.16937710399998,,60.0,1,1860864,cloud container (docker); Intel(R) Xeon(R) Processor @ 2.10GHz; 4 cores; 16 GiB RAM; Linux-x86_64,2026-09-30T17:00:49+00:00
maros-meszaros,dtoc3,4efa5db5f426966bb5b817a36877b9e533667406d65028b62f47ba13a967105e,9998,14999,cbc-clp,1.17.9,optimal,Optimal,235.26248103397774,235.26248102896486,235.26248,1.0289648457728617e-06,4.373688680714671e-09,1,,,primal+dual,1,,1,0.13136270099994363,0.13136270099994363,18,60.0,1,1860864,cloud container (docker); Intel(R) Xeon(R) Processor @ 2.10GHz; 4 cores; 16 GiB RAM; Linux-x86_64,2026-09-30T17:00:49+00:00
maros-meszaros,dtoc3,4efa5db5f426966bb5b817a36877b9e533667406d65028b62f47ba13a967105e,9998,14999,glpk,,unsupported,no quadratic objective in GLPK,,,235.26248,,,0,,,unsupported,,,0,,,,60.0,1,1860864,cloud container (docker); Intel(R) Xeon(R) Processor @ 2.10GHz; 4 cores; 16 GiB RAM; Linux-x86_64,2026-09-30T17:00:49+00:00
maros-meszaros,dual1,c165e806991da952d0dae38a289490a82771f1b6342984618ac5ae6478662ea9,1,85,sankhya,1860864,optimal,,0.03501296613770789,0.03501296613770767,0.035012966,1.3770767165466324e-10,1.3770767165466324e-10,1,,,primal+dual,1,,1,0.008277306,0.015776348000144935,16,60.0,1,1860864,cloud container (docker); Intel(R) Xeon(R) Processor @ 2.10GHz; 4 cores; 16 GiB RAM; Linux-x86_64,2026-09-30T17:02:51+00:00
maros-meszaros,dual1,c165e806991da952d0dae38a289490a82771f1b6342984618ac5ae6478662ea9,1,85,highs,1.15.1,optimal,optimal,0.03501296573347797,0.03501296573347748,0.035012966,2.665225193321241e-10,2.665225193321241e-10,1,,,primal+dual,1,,1,0.0024602413177490234,0.14765382399991722,163,60.0,1,1860864,cloud container (docker); Intel(R) Xeon(R) Processor @ 2.10GHz; 4 cores; 16 GiB RAM; Linux-x86_64,2026-09-30T17:02:51+00:00
maros-meszaros,dual1,c165e806991da952d0dae38a289490a82771f1b6342984618ac5ae6478662ea9,1,85,scip,10.0.2,optimal,optimal,0.03501290376898709,0.03501300191821924,0.035012966,3.5918219239150506e-08,3.5918219239150506e-08,1,,,primal-only,0,"[FAIL] objective           recomputed 3.501300191822e-02, solver said 3.501290376899e-02, difference 9.815e-08",0,49.476499,49.6536083320002,182047,60.0,1,1860864,cloud container (docker); Intel(R) Xeon(R) Processor @ 2.10GHz; 4 cores; 16 GiB RAM; Linux-x86_64,2026-09-30T17:02:51+00:00
maros-meszaros,dual1,c165e806991da952d0dae38a289490a82771f1b6342984618ac5ae6478662ea9,1,85,cbc-clp,1.17.9,optimal,Optimal,0.03501296699662932,0.035012973240120766,0.035012966,7.240120766804914e-09,7.240120766804914e-09,1,,,primal+dual,0,"[FAIL] objective                   recomputed 3.501297324012e-02, solver said 3.501296699663e-02, difference 6.243e-09",0,0.007571594000182813,0.007571594000182813,28,60.0,1,1860864,cloud container (docker); Intel(R) Xeon(R) Processor @ 2.10GHz; 4 cores; 16 GiB RAM; Linux-x86_64,2026-09-30T17:02:51+00:00
maros-meszaros,dual1,c165e806991da952d0dae38a289490a82771f1b6342984618ac5ae6478662ea9,1,85,glpk,,unsupported,no quadratic objective in GLPK,,,0.035012966,,,0,,,unsupported,,,0,,,,60.0,1,1860864,cloud container (docker); Intel(R) Xeon(R) Processor @ 2.10GHz; 4 cores; 16 GiB RAM; Linux-x86_64,2026-09-30T17:02:51+00:00
maros-meszaros,dual2,53f2a1294dc37eea4b85a28316d963e60e64a2eec8caaafecad8384060a4735d,1,96,sankhya,1860864,optimal,,0.03373367613072648,0.03373367613072675,0.033733676,1.3072675580927395e-10,1.3072675580927395e-10,1,,,primal+dual,1,,1,0.008195508,0.01412296199987395,14,60.0,1,1860864,cloud container (docker); Intel(R) Xeon(R) Processor @ 2.10GHz; 4 cores; 16 GiB RAM; Linux-x86_64,2026-09-30T17:03:41+00:00
maros-meszaros,dual2,53f2a1294dc37eea4b85a28316d963e60e64a2eec8caaafecad8384060a4735d,1,96,highs,1.15.1,optimal,optimal,0.03373367612271829,0.03373367612271854,0.033733676,1.227185436603051e-10,1.227185436603051e-10,1,,,primal+dual,1,,1,0.003192901611328125,0.13821833200017863,194,60.0,1,1860864,cloud container (docker); Intel(R) Xeon(R) Processor @ 2.10GHz; 4 cores; 16 GiB RAM; Linux-x86_64,2026-09-30T17:03:41+00:00
maros-meszaros,dual2,53f2a1294dc37eea4b85a28316d963e60e64a2eec8caaafecad8384060a4735d,1,96,scip,10.0.2,time_limit,timelimit,,,0.033733676,,,0,,,not-run,,,0,60.001651,60.18264902100009,279069,60.0,1,1860864,cloud container (docker); Intel(R) Xeon(R) Processor @ 2.10GHz; 4 cores; 16 GiB RAM; Linux-x86_64,2026-09-30T17:03:41+00:00
maros-meszaros,dual2,53f2a1294dc37eea4b85a28316d963e60e64a2eec8caaafecad8384060a4735d,1,96,cbc-clp,1.17.9,optimal,Optimal,0.03373363953784925,0.03373368025771148,0.033733676,4.257711481991944e-09,4.257711481991944e-09,1,,,primal+dual,0,"[FAIL] objective                   recomputed 3.373368025771e-02, solver said 3.373363953785e-02, difference 4.072e-08",0,0.00840045699987968,0.00840045699987968,24,60.0,1,1860864,cloud container (docker); Intel(R) Xeon(R) Processor @ 2.10GHz; 4 cores; 16 GiB RAM; Linux-x86_64,2026-09-30T17:03:41+00:00
maros-meszaros,dual2,53f2a1294dc37eea4b85a28316d963e60e64a2eec8caaafecad8384060a4735d,1,96,glpk,,unsupported,no quadratic objective in GLPK,,,0.033733676,,,0,,,unsupported,,,0,,,,60.0,1,1860864,cloud container (docker); Intel(R) Xeon(R) Processor @ 2.10GHz; 4 cores; 16 GiB RAM; Linux-x86_64,2026-09-30T17:03:41+00:00
maros-meszaros,dual3,93f1c373146281bc484ae0c6183c57e7be579453ce83991e2444077cbc728b55,1,111,sankhya,1860864,optimal,,0.13575583706317434,0.1357558370631739,0.13575584,2.936826087873712e-09,2.936826087873712e-09,1,,,primal+dual,1,,1,0.01531014,0.02187273300023662,18,60.0,1,1860864,cloud container (docker); Intel(R) Xeon(R) Processor @ 2.10GHz; 4 cores; 16 GiB RAM; Linux-x86_64,2026-09-30T17:04:41+00:00
maros-meszaros,dual3,93f1c373146281bc484ae0c6183c57e7be579453ce83991e2444077cbc728b55,1,111,highs,1.15.1,optimal,optimal,0.13575583686602166,0.13575583686602097,0.13575584,3.1339790207418616e-09,3.1339790207418616e-09,1,,,primal+dual,1,,1,0.0039327144622802734,0.1301985660002174,207,60.0,1,1860864,cloud container (docker); Intel(R) Xeon(R) Processor @ 2.10GHz; 4 cores; 16 GiB RAM; Linux-x86_64,2026-09-30T17:04:41+00:00
maros-meszaros,dual3,93f1c373146281bc484ae0c6183c57e7be579453ce83991e2444077cbc728b55,1,111,scip,10.0.2,time_limit,timelimit,,,0.13575584,,,0,,,not-run,,,0,60.001528,60.20230849800009,244637,60.0,1,1860864,cloud container (docker); Intel(R) Xeon(R) Processor @ 2.10GHz; 4 cores; 16 GiB RAM; Linux-x86_64,2026-09-30T17:04:41+00:00
maros-meszaros,dual3,93f1c373146281bc484ae0c6183c57e7be579453ce83991e2444077cbc728b55,1,111,cbc-clp,1.17.9,optimal,Optimal,0.1357558322585242,0.13575584457707227,0.13575584,4.577072276745753e-09,4.577072276745753e-09,1,,,primal+dual,0,"[FAIL] objective                   recomputed 1.357558445771e-01, solver said 1.357558322585e-01, difference 1.232e-08",0,0.013291014000060386,0.013291014000060386,24,60.0,1,1860864,cloud container (docker); Intel(R) Xeon(R) Processor @ 2.10GHz; 4 cores; 16 GiB RAM; Linux-x86_64,2026-09-30T17:04:41+00:00
maros-meszaros,dual3,93f1c373146281bc484ae0c6183c57e7be579453ce83991e2444077cbc728b55,1,111,glpk,,unsupported,no quadratic objective in GLPK,,,0.13575584,,,0,,,unsupported,,,0,,,,60.0,1,1860864,cloud container (docker); Intel(R) Xeon(R) Processor @ 2.10GHz; 4 cores; 16 GiB RAM; Linux-x86_64,2026-09-30T17:04:41+00:00
maros-meszaros,dual4,f6656ad52db385831aef4c04069f99328f0e646e929404f3a2b5c15e6a836dd1,1,75,sankhya,1860864,optimal,,0.7460908418021506,0.7460908418021505,0.74609084,1.8021504288867618e-09,1.8021504288867618e-09,1,,,primal+dual,1,,1,0.004571582,0.009787790999780555,16,60.0,1,1860864,cloud container (docker); Intel(R) Xeon(R) Processor @ 2.10GHz; 4 cores; 16 GiB RAM; Linux-x86_64,2026-09-30T17:05:42+00:00
maros-meszaros,dual4,f6656ad52db385831aef4c04069f99328f0e646e929404f3a2b5c15e6a836dd1,1,75,highs,1.15.1,optimal,optimal,0.7460908418021004,0.7460908418021002,0.74609084,1.8021001357837463e-09,1.8021001357837463e-09,1,,,primal+dual,1,,1,0.0018630027770996094,0.13084225700004026,122,60.0,1,1860864,cloud container (docker); Intel(R) Xeon(R) Processor @ 2.10GHz; 4 cores; 16 GiB RAM; Linux-x86_64,2026-09-30T17:05:42+00:00
maros-meszaros,dual4,f6656ad52db385831aef4c04069f99328f0e646e929404f3a2b5c15e6a836dd1,1,75,scip,10.0.2,optimal,optimal,0.7460907878984288,0.7460908862230744,0.74609084,4.6223074368079153e-08,4.6223074368079153e-08,1,,,primal-only,0,"[FAIL] objective           recomputed 7.460908862231e-01, solver said 7.460907878984e-01, difference 9.832e-08",0,57.521664,57.67949013599991,212596,60.0,1,1860864,cloud container (docker); Intel(R) Xeon(R) Processor @ 2.10GHz; 4 cores; 16 GiB RAM; Linux-x86_64,2026-09-30T17:05:42+00:00
maros-meszaros,dual4,f6656ad52db385831aef4c04069f99328f0e646e929404f3a2b5c15e6a836dd1,1,75,cbc-clp,1.17.9,optimal,Optimal,0.7460908249190512,0.746090849197382,0.74609084,9.197381967140927e-09,9.197381967140927e-09,1,,,primal+dual,0,"[FAIL] objective                   recomputed 7.460908491974e-01, solver said 7.460908249191e-01, difference 2.428e-08",0,0.014365196999733598,0.014365196999733598,24,60.0,1,1860864,cloud container (docker); Intel(R) Xeon(R) Processor @ 2.10GHz; 4 cores; 16 GiB RAM; Linux-x86_64,2026-09-30T17:05:42+00:00
maros-meszaros,dual4,f6656ad52db385831aef4c04069f99328f0e646e929404f3a2b5c15e6a836dd1,1,75,glpk,,unsupported,no quadratic objective in GLPK,,,0.74609084,,,0,,,unsupported,,,0,,,,60.0,1,1860864,cloud container (docker); Intel(R) Xeon(R) Processor @ 2.10GHz; 4 cores; 16 GiB RAM; Linux-x86_64,2026-09-30T17:05:42+00:00
maros-meszaros,dualc1,52afa052a0aedf1c8b2398b179d564ba8f15a8e5e72420978e129a221c9ce8ff,215,9,sankhya,1860864,optimal,,6155.25082948099,6155.25082948099,6155.2508,2.9480990633601323e-05,4.789567735176822e-09,1,,,primal+dual,1,,1,0.000428357,0.005599174000053608,14,60.0,1,1860864,cloud container (docker); Intel(R) Xeon(R) Processor @ 2.10GHz; 4 cores; 16 GiB RAM; Linux-x86_64,2026-09-30T17:06:40+00:00
maros-meszaros,dualc1,52afa052a0aedf1c8b2398b179d564ba8f15a8e5e72420978e129a221c9ce8ff,215,9,highs,1.15.1,optimal,optimal,6155.250829462688,6155.250829462689,6155.2508,2.9462688871717546e-05,4.786594377554453e-09,1,,,primal+dual,1,,1,0.001659393310546875,0.12804423499983386,14,60.0,1,1860864,cloud container (docker); Intel(R) Xeon(R) Processor @ 2.10GHz; 4 cores; 16 GiB RAM; Linux-x86_64,2026-09-30T17:06:40+00:00
maros-meszaros,dualc1,52afa052a0aedf1c8b2398b179d564ba8f15a8e5e72420978e129a221c9ce8ff,215,9,scip,10.0.2,optimal,optimal,6155.209248007286,6155.209247969983,6155.2508,0.04155203001664631,6.75066400489259e-06,0,,,primal-only,1,,0,0.015297,0.1514955809998355,25,60.0,1,1860864,cloud container (docker); Intel(R) Xeon(R) Processor @ 2.10GHz; 4 cores; 16 GiB RAM; Linux-x86_64,2026-09-30T17:06:40+00:00
maros-meszaros,dualc1,52afa052a0aedf1c8b2398b179d564ba8f15a8e5e72420978e129a221c9ce8ff,215,9,cbc-clp,1.17.9,optimal,Optimal,6155.250829462684,6155.250829462686,6155.2508,2.946268614323344e-05,4.7865939342769655e-09,1,,,primal+dual,1,,1,0.03127180800038332,0.03127180800038332,24,60.0,1,1860864,cloud container (docker); Intel(R) Xeon(R) Processor @ 2.10GHz; 4 cores; 16 GiB RAM; Linux-x86_64,2026-09-30T17:06:40+00:00
maros-meszaros,dualc1,52afa052a0aedf1c8b2398b179d564ba8f15a8e5e72420978e129a221c9ce8ff,215,9,glpk,,unsupported,no quadratic objective in GLPK,,,6155.2508,,,0,,,unsupported,,,0,,,,60.0,1,1860864,cloud container (docker); Intel(R) Xeon(R) Processor @ 2.10GHz; 4 cores; 16 GiB RAM; Linux-x86_64,2026-09-30T17:06:40+00:00
maros-meszaros,dualc2,da818670a4ebdbede82540bf6362f6efc1ab06144d293c6d43c6695e0cacd2aa,229,7,sankhya,1860864,optimal,,3551.3076926667077,3551.3076926667068,3551.3077,7.333293069677893e-06,2.0649556977780024e-09,1,,,primal+dual,1,,1,0.000185711,0.004470330000003742,10,60.0,1,1860864,cloud container (docker); Intel(R) Xeon(R) Processor @ 2.10GHz; 4 cores; 16 GiB RAM; Linux-x86_64,2026-09-30T17:06:41+00:00
maros-meszaros,dualc2,da818670a4ebdbede82540bf6362f6efc1ab06144d293c6d43c6695e0cacd2aa,229,7,highs,1.15.1,optimal,optimal,3551.3076926706444,3551.3076926706453,3551.3077,7.329354502871865e-06,2.063846650875075e-09,1,,,primal+dual,1,,1,0.0015244483947753906,0.11887600899990503,15,60.0,1,1860864,cloud container (docker); Intel(R) Xeon(R) Processor @ 2.10GHz; 4 cores; 16 GiB RAM; Linux-x86_64,2026-09-30T17:06:41+00:00
maros-meszaros,dualc2,da818670a4ebdbede82540bf6362f6efc1ab06144d293c6d43c6695e0cacd2aa,229,7,scip,10.0.2,optimal,optimal,3551.3044928546897,3551.3044928536224,3551.3077,0.0032071463774627773,9.030888473738217e-07,1,,,primal-only,1,,1,0.01842,0.1568535400001565,39,60.0,1,1860864,cloud container (docker); Intel(R) Xeon(R) Processor @ 2.10GHz; 4 cores; 16 GiB RAM; Linux-x86_64,2026-09-30T17:06:41+00:00
maros-meszaros,dualc2,da818670a4ebdbede82540bf6362f6efc1ab06144d293c6d43c6695e0cacd2aa,229,7,cbc-clp,1.17.9,optimal,Optimal,3551.3076926706435,3551.3076926706426,3551.3077,7.329357231355971e-06,2.0638474191791297e-09,1,,,primal+dual,1,,1,0.031661393999911525,0.031661393999911525,23,60.0,1,1860864,cloud container (docker); Intel(R) Xeon(R) Processor @ 2.10GHz; 4 cores; 16 GiB RAM; Linux-x86_64,2026-09-30T17:06:41+00:00
maros-meszaros,dualc2,da818670a4ebdbede82540bf6362f6efc1ab06144d293c6d43c6695e0cacd2aa,229,7,glpk,,unsupported,no quadratic objective in GLPK,,,3551.3077,,,0,,,unsupported,,,0,,,,60.0,1,1860864,cloud container (docker); Intel(R) Xeon(R) Processor @ 2.10GHz; 4 cores; 16 GiB RAM; Linux-x86_64,2026-09-30T17:06:41+00:00
maros-meszaros,dualc5,39b045ef5174a7b779c0dc433d6ea527333e71e34640190de1add9d036bb1c8f,278,8,sankhya,1860864,optimal,,427.232326832792,427.23232683279184,427.23233,3.16720814907967e-06,7.413315722337001e-09,1,,,primal+dual,1,,1,0.000140168,0.005107922999741277,9,60.0,1,1860864,cloud container (docker); Intel(R) Xeon(R) Processor @ 2.10GHz; 4 cores; 16 GiB RAM; Linux-x86_64,2026-09-30T17:06:41+00:00
maros-meszaros,dualc5,39b045ef5174a7b779c0dc433d6ea527333e71e34640190de1add9d036bb1c8f,278,8,highs,1.15.1,optimal,optimal,427.23232677638873,427.2323267763888,427.23233,3.2236112019745633e-06,7.545335349444559e-09,1,,,primal+dual,1,,1,0.001491546630859375,0.13554211000018768,11,60.0,1,1860864,cloud container (docker); Intel(R) Xeon(R) Processor @ 2.10GHz; 4 cores; 16 GiB RAM; Linux-x86_64,2026-09-30T17:06:41+00:00
maros-meszaros,dualc5,39b045ef5174a7b779c0dc433d6ea527333e71e34640190de1add9d036bb1c8f,278,8,scip,10.0.2,optimal,optimal,427.2322990199679,427.2322990298236,427.23233,3.0970176396749594e-05,7.249024528820091e-08,1,,,primal-only,1,,1,0.078984,0.2093956859998798,116,60.0,1,1860864,cloud container (docker); Intel(R) Xeon(R) Processor @ 2.10GHz; 4 cores; 16 GiB RAM; Linux-x86_64,2026-09-30T17:06:41+00:00
maros-meszaros,dualc5,39b045ef5174a7b779c0dc433d6ea527333e71e34640190de1add9d036bb1c8f,278,8,cbc-clp,1.17.9,optimal,Optimal,427.23232677638913,427.232326776389,427.23233,3.223610974600888e-06,7.545334817243086e-09,1,,,primal+dual,1,,1,0.04036445499968977,0.04036445499968977,15,60.0,1,1860864,cloud container (docker); Intel(R) Xeon(R) Processor @ 2.10GHz; 4 cores; 16 GiB RAM; Linux-x86_64,2026-09-30T17:06:41+00:00
maros-meszaros,dualc5,39b045ef5174a7b779c0dc433d6ea527333e71e34640190de1add9d036bb1c8f,278,8,glpk,,unsupported,no quadratic objective in GLPK,,,427.23233,,,0,,,unsupported,,,0,,,,60.0,1,1860864,cloud container (docker); Intel(R) Xeon(R) Processor @ 2.10GHz; 4 cores; 16 GiB RAM; Linux-x86_64,2026-09-30T17:06:41+00:00
maros-meszaros,dualc8,89803bc784662170530ae8ab265cb2a4703bbef287085703c4e6af0d8aeda4a8,503,8,sankhya,1860864,optimal,,18309.358832822145,18309.358832822134,18309.359,0.00016717786638764665,9.13073288844501e-09,1,,,primal+dual,1,,1,0.000250644,0.0061621600002581545,10,60.0,1,1860864,cloud container (docker); Intel(R) Xeon(R) Processor @ 2.10GHz; 4 cores; 16 GiB RAM; Linux-x86_64,2026-09-30T17:06:42+00:00
maros-meszaros,dualc8,89803bc784662170530ae8ab265cb2a4703bbef287085703c4e6af0d8aeda4a8,503,8,highs,1.15.1,optimal,optimal,18309.358832734157,18309.358832734153,18309.359,0.00016726584726711735,9.1355381292768e-09,1,,,primal+dual,1,,1,0.0027015209197998047,0.1425863610002125,8,60.0,1,1860864,cloud container (docker); Intel(R) Xeon(R) Processor @ 2.10GHz; 4 cores; 16 GiB RAM; Linux-x86_64,2026-09-30T17:06:42+00:00
maros-meszaros,dualc8,89803bc784662170530ae8ab265cb2a4703bbef287085703c4e6af0d8aeda4a8,503,8,scip,10.0.2,optimal,optimal,18309.357655398828,18309.35765540589,18309.359,0.0013445941112877335,7.343753057044397e-08,1,,,primal-only,1,,1,0.048636,0.18128375599962965,42,60.0,1,1860864,cloud container (docker); Intel(R) Xeon(R) Processor @ 2.10GHz; 4 cores; 16 GiB RAM; Linux-x86_64,2026-09-30T17:06:42+00:00
maros-meszaros,dualc8,89803bc784662170530ae8ab265cb2a4703bbef287085703c4e6af0d8aeda4a8,503,8,cbc-clp,1.17.9,optimal,Optimal,18309.35883273412,18309.35883273415,18309.359,0.00016726585090509616,9.13553832797184e-09,1,,,primal+dual,1,,1,0.25046435500007647,0.25046435500007647,24,60.0,1,1860864,cloud container (docker); Intel(R) Xeon(R) Processor @ 2.10GHz; 4 cores; 16 GiB RAM; Linux-x86_64,2026-09-30T17:06:42+00:00
maros-meszaros,dualc8,89803bc784662170530ae8ab265cb2a4703bbef287085703c4e6af0d8aeda4a8,503,8,glpk,,unsupported,no quadratic objective in GLPK,,,18309.359,,,0,,,unsupported,,,0,,,,60.0,1,1860864,cloud container (docker); Intel(R) Xeon(R) Processor @ 2.10GHz; 4 cores; 16 GiB RAM; Linux-x86_64,2026-09-30T17:06:42+00:00
maros-meszaros,exdata,52ff38200a11eab611af9eb5fbf4eab03b8c6f1136227952d5c87e5e3909b7b8,3001,3000,sankhya,1860864,optimal,,-141.84343216818314,-141.84343216821898,-141.84343,2.1682189697003196e-06,1.5286002105986294e-08,1,,,primal+dual,1,,1,10.803697789,11.800570554999922,14,60.0,1,1860864,cloud container (docker); Intel(R) Xeon(R) Processor @ 2.10GHz; 4 cores; 16 GiB RAM; Linux-x86_64,2026-09-30T17:06:45+00:00
maros-meszaros,exdata,52ff38200a11eab611af9eb5fbf4eab03b8c6f1136227952d5c87e5e3909b7b8,3001,3000,highs,1.15.1,optimal,optimal,-141.84343216504675,-141.8434321650414,-141.84343,2.165041394164291e-06,1.526360011291528e-08,1,,,primal+dual,0,[FAIL] dual feasibility (columns)  worst 1.000e-06 (1.000e-06 relative) on bs47; [FAIL] complementary slackness     worst |multiplier| * slack = 1.000e-05 on bs249,0,4.3438684940338135,5.681505001999994,8173,60.0,1,1860864,cloud container (docker); Intel(R) Xeon(R) Processor @ 2.10GHz; 4 cores; 16 GiB RAM; Linux-x86_64,2026-09-30T17:06:45+00:00
maros-meszaros,exdata,52ff38200a11eab611af9eb5fbf4eab03b8c6f1136227952d5c87e5e3909b7b8,3001,3000,scip,,crashed,OSError: SCIP: read error!,,,-141.84343,,,0,,,not-run,,,0,,0.14447993199974007,,60.0,1,1860864,cloud container (docker); Intel(R) Xeon(R) Processor @ 2.10GHz; 4 cores; 16 GiB RAM; Linux-x86_64,2026-09-30T17:06:45+00:00
maros-meszaros,exdata,52ff38200a11eab611af9eb5fbf4eab03b8c6f1136227952d5c87e5e3909b7b8,3001,3000,cbc-clp,1.17.9,optimal,Optimal,-141.8434317871755,-141.8434318146561,-141.84343,1.81465608761755e-06,1.2793374269203374e-08,1,,,primal+dual,1,,1,60.97188034800001,60.97188034800001,24,60.0,1,1860864,cloud container (docker); Intel(R) Xeon(R) Processor @ 2.10GHz; 4 cores; 16 GiB RAM; Linux-x86_64,2026-09-30T17:06:45+00:00
maros-meszaros,exdata,52ff38200a11eab611af9eb5fbf4eab03b8c6f1136227952d5c87e5e3909b7b8,3001,3000,glpk,,unsupported,no quadratic objective in GLPK,,,-141.84343,,,0,,,unsupported,,,0,,,,60.0,1,1860864,cloud container (docker); Intel(R) Xeon(R) Processor @ 2.10GHz; 4 cores; 16 GiB RAM; Linux-x86_64,2026-09-30T17:06:45+00:00
maros-meszaros,genhs28,acadeb848d71d7ccace41451d78e6cf710a985daaa265e84debbff010c5a1560,8,10,sankhya,1860864,optimal,,0.9271736943813085,0.9271736943813086,0.92717369,4.381308538192741e-09,4.381308538192741e-09,1,,,primal+dual,1,,1,7.2848e-05,0.003592084999581857,1,60.0,1,1860864,cloud container (docker); Intel(R) Xeon(R) Processor @ 2.10GHz; 4 cores; 16 GiB RAM; Linux-x86_64,2026-09-30T17:08:15+00:00
maros-meszaros,genhs28,acadeb848d71d7ccace41451d78e6cf710a985daaa265e84debbff010c5a1560,8,10,highs,1.15.1,optimal,optimal,0.9271736937663909,0.927173693766391,0.92717369,3.766390976878142e-09,3.766390976878142e-09,1,,,primal+dual,1,,1,0.0005612373352050781,0.13954864900006214,1,60.0,1,1860864,cloud container (docker); Intel(R) Xeon(R) Processor @ 2.10GHz; 4 cores; 16 GiB RAM; Linux-x86_64,2026-09-30T17:08:15+00:00
maros-meszaros,genhs28,acadeb848d71d7ccace41451d78e6cf710a985daaa265e84debbff010c5a1560,8,10,scip,10.0.2,optimal,optimal,0.927173650075563,0.9271737444167901,0.92717369,5.441679007400779e-08,5.441679007400779e-08,1,,,primal-only,0,"[FAIL] objective           recomputed 9.271737444168e-01, solver said 9.271736500756e-01, difference 9.434e-08",0,0.016878,0.14737125400006335,49,60.0,1,1860864,cloud container (docker); Intel(R) Xeon(R) Processor @ 2.10GHz; 4 cores; 16 GiB RAM; Linux-x86_64,2026-09-30T17:08:15+00:00
maros-meszaros,genhs28,acadeb848d71d7ccace41451d78e6cf710a985daaa265e84debbff010c5a1560,8,10,cbc-clp,1.17.9,optimal,Optimal,0.9271736934022243,0.9271736941232102,0.92717369,4.123210106676822e-09,4.123210106676822e-09,1,,,primal+dual,1,,1,0.004699500000242551,0.004699500000242551,10,60.0,1,1860864,cloud container (docker); Intel(R) Xeon(R) Processor @ 2.10GHz; 4 cores; 16 GiB RAM; Linux-x86_64,2026-09-30T17:08:15+00:00
maros-meszaros,genhs28,acadeb848d71d7ccace41451d78e6cf710a985daaa265e84debbff010c5a1560,8,10,glpk,,unsupported,no quadratic objective in GLPK,,,0.92717369,,,0,,,unsupported,,,0,,,,60.0,1,1860864,cloud container (docker); Intel(R) Xeon(R) Processor @ 2.10GHz; 4 cores; 16 GiB RAM; Linux-x86_64,2026-09-30T17:08:15+00:00
maros-meszaros,gouldqp2,a786b3cc98cb4c75397de32bf7ff6105e562473dd3fe286ef77e4fd79b60f6c9,349,699,sankhya,1860864,optimal,,0.00018427451682646867,0.0001842745168264717,0.00018427534,8.231735282835956e-10,8.231735282835956e-10,1,,,primal+dual,1,,1,0.004290619,0.010539064000113285,14,60.0,1,1860864,cloud container (docker); Intel(R) Xeon(R) Processor @ 2.10GHz; 4 cores; 16 GiB RAM; Linux-x86_64,2026-09-30T17:08:15+00:00
maros-meszaros,gouldqp2,a786b3cc98cb4c75397de32bf7ff6105e562473dd3fe286ef77e4fd79b60f6c9,349,699,highs,1.15.1,optimal,optimal,0.00018820251727912074,0.0001882025172791524,0.00018427534,3.927177279152409e-06,3.927177279152409e-06,0,,,primal+dual,0,"[FAIL] strong duality              primal 1.882025172792e-04  dual 1.596021559707e-04  gap 2.860e-05 (relative 2.860e-05), 8.530e-06 of it from per-item violations accepted above",0,0.18381381034851074,0.32050811699991755,2755,60.0,1,1860864,cloud container (docker); Intel(R) Xeon(R) Processor @ 2.10GHz; 4 cores; 16 GiB RAM; Linux-x86_64,2026-09-30T17:08:15+00:00
maros-meszaros,gouldqp2,a786b3cc98cb4c75397de32bf7ff6105e562473dd3fe286ef77e4fd79b60f6c9,349,699,scip,10.0.2,time_limit,timelimit,,,0.00018427534,,,0,,,not-run,,,0,60.000287,60.1534496309996,486180,60.0,1,1860864,cloud container (docker); Intel(R) Xeon(R) Processor @ 2.10GHz; 4 cores; 16 GiB RAM; Linux-x86_64,2026-09-30T17:08:15+00:00
maros-meszaros,gouldqp2,a786b3cc98cb4c75397de32bf7ff6105e562473dd3fe286ef77e4fd79b60f6c9,349,699,cbc-clp,1.17.9,optimal,Optimal,0.000183713376480484,0.0001842745033925223,0.00018427534,8.366074776846276e-10,8.366074776846276e-10,1,,,primal+dual,0,"[FAIL] objective                   recomputed 1.842745033925e-04, solver said 1.837133764805e-04, difference 5.611e-07",0,0.22668061900003522,0.22668061900003522,30,60.0,1,1860864,cloud container (docker); Intel(R) Xeon(R) Processor @ 2.10GHz; 4 cores; 16 GiB RAM; Linux-x86_64,2026-09-30T17:08:15+00:00
maros-meszaros,gouldqp2,a786b3cc98cb4c75397de32bf7ff6105e562473dd3fe286ef77e4fd79b60f6c9,349,699,glpk,,unsupported,no quadratic objective in GLPK,,,0.00018427534,,,0,,,unsupported,,,0,,,,60.0,1,1860864,cloud container (docker); Intel(R) Xeon(R) Processor @ 2.10GHz; 4 cores; 16 GiB RAM; Linux-x86_64,2026-09-30T17:08:15+00:00
maros-meszaros,gouldqp3,4b2629a5589d9543515ef77023a904545efeeb9feb6a27a84b0f652ad4c936f9,349,699,sankhya,1860864,optimal,,2.0627840381021088,2.0627840381166607,2.062784,3.81166604945804e-08,1.8478260687779426e-08,1,,,primal+dual,1,,1,0.00441583,0.0127101580001181,7,60.0,1,1860864,cloud container (docker); Intel(R) Xeon(R) Processor @ 2.10GHz; 4 cores; 16 GiB RAM; Linux-x86_64,2026-09-30T17:09:16+00:00
maros-meszaros,gouldqp3,4b2629a5589d9543515ef77023a904545efeeb9feb6a27a84b0f652ad4c936f9,349,699,highs,1.15.1,optimal,optimal,2.062783971803583,2.0627839717126335,2.062784,2.8287366671264635e-08,1.3713198605023422e-08,1,,,primal+dual,0,"[FAIL] strong duality              primal 2.062783971713e+00  dual 2.062776572639e+00  gap 7.399e-06 (relative 3.587e-06), 6.220e-06 of it from per-item violations accepted above",0,0.04815411567687988,0.26981553099994926,1394,60.0,1,1860864,cloud container (docker); Intel(R) Xeon(R) Processor @ 2.10GHz; 4 cores; 16 GiB RAM; Linux-x86_64,2026-09-30T17:09:16+00:00
maros-meszaros,gouldqp3,4b2629a5589d9543515ef77023a904545efeeb9feb6a27a84b0f652ad4c936f9,349,699,scip,10.0.2,time_limit,timelimit,,,2.062784,,,0,,,not-run,,,0,60.000337,60.172978968999814,307322,60.0,1,1860864,cloud container (docker); Intel(R) Xeon(R) Processor @ 2.10GHz; 4 cores; 16 GiB RAM; Linux-x86_64,2026-09-30T17:09:16+00:00
maros-meszaros,gouldqp3,4b2629a5589d9543515ef77023a904545efeeb9feb6a27a84b0f652ad4c936f9,349,699,cbc-clp,1.17.9,optimal,Optimal,2.062783970912278,2.0627839714070433,2.062784,2.859295689106034e-08,1.3861343161019446e-08,1,,,primal+dual,1,,1,0.26552211399985026,0.26552211399985026,24,60.0,1,1860864,cloud container (docker); Intel(R) Xeon(R) Processor @ 2.10GHz; 4 cores; 16 GiB RAM; Linux-x86_64,2026-09-30T17:09:16+00:00
maros-meszaros,gouldqp3,4b2629a5589d9543515ef77023a904545efeeb9feb6a27a84b0f652ad4c936f9,349,699,glpk,,unsupported,no quadratic objective in GLPK,,,2.062784,,,0,,,unsupported,,,0,,,,60.0,1,1860864,cloud container (docker); Intel(R) Xeon(R) Processor @ 2.10GHz; 4 cores; 16 GiB RAM; Linux-x86_64,2026-09-30T17:09:16+00:00
maros-meszaros,hs118,78bdddede419c9fe212edc9d5725876fb307a83eb338815f8ebe8bdc0f633040,17,15,sankhya,1860864,optimal,,664.8204500012898,664.8204500012898,664.82045,1.2897771739517339e-09,1.9400383576524063e-12,1,,,primal+dual,1,,1,0.000224899,0.004656376999719214,10,60.0,1,1860864,cloud container (docker); Intel(R) Xeon(R) Processor @ 2.10GHz; 4 cores; 16 GiB RAM; Linux-x86_64,2026-09-30T17:10:17+00:00
maros-meszaros,hs118,78bdddede419c9fe212edc9d5725876fb307a83eb338815f8ebe8bdc0f633040,17,15,highs,1.15.1,optimal,optimal,664.8204499999999,664.8204499999999,664.82045,1.1368683772161603e-13,1.7100382174106712e-16,1,,,primal+dual,0,"[FAIL] complementary slackness     worst |multiplier| * slack = 3.591e-04 on C------8; [FAIL] strong duality              primal 6.648204500000e+02  dual 6.648187602000e+02  gap 1.690e-03 (relative 2.542e-06), 1.455e-03 of it from per-item violations accepted above",0,0.0007250308990478516,0.12457088799965277,25,60.0,1,1860864,cloud container (docker); Intel(R) Xeon(R) Processor @ 2.10GHz; 4 cores; 16 GiB RAM; Linux-x86_64,2026-09-30T17:10:17+00:00
maros-meszaros,hs118,78bdddede419c9fe212edc9d5725876fb307a83eb338815f8ebe8bdc0f633040,17,15,scip,10.0.2,optimal,optimal,664.8204488258572,664.8204488358314,664.82045,1.1641686796792783e-06,1.751102391148284e-09,1,,,primal-only,1,,1,0.008784,0.13260494300038772,44,60.0,1,1860864,cloud container (docker); Intel(R) Xeon(R) Processor @ 2.10GHz; 4 cores; 16 GiB RAM; Linux-x86_64,2026-09-30T17:10:17+00:00
maros-meszaros,hs118,78bdddede419c9fe212edc9d5725876fb307a83eb338815f8ebe8bdc0f633040,17,15,cbc-clp,1.17.9,optimal,Optimal,664.8204499994575,664.8204500071964,664.82045,7.196376827778295e-09,1.0824541916209549e-11,1,,,primal+dual,1,,1,0.004907169000034628,0.004907169000034628,22,60.0,1,1860864,cloud container (docker); Intel(R) Xeon(R) Processor @ 2.10GHz; 4 cores; 16 GiB RAM; Linux-x86_64,2026-09-30T17:10:17+00:00
maros-meszaros,hs118,78bdddede419c9fe212edc9d5725876fb307a83eb338815f8ebe8bdc0f633040,17,15,glpk,,unsupported,no quadratic objective in GLPK,,,664.82045,,,0,,,unsupported,,,0,,,,60.0,1,1860864,cloud container (docker); Intel(R) Xeon(R) Processor @ 2.10GHz; 4 cores; 16 GiB RAM; Linux-x86_64,2026-09-30T17:10:17+00:00
maros-meszaros,hs21,2026bc5a854c9e12c3317c0a281268ba74c1233436a2f3540e62bd1dd6d934ec,1,2,sankhya,1860864,optimal,,-99.95999999995965,-99.95999999995965,-99.96,4.034461653645849e-11,4.036076084079481e-13,1,,,primal+dual,1,,1,7.1185e-05,0.0037409700003081525,9,60.0,1,1860864,cloud container (docker); Intel(R) Xeon(R) Processor @ 2.10GHz; 4 cores; 16 GiB RAM; Linux-x86_64,2026-09-30T17:10:18+00:00
maros-meszaros,hs21,2026bc5a854c9e12c3317c0a281268ba74c1233436a2f3540e62bd1dd6d934ec,1,2,highs,1.15.1,optimal,optimal,-99.96,-99.96,-99.96,0.0,0.0,1,,,primal+dual,1,,1,0.0007131099700927734,0.14312882000012905,4,60.0,1,1860864,cloud container (docker); Intel(R) Xeon(R) Processor @ 2.10GHz; 4 cores; 16 GiB RAM; Linux-x86_64,2026-09-30T17:10:18+00:00
maros-meszaros,hs21,2026bc5a854c9e12c3317c0a281268ba74c1233436a2f3540e62bd1dd6d934ec,1,2,scip,10.0.2,optimal,optimal,-99.960000001,-99.96,-99.96,0.0,0.0,1,,,primal-only,1,,1,0.001308,0.129409590999785,0,60.0,1,1860864,cloud container (docker); Intel(R) Xeon(R) Processor @ 2.10GHz; 4 cores; 16 GiB RAM; Linux-x86_64,2026-09-30T17:10:18+00:00
maros-meszaros,hs21,2026bc5a854c9e12c3317c0a281268ba74c1233436a2f3540e62bd1dd6d934ec,1,2,cbc-clp,1.17.9,optimal,Optimal,-99.96000001215965,-99.9599999746232,-99.96,2.537679222314182e-08,2.5386947001942596e-10,1,,,primal+dual,1,,1,0.004559219999919151,0.004559219999919151,28,60.0,1,1860864,cloud container (docker); Intel(R) Xeon(R) Processor @ 2.10GHz; 4 cores; 16 GiB RAM; Linux-x86_64,2026-09-30T17:10:18+00:00
maros-meszaros,hs21,2026bc5a854c9e12c3317c0a281268ba74c1233436a2f3540e62bd1dd6d934ec,1,2,glpk,,unsupported,no quadratic objective in GLPK,,,-99.96,,,0,,,unsupported,,,0,,,,60.0,1,1860864,cloud container (docker); Intel(R) Xeon(R) Processor @ 2.10GHz; 4 cores; 16 GiB RAM; Linux-x86_64,2026-09-30T17:10:18+00:00
maros-meszaros,hs268,5297c2920c31b3c92173e426f3fee31617caebc435aaeac18ad46c780be49b88,5,5,sankhya,1860864,optimal,,2.7042915462516248e-08,2.704655344132334e-08,5.7310705e-07,5.460604965586767e-07,5.460604965586767e-07,1,,,primal+dual,1,,1,0.000185755,0.003533874999902764,11,60.0,1,1860864,cloud container (docker); Intel(R) Xeon(R) Processor @ 2.10GHz; 4 cores; 16 GiB RAM; Linux-x86_64,2026-09-30T17:10:18+00:00
maros-meszaros,hs268,5297c2920c31b3c92173e426f3fee31617caebc435aaeac18ad46c780be49b88,5,5,highs,1.15.1,optimal,optimal,3.637978807091713e-12,1.8189894035458565e-12,5.7310705e-07,5.731052310105965e-07,5.731052310105965e-07,1,,,primal+dual,0,"[FAIL] dual feasibility (columns)  worst 4.000e-07 (4.000e-07 relative) on C------5; [FAIL] strong duality              primal 1.818989403546e-12  dual 3.099996320088e-06  gap 3.100e-06 (relative 3.100e-06), 1.999e-07 of it from per-item violations accepted above",0,0.0006611347198486328,0.12889287899997726,7,60.0,1,1860864,cloud container (docker); Intel(R) Xeon(R) Processor @ 2.10GHz; 4 cores; 16 GiB RAM; Linux-x86_64,2026-09-30T17:10:18+00:00
maros-meszaros,hs268,5297c2920c31b3c92173e426f3fee31617caebc435aaeac18ad46c780be49b88,5,5,scip,10.0.2,time_limit,timelimit,,,5.7310705e-07,,,0,,,not-run,,,0,60.005501,60.30364386100018,3565936,60.0,1,1860864,cloud container (docker); Intel(R) Xeon(R) Processor @ 2.10GHz; 4 cores; 16 GiB RAM; Linux-x86_64,2026-09-30T17:10:18+00:00
maros-meszaros,hs268,5297c2920c31b3c92173e426f3fee31617caebc435aaeac18ad46c780be49b88,5,5,cbc-clp,1.17.9,optimal,Optimal,-5.0367816584184766e-09,3.5104676499031484e-08,5.7310705e-07,5.380023735009685e-07,5.380023735009685e-07,1,,,primal+dual,0,"[FAIL] objective                   recomputed 3.510467649903e-08, solver said -5.036781658418e-09, difference 4.014e-08",0,0.004680950999954803,0.004680950999954803,32,60.0,1,1860864,cloud container (docker); Intel(R) Xeon(R) Processor @ 2.10GHz; 4 cores; 16 GiB RAM; Linux-x86_64,2026-09-30T17:10:18+00:00
maros-meszaros,hs268,5297c2920c31b3c92173e426f3fee31617caebc435aaeac18ad46c780be49b88,5,5,glpk,,unsupported,no quadratic objective in GLPK,,,5.7310705e-07,,,0,,,unsupported,,,0,,,,60.0,1,1860864,cloud container (docker); Intel(R) Xeon(R) Processor @ 2.10GHz; 4 cores; 16 GiB RAM; Linux-x86_64,2026-09-30T17:10:18+00:00
maros-meszaros,hs35,e8ef393def15d86bd4d9a2d463b6a19a4bfd43b71164e27a6e6ecbcf9979cd82,1,3,sankhya,1860864,optimal,,0.11111111179853594,0.11111111179853772,0.11111111,1.7985377215312681e-09,1.7985377215312681e-09,1,,,primal+dual,1,,1,7.5918e-05,0.0032786619999569666,6,60.0,1,1860864,cloud container (docker); Intel(R) Xeon(R) Processor @ 2.10GHz; 4 cores; 16 GiB RAM; Linux-x86_64,2026-09-30T17:11:19+00:00
maros-meszaros,hs35,e8ef393def15d86bd4d9a2d463b6a19a4bfd43b71164e27a6e6ecbcf9979cd82,1,3,highs,1.15.1,optimal,optimal,0.11111111111111605,0.11111111111111427,0.11111111,1.1111142700359622e-09,1.1111142700359622e-09,1,,,primal+dual,0,[FAIL] dual feasibility (columns)  worst 1.333e-07 (1.333e-07 relative) on C------1,0,0.0005738735198974609,0.15459198000007746,7,60.0,1,1860864,cloud container (docker); Intel(R) Xeon(R) Processor @ 2.10GHz; 4 cores; 16 GiB RAM; Linux-x86_64,2026-09-30T17:11:19+00:00
maros-meszaros,hs35,e8ef393def15d86bd4d9a2d463b6a19a4bfd43b71164e27a6e6ecbcf9979cd82,1,3,scip,10.0.2,optimal,optimal,0.11111106518975156,0.11111114789222043,0.11111111,3.7892220430824075e-08,3.7892220430824075e-08,1,,,primal-only,0,"[FAIL] objective           recomputed 1.111111478922e-01, solver said 1.111110651898e-01, difference 8.270e-08",0,0.029002999999999998,0.17706658899987815,37,60.0,1,1860864,cloud container (docker); Intel(R) Xeon(R) Processor @ 2.10GHz; 4 cores; 16 GiB RAM; Linux-x86_64,2026-09-30T17:11:19+00:00
maros-meszaros,hs35,e8ef393def15d86bd4d9a2d463b6a19a4bfd43b71164e27a6e6ecbcf9979cd82,1,3,cbc-clp,1.17.9,optimal,Optimal,0.1111111019518134,0.11111112027005987,0.11111111,1.0270059871975157e-08,1.0270059871975157e-08,1,,,primal+dual,0,"[FAIL] objective                   recomputed 1.111111202701e-01, solver said 1.111111019518e-01, difference 1.832e-08",0,0.005343197000001965,0.005343197000001965,26,60.0,1,1860864,cloud container (docker); Intel(R) Xeon(R) Processor @ 2.10GHz; 4 cores; 16 GiB RAM; Linux-x86_64,2026-09-30T17:11:19+00:00
maros-meszaros,hs35,e8ef393def15d86bd4d9a2d463b6a19a4bfd43b71164e27a6e6ecbcf9979cd82,1,3,glpk,,unsupported,no quadratic objective in GLPK,,,0.11111111,,,0,,,unsupported,,,0,,,,60.0,1,1860864,cloud container (docker); Intel(R) Xeon(R) Processor @ 2.10GHz; 4 cores; 16 GiB RAM; Linux-x86_64,2026-09-30T17:11:19+00:00
maros-meszaros,hs35mod,d7bdecfb4c425d5fbb6e3ba4321a7193bbec0e40c4aedf79d6d5f5739c5e5023,1,3,sankhya,1860864,optimal,,0.2500000013203936,0.25000000132039446,0.25,1.3203944604356366e-09,1.3203944604356366e-09,1,,,primal+dual,1,,1,0.000102984,0.004380303999823809,11,60.0,1,1860864,cloud container (docker); Intel(R) Xeon(R) Processor @ 2.10GHz; 4 cores; 16 GiB RAM; Linux-x86_64,2026-09-30T17:11:19+00:00
maros-meszaros,hs35mod,d7bdecfb4c425d5fbb6e3ba4321a7193bbec0e40c4aedf79d6d5f5739c5e5023,1,3,highs,1.15.1,optimal,optimal,0.25000000000000266,0.25000000000000355,0.25,3.552713678800501e-15,3.552713678800501e-15,1,,,primal+dual,0,[FAIL] dual feasibility (columns)  worst 1.500e-07 (1.500e-07 relative) on C------1,0,0.0005593299865722656,0.13202054400017005,4,60.0,1,1860864,cloud container (docker); Intel(R) Xeon(R) Processor @ 2.10GHz; 4 cores; 16 GiB RAM; Linux-x86_64,2026-09-30T17:11:19+00:00
maros-meszaros,hs35mod,d7bdecfb4c425d5fbb6e3ba4321a7193bbec0e40c4aedf79d6d5f5739c5e5023,1,3,scip,10.0.2,optimal,optimal,0.24999997821136688,0.2500000312530144,0.25,3.12530143986578e-08,3.12530143986578e-08,1,,,primal-only,0,"[FAIL] objective           recomputed 2.500000312530e-01, solver said 2.499999782114e-01, difference 5.304e-08",0,0.033308,0.1707759430000806,18,60.0,1,1860864,cloud container (docker); Intel(R) Xeon(R) Processor @ 2.10GHz; 4 cores; 16 GiB RAM; Linux-x86_64,2026-09-30T17:11:19+00:00
maros-meszaros,hs35mod,d7bdecfb4c425d5fbb6e3ba4321a7193bbec0e40c4aedf79d6d5f5739c5e5023,1,3,cbc-clp,1.17.9,optimal,Optimal,0.24999997192487022,0.25000001184776366,0.25,1.1847763659034172e-08,1.1847763659034172e-08,1,,,primal+dual,0,"[FAIL] objective                   recomputed 2.500000118478e-01, solver said 2.499999719249e-01, difference 3.992e-08",0,0.005384392999985721,0.005384392999985721,36,60.0,1,1860864,cloud container (docker); Intel(R) Xeon(R) Processor @ 2.10GHz; 4 cores; 16 GiB RAM; Linux-x86_64,2026-09-30T17:11:19+00:00
maros-meszaros,hs35mod,d7bdecfb4c425d5fbb6e3ba4321a7193bbec0e40c4aedf79d6d5f5739c5e5023,1,3,glpk,,unsupported,no quadratic objective in GLPK,,,0.25,,,0,,,unsupported,,,0,,,,60.0,1,1860864,cloud container (docker); Intel(R) Xeon(R) Processor @ 2.10GHz; 4 cores; 16 GiB RAM; Linux-x86_64,2026-09-30T17:11:19+00:00
maros-meszaros,hs51,479ba38c0dd9a3415268c350cf4b668bf28ae1f971010dbbe47aa43e38bcc040,3,5,sankhya,1860864,optimal,,0.0,-8.881784197001252e-16,8.8817842e-16,1.7763568397001253e-15,1.7763568397001253e-15,1,,,primal+dual,1,,1,5.5205e-05,0.0035610049999377225,2,60.0,1,1860864,cloud container (docker); Intel(R) Xeon(R) Processor @ 2.10GHz; 4 cores; 16 GiB RAM; Linux-x86_64,2026-09-30T17:11:20+00:00
maros-meszaros,hs51,479ba38c0dd9a3415268c350cf4b668bf28ae1f971010dbbe47aa43e38bcc040,3,5,highs,1.15.1,optimal,optimal,0.0,0.0,8.8817842e-16,8.8817842e-16,8.8817842e-16,1,,,primal+dual,0,"[FAIL] dual feasibility (columns)  worst 1.000e-07 (1.000e-07 relative) on C------2; [FAIL] strong duality              primal 0.000000000000e+00  dual 4.999999934086e-07  gap 5.000e-07 (relative 5.000e-07), 4.000e-07 of it from per-item violations accepted above",0,0.0008127689361572266,0.18605608899997605,1,60.0,1,1860864,cloud container (docker); Intel(R) Xeon(R) Processor @ 2.10GHz; 4 cores; 16 GiB RAM; Linux-x86_64,2026-09-30T17:11:20+00:00
maros-meszaros,hs51,479ba38c0dd9a3415268c350cf4b668bf28ae1f971010dbbe47aa43e38bcc040,3,5,scip,10.0.2,optimal,optimal,-9.075448303974554e-08,0.0,8.8817842e-16,8.8817842e-16,8.8817842e-16,1,,,primal-only,0,"[FAIL] objective           recomputed 0.000000000000e+00, solver said -9.075448303975e-08, difference 9.075e-08",0,0.026427,0.20098250399996687,54,60.0,1,1860864,cloud container (docker); Intel(R) Xeon(R) Processor @ 2.10GHz; 4 cores; 16 GiB RAM; Linux-x86_64,2026-09-30T17:11:20+00:00
maros-meszaros,hs51,479ba38c0dd9a3415268c350cf4b668bf28ae1f971010dbbe47aa43e38bcc040,3,5,cbc-clp,1.17.9,optimal,Optimal,-7.234053356341974e-10,0.0,8.8817842e-16,8.8817842e-16,8.8817842e-16,1,,,primal+dual,1,,1,0.006310827000106656,0.006310827000106656,12,60.0,1,1860864,cloud container (docker); Intel(R) Xeon(R) Processor @ 2.10GHz; 4 cores; 16 GiB RAM; Linux-x86_64,2026-09-30T17:11:20+00:00
maros-meszaros,hs51,479ba38c0dd9a3415268c350cf4b668bf28ae1f971010dbbe47aa43e38bcc040,3,5,glpk,,unsupported,no quadratic objective in GLPK,,,8.8817842e-16,,,0,,,unsupported,,,0,,,,60.0,1,1860864,cloud container (docker); Intel(R) Xeon(R) Processor @ 2.10GHz; 4 cores; 16 GiB RAM; Linux-x86_64,2026-09-30T17:11:20+00:00
maros-meszaros,hs52,98d7f7ed93b1ad9694f9b55ae59343b79e919f53d108b7eadce3e22aa151b8b7,3,5,sankhya,1860864,optimal,,5.326647564469914,5.326647564469914,5.3266476,3.5530086428536833e-08,6.670252867589144e-09,1,,,primal+dual,1,,1,5.4128e-05,0.0035781440001301235,2,60.0,1,1860864,cloud container (docker); Intel(R) Xeon(R) Processor @ 2.10GHz; 4 cores; 16 GiB RAM; Linux-x86_64,2026-09-30T17:11:20+00:00
maros-meszaros,hs52,98d7f7ed93b1ad9694f9b55ae59343b79e919f53d108b7eadce3e22aa151b8b7,3,5,highs,1.15.1,optimal,optimal,5.326647564469916,5.326647564469915,5.3266476,3.5530085540358414e-08,6.670252700846666e-09,1,,,primal+dual,1,,1,0.0005090236663818359,0.14577657199970417,1,60.0,1,1860864,cloud container (docker); Intel(R) Xeon(R) Processor @ 2.10GHz; 4 cores; 16 GiB RAM; Linux-x86_64,2026-09-30T17:11:20+00:00
maros-meszaros,hs52,98d7f7ed93b1ad9694f9b55ae59343b79e919f53d108b7eadce3e22aa151b8b7,3,5,scip,10.0.2,time_limit,timelimit,,,5.3266476,,,0,,,not-run,,,0,60.006483,60.34573155599992,3,60.0,1,1860864,cloud container (docker); Intel(R) Xeon(R) Processor @ 2.10GHz; 4 cores; 16 GiB RAM; Linux-x86_64,2026-09-30T17:11:20+00:00
maros-meszaros,hs52,98d7f7ed93b1ad9694f9b55ae59343b79e919f53d108b7eadce3e22aa151b8b7,3,5,cbc-clp,1.17.9,optimal,Optimal,5.3266475645694955,5.326647564330149,5.3266476,3.5669851072839265e-08,6.696491630653258e-09,1,,,primal+dual,1,,1,0.006498122999801126,0.006498122999801126,10,60.0,1,1860864,cloud container (docker); Intel(R) Xeon(R) Processor @ 2.10GHz; 4 cores; 16 GiB RAM; Linux-x86_64,2026-09-30T17:11:20+00:00
maros-meszaros,hs52,98d7f7ed93b1ad9694f9b55ae59343b79e919f53d108b7eadce3e22aa151b8b7,3,5,glpk,,unsupported,no quadratic objective in GLPK,,,5.3266476,,,0,,,unsupported,,,0,,,,60.0,1,1860864,cloud container (docker); Intel(R) Xeon(R) Processor @ 2.10GHz; 4 cores; 16 GiB RAM; Linux-x86_64,2026-09-30T17:11:20+00:00
maros-meszaros,hs53,3a44acf3d130ce39f1fbe35963745d7a1b30354e99fcd938f80d05c830ed2011,3,5,sankhya,1860864,optimal,,4.093023255813953,4.093023255813953,4.0930233,4.418604682143723e-08,1.0795454504604758e-08,1,,,primal+dual,1,,1,0.00010283,0.004568485000163491,5,60.0,1,1860864,cloud container (docker); Intel(R) Xeon(R) Processor @ 2.10GHz; 4 cores; 16 GiB RAM; Linux-x86_64,2026-09-30T17:12:21+00:00
maros-meszaros,hs53,3a44acf3d130ce39f1fbe35963745d7a1b30354e99fcd938f80d05c830ed2011,3,5,highs,1.15.1,optimal,optimal,4.093023255813954,4.093023255813954,4.0930233,4.418604593325881e-08,1.0795454287606625e-08,1,,,primal+dual,1,,1,0.0005545616149902344,0.12147602999993978,4,60.0,1,1860864,cloud container (docker); Intel(R) Xeon(R) Processor @ 2.10GHz; 4 cores; 16 GiB RAM; Linux-x86_64,2026-09-30T17:12:21+00:00
maros-meszaros,hs53,3a44acf3d130ce39f1fbe35963745d7a1b30354e99fcd938f80d05c830ed2011,3,5,scip,10.0.2,optimal,optimal,4.0930232197205125,4.0930232757195775,4.0930233,2.4280422117328726e-08,5.9321485214434836e-09,1,,,primal-only,0,"[FAIL] objective           recomputed 4.093023275720e+00, solver said 4.093023219721e+00, difference 5.600e-08",0,0.034935,0.15991881899981308,50,60.0,1,1860864,cloud container (docker); Intel(R) Xeon(R) Processor @ 2.10GHz; 4 cores; 16 GiB RAM; Linux-x86_64,2026-09-30T17:12:21+00:00
maros-meszaros,hs53,3a44acf3d130ce39f1fbe35963745d7a1b30354e99fcd938f80d05c830ed2011,3,5,cbc-clp,1.17.9,optimal,Optimal,4.093023255325361,4.093023250374699,4.0930233,4.962530031349388e-08,1.2124363013886064e-08,1,,,primal+dual,0,"[FAIL] objective                   recomputed 4.093023250375e+00, solver said 4.093023255325e+00, difference 4.951e-09",0,0.004547784999886062,0.004547784999886062,12,60.0,1,1860864,cloud container (docker); Intel(R) Xeon(R) Processor @ 2.10GHz; 4 cores; 16 GiB RAM; Linux-x86_64,2026-09-30T17:12:21+00:00
maros-meszaros,hs53,3a44acf3d130ce39f1fbe35963745d7a1b30354e99fcd938f80d05c830ed2011,3,5,glpk,,unsupported,no quadratic objective in GLPK,,,4.0930233,,,0,,,unsupported,,,0,,,,60.0,1,1860864,cloud container (docker); Intel(R) Xeon(R) Processor @ 2.10GHz; 4 cores; 16 GiB RAM; Linux-x86_64,2026-09-30T17:12:21+00:00
maros-meszaros,hs76,392b7f31f2e174b2a7ff28f7ae40b5411e4dd1f47a75adf5c5f2b4b1b7c30df6,3,4,sankhya,1860864,optimal,,-4.681818181761987,-4.681818181761987,-4.6818182,1.8238013765881078e-08,3.895498070788199e-09,1,,,primal+dual,1,,1,9.1584e-05,0.003276570999787509,7,60.0,1,1860864,cloud container (docker); Intel(R) Xeon(R) Processor @ 2.10GHz; 4 cores; 16 GiB RAM; Linux-x86_64,2026-09-30T17:12:21+00:00
maros-meszaros,hs76,392b7f31f2e174b2a7ff28f7ae40b5411e4dd1f47a75adf5c5f2b4b1b7c30df6,3,4,highs,1.15.1,optimal,optimal,-4.68181818181818,-4.68181818181818,-4.6818182,1.818182049362349e-08,3.883495624333189e-09,1,,,primal+dual,0,[FAIL] dual feasibility (columns)  worst 2.091e-07 (2.091e-07 relative) on C------2,0,0.0007059574127197266,0.12517947099968296,9,60.0,1,1860864,cloud container (docker); Intel(R) Xeon(R) Processor @ 2.10GHz; 4 cores; 16 GiB RAM; Linux-x86_64,2026-09-30T17:12:21+00:00
maros-meszaros,hs76,392b7f31f2e174b2a7ff28f7ae40b5411e4dd1f47a75adf5c5f2b4b1b7c30df6,3,4,scip,10.0.2,optimal,optimal,-4.681818231788588,-4.681818221798185,-4.6818182,2.179818459069338e-08,4.655922904202769e-09,1,,,primal-only,0,"[FAIL] objective           recomputed -4.681818221798e+00, solver said -4.681818231789e+00, difference 9.990e-09",0,0.035154,0.15841710099994089,48,60.0,1,1860864,cloud container (docker); Intel(R) Xeon(R) Processor @ 2.10GHz; 4 cores; 16 GiB RAM; Linux-x86_64,2026-09-30T17:12:21+00:00
maros-meszaros,hs76,392b7f31f2e174b2a7ff28f7ae40b5411e4dd1f47a75adf5c5f2b4b1b7c30df6,3,4,cbc-clp,1.17.9,optimal,Optimal,-4.68181818563972,-4.681818176881224,-4.6818182,2.311877622673819e-08,4.9379910195441145e-09,1,,,primal+dual,0,"[FAIL] objective                   recomputed -4.681818176881e+00, solver said -4.681818185640e+00, difference 8.758e-09",0,0.004584291999890411,0.004584291999890411,24,60.0,1,1860864,cloud container (docker); Intel(R) Xeon(R) Processor @ 2.10GHz; 4 cores; 16 GiB RAM; Linux-x86_64,2026-09-30T17:12:21+00:00
maros-meszaros,hs76,392b7f31f2e174b2a7ff28f7ae40b5411e4dd1f47a75adf5c5f2b4b1b7c30df6,3,4,glpk,,unsupported,no quadratic objective in GLPK,,,-4.6818182,,,0,,,unsupported,,,0,,,,60.0,1,1860864,cloud container (docker); Intel(R) Xeon(R) Processor @ 2.10GHz; 4 cores; 16 GiB RAM; Linux-x86_64,2026-09-30T17:12:21+00:00
maros-meszaros,hues-mod,6e9456bd489060a2cdafe5886f88ca2c67d3388292a52458ddd2c75adfae0615,2,10000,sankhya,1860864,optimal,,34824463.873345375,34824463.873345375,34824690.0,226.12665462493896,6.493285500170683e-06,0,,,primal+dual,1,,0,0.162798468,0.20055138699990493,15,60.0,1,1860864,cloud container (docker); Intel(R) Xeon(R) Processor @ 2.10GHz; 4 cores; 16 GiB RAM; Linux-x86_64,2026-09-30T17:12:22+00:00
maros-meszaros,hues-mod,6e9456bd489060a2cdafe5886f88ca2c67d3388292a52458ddd2c75adfae0615,2,10000,highs,1.15.1,time_limit,time limit reached,,,34824690.0,,,0,,,not-run,,,0,60.04293632507324,60.194294069999614,6339,60.0,1,1860864,cloud container (docker); Intel(R) Xeon(R) Processor @ 2.10GHz; 4 cores; 16 GiB RAM; Linux-x86_64,2026-09-30T17:12:22+00:00
maros-meszaros,hues-mod,6e9456bd489060a2cdafe5886f88ca2c67d3388292a52458ddd2c75adfae0615,2,10000,scip,,hung,no exit within 120 s,,,34824690.0,,,0,,,not-run,,,0,,120.04386838100027,,60.0,1,1860864,cloud container (docker); Intel(R) Xeon(R) Processor @ 2.10GHz; 4 cores; 16 GiB RAM; Linux-x86_64,2026-09-30T17:12:22+00:00
maros-meszaros,hues-mod,6e9456bd489060a2cdafe5886f88ca2c67d3388292a52458ddd2c75adfae0615,2,10000,cbc-clp,1.17.9,optimal,Optimal,34824463.87333627,34824463.873341754,34824690.0,226.12665824592113,6.493285604148124e-06,0,,,primal+dual,1,,0,0.05380262099970423,0.05380262099970423,38,60.0,1,1860864,cloud container (docker); Intel(R) Xeon(R) Processor @ 2.10GHz; 4 cores; 16 GiB RAM; Linux-x86_64,2026-09-30T17:12:22+00:00
maros-meszaros,hues-mod,6e9456bd489060a2cdafe5886f88ca2c67d3388292a52458ddd2c75adfae0615,2,10000,glpk,,unsupported,no quadratic objective in GLPK,,,34824690.0,,,0,,,unsupported,,,0,,,,60.0,1,1860864,cloud container (docker); Intel(R) Xeon(R) Processor @ 2.10GHz; 4 cores; 16 GiB RAM; Linux-x86_64,2026-09-30T17:12:22+00:00
maros-meszaros,huestis,a2cbfcdabd1669e41cb27c27d6ead945a6d82187ddaa47e718137c8ea9c2a849,2,10000,sankhya,1860864,feasible,"the in-process KKT check does not back the optimal claim (complementary slackness: |multiplier| * slack = 1.427e-06 on column 0); reported as feasible, not optimal (#590)",348244638733.4511,,348246900000.0,,,0,,,not-run,,,0,0.152169635,0.19544959399991058,16,60.0,1,1860864,cloud container (docker); Intel(R) Xeon(R) Processor @ 2.10GHz; 4 cores; 16 GiB RAM; Linux-x86_64,2026-09-30T17:15:23+00:00
maros-meszaros,huestis,a2cbfcdabd1669e41cb27c27d6ead945a6d82187ddaa47e718137c8ea9c2a849,2,10000,highs,1.15.1,time_limit,time limit reached,,,348246900000.0,,,0,,,not-run,,,0,60.02770447731018,60.18553669399944,6324,60.0,1,1860864,cloud container (docker); Intel(R) Xeon(R) Processor @ 2.10GHz; 4 cores; 16 GiB RAM; Linux-x86_64,2026-09-30T17:15:23+00:00
maros-meszaros,huestis,a2cbfcdabd1669e41cb27c27d6ead945a6d82187ddaa47e718137c8ea9c2a849,2,10000,scip,,hung,no exit within 120 s,,,348246900000.0,,,0,,,not-run,,,0,,120.1066483629993,,60.0,1,1860864,cloud container (docker); Intel(R) Xeon(R) Processor @ 2.10GHz; 4 cores; 16 GiB RAM; Linux-x86_64,2026-09-30T17:15:23+00:00
maros-meszaros,huestis,a2cbfcdabd1669e41cb27c27d6ead945a6d82187ddaa47e718137c8ea9c2a849,2,10000,cbc-clp,1.17.9,optimal,Optimal,348244638733.3448,348244638733.428,348246900000.0,2261266.5720214844,6.493285574175921e-06,0,,,primal+dual,0,[FAIL] complementary slackness     worst |multiplier| * slack = 7.720e-03 on C------2,0,0.07407769299970823,0.07407769299970823,42,60.0,1,1860864,cloud container (docker); Intel(R) Xeon(R) Processor @ 2.10GHz; 4 cores; 16 GiB RAM; Linux-x86_64,2026-09-30T17:15:23+00:00
maros-meszaros,huestis,a2cbfcdabd1669e41cb27c27d6ead945a6d82187ddaa47e718137c8ea9c2a849,2,10000,glpk,,unsupported,no quadratic objective in GLPK,,,348246900000.0,,,0,,,unsupported,,,0,,,,60.0,1,1860864,cloud container (docker); Intel(R) Xeon(R) Processor @ 2.10GHz; 4 cores; 16 GiB RAM; Linux-x86_64,2026-09-30T17:15:23+00:00
maros-meszaros,ksip,204e3f28cb1e21f89f89d32b1e198c639ee4cf8f3d5d881c6d781889889ea559,1001,20,sankhya,1860864,optimal,,0.5757979412369746,0.5757979412369746,0.57579794,1.236974633833654e-09,1.236974633833654e-09,1,,,primal+dual,1,,1,0.053960988,0.07178098199983651,16,60.0,1,1860864,cloud container (docker); Intel(R) Xeon(R) Processor @ 2.10GHz; 4 cores; 16 GiB RAM; Linux-x86_64,2026-09-30T17:18:24+00:00
maros-meszaros,ksip,204e3f28cb1e21f89f89d32b1e198c639ee4cf8f3d5d881c6d781889889ea559,1001,20,highs,1.15.1,not set,not set,,,0.57579794,,,0,,,not-run,,,0,0.01995110511779785,0.190246981999735,-1,60.0,1,1860864,cloud container (docker); Intel(R) Xeon(R) Processor @ 2.10GHz; 4 cores; 16 GiB RAM; Linux-x86_64,2026-09-30T17:18:24+00:00
maros-meszaros,ksip,204e3f28cb1e21f89f89d32b1e198c639ee4cf8f3d5d881c6d781889889ea559,1001,20,scip,10.0.2,optimal,optimal,0.5757978923372475,0.5757979899730128,0.57579794,4.997301283893307e-08,4.997301283893307e-08,1,,,primal-only,0,"[FAIL] objective           recomputed 5.757979899730e-01, solver said 5.757978923372e-01, difference 9.764e-08",0,1.6885780000000001,1.8279143529998692,28898,60.0,1,1860864,cloud container (docker); Intel(R) Xeon(R) Processor @ 2.10GHz; 4 cores; 16 GiB RAM; Linux-x86_64,2026-09-30T17:18:24+00:00
maros-meszaros,ksip,204e3f28cb1e21f89f89d32b1e198c639ee4cf8f3d5d881c6d781889889ea559,1001,20,cbc-clp,1.17.9,optimal,Optimal,0.5757978958170662,0.5757979412412392,0.57579794,1.2412392225158442e-09,1.2412392225158442e-09,1,,,primal+dual,0,"[FAIL] objective                   recomputed 5.757979412412e-01, solver said 5.757978958171e-01, difference 4.542e-08",0,1.3856778789995587,1.3856778789995587,36,60.0,1,1860864,cloud container (docker); Intel(R) Xeon(R) Processor @ 2.10GHz; 4 cores; 16 GiB RAM; Linux-x86_64,2026-09-30T17:18:24+00:00
maros-meszaros,ksip,204e3f28cb1e21f89f89d32b1e198c639ee4cf8f3d5d881c6d781889889ea559,1001,20,glpk,,unsupported,no quadratic objective in GLPK,,,0.57579794,,,0,,,unsupported,,,0,,,,60.0,1,1860864,cloud container (docker); Intel(R) Xeon(R) Processor @ 2.10GHz; 4 cores; 16 GiB RAM; Linux-x86_64,2026-09-30T17:18:24+00:00
maros-meszaros,laser,fa2f8ceb861346da2d0e23794ae0f8e28dad4b9ae838ab41f2eb7621796f2047,1000,1002,sankhya,1860864,optimal,,2409601.345596839,2409601.3455968415,2409601.4,0.054403158370405436,2.2577658848640042e-08,1,,,primal+dual,1,,1,0.012526062,0.022102777000327478,17,60.0,1,1860864,cloud container (docker); Intel(R) Xeon(R) Processor @ 2.10GHz; 4 cores; 16 GiB RAM; Linux-x86_64,2026-09-30T17:18:28+00:00
maros-meszaros,laser,fa2f8ceb861346da2d0e23794ae0f8e28dad4b9ae838ab41f2eb7621796f2047,1000,1002,highs,1.15.1,not set,not set,,,2409601.4,,,0,,,not-run,,,0,0.015279054641723633,0.15348342700053763,-1,60.0,1,1860864,cloud container (docker); Intel(R) Xeon(R) Processor @ 2.10GHz; 4 cores; 16 GiB RAM; Linux-x86_64,2026-09-30T17:18:28+00:00
maros-meszaros,laser,fa2f8ceb861346da2d0e23794ae0f8e28dad4b9ae838ab41f2eb7621796f2047,1000,1002,scip,,crashed,no output,,,2409601.4,,,0,,,not-run,,,0,,49.53279474299961,,60.0,1,1860864,cloud container (docker); Intel(R) Xeon(R) Processor @ 2.10GHz; 4 cores; 16 GiB RAM; Linux-x86_64,2026-09-30T17:18:28+00:00
maros-meszaros,laser,fa2f8ceb861346da2d0e23794ae0f8e28dad4b9ae838ab41f2eb7621796f2047,1000,1002,cbc-clp,1.17.9,optimal,Optimal,2409601.345596714,2409601.3455967954,2409601.4,0.05440320447087288,2.257767798062903e-08,1,,,primal+dual,1,,1,3.3999963209998896,3.3999963209998896,30,60.0,1,1860864,cloud container (docker); Intel(R) Xeon(R) Processor @ 2.10GHz; 4 cores; 16 GiB RAM; Linux-x86_64,2026-09-30T17:18:28+00:00
maros-meszaros,laser,fa2f8ceb861346da2d0e23794ae0f8e28dad4b9ae838ab41f2eb7621796f2047,1000,1002,glpk,,unsupported,no quadratic objective in GLPK,,,2409601.4,,,0,,,unsupported,,,0,,,,60.0,1,1860864,cloud container (docker); Intel(R) Xeon(R) Processor @ 2.10GHz; 4 cores; 16 GiB RAM; Linux-x86_64,2026-09-30T17:18:28+00:00
maros-meszaros,liswet1,327240b19583d2a1653ecc5324a510cfae37bfffa3672a5e87a1a1544ee8a07a,10000,10002,sankhya,1860864,iteration_limit,"stopped at this engine's own ceiling of 200 iterations with relative residuals 1.0e-07 primal, 4.6e-16 dual, 8.2e-05 gap",25.160852385284215,,36.122402,,,0,,,not-run,,,0,1.454102285,1.5171320690005814,200,60.0,1,1860864,cloud container (docker); Intel(R) Xeon(R) Processor @ 2.10GHz; 4 cores; 16 GiB RAM; Linux-x86_64,2026-09-30T17:19:22+00:00
maros-meszaros,liswet1,327240b19583d2a1653ecc5324a510cfae37bfffa3672a5e87a1a1544ee8a07a,10000,10002,highs,1.15.1,optimal,optimal,36.122402084963596,36.122402084975874,36.122402,8.497587344891144e-08,2.3524424939656957e-09,1,,,primal+dual,0,"[FAIL] dual feasibility (columns)  worst 7.482e-06 (7.482e-06 relative) on C--10002; [FAIL] complementary slackness     worst |multiplier| * slack = 7.482e-06 on C--10002; [FAIL] strong duality              primal 3.612240208498e+01  dual 3.612290000449e+01  gap 4.979e-04 (relative 1.378e-05), 4.976",0,1.0916030406951904,1.3280480869998428,2,60.0,1,1860864,cloud container (docker); Intel(R) Xeon(R) Processor @ 2.10GHz; 4 cores; 16 GiB RAM; Linux-x86_64,2026-09-30T17:19:22+00:00
maros-meszaros,liswet1,327240b19583d2a1653ecc5324a510cfae37bfffa3672a5e87a1a1544ee8a07a,10000,10002,scip,,hung,no exit within 120 s,,,36.122402,,,0,,,not-run,,,0,,120.06496553800025,,60.0,1,1860864,cloud container (docker); Intel(R) Xeon(R) Processor @ 2.10GHz; 4 cores; 16 GiB RAM; Linux-x86_64,2026-09-30T17:19:22+00:00
maros-meszaros,liswet1,327240b19583d2a1653ecc5324a510cfae37bfffa3672a5e87a1a1544ee8a07a,10000,10002,cbc-clp,1.17.9,optimal,Optimal,36.122402085057274,36.12240208504318,36.122402,8.504317605684264e-08,2.3543056759304832e-09,1,,,primal+dual,1,,1,0.18914923000011186,0.18914923000011186,34,60.0,1,1860864,cloud container (docker); Intel(R) Xeon(R) Processor @ 2.10GHz; 4 cores; 16 GiB RAM; Linux-x86_64,2026-09-30T17:19:22+00:00
maros-meszaros,liswet1,327240b19583d2a1653ecc5324a510cfae37bfffa3672a5e87a1a1544ee8a07a,10000,10002,glpk,,unsupported,no quadratic objective in GLPK,,,36.122402,,,0,,,unsupported,,,0,,,,60.0,1,1860864,cloud container (docker); Intel(R) Xeon(R) Processor @ 2.10GHz; 4 cores; 16 GiB RAM; Linux-x86_64,2026-09-30T17:19:22+00:00
maros-meszaros,liswet10,4c1b8237a1ba547fbb11213de81d079cadffa61e75e0d3e22b3993b8d4be14e3,10000,10002,sankhya,1860864,iteration_limit,"stopped at this engine's own ceiling of 200 iterations with relative residuals 9.8e-08 primal, 1.3e-08 dual, 9.8e-05 gap",25.013445133295136,,49.485785,,,0,,,not-run,,,0,1.506280576,1.5722716339996623,200,60.0,1,1860864,cloud container (docker); Intel(R) Xeon(R) Processor @ 2.10GHz; 4 cores; 16 GiB RAM; Linux-x86_64,2026-09-30T17:21:26+00:00
maros-meszaros,liswet10,4c1b8237a1ba547fbb11213de81d079cadffa61e75e0d3e22b3993b8d4be14e3,10000,10002,highs,1.15.1,optimal,optimal,49.485784679759035,49.485784679770404,49.485785,3.2022959572941545e-07,6.471143091484059e-09,1,,,primal+dual,0,"[FAIL] dual feasibility (columns)  worst 4.814e-05 (4.814e-05 relative) on C---9530; [FAIL] complementary slackness     worst |multiplier| * slack = 4.814e-05 on C---9530; [FAIL] strong duality              primal 4.948578467977e+01  dual 4.948627997528e+01  gap 4.953e-04 (relative 1.001e-05), 4.786",0,1.253380537033081,1.4985521569997218,183,60.0,1,1860864,cloud container (docker); Intel(R) Xeon(R) Processor @ 2.10GHz; 4 cores; 16 GiB RAM; Linux-x86_64,2026-09-30T17:21:26+00:00
maros-meszaros,liswet10,4c1b8237a1ba547fbb11213de81d079cadffa61e75e0d3e22b3993b8d4be14e3,10000,10002,scip,,hung,no exit within 120 s,,,49.485785,,,0,,,not-run,,,0,,120.13163273800001,,60.0,1,1860864,cloud container (docker); Intel(R) Xeon(R) Processor @ 2.10GHz; 4 cores; 16 GiB RAM; Linux-x86_64,2026-09-30T17:21:26+00:00
maros-meszaros,liswet10,4c1b8237a1ba547fbb11213de81d079cadffa61e75e0d3e22b3993b8d4be14e3,10000,10002,cbc-clp,1.17.9,optimal,Optimal,49.485784694436916,49.485784705866536,49.485785,2.941334642514448e-07,5.943797077311087e-09,1,,,primal+dual,1,,1,0.20983961999991152,0.20983961999991152,46,60.0,1,1860864,cloud container (docker); Intel(R) Xeon(R) Processor @ 2.10GHz; 4 cores; 16 GiB RAM; Linux-x86_64,2026-09-30T17:21:26+00:00
maros-meszaros,liswet10,4c1b8237a1ba547fbb11213de81d079cadffa61e75e0d3e22b3993b8d4be14e3,10000,10002,glpk,,unsupported,no quadratic objective in GLPK,,,49.485785,,,0,,,unsupported,,,0,,,,60.0,1,1860864,cloud container (docker); Intel(R) Xeon(R) Processor @ 2.10GHz; 4 cores; 16 GiB RAM; Linux-x86_64,2026-09-30T17:21:26+00:00
maros-meszaros,liswet11,b57bc4347fdb0fc23be87851b2c1e89d13fa27722cf9f09b1b9d745e0e512f59,10000,10002,sankhya,1860864,iteration_limit,"stopped at this engine's own ceiling of 200 iterations with relative residuals 3.2e-07 primal, 3.8e-14 dual, 7.9e-04 gap",25.21156156993038,,49.523957,,,0,,,not-run,,,0,1.933262355,2.003607652000028,200,60.0,1,1860864,cloud container (docker); Intel(R) Xeon(R) Processor @ 2.10GHz; 4 cores; 16 GiB RAM; Linux-x86_64,2026-09-30T17:23:31+00:00
maros-meszaros,liswet11,b57bc4347fdb0fc23be87851b2c1e89d13fa27722cf9f09b1b9d745e0e512f59,10000,10002,highs,1.15.1,optimal,optimal,49.52395713799842,49.52395713799524,49.523957,1.379952365709869e-07,2.7864339792352796e-09,1,,,primal+dual,0,"[FAIL] dual feasibility (columns)  worst 8.005e-04 (8.005e-04 relative) on C--10001; [FAIL] complementary slackness     worst |multiplier| * slack = 8.005e-04 on C--10001; [FAIL] strong duality              primal 4.952395713800e+01  dual 4.952445241213e+01  gap 4.953e-04 (relative 1.000e-05), 4.707",0,1.546828269958496,1.8470033659996261,264,60.0,1,1860864,cloud container (docker); Intel(R) Xeon(R) Processor @ 2.10GHz; 4 cores; 16 GiB RAM; Linux-x86_64,2026-09-30T17:23:31+00:00
maros-meszaros,liswet11,b57bc4347fdb0fc23be87851b2c1e89d13fa27722cf9f09b1b9d745e0e512f59,10000,10002,scip,,hung,no exit within 120 s,,,49.523957,,,0,,,not-run,,,0,,120.08519321599942,,60.0,1,1860864,cloud container (docker); Intel(R) Xeon(R) Processor @ 2.10GHz; 4 cores; 16 GiB RAM; Linux-x86_64,2026-09-30T17:23:31+00:00
maros-meszaros,liswet11,b57bc4347fdb0fc23be87851b2c1e89d13fa27722cf9f09b1b9d745e0e512f59,10000,10002,cbc-clp,1.17.9,optimal,Optimal,49.52395716387218,49.52395720080267,49.523957,2.0080266693867088e-07,4.05465716196044e-09,1,,,primal+dual,1,,1,0.2424555360003069,0.2424555360003069,46,60.0,1,1860864,cloud container (docker); Intel(R) Xeon(R) Processor @ 2.10GHz; 4 cores; 16 GiB RAM; Linux-x86_64,2026-09-30T17:23:31+00:00
maros-meszaros,liswet11,b57bc4347fdb0fc23be87851b2c1e89d13fa27722cf9f09b1b9d745e0e512f59,10000,10002,glpk,,unsupported,no quadratic objective in GLPK,,,49.523957,,,0,,,unsupported,,,0,,,,60.0,1,1860864,cloud container (docker); Intel(R) Xeon(R) Processor @ 2.10GHz; 4 cores; 16 GiB RAM; Linux-x86_64,2026-09-30T17:23:31+00:00
maros-meszaros,liswet12,7770a01846cea88db61ab9172a6245b6ae726cc0281de4fd4fe6c02b23030fb4,10000,10002,sankhya,1860864,iteration_limit,"stopped at this engine's own ceiling of 200 iterations with relative residuals 1.6e-06 primal, 1.2e-15 dual, 7.4e-03 gap",26.66778074932745,,1736.9274,,,0,,,not-run,,,0,1.621282611,1.6824954969997634,200,60.0,1,1860864,cloud container (docker); Intel(R) Xeon(R) Processor @ 2.10GHz; 4 cores; 16 GiB RAM; Linux-x86_64,2026-09-30T17:25:36+00:00
maros-meszaros,liswet12,7770a01846cea88db61ab9172a6245b6ae726cc0281de4fd4fe6c02b23030fb4,10000,10002,highs,1.15.1,optimal,optimal,1736.927426114591,1736.9274261145765,1736.9274,2.6114576485269936e-05,1.503492689750299e-08,1,,,primal+dual,0,[FAIL] dual feasibility (columns)  worst 3.274e-05 (3.274e-05 relative) on C---8482; [FAIL] complementary slackness     worst |multiplier| * slack = 3.274e-05 on C---8482,0,1.0675766468048096,1.317333922999751,62,60.0,1,1860864,cloud container (docker); Intel(R) Xeon(R) Processor @ 2.10GHz; 4 cores; 16 GiB RAM; Linux-x86_64,2026-09-30T17:25:36+00:00
maros-meszaros,liswet12,7770a01846cea88db61ab9172a6245b6ae726cc0281de4fd4fe6c02b23030fb4,10000,10002,scip,,hung,no exit within 120 s,,,1736.9274,,,0,,,not-run,,,0,,120.05876454399913,,60.0,1,1860864,cloud container (docker); Intel(R) Xeon(R) Processor @ 2.10GHz; 4 cores; 16 GiB RAM; Linux-x86_64,2026-09-30T17:25:36+00:00
maros-meszaros,liswet12,7770a01846cea88db61ab9172a6245b6ae726cc0281de4fd4fe6c02b23030fb4,10000,10002,cbc-clp,1.17.9,optimal,Optimal,1736.927426038531,1736.9274260001198,1736.9274,2.600011976028327e-05,1.496903080709261e-08,1,,,primal+dual,1,,1,0.2185767829996621,0.2185767829996621,44,60.0,1,1860864,cloud container (docker); Intel(R) Xeon(R) Processor @ 2.10GHz; 4 cores; 16 GiB RAM; Linux-x86_64,2026-09-30T17:25:36+00:00
maros-meszaros,liswet12,7770a01846cea88db61ab9172a6245b6ae726cc0281de4fd4fe6c02b23030fb4,10000,10002,glpk,,unsupported,no quadratic objective in GLPK,,,1736.9274,,,0,,,unsupported,,,0,,,,60.0,1,1860864,cloud container (docker); Intel(R) Xeon(R) Processor @ 2.10GHz; 4 cores; 16 GiB RAM; Linux-x86_64,2026-09-30T17:25:36+00:00
maros-meszaros,liswet2,d30971fb3e7b7a586381cd3ffedddc600d5749677315e4c4570ec401551e108d,10000,10002,sankhya,1860864,iteration_limit,"stopped at this engine's own ceiling of 200 iterations with relative residuals 6.8e-10 primal, 1.9e-14 dual, 7.0e-09 gap",24.998038522594925,,24.998076,,,0,,,not-run,,,0,1.572271466,1.630457313000079,200,60.0,1,1860864,cloud container (docker); Intel(R) Xeon(R) Processor @ 2.10GHz; 4 cores; 16 GiB RAM; Linux-x86_64,2026-09-30T17:27:41+00:00
maros-meszaros,liswet2,d30971fb3e7b7a586381cd3ffedddc600d5749677315e4c4570ec401551e108d,10000,10002,highs,1.15.1,optimal,optimal,24.99807610289986,24.998076102888035,24.998076,1.0288803409252978e-07,4.115838118602799e-09,1,,,primal+dual,0,"[FAIL] dual feasibility (columns)  worst 1.452e-07 (1.452e-07 relative) on C--10001; [FAIL] strong duality              primal 2.499807610289e+01  dual 2.499840954945e+01  gap 3.334e-04 (relative 1.334e-05), 3.332e-04 of it from per-item violations accepted above",0,0.9555914402008057,1.1585544870004014,30,60.0,1,1860864,cloud container (docker); Intel(R) Xeon(R) Processor @ 2.10GHz; 4 cores; 16 GiB RAM; Linux-x86_64,2026-09-30T17:27:41+00:00
maros-meszaros,liswet2,d30971fb3e7b7a586381cd3ffedddc600d5749677315e4c4570ec401551e108d,10000,10002,scip,,hung,no exit within 120 s,,,24.998076,,,0,,,not-run,,,0,,120.13449927399961,,60.0,1,1860864,cloud container (docker); Intel(R) Xeon(R) Processor @ 2.10GHz; 4 cores; 16 GiB RAM; Linux-x86_64,2026-09-30T17:27:41+00:00
maros-meszaros,liswet2,d30971fb3e7b7a586381cd3ffedddc600d5749677315e4c4570ec401551e108d,10000,10002,cbc-clp,1.17.9,optimal,Optimal,24.998076118304425,24.998076134034363,24.998076,1.3403436227577004e-07,5.361787134168647e-09,1,,,primal+dual,1,,1,0.13320775200008939,0.13320775200008939,32,60.0,1,1860864,cloud container (docker); Intel(R) Xeon(R) Processor @ 2.10GHz; 4 cores; 16 GiB RAM; Linux-x86_64,2026-09-30T17:27:41+00:00
maros-meszaros,liswet2,d30971fb3e7b7a586381cd3ffedddc600d5749677315e4c4570ec401551e108d,10000,10002,glpk,,unsupported,no quadratic objective in GLPK,,,24.998076,,,0,,,unsupported,,,0,,,,60.0,1,1860864,cloud container (docker); Intel(R) Xeon(R) Processor @ 2.10GHz; 4 cores; 16 GiB RAM; Linux-x86_64,2026-09-30T17:27:41+00:00
maros-meszaros,liswet3,67aa7301e7a0b23fcc563681b0b47e639fa50ff329d5b32c24c5ff40063d1113,10000,10002,sankhya,1860864,optimal,,25.001220487883984,25.001220487885575,25.00122,4.878855754952838e-07,1.9514470713640524e-08,1,,,primal+dual,1,,1,0.122628071,0.19091323900011048,13,60.0,1,1860864,cloud container (docker); Intel(R) Xeon(R) Processor @ 2.10GHz; 4 cores; 16 GiB RAM; Linux-x86_64,2026-09-30T17:29:45+00:00
maros-meszaros,liswet3,67aa7301e7a0b23fcc563681b0b47e639fa50ff329d5b32c24c5ff40063d1113,10000,10002,highs,1.15.1,optimal,optimal,25.001220000209514,25.001220000204967,25.00122,2.049667102710373e-10,8.198268335346727e-12,1,,,primal+dual,0,"[FAIL] dual feasibility (columns)  worst 6.224e-04 (6.224e-04 relative) on C---9530; [FAIL] complementary slackness     worst |multiplier| * slack = 6.224e-04 on C---9530; [FAIL] strong duality              primal 2.500122000020e+01  dual 2.500142005312e+01  gap 2.001e-04 (relative 8.002e-06), 1.845",0,2.152991771697998,2.3578693530007513,884,60.0,1,1860864,cloud container (docker); Intel(R) Xeon(R) Processor @ 2.10GHz; 4 cores; 16 GiB RAM; Linux-x86_64,2026-09-30T17:29:45+00:00
maros-meszaros,liswet3,67aa7301e7a0b23fcc563681b0b47e639fa50ff329d5b32c24c5ff40063d1113,10000,10002,scip,,hung,no exit within 120 s,,,25.00122,,,0,,,not-run,,,0,,120.05713374900006,,60.0,1,1860864,cloud container (docker); Intel(R) Xeon(R) Processor @ 2.10GHz; 4 cores; 16 GiB RAM; Linux-x86_64,2026-09-30T17:29:45+00:00
maros-meszaros,liswet3,67aa7301e7a0b23fcc563681b0b47e639fa50ff329d5b32c24c5ff40063d1113,10000,10002,cbc-clp,1.17.9,optimal,Optimal,25.001220014236424,25.00122003221213,25.00122,3.221213162873937e-08,1.2884223901369361e-09,1,,,primal+dual,1,,1,0.22958357900006376,0.22958357900006376,52,60.0,1,1860864,cloud container (docker); Intel(R) Xeon(R) Processor @ 2.10GHz; 4 cores; 16 GiB RAM; Linux-x86_64,2026-09-30T17:29:45+00:00
maros-meszaros,liswet3,67aa7301e7a0b23fcc563681b0b47e639fa50ff329d5b32c24c5ff40063d1113,10000,10002,glpk,,unsupported,no quadratic objective in GLPK,,,25.00122,,,0,,,unsupported,,,0,,,,60.0,1,1860864,cloud container (docker); Intel(R) Xeon(R) Processor @ 2.10GHz; 4 cores; 16 GiB RAM; Linux-x86_64,2026-09-30T17:29:45+00:00
maros-meszaros,liswet4,0fa291b2fb1414361881d43e2fd4ee4fbb1e128abe077b132711be7f7ec6cfc5,10000,10002,sankhya,1860864,optimal,,25.00011139029209,25.000111390291636,25.000112,6.097083655731694e-07,2.4388225363677148e-08,1,,,primal+dual,1,,1,0.480799449,0.5453285570001754,58,60.0,1,1860864,cloud container (docker); Intel(R) Xeon(R) Processor @ 2.10GHz; 4 cores; 16 GiB RAM; Linux-x86_64,2026-09-30T17:31:50+00:00
maros-meszaros,liswet4,0fa291b2fb1414361881d43e2fd4ee4fbb1e128abe077b132711be7f7ec6cfc5,10000,10002,highs,1.15.1,optimal,optimal,25.000112086713557,25.000112086715262,25.000112,8.67152607497701e-08,3.4685948906856934e-09,1,,,primal+dual,0,"[FAIL] dual feasibility (columns)  worst 8.156e-04 (8.156e-04 relative) on C---9662; [FAIL] complementary slackness     worst |multiplier| * slack = 8.156e-04 on C---9662; [FAIL] strong duality              primal 2.500011208672e+01  dual 2.500025498921e+01  gap 1.429e-04 (relative 5.716e-06), 1.320",0,2.122096300125122,2.3860425610000675,742,60.0,1,1860864,cloud container (docker); Intel(R) Xeon(R) Processor @ 2.10GHz; 4 cores; 16 GiB RAM; Linux-x86_64,2026-09-30T17:31:50+00:00
maros-meszaros,liswet4,0fa291b2fb1414361881d43e2fd4ee4fbb1e128abe077b132711be7f7ec6cfc5,10000,10002,scip,,hung,no exit within 120 s,,,25.000112,,,0,,,not-run,,,0,,120.08907215199997,,60.0,1,1860864,cloud container (docker); Intel(R) Xeon(R) Processor @ 2.10GHz; 4 cores; 16 GiB RAM; Linux-x86_64,2026-09-30T17:31:50+00:00
maros-meszaros,liswet4,0fa291b2fb1414361881d43e2fd4ee4fbb1e128abe077b132711be7f7ec6cfc5,10000,10002,cbc-clp,1.17.9,optimal,Optimal,25.00011208790795,25.00011208947717,25.000112,8.947716878537904e-08,3.5790707171783484e-09,1,,,primal+dual,1,,1,0.26639945300030377,0.26639945300030377,46,60.0,1,1860864,cloud container (docker); Intel(R) Xeon(R) Processor @ 2.10GHz; 4 cores; 16 GiB RAM; Linux-x86_64,2026-09-30T17:31:50+00:00
maros-meszaros,liswet4,0fa291b2fb1414361881d43e2fd4ee4fbb1e128abe077b132711be7f7ec6cfc5,10000,10002,glpk,,unsupported,no quadratic objective in GLPK,,,25.000112,,,0,,,unsupported,,,0,,,,60.0,1,1860864,cloud container (docker); Intel(R) Xeon(R) Processor @ 2.10GHz; 4 cores; 16 GiB RAM; Linux-x86_64,2026-09-30T17:31:50+00:00
maros-meszaros,liswet5,e6cf57ab95f7f742b3001bc5c8ae2309ad7d10d7fa82a203e51ad20e91dd222e,10000,10002,sankhya,1860864,optimal,,25.03425247861378,25.034252478606504,25.034253,5.213934954895194e-07,2.0827204050766742e-08,1,,,primal+dual,1,,1,0.16876369,0.23365972800002055,18,60.0,1,1860864,cloud container (docker); Intel(R) Xeon(R) Processor @ 2.10GHz; 4 cores; 16 GiB RAM; Linux-x86_64,2026-09-30T17:33:54+00:00
maros-meszaros,liswet5,e6cf57ab95f7f742b3001bc5c8ae2309ad7d10d7fa82a203e51ad20e91dd222e,10000,10002,highs,1.15.1,optimal,optimal,25.03425340173635,25.034253401723618,25.034253,4.0172361792656375e-07,1.604695845833961e-08,1,,,primal+dual,0,"[FAIL] dual feasibility (columns)  worst 5.453e-03 (5.453e-03 relative) on C---9555; [FAIL] complementary slackness     worst |multiplier| * slack = 5.453e-03 on C---9555; [FAIL] strong duality              primal 2.503425340172e+01  dual 2.503744925355e+01  gap 3.196e-03 (relative 1.277e-04), 2.484",0,7.406509876251221,7.635454469000251,4328,60.0,1,1860864,cloud container (docker); Intel(R) Xeon(R) Processor @ 2.10GHz; 4 cores; 16 GiB RAM; Linux-x86_64,2026-09-30T17:33:54+00:00
maros-meszaros,liswet5,e6cf57ab95f7f742b3001bc5c8ae2309ad7d10d7fa82a203e51ad20e91dd222e,10000,10002,scip,,hung,no exit within 120 s,,,25.034253,,,0,,,not-run,,,0,,120.13124673200036,,60.0,1,1860864,cloud container (docker); Intel(R) Xeon(R) Processor @ 2.10GHz; 4 cores; 16 GiB RAM; Linux-x86_64,2026-09-30T17:33:54+00:00
maros-meszaros,liswet5,e6cf57ab95f7f742b3001bc5c8ae2309ad7d10d7fa82a203e51ad20e91dd222e,10000,10002,cbc-clp,1.17.9,optimal,Optimal,25.034253403047842,25.034253404504852,25.034253,4.0450485272458536e-07,1.6158055633798434e-08,1,,,primal+dual,1,,1,0.19112595000024157,0.19112595000024157,48,60.0,1,1860864,cloud container (docker); Intel(R) Xeon(R) Processor @ 2.10GHz; 4 cores; 16 GiB RAM; Linux-x86_64,2026-09-30T17:33:54+00:00
maros-meszaros,liswet5,e6cf57ab95f7f742b3001bc5c8ae2309ad7d10d7fa82a203e51ad20e91dd222e,10000,10002,glpk,,unsupported,no quadratic objective in GLPK,,,25.034253,,,0,,,unsupported,,,0,,,,60.0,1,1860864,cloud container (docker); Intel(R) Xeon(R) Processor @ 2.10GHz; 4 cores; 16 GiB RAM; Linux-x86_64,2026-09-30T17:33:54+00:00
maros-meszaros,liswet6,a1c3d6f698ed8f953fc09e00d43c1dde185521d709eed239caf4073a748fe7f3,10000,10002,sankhya,1860864,optimal,,24.995745478200206,24.995745478188383,24.995748,2.5218116164182902e-06,1.0088962396397541e-07,1,,,primal+dual,1,,1,0.291916863,0.3675925380002809,37,60.0,1,1860864,cloud container (docker); Intel(R) Xeon(R) Processor @ 2.10GHz; 4 cores; 16 GiB RAM; Linux-x86_64,2026-09-30T17:36:04+00:00
maros-meszaros,liswet6,a1c3d6f698ed8f953fc09e00d43c1dde185521d709eed239caf4073a748fe7f3,10000,10002,highs,1.15.1,optimal,optimal,24.99574755706135,24.99574755704498,24.995748,4.4295502021896027e-07,1.7721214832977205e-08,1,,,primal+dual,0,"[FAIL] dual feasibility (columns)  worst 4.394e-03 (4.394e-03 relative) on C---9153; [FAIL] complementary slackness     worst |multiplier| * slack = 4.394e-03 on C---9153; [FAIL] strong duality              primal 2.499574755704e+01  dual 2.499618026828e+01  gap 4.327e-04 (relative 1.731e-05), 3.920",0,7.539676666259766,7.741952978999507,4531,60.0,1,1860864,cloud container (docker); Intel(R) Xeon(R) Processor @ 2.10GHz; 4 cores; 16 GiB RAM; Linux-x86_64,2026-09-30T17:36:04+00:00
maros-meszaros,liswet6,a1c3d6f698ed8f953fc09e00d43c1dde185521d709eed239caf4073a748fe7f3,10000,10002,scip,,hung,no exit within 120 s,,,24.995748,,,0,,,not-run,,,0,,120.0668579029998,,60.0,1,1860864,cloud container (docker); Intel(R) Xeon(R) Processor @ 2.10GHz; 4 cores; 16 GiB RAM; Linux-x86_64,2026-09-30T17:36:04+00:00
maros-meszaros,liswet6,a1c3d6f698ed8f953fc09e00d43c1dde185521d709eed239caf4073a748fe7f3,10000,10002,cbc-clp,1.17.9,optimal,Optimal,24.99574755958929,24.995747562373253,24.995748,4.3762674550862357e-07,1.7508047589078895e-08,1,,,primal+dual,1,,1,0.2201234040003328,0.2201234040003328,46,60.0,1,1860864,cloud container (docker); Intel(R) Xeon(R) Processor @ 2.10GHz; 4 cores; 16 GiB RAM; Linux-x86_64,2026-09-30T17:36:04+00:00
maros-meszaros,liswet6,a1c3d6f698ed8f953fc09e00d43c1dde185521d709eed239caf4073a748fe7f3,10000,10002,glpk,,unsupported,no quadratic objective in GLPK,,,24.995748,,,0,,,unsupported,,,0,,,,60.0,1,1860864,cloud container (docker); Intel(R) Xeon(R) Processor @ 2.10GHz; 4 cores; 16 GiB RAM; Linux-x86_64,2026-09-30T17:36:04+00:00
maros-meszaros,liswet7,4c296e3070c9e118c56953e0da746cda5a64becaf0524bfc3b914b7bd2e01382,10000,10002,sankhya,1860864,time_limit,"stopped at the time limit of 58.8924s after 58.89s, 291722 iterations, 0 nodes",25.002805548547713,,498.84089,,,0,,,not-run,,,0,58.892753325,60.05632316299943,291722,60.0,1,1860864,cloud container (docker); Intel(R) Xeon(R) Processor @ 2.10GHz; 4 cores; 16 GiB RAM; Linux-x86_64,2026-09-30T17:38:14+00:00
maros-meszaros,liswet7,4c296e3070c9e118c56953e0da746cda5a64becaf0524bfc3b914b7bd2e01382,10000,10002,highs,1.15.1,optimal,optimal,498.84089078614306,498.84089078612396,498.84089,7.861239623707661e-07,1.5759012104456114e-09,1,,,primal+dual,0,[FAIL] dual feasibility (columns)  worst 7.272e-07 (7.272e-07 relative) on C--10002,0,1.1200203895568848,1.4219218549997095,2,60.0,1,1860864,cloud container (docker); Intel(R) Xeon(R) Processor @ 2.10GHz; 4 cores; 16 GiB RAM; Linux-x86_64,2026-09-30T17:38:14+00:00
maros-meszaros,liswet7,4c296e3070c9e118c56953e0da746cda5a64becaf0524bfc3b914b7bd2e01382,10000,10002,scip,,hung,no exit within 120 s,,,498.84089,,,0,,,not-run,,,0,,120.1332912480002,,60.0,1,1860864,cloud container (docker); Intel(R) Xeon(R) Processor @ 2.10GHz; 4 cores; 16 GiB RAM; Linux-x86_64,2026-09-30T17:38:14+00:00
maros-meszaros,liswet7,4c296e3070c9e118c56953e0da746cda5a64becaf0524bfc3b914b7bd2e01382,10000,10002,cbc-clp,1.17.9,optimal,Optimal,498.8408907881401,498.8408907900905,498.84089,7.900904961388733e-07,1.58385271131016e-09,1,,,primal+dual,1,,1,0.13588200300000608,0.13588200300000608,32,60.0,1,1860864,cloud container (docker); Intel(R) Xeon(R) Processor @ 2.10GHz; 4 cores; 16 GiB RAM; Linux-x86_64,2026-09-30T17:38:14+00:00
maros-meszaros,liswet7,4c296e3070c9e118c56953e0da746cda5a64becaf0524bfc3b914b7bd2e01382,10000,10002,glpk,,unsupported,no quadratic objective in GLPK,,,498.84089,,,0,,,unsupported,,,0,,,,60.0,1,1860864,cloud container (docker); Intel(R) Xeon(R) Processor @ 2.10GHz; 4 cores; 16 GiB RAM; Linux-x86_64,2026-09-30T17:38:14+00:00
maros-meszaros,liswet8,3dadc3345ccefc5b83d03e48c36ae94fb97713c5b8db058db040729cf99c8abc,10000,10002,sankhya,1860864,iteration_limit,"stopped at this engine's own ceiling of 200 iterations with relative residuals 3.9e-07 primal, 3.3e-11 dual, 1.7e-03 gap",25.025912854413946,,7144.7006,,,0,,,not-run,,,0,1.427257788,1.4858062290004455,200,60.0,1,1860864,cloud container (docker); Intel(R) Xeon(R) Processor @ 2.10GHz; 4 cores; 16 GiB RAM; Linux-x86_64,2026-09-30T17:41:17+00:00
maros-meszaros,liswet8,3dadc3345ccefc5b83d03e48c36ae94fb97713c5b8db058db040729cf99c8abc,10000,10002,highs,1.15.1,optimal,optimal,714.4700590543218,714.470059054328,7144.7006,6430.230540945672,0.9000000001323599,0,,,primal+dual,0,"[FAIL] dual feasibility (columns)  worst 3.877e-05 (3.877e-05 relative) on C---9549; [FAIL] complementary slackness     worst |multiplier| * slack = 3.877e-05 on C---9549; [FAIL] strong duality              primal 7.144700590543e+02  dual 7.144704211868e+02  gap 3.621e-04 (relative 5.069e-07), 3.555",0,1.3113696575164795,1.5182349490005436,217,60.0,1,1860864,cloud container (docker); Intel(R) Xeon(R) Processor @ 2.10GHz; 4 cores; 16 GiB RAM; Linux-x86_64,2026-09-30T17:41:17+00:00
maros-meszaros,liswet8,3dadc3345ccefc5b83d03e48c36ae94fb97713c5b8db058db040729cf99c8abc,10000,10002,scip,,hung,no exit within 120 s,,,7144.7006,,,0,,,not-run,,,0,,120.08151593000002,,60.0,1,1860864,cloud container (docker); Intel(R) Xeon(R) Processor @ 2.10GHz; 4 cores; 16 GiB RAM; Linux-x86_64,2026-09-30T17:41:17+00:00
maros-meszaros,liswet8,3dadc3345ccefc5b83d03e48c36ae94fb97713c5b8db058db040729cf99c8abc,10000,10002,cbc-clp,1.17.9,optimal,Optimal,714.4700590347206,714.4700590478096,7144.7006,6430.2305409521905,0.9000000001332723,0,,,primal+dual,1,,0,0.21474459000000934,0.21474459000000934,54,60.0,1,1860864,cloud container (docker); Intel(R) Xeon(R) Processor @ 2.10GHz; 4 cores; 16 GiB RAM; Linux-x86_64,2026-09-30T17:41:17+00:00
maros-meszaros,liswet8,3dadc3345ccefc5b83d03e48c36ae94fb97713c5b8db058db040729cf99c8abc,10000,10002,glpk,,unsupported,no quadratic objective in GLPK,,,7144.7006,,,0,,,unsupported,,,0,,,,60.0,1,1860864,cloud container (docker); Intel(R) Xeon(R) Processor @ 2.10GHz; 4 cores; 16 GiB RAM; Linux-x86_64,2026-09-30T17:41:17+00:00
maros-meszaros,liswet9,1f9daaac30cddc5850ab9786ba95e7d3254236cb3845db069235fb535dfdf4e9,10000,10002,sankhya,1860864,iteration_limit,"stopped at this engine's own ceiling of 200 iterations with relative residuals 1.6e-06 primal, 1.1e-15 dual, 1.2e-02 gap",25.629008973242435,,1963.2513,,,0,,,not-run,,,0,1.522534796,1.5722418870000183,200,60.0,1,1860864,cloud container (docker); Intel(R) Xeon(R) Processor @ 2.10GHz; 4 cores; 16 GiB RAM; Linux-x86_64,2026-09-30T17:43:22+00:00
maros-meszaros,liswet9,1f9daaac30cddc5850ab9786ba95e7d3254236cb3845db069235fb535dfdf4e9,10000,10002,highs,1.15.1,optimal,optimal,1963.2512608931788,1963.251260893187,1963.2513,3.910681289198692e-05,1.9919412706863824e-08,1,,,primal+dual,0,[FAIL] dual feasibility (columns)  worst 1.141e-05 (1.141e-05 relative) on C---9794; [FAIL] complementary slackness     worst |multiplier| * slack = 1.141e-05 on C---9794,0,1.0094225406646729,1.2445744060005381,42,60.0,1,1860864,cloud container (docker); Intel(R) Xeon(R) Processor @ 2.10GHz; 4 cores; 16 GiB RAM; Linux-x86_64,2026-09-30T17:43:22+00:00
maros-meszaros,liswet9,1f9daaac30cddc5850ab9786ba95e7d3254236cb3845db069235fb535dfdf4e9,10000,10002,scip,,hung,no exit within 120 s,,,1963.2513,,,0,,,not-run,,,0,,120.0735514450007,,60.0,1,1860864,cloud container (docker); Intel(R) Xeon(R) Processor @ 2.10GHz; 4 cores; 16 GiB RAM; Linux-x86_64,2026-09-30T17:43:22+00:00
maros-meszaros,liswet9,1f9daaac30cddc5850ab9786ba95e7d3254236cb3845db069235fb535dfdf4e9,10000,10002,cbc-clp,1.17.9,optimal,Optimal,1963.2512608990687,1963.2512609037453,1963.2513,3.909625456799404e-05,1.9914034728001475e-08,1,,,primal+dual,1,,1,0.23297767999974894,0.23297767999974894,44,60.0,1,1860864,cloud container (docker); Intel(R) Xeon(R) Processor @ 2.10GHz; 4 cores; 16 GiB RAM; Linux-x86_64,2026-09-30T17:43:22+00:00
maros-meszaros,liswet9,1f9daaac30cddc5850ab9786ba95e7d3254236cb3845db069235fb535dfdf4e9,10000,10002,glpk,,unsupported,no quadratic objective in GLPK,,,1963.2513,,,0,,,unsupported,,,0,,,,60.0,1,1860864,cloud container (docker); Intel(R) Xeon(R) Processor @ 2.10GHz; 4 cores; 16 GiB RAM; Linux-x86_64,2026-09-30T17:43:22+00:00
maros-meszaros,lotschd,244445062ce2ea8f1d09e289bfeea4632b094d5fc83bab3b85de81718369e8eb,7,12,sankhya,1860864,optimal,,2398.4158914528743,2398.4158914528743,2398.4159,8.547125617042184e-06,3.563654500890435e-09,1,,,primal+dual,1,,1,0.000136782,0.0037700250004490954,8,60.0,1,1860864,cloud container (docker); Intel(R) Xeon(R) Processor @ 2.10GHz; 4 cores; 16 GiB RAM; Linux-x86_64,2026-09-30T17:45:26+00:00
maros-meszaros,lotschd,244445062ce2ea8f1d09e289bfeea4632b094d5fc83bab3b85de81718369e8eb,7,12,highs,1.15.1,optimal,optimal,2398.4158914488967,2398.4158914488967,2398.4159,8.551103292120388e-06,3.565312960158573e-09,1,,,primal+dual,0,[FAIL] complementary slackness     worst |multiplier| * slack = 7.516e-05 on C------5,0,0.0009791851043701172,0.14512319400000706,7,60.0,1,1860864,cloud container (docker); Intel(R) Xeon(R) Processor @ 2.10GHz; 4 cores; 16 GiB RAM; Linux-x86_64,2026-09-30T17:45:26+00:00
maros-meszaros,lotschd,244445062ce2ea8f1d09e289bfeea4632b094d5fc83bab3b85de81718369e8eb,7,12,scip,10.0.2,optimal,optimal,2398.4158903079533,2398.4158903972957,2398.4159,9.602704267308582e-06,4.003769432694547e-09,1,,,primal-only,1,,1,0.010032,0.16786538199994538,16,60.0,1,1860864,cloud container (docker); Intel(R) Xeon(R) Processor @ 2.10GHz; 4 cores; 16 GiB RAM; Linux-x86_64,2026-09-30T17:45:26+00:00
maros-meszaros,lotschd,244445062ce2ea8f1d09e289bfeea4632b094d5fc83bab3b85de81718369e8eb,7,12,cbc-clp,1.17.9,optimal,Optimal,2398.415891445663,2398.4158914646814,2398.4159,8.535318556823768e-06,3.558731643174884e-09,1,,,primal+dual,1,,1,0.004749045000608021,0.004749045000608021,24,60.0,1,1860864,cloud container (docker); Intel(R) Xeon(R) Processor @ 2.10GHz; 4 cores; 16 GiB RAM; Linux-x86_64,2026-09-30T17:45:26+00:00
maros-meszaros,lotschd,244445062ce2ea8f1d09e289bfeea4632b094d5fc83bab3b85de81718369e8eb,7,12,glpk,,unsupported,no quadratic objective in GLPK,,,2398.4159,,,0,,,unsupported,,,0,,,,60.0,1,1860864,cloud container (docker); Intel(R) Xeon(R) Processor @ 2.10GHz; 4 cores; 16 GiB RAM; Linux-x86_64,2026-09-30T17:45:26+00:00
maros-meszaros,mosarqp1,13213429760482316673222bfe3398789c2e9de7b6c13f70c6561d000bc1243d,700,2500,sankhya,1860864,optimal,,-952.8754430274496,-952.8754430274497,-952.87544,3.0274496793936123e-06,3.177172537255879e-09,1,,,primal+dual,1,,1,0.023152782,0.03537771599985717,10,60.0,1,1860864,cloud container (docker); Intel(R) Xeon(R) Processor @ 2.10GHz; 4 cores; 16 GiB RAM; Linux-x86_64,2026-09-30T17:45:26+00:00
maros-meszaros,mosarqp1,13213429760482316673222bfe3398789c2e9de7b6c13f70c6561d000bc1243d,700,2500,highs,1.15.1,solve error,solve error,,,-952.87544,,,0,,,not-run,,,0,4.332383871078491,4.506773523999982,-1,60.0,1,1860864,cloud container (docker); Intel(R) Xeon(R) Processor @ 2.10GHz; 4 cores; 16 GiB RAM; Linux-x86_64,2026-09-30T17:45:26+00:00
maros-meszaros,mosarqp1,13213429760482316673222bfe3398789c2e9de7b6c13f70c6561d000bc1243d,700,2500,scip,10.0.2,optimal,optimal,-952.8754455211812,-952.8754455108782,-952.87544,5.510878168024647e-06,5.783419255747263e-09,1,,,primal-only,1,,1,11.556991,11.731198079000023,57652,60.0,1,1860864,cloud container (docker); Intel(R) Xeon(R) Processor @ 2.10GHz; 4 cores; 16 GiB RAM; Linux-x86_64,2026-09-30T17:45:26+00:00
maros-meszaros,mosarqp1,13213429760482316673222bfe3398789c2e9de7b6c13f70c6561d000bc1243d,700,2500,cbc-clp,1.17.9,optimal,Optimal,-952.8754430317418,-952.8754430295047,-952.87544,3.0295046826722682e-06,3.1793291709483752e-09,1,,,primal+dual,1,,1,0.13687021199984883,0.13687021199984883,30,60.0,1,1860864,cloud container (docker); Intel(R) Xeon(R) Processor @ 2.10GHz; 4 cores; 16 GiB RAM; Linux-x86_64,2026-09-30T17:45:26+00:00
maros-meszaros,mosarqp1,13213429760482316673222bfe3398789c2e9de7b6c13f70c6561d000bc1243d,700,2500,glpk,,unsupported,no quadratic objective in GLPK,,,-952.87544,,,0,,,unsupported,,,0,,,,60.0,1,1860864,cloud container (docker); Intel(R) Xeon(R) Processor @ 2.10GHz; 4 cores; 16 GiB RAM; Linux-x86_64,2026-09-30T17:45:26+00:00
maros-meszaros,mosarqp2,172a6418e163901ccf0cd9e62dd5b1284bec1bc9fd05a5c161af3191ed6730e9,600,900,sankhya,1860864,optimal,,-1597.4821175153747,-1597.4821175153747,-1597.4821,1.7515374793219962e-05,1.0964363727906536e-08,1,,,primal+dual,1,,1,0.018317043,0.026476465999621723,10,60.0,1,1860864,cloud container (docker); Intel(R) Xeon(R) Processor @ 2.10GHz; 4 cores; 16 GiB RAM; Linux-x86_64,2026-09-30T17:45:43+00:00
maros-meszaros,mosarqp2,172a6418e163901ccf0cd9e62dd5b1284bec1bc9fd05a5c161af3191ed6730e9,600,900,highs,1.15.1,time_limit,time limit reached,,,-1597.4821,,,0,,,not-run,,,0,60.00440287590027,60.13950508400012,817634,60.0,1,1860864,cloud container (docker); Intel(R) Xeon(R) Processor @ 2.10GHz; 4 cores; 16 GiB RAM; Linux-x86_64,2026-09-30T17:45:43+00:00
maros-meszaros,mosarqp2,172a6418e163901ccf0cd9e62dd5b1284bec1bc9fd05a5c161af3191ed6730e9,600,900,scip,10.0.2,optimal,optimal,-1597.4821213756943,-1597.4821213655798,-1597.4821,2.1365579868870554e-05,1.3374534756208257e-08,1,,,primal-only,1,,1,24.154864,24.32527401400057,171000,60.0,1,1860864,cloud container (docker); Intel(R) Xeon(R) Processor @ 2.10GHz; 4 cores; 16 GiB RAM; Linux-x86_64,2026-09-30T17:45:43+00:00
maros-meszaros,mosarqp2,172a6418e163901ccf0cd9e62dd5b1284bec1bc9fd05a5c161af3191ed6730e9,600,900,cbc-clp,1.17.9,optimal,Optimal,-1530.2447593302804,-1576.4163533732735,-1597.4821,21.065746626726423,0.013186843612661715,0,,,primal+dual,0,"[FAIL] objective                   recomputed -1.576416353373e+03, solver said -1.530244759330e+03, difference 4.617e+01; [FAIL] dual feasibility (columns)  worst 9.750e-01 (9.750e-01 relative) on C----772; [FAIL] dual feasibility (rows)     worst 2.200e-01 (5.955e-02 relative to |y|) on R----401; [",0,1.555016479999722,1.555016479999722,243,60.0,1,1860864,cloud container (docker); Intel(R) Xeon(R) Processor @ 2.10GHz; 4 cores; 16 GiB RAM; Linux-x86_64,2026-09-30T17:45:43+00:00
maros-meszaros,mosarqp2,172a6418e163901ccf0cd9e62dd5b1284bec1bc9fd05a5c161af3191ed6730e9,600,900,glpk,,unsupported,no quadratic objective in GLPK,,,-1597.4821,,,0,,,unsupported,,,0,,,,60.0,1,1860864,cloud container (docker); Intel(R) Xeon(R) Processor @ 2.10GHz; 4 cores; 16 GiB RAM; Linux-x86_64,2026-09-30T17:45:43+00:00
maros-meszaros,powell20,560eab097cfe1fb9dc5b3887112f0de7e89026b396f3969bdfcbca577b700f82,10000,10000,sankhya,1860864,feasible,"the in-process KKT check does not back the optimal claim (complementary slackness: |multiplier| * slack = 2.204e-06 on row 2480); reported as feasible, not optimal (#590)",52089582808.02136,,52089583000.0,,,0,,,not-run,,,0,34.992354647,35.405172687999766,195650,60.0,1,1860864,cloud container (docker); Intel(R) Xeon(R) Processor @ 2.10GHz; 4 cores; 16 GiB RAM; Linux-x86_64,2026-09-30T17:47:09+00:00
maros-meszaros,powell20,560eab097cfe1fb9dc5b3887112f0de7e89026b396f3969bdfcbca577b700f82,10000,10000,highs,1.15.1,optimal,optimal,52089582812.5007,52089582812.5007,52089583000.0,187.49929809570312,3.599554599922659e-09,1,,,primal+dual,0,[FAIL] dual feasibility (columns)  worst 2.501e-04 (1.000e-07 relative) on C---5002; [FAIL] complementary slackness     worst |multiplier| * slack = 7.499e-04 on C--10000,0,0.739579439163208,0.9516273130002446,3,60.0,1,1860864,cloud container (docker); Intel(R) Xeon(R) Processor @ 2.10GHz; 4 cores; 16 GiB RAM; Linux-x86_64,2026-09-30T17:47:09+00:00
maros-meszaros,powell20,560eab097cfe1fb9dc5b3887112f0de7e89026b396f3969bdfcbca577b700f82,10000,10000,scip,,hung,no exit within 120 s,,,52089583000.0,,,0,,,not-run,,,0,,120.13392771300005,,60.0,1,1860864,cloud container (docker); Intel(R) Xeon(R) Processor @ 2.10GHz; 4 cores; 16 GiB RAM; Linux-x86_64,2026-09-30T17:47:09+00:00
maros-meszaros,powell20,560eab097cfe1fb9dc5b3887112f0de7e89026b396f3969bdfcbca577b700f82,10000,10000,cbc-clp,1.17.9,optimal,Optimal,52089582812.499985,52089582812.50002,52089583000.0,187.4999771118164,3.599567635467852e-09,1,,,primal+dual,0,[FAIL] complementary slackness     worst |multiplier| * slack = 2.366e-05 on R---9976,0,0.1207331499999782,0.1207331499999782,26,60.0,1,1860864,cloud container (docker); Intel(R) Xeon(R) Processor @ 2.10GHz; 4 cores; 16 GiB RAM; Linux-x86_64,2026-09-30T17:47:09+00:00
maros-meszaros,powell20,560eab097cfe1fb9dc5b3887112f0de7e89026b396f3969bdfcbca577b700f82,10000,10000,glpk,,unsupported,no quadratic objective in GLPK,,,52089583000.0,,,0,,,unsupported,,,0,,,,60.0,1,1860864,cloud container (docker); Intel(R) Xeon(R) Processor @ 2.10GHz; 4 cores; 16 GiB RAM; Linux-x86_64,2026-09-30T17:47:09+00:00
maros-meszaros,primal1,16c6658468f80c73bf380857bb8e3ff15e312a0a4d9e632f9f7aa794bf771b91,85,325,sankhya,1860864,optimal,,-0.035012965578205706,-0.035012965578205706,-0.035012965,5.78205705537016e-10,5.78205705537016e-10,1,,,primal+dual,1,,1,0.014621809,0.023013878000710974,13,60.0,1,1860864,cloud container (docker); Intel(R) Xeon(R) Processor @ 2.10GHz; 4 cores; 16 GiB RAM; Linux-x86_64,2026-09-30T17:49:47+00:00
maros-meszaros,primal1,16c6658468f80c73bf380857bb8e3ff15e312a0a4d9e632f9f7aa794bf771b91,85,325,highs,1.15.1,optimal,optimal,-0.035012965733477314,-0.035012965733477314,-0.035012965,7.334773136080663e-10,7.334773136080663e-10,1,,,primal+dual,1,,1,0.022345304489135742,0.18274904400004743,99,60.0,1,1860864,cloud container (docker); Intel(R) Xeon(R) Processor @ 2.10GHz; 4 cores; 16 GiB RAM; Linux-x86_64,2026-09-30T17:49:47+00:00
maros-meszaros,primal1,16c6658468f80c73bf380857bb8e3ff15e312a0a4d9e632f9f7aa794bf771b91,85,325,scip,10.0.2,optimal,optimal,-0.03501301643531668,-0.03501293585562826,-0.035012965,2.914437174234008e-08,2.914437174234008e-08,1,,,primal-only,0,"[FAIL] objective           recomputed -3.501293585563e-02, solver said -3.501301643532e-02, difference 8.058e-08",0,3.880072,4.0163407620002545,53267,60.0,1,1860864,cloud container (docker); Intel(R) Xeon(R) Processor @ 2.10GHz; 4 cores; 16 GiB RAM; Linux-x86_64,2026-09-30T17:49:47+00:00
maros-meszaros,primal1,16c6658468f80c73bf380857bb8e3ff15e312a0a4d9e632f9f7aa794bf771b91,85,325,cbc-clp,1.17.9,optimal,Optimal,-0.03501295335877645,-0.03501290856654674,-0.035012965,5.6433453257676014e-08,5.6433453257676014e-08,1,,,primal+dual,0,"[FAIL] objective                   recomputed -3.501290856655e-02, solver said -3.501295335878e-02, difference 4.479e-08",0,0.017008218999762903,0.017008218999762903,38,60.0,1,1860864,cloud container (docker); Intel(R) Xeon(R) Processor @ 2.10GHz; 4 cores; 16 GiB RAM; Linux-x86_64,2026-09-30T17:49:47+00:00
maros-meszaros,primal1,16c6658468f80c73bf380857bb8e3ff15e312a0a4d9e632f9f7aa794bf771b91,85,325,glpk,,unsupported,no quadratic objective in GLPK,,,-0.035012965,,,0,,,unsupported,,,0,,,,60.0,1,1860864,cloud container (docker); Intel(R) Xeon(R) Processor @ 2.10GHz; 4 cores; 16 GiB RAM; Linux-x86_64,2026-09-30T17:49:47+00:00
maros-meszaros,primal2,4c1ea1a6fdf9f7e56b7bab418c6eaf9f380517cb074adec08d74935394147004,96,649,sankhya,1860864,optimal,,-0.033733676103635334,-0.033733676103635334,-0.033733676,1.0363533642365752e-10,1.0363533642365752e-10,1,,,primal+dual,1,,1,0.029178604,0.04488832300012291,12,60.0,1,1860864,cloud container (docker); Intel(R) Xeon(R) Processor @ 2.10GHz; 4 cores; 16 GiB RAM; Linux-x86_64,2026-09-30T17:49:51+00:00
maros-meszaros,primal2,4c1ea1a6fdf9f7e56b7bab418c6eaf9f380517cb074adec08d74935394147004,96,649,highs,1.15.1,optimal,optimal,-0.03373367612271849,-0.03373367612271849,-0.033733676,1.2271849508804777e-10,1.2271849508804777e-10,1,,,primal+dual,1,,1,0.04574251174926758,0.1836089839998749,17,60.0,1,1860864,cloud container (docker); Intel(R) Xeon(R) Processor @ 2.10GHz; 4 cores; 16 GiB RAM; Linux-x86_64,2026-09-30T17:49:51+00:00
maros-meszaros,primal2,4c1ea1a6fdf9f7e56b7bab418c6eaf9f380517cb074adec08d74935394147004,96,649,scip,10.0.2,optimal,optimal,-0.033733738193987964,-0.033733639012527794,-0.033733676,3.698747220309828e-08,3.698747220309828e-08,1,,,primal-only,0,"[FAIL] objective           recomputed -3.373363901253e-02, solver said -3.373373819399e-02, difference 9.918e-08",0,12.563123,12.734804196999903,104881,60.0,1,1860864,cloud container (docker); Intel(R) Xeon(R) Processor @ 2.10GHz; 4 cores; 16 GiB RAM; Linux-x86_64,2026-09-30T17:49:51+00:00
maros-meszaros,primal2,4c1ea1a6fdf9f7e56b7bab418c6eaf9f380517cb074adec08d74935394147004,96,649,cbc-clp,1.17.9,optimal,Optimal,-0.03373366498038395,-0.03373365616286724,-0.033733676,1.983713275588439e-08,1.983713275588439e-08,1,,,primal+dual,0,"[FAIL] objective                   recomputed -3.373365616287e-02, solver said -3.373366498038e-02, difference 8.818e-09",0,0.022803898000347544,0.022803898000347544,34,60.0,1,1860864,cloud container (docker); Intel(R) Xeon(R) Processor @ 2.10GHz; 4 cores; 16 GiB RAM; Linux-x86_64,2026-09-30T17:49:51+00:00
maros-meszaros,primal2,4c1ea1a6fdf9f7e56b7bab418c6eaf9f380517cb074adec08d74935394147004,96,649,glpk,,unsupported,no quadratic objective in GLPK,,,-0.033733676,,,0,,,unsupported,,,0,,,,60.0,1,1860864,cloud container (docker); Intel(R) Xeon(R) Processor @ 2.10GHz; 4 cores; 16 GiB RAM; Linux-x86_64,2026-09-30T17:49:51+00:00
maros-meszaros,primal3,2e757c606cf382d7ad1de072f25bf563b75e96e95b61af5438fa5c87348f47fb,111,745,sankhya,1860864,optimal,,-0.13575583652104659,-0.13575583652104659,-0.13575584,3.4789534031354208e-09,3.4789534031354208e-09,1,,,primal+dual,1,,1,0.057991489,0.07783479699992313,13,60.0,1,1860864,cloud container (docker); Intel(R) Xeon(R) Processor @ 2.10GHz; 4 cores; 16 GiB RAM; Linux-x86_64,2026-09-30T17:50:05+00:00
maros-meszaros,primal3,2e757c606cf382d7ad1de072f25bf563b75e96e95b61af5438fa5c87348f47fb,111,745,highs,1.15.1,optimal,optimal,-0.135755836866021,-0.135755836866021,-0.13575584,3.133978992986286e-09,3.133978992986286e-09,1,,,primal+dual,1,,1,0.14114022254943848,0.2934411790001832,69,60.0,1,1860864,cloud container (docker); Intel(R) Xeon(R) Processor @ 2.10GHz; 4 cores; 16 GiB RAM; Linux-x86_64,2026-09-30T17:50:05+00:00
maros-meszaros,primal3,2e757c606cf382d7ad1de072f25bf563b75e96e95b61af5438fa5c87348f47fb,111,745,scip,10.0.2,time_limit,timelimit,,,-0.13575584,,,0,,,not-run,,,0,60.000156,60.16478003799966,250655,60.0,1,1860864,cloud container (docker); Intel(R) Xeon(R) Processor @ 2.10GHz; 4 cores; 16 GiB RAM; Linux-x86_64,2026-09-30T17:50:05+00:00
maros-meszaros,primal3,2e757c606cf382d7ad1de072f25bf563b75e96e95b61af5438fa5c87348f47fb,111,745,cbc-clp,1.17.9,optimal,Optimal,-0.13575583425120186,-0.13575582541283202,-0.13575584,1.458716797353432e-08,1.458716797353432e-08,1,,,primal+dual,0,"[FAIL] objective                   recomputed -1.357558254128e-01, solver said -1.357558342512e-01, difference 8.838e-09",0,0.07446841199998744,0.07446841199998744,36,60.0,1,1860864,cloud container (docker); Intel(R) Xeon(R) Processor @ 2.10GHz; 4 cores; 16 GiB RAM; Linux-x86_64,2026-09-30T17:50:05+00:00
maros-meszaros,primal3,2e757c606cf382d7ad1de072f25bf563b75e96e95b61af5438fa5c87348f47fb,111,745,glpk,,unsupported,no quadratic objective in GLPK,,,-0.13575584,,,0,,,unsupported,,,0,,,,60.0,1,1860864,cloud container (docker); Intel(R) Xeon(R) Processor @ 2.10GHz; 4 cores; 16 GiB RAM; Linux-x86_64,2026-09-30T17:50:05+00:00
maros-meszaros,primal4,c893496757b40cfccb2203fd82dac1ad56496947e4d9ed2739c9f70c8a65c927,75,1489,sankhya,1860864,optimal,,-0.7460908417437754,-0.7460908417437754,-0.74609083,1.1743775396588774e-08,1.1743775396588774e-08,1,,,primal+dual,1,,1,0.03999576,0.05645169300078123,11,60.0,1,1860864,cloud container (docker); Intel(R) Xeon(R) Processor @ 2.10GHz; 4 cores; 16 GiB RAM; Linux-x86_64,2026-09-30T17:51:06+00:00
maros-meszaros,primal4,c893496757b40cfccb2203fd82dac1ad56496947e4d9ed2739c9f70c8a65c927,75,1489,highs,1.15.1,optimal,optimal,-0.7460908418020976,-0.7460908418020976,-0.74609083,1.1802097632518382e-08,1.1802097632518382e-08,1,,,primal+dual,1,,1,0.878075122833252,1.016256918000181,48,60.0,1,1860864,cloud container (docker); Intel(R) Xeon(R) Processor @ 2.10GHz; 4 cores; 16 GiB RAM; Linux-x86_64,2026-09-30T17:51:06+00:00
maros-meszaros,primal4,c893496757b40cfccb2203fd82dac1ad56496947e4d9ed2739c9f70c8a65c927,75,1489,scip,10.0.2,time_limit,timelimit,,,-0.74609083,,,0,,,not-run,,,0,60.000956,60.20481686699986,273319,60.0,1,1860864,cloud container (docker); Intel(R) Xeon(R) Processor @ 2.10GHz; 4 cores; 16 GiB RAM; Linux-x86_64,2026-09-30T17:51:06+00:00
maros-meszaros,primal4,c893496757b40cfccb2203fd82dac1ad56496947e4d9ed2739c9f70c8a65c927,75,1489,cbc-clp,1.17.9,optimal,Optimal,-0.746090841778078,-0.7460908418013903,-0.74609083,1.1801390309429394e-08,1.1801390309429394e-08,1,,,primal+dual,1,,1,0.11013245100002678,0.11013245100002678,38,60.0,1,1860864,cloud container (docker); Intel(R) Xeon(R) Processor @ 2.10GHz; 4 cores; 16 GiB RAM; Linux-x86_64,2026-09-30T17:51:06+00:00
maros-meszaros,primal4,c893496757b40cfccb2203fd82dac1ad56496947e4d9ed2739c9f70c8a65c927,75,1489,glpk,,unsupported,no quadratic objective in GLPK,,,-0.74609083,,,0,,,unsupported,,,0,,,,60.0,1,1860864,cloud container (docker); Intel(R) Xeon(R) Processor @ 2.10GHz; 4 cores; 16 GiB RAM; Linux-x86_64,2026-09-30T17:51:06+00:00
maros-meszaros,primalc1,c125cdda17e711a4b0a8f360513388c063253021acbf0a57daec02efc38b04eb,9,230,sankhya,1860864,feasible,"the in-process KKT check does not back the optimal claim (complementary slackness: |multiplier| * slack = 1.914e-06 on row 7); reported as feasible, not optimal (#590)",-6155.250829462695,,-6155.2508,,,0,,,not-run,,,0,0.00417056,0.009530022000035387,19,60.0,1,1860864,cloud container (docker); Intel(R) Xeon(R) Processor @ 2.10GHz; 4 cores; 16 GiB RAM; Linux-x86_64,2026-09-30T17:52:08+00:00
maros-meszaros,primalc1,c125cdda17e711a4b0a8f360513388c063253021acbf0a57daec02efc38b04eb,9,230,highs,1.15.1,optimal,optimal,-6155.247234107041,-6155.247234107041,-6155.2508,0.0035658929591591004,5.793253719505793e-07,1,,,primal+dual,0,"[FAIL] dual feasibility (columns)  worst 1.032e-03 (1.032e-03 relative) on C------1; [FAIL] complementary slackness     worst |multiplier| * slack = 1.066e+01 on C------1; [FAIL] strong duality              primal -6.155247234107e+03  dual -6.144590369290e+03  gap 1.066e+01 (relative 1.731e-03), 1.0",0,0.0023047924041748047,0.1497378430003664,40,60.0,1,1860864,cloud container (docker); Intel(R) Xeon(R) Processor @ 2.10GHz; 4 cores; 16 GiB RAM; Linux-x86_64,2026-09-30T17:52:08+00:00
maros-meszaros,primalc1,c125cdda17e711a4b0a8f360513388c063253021acbf0a57daec02efc38b04eb,9,230,scip,10.0.2,optimal,optimal,-6155.250841035605,-6155.250841025617,-6155.2508,4.10256170653156e-05,6.665141421258676e-09,1,,,primal-only,1,,1,0.036330999999999995,0.16834079999989626,336,60.0,1,1860864,cloud container (docker); Intel(R) Xeon(R) Processor @ 2.10GHz; 4 cores; 16 GiB RAM; Linux-x86_64,2026-09-30T17:52:08+00:00
maros-meszaros,primalc1,c125cdda17e711a4b0a8f360513388c063253021acbf0a57daec02efc38b04eb,9,230,cbc-clp,1.17.9,optimal,Optimal,-6155.250829460697,-6155.250829462697,-6155.2508,2.9462697057169862e-05,4.786595707386913e-09,1,,,primal+dual,1,,1,0.013856242000656493,0.013856242000656493,136,60.0,1,1860864,cloud container (docker); Intel(R) Xeon(R) Processor @ 2.10GHz; 4 cores; 16 GiB RAM; Linux-x86_64,2026-09-30T17:52:08+00:00
maros-meszaros,primalc1,c125cdda17e711a4b0a8f360513388c063253021acbf0a57daec02efc38b04eb,9,230,glpk,,unsupported,no quadratic objective in GLPK,,,-6155.2508,,,0,,,unsupported,,,0,,,,60.0,1,1860864,cloud container (docker); Intel(R) Xeon(R) Processor @ 2.10GHz; 4 cores; 16 GiB RAM; Linux-x86_64,2026-09-30T17:52:08+00:00
maros-meszaros,primalc2,a71fe8ca55669b80621021dbab4b7d2f061a885b9982668725e0f5e65ab2c5d0,7,231,sankhya,1860864,optimal,,-3551.3076926705835,-3551.3076926705835,-3551.3077,7.329416348511586e-06,2.063864065766981e-09,1,,,primal+dual,1,,1,0.002781191,0.007321531000343384,14,60.0,1,1860864,cloud container (docker); Intel(R) Xeon(R) Processor @ 2.10GHz; 4 cores; 16 GiB RAM; Linux-x86_64,2026-09-30T17:52:08+00:00
maros-meszaros,primalc2,a71fe8ca55669b80621021dbab4b7d2f061a885b9982668725e0f5e65ab2c5d0,7,231,highs,1.15.1,optimal,optimal,-3551.307579670494,-3551.307579670494,-3551.3077,0.00012032950598950265,3.388315408138322e-08,1,,,primal+dual,0,[FAIL] dual feasibility (columns)  worst 4.725e-04 (4.725e-04 relative) on C------1; [FAIL] complementary slackness     worst |multiplier| * slack = 2.233e+00 on C------1,0,0.0020160675048828125,0.12511778099997173,25,60.0,1,1860864,cloud container (docker); Intel(R) Xeon(R) Processor @ 2.10GHz; 4 cores; 16 GiB RAM; Linux-x86_64,2026-09-30T17:52:08+00:00
maros-meszaros,primalc2,a71fe8ca55669b80621021dbab4b7d2f061a885b9982668725e0f5e65ab2c5d0,7,231,scip,10.0.2,optimal,optimal,-3551.307698841185,-3551.307698831194,-3551.3077,1.1688057384162676e-06,3.2911981645979806e-10,1,,,primal-only,1,,1,0.010622999999999999,0.1424523740006407,37,60.0,1,1860864,cloud container (docker); Intel(R) Xeon(R) Processor @ 2.10GHz; 4 cores; 16 GiB RAM; Linux-x86_64,2026-09-30T17:52:08+00:00
maros-meszaros,primalc2,a71fe8ca55669b80621021dbab4b7d2f061a885b9982668725e0f5e65ab2c5d0,7,231,cbc-clp,1.17.9,optimal,Optimal,-3551.305919049357,-3548.649440958191,-3551.3077,2.658259041808833,0.0007485296308762075,0,,,primal+dual,0,"[FAIL] objective                   recomputed -3.548649440958e+03, solver said -3.551305919049e+03, difference 2.656e+00; [FAIL] complementary slackness     worst |multiplier| * slack = 3.049e+00 on C------1",0,0.007732437999948161,0.007732437999948161,22,60.0,1,1860864,cloud container (docker); Intel(R) Xeon(R) Processor @ 2.10GHz; 4 cores; 16 GiB RAM; Linux-x86_64,2026-09-30T17:52:08+00:00
maros-meszaros,primalc2,a71fe8ca55669b80621021dbab4b7d2f061a885b9982668725e0f5e65ab2c5d0,7,231,glpk,,unsupported,no quadratic objective in GLPK,,,-3551.3077,,,0,,,unsupported,,,0,,,,60.0,1,1860864,cloud container (docker); Intel(R) Xeon(R) Processor @ 2.10GHz; 4 cores; 16 GiB RAM; Linux-x86_64,2026-09-30T17:52:08+00:00
maros-meszaros,primalc5,94492ebf96066922c6e44a07f3da314a46425ac1be86470a0331f978ae1496c9,8,287,sankhya,1860864,optimal,,-427.2323266128247,-427.2323266128247,-427.23233,3.3871752975755953e-06,7.928181131740652e-09,1,,,primal+dual,1,,1,0.009116517,0.016128453999954218,19,60.0,1,1860864,cloud container (docker); Intel(R) Xeon(R) Processor @ 2.10GHz; 4 cores; 16 GiB RAM; Linux-x86_64,2026-09-30T17:52:09+00:00
maros-meszaros,primalc5,94492ebf96066922c6e44a07f3da314a46425ac1be86470a0331f978ae1496c9,8,287,highs,1.15.1,optimal,optimal,-427.23232674029487,-427.23232674029487,-427.23233,3.2597051244920294e-06,7.629818474861276e-09,1,,,primal+dual,0,[FAIL] dual feasibility (columns)  worst 4.601e-05 (4.601e-05 relative) on C------1; [FAIL] complementary slackness     worst |multiplier| * slack = 2.117e-02 on C------1,0,0.0034503936767578125,0.131171342000016,25,60.0,1,1860864,cloud container (docker); Intel(R) Xeon(R) Processor @ 2.10GHz; 4 cores; 16 GiB RAM; Linux-x86_64,2026-09-30T17:52:09+00:00
maros-meszaros,primalc5,94492ebf96066922c6e44a07f3da314a46425ac1be86470a0331f978ae1496c9,8,287,scip,10.0.2,optimal,optimal,-427.2323268603519,-427.2323268503619,-427.23233,3.1496380756834697e-06,7.372190385693587e-09,1,,,primal-only,1,,1,0.026587,0.15572209900074085,176,60.0,1,1860864,cloud container (docker); Intel(R) Xeon(R) Processor @ 2.10GHz; 4 cores; 16 GiB RAM; Linux-x86_64,2026-09-30T17:52:09+00:00
maros-meszaros,primalc5,94492ebf96066922c6e44a07f3da314a46425ac1be86470a0331f978ae1496c9,8,287,cbc-clp,1.17.9,optimal,Optimal,-427.2323267763933,-427.23232677639845,-427.23233,3.223601538593357e-06,7.545312730881947e-09,1,,,primal+dual,1,,1,0.007758159000331943,0.007758159000331943,34,60.0,1,1860864,cloud container (docker); Intel(R) Xeon(R) Processor @ 2.10GHz; 4 cores; 16 GiB RAM; Linux-x86_64,2026-09-30T17:52:09+00:00
maros-meszaros,primalc5,94492ebf96066922c6e44a07f3da314a46425ac1be86470a0331f978ae1496c9,8,287,glpk,,unsupported,no quadratic objective in GLPK,,,-427.23233,,,0,,,unsupported,,,0,,,,60.0,1,1860864,cloud container (docker); Intel(R) Xeon(R) Processor @ 2.10GHz; 4 cores; 16 GiB RAM; Linux-x86_64,2026-09-30T17:52:09+00:00
maros-meszaros,primalc8,2b56d47e05f74ffb58e62e9364f912ba929eded5a5ff20897562d5beded328f5,8,520,sankhya,1860864,optimal,,-18309.42978842187,-18309.42978842187,-18309.43,0.00021157813171157613,1.1555691887272085e-08,1,,,primal+dual,1,,1,0.009557487,0.015851024999392394,19,60.0,1,1860864,cloud container (docker); Intel(R) Xeon(R) Processor @ 2.10GHz; 4 cores; 16 GiB RAM; Linux-x86_64,2026-09-30T17:52:09+00:00
maros-meszaros,primalc8,2b56d47e05f74ffb58e62e9364f912ba929eded5a5ff20897562d5beded328f5,8,520,highs,1.15.1,optimal,optimal,-18309.266838114247,-18309.266838114247,-18309.43,0.1631618857536523,8.911358013529221e-06,0,,,primal+dual,0,[FAIL] dual feasibility (columns)  worst 3.311e-03 (3.311e-03 relative) on C------1; [FAIL] complementary slackness     worst |multiplier| * slack = 1.096e+02 on C------1,0,0.006499052047729492,0.14091809499950614,26,60.0,1,1860864,cloud container (docker); Intel(R) Xeon(R) Processor @ 2.10GHz; 4 cores; 16 GiB RAM; Linux-x86_64,2026-09-30T17:52:09+00:00
maros-meszaros,primalc8,2b56d47e05f74ffb58e62e9364f912ba929eded5a5ff20897562d5beded328f5,8,520,scip,10.0.2,optimal,optimal,-18309.429794696993,-18309.429794692012,-18309.43,0.0002053079879260622,1.1213237546229576e-08,1,,,primal-only,1,,1,0.028888999999999998,0.16289222900013556,473,60.0,1,1860864,cloud container (docker); Intel(R) Xeon(R) Processor @ 2.10GHz; 4 cores; 16 GiB RAM; Linux-x86_64,2026-09-30T17:52:09+00:00
maros-meszaros,primalc8,2b56d47e05f74ffb58e62e9364f912ba929eded5a5ff20897562d5beded328f5,8,520,cbc-clp,1.17.9,optimal,Optimal,-18309.429788438647,-18309.429788421796,-18309.43,0.00021157820447115228,1.1555695861157463e-08,1,,,primal+dual,1,,1,0.012969607999366417,0.012969607999366417,42,60.0,1,1860864,cloud container (docker); Intel(R) Xeon(R) Processor @ 2.10GHz; 4 cores; 16 GiB RAM; Linux-x86_64,2026-09-30T17:52:09+00:00
maros-meszaros,primalc8,2b56d47e05f74ffb58e62e9364f912ba929eded5a5ff20897562d5beded328f5,8,520,glpk,,unsupported,no quadratic objective in GLPK,,,-18309.43,,,0,,,unsupported,,,0,,,,60.0,1,1860864,cloud container (docker); Intel(R) Xeon(R) Processor @ 2.10GHz; 4 cores; 16 GiB RAM; Linux-x86_64,2026-09-30T17:52:09+00:00
maros-meszaros,q25fv47,1033975a3fc0242129ed29617c352e1afcf099eee2cd9eba875710a1f799538d,820,1571,sankhya,1860864,optimal,,13744447.89486292,13744447.894862927,13744448.0,0.10513707250356674,7.649421242931454e-09,1,,,primal+dual,1,,1,0.730493742,0.7736160270005712,36,60.0,1,1860864,cloud container (docker); Intel(R) Xeon(R) Processor @ 2.10GHz; 4 cores; 16 GiB RAM; Linux-x86_64,2026-09-30T17:52:10+00:00
maros-meszaros,q25fv47,1033975a3fc0242129ed29617c352e1afcf099eee2cd9eba875710a1f799538d,820,1571,highs,1.15.1,time_limit,time limit reached,,,13744448.0,,,0,,,not-run,,,0,60.06127619743347,60.2700678479996,138978,60.0,1,1860864,cloud container (docker); Intel(R) Xeon(R) Processor @ 2.10GHz; 4 cores; 16 GiB RAM; Linux-x86_64,2026-09-30T17:52:10+00:00
maros-meszaros,q25fv47,1033975a3fc0242129ed29617c352e1afcf099eee2cd9eba875710a1f799538d,820,1571,scip,10.0.2,time_limit,timelimit,,,13744448.0,,,0,,,not-run,,,0,60.000193,60.53354146299989,42918,60.0,1,1860864,cloud container (docker); Intel(R) Xeon(R) Processor @ 2.10GHz; 4 cores; 16 GiB RAM; Linux-x86_64,2026-09-30T17:52:10+00:00
maros-meszaros,q25fv47,1033975a3fc0242129ed29617c352e1afcf099eee2cd9eba875710a1f799538d,820,1571,cbc-clp,1.17.9,optimal,Optimal,13744447.894872377,13744447.894876443,13744448.0,0.10512355715036392,7.648437911101554e-09,1,,,primal+dual,0,[FAIL] dual feasibility (columns)  worst 3.520e+01 (1.833e+00 relative) on 1C1013; [FAIL] complementary slackness     worst |multiplier| * slack = 9.139e+01 on 1C1015,0,3.4616186089997427,3.4616186089997427,650,60.0,1,1860864,cloud container (docker); Intel(R) Xeon(R) Processor @ 2.10GHz; 4 cores; 16 GiB RAM; Linux-x86_64,2026-09-30T17:52:10+00:00
maros-meszaros,q25fv47,1033975a3fc0242129ed29617c352e1afcf099eee2cd9eba875710a1f799538d,820,1571,glpk,,unsupported,no quadratic objective in GLPK,,,13744448.0,,,0,,,unsupported,,,0,,,,60.0,1,1860864,cloud container (docker); Intel(R) Xeon(R) Processor @ 2.10GHz; 4 cores; 16 GiB RAM; Linux-x86_64,2026-09-30T17:52:10+00:00
maros-meszaros,qadlittl,e06c4d9a3afa6c3cadaf62551aa3d1668d430c24a8d3aeb8e615f4464d52cbfe,56,97,sankhya,1860864,optimal,,480318.8585448425,480318.8585448425,480318.86,0.0014551574713550508,3.029565550174421e-09,1,,,primal+dual,1,,1,0.001163395,0.005066519000138214,15,60.0,1,1860864,cloud container (docker); Intel(R) Xeon(R) Processor @ 2.10GHz; 4 cores; 16 GiB RAM; Linux-x86_64,2026-09-30T17:54:15+00:00
maros-meszaros,qadlittl,e06c4d9a3afa6c3cadaf62551aa3d1668d430c24a8d3aeb8e615f4464d52cbfe,56,97,highs,1.15.1,optimal,optimal,480318.85854477616,480318.85854477616,480318.86,0.0014552238280884922,3.0297037015962525e-09,1,,,primal+dual,0,[FAIL] dual feasibility (columns)  worst 5.276e-06 (5.276e-06 relative) on ...142; [FAIL] complementary slackness     worst |multiplier| * slack = 1.484e-02 on ...175,0,0.004290580749511719,0.1221984549993067,239,60.0,1,1860864,cloud container (docker); Intel(R) Xeon(R) Processor @ 2.10GHz; 4 cores; 16 GiB RAM; Linux-x86_64,2026-09-30T17:54:15+00:00
maros-meszaros,qadlittl,e06c4d9a3afa6c3cadaf62551aa3d1668d430c24a8d3aeb8e615f4464d52cbfe,56,97,scip,10.0.2,optimal,optimal,480318.8579008751,480318.85790088464,480318.86,0.002099115343298763,4.3702538419973e-09,1,,,primal-only,1,,1,0.082443,0.22108903200023633,393,60.0,1,1860864,cloud container (docker); Intel(R) Xeon(R) Processor @ 2.10GHz; 4 cores; 16 GiB RAM; Linux-x86_64,2026-09-30T17:54:15+00:00
maros-meszaros,qadlittl,e06c4d9a3afa6c3cadaf62551aa3d1668d430c24a8d3aeb8e615f4464d52cbfe,56,97,cbc-clp,1.17.9,optimal,Optimal,480318.8585448493,480318.8585448494,480318.86,0.001455150602851063,3.029551250290407e-09,1,,,primal+dual,0,[FAIL] complementary slackness     worst |multiplier| * slack = 1.275e-05 on ...149,0,0.009525209000457835,0.009525209000457835,50,60.0,1,1860864,cloud container (docker); Intel(R) Xeon(R) Processor @ 2.10GHz; 4 cores; 16 GiB RAM; Linux-x86_64,2026-09-30T17:54:15+00:00
maros-meszaros,qadlittl,e06c4d9a3afa6c3cadaf62551aa3d1668d430c24a8d3aeb8e615f4464d52cbfe,56,97,glpk,,unsupported,no quadratic objective in GLPK,,,480318.86,,,0,,,unsupported,,,0,,,,60.0,1,1860864,cloud container (docker); Intel(R) Xeon(R) Processor @ 2.10GHz; 4 cores; 16 GiB RAM; Linux-x86_64,2026-09-30T17:54:15+00:00
maros-meszaros,qafiro,f914d7af0a75383dcb1b7993512b5772d09752e34d95cc22a48a356537be798a,27,32,sankhya,1860864,optimal,,-1.5907817937240833,-1.5907817937240836,-1.5907818,6.275916453191144e-09,3.945177429859421e-09,1,,,primal+dual,1,,1,0.000432563,0.006258471999899484,11,60.0,1,1860864,cloud container (docker); Intel(R) Xeon(R) Processor @ 2.10GHz; 4 cores; 16 GiB RAM; Linux-x86_64,2026-09-30T17:54:16+00:00
maros-meszaros,qafiro,f914d7af0a75383dcb1b7993512b5772d09752e34d95cc22a48a356537be798a,27,32,highs,1.15.1,optimal,optimal,-1.5907817938917632,-1.590781793891763,-1.5907818,6.108237027291352e-09,3.839770499820498e-09,1,,,primal+dual,0,[FAIL] dual feasibility (columns)  worst 2.552e-06 (2.552e-06 relative) on X37; [FAIL] complementary slackness     worst |multiplier| * slack = 6.515e-05 on X37,0,0.0010457038879394531,0.14055298499988567,28,60.0,1,1860864,cloud container (docker); Intel(R) Xeon(R) Processor @ 2.10GHz; 4 cores; 16 GiB RAM; Linux-x86_64,2026-09-30T17:54:16+00:00
maros-meszaros,qafiro,f914d7af0a75383dcb1b7993512b5772d09752e34d95cc22a48a356537be798a,27,32,scip,10.0.2,optimal,optimal,-1.5907828516544669,-1.590782842718621,-1.5907818,1.0427186210026917e-06,6.554755787391406e-07,1,,,primal-only,0,"[FAIL] objective           recomputed -1.590782842719e+00, solver said -1.590782851654e+00, difference 8.936e-09",0,0.011319,0.17192404300021735,26,60.0,1,1860864,cloud container (docker); Intel(R) Xeon(R) Processor @ 2.10GHz; 4 cores; 16 GiB RAM; Linux-x86_64,2026-09-30T17:54:16+00:00
maros-meszaros,qafiro,f914d7af0a75383dcb1b7993512b5772d09752e34d95cc22a48a356537be798a,27,32,cbc-clp,1.17.9,optimal,Optimal,-1.5907811467194204,-1.590776580119581,-1.5907818,5.219880419016221e-06,3.28133023587284e-06,0,,,primal+dual,0,"[FAIL] objective                   recomputed -1.590776580120e+00, solver said -1.590781146719e+00, difference 4.567e-06",0,0.005106257000079495,0.005106257000079495,28,60.0,1,1860864,cloud container (docker); Intel(R) Xeon(R) Processor @ 2.10GHz; 4 cores; 16 GiB RAM; Linux-x86_64,2026-09-30T17:54:16+00:00
maros-meszaros,qafiro,f914d7af0a75383dcb1b7993512b5772d09752e34d95cc22a48a356537be798a,27,32,glpk,,unsupported,no quadratic objective in GLPK,,,-1.5907818,,,0,,,unsupported,,,0,,,,60.0,1,1860864,cloud container (docker); Intel(R) Xeon(R) Processor @ 2.10GHz; 4 cores; 16 GiB RAM; Linux-x86_64,2026-09-30T17:54:16+00:00
maros-meszaros,qbandm,77ceb14be33f7c2d5b9291e7e22ac5fff024faf3406aab9b261c5a77ba6c888f,305,472,sankhya,1860864,optimal,,16352.342036745526,16352.342036745522,16352.342,3.6745521356351674e-05,2.247110619160954e-09,1,,,primal+dual,1,,1,0.010520242,0.016446450999865192,21,60.0,1,1860864,cloud container (docker); Intel(R) Xeon(R) Processor @ 2.10GHz; 4 cores; 16 GiB RAM; Linux-x86_64,2026-09-30T17:54:17+00:00
maros-meszaros,qbandm,77ceb14be33f7c2d5b9291e7e22ac5fff024faf3406aab9b261c5a77ba6c888f,305,472,highs,1.15.1,optimal,optimal,16352.34203674664,16352.34203674664,16352.342,3.6746640034834854e-05,2.247179030064003e-09,1,,,primal+dual,0,[FAIL] dual feasibility (columns)  worst 8.433e-05 (8.433e-05 relative) on MC90PT; [FAIL] complementary slackness     worst |multiplier| * slack = 7.111e-02 on MC90PT,0,0.029605627059936523,0.1652436320000561,603,60.0,1,1860864,cloud container (docker); Intel(R) Xeon(R) Processor @ 2.10GHz; 4 cores; 16 GiB RAM; Linux-x86_64,2026-09-30T17:54:17+00:00
maros-meszaros,qbandm,77ceb14be33f7c2d5b9291e7e22ac5fff024faf3406aab9b261c5a77ba6c888f,305,472,scip,10.0.2,optimal,optimal,16352.342029850573,16352.34202994055,16352.342,2.9940549211460166e-05,1.8309639812731513e-09,1,,,primal-only,1,,1,0.193762,0.3373280039995734,593,60.0,1,1860864,cloud container (docker); Intel(R) Xeon(R) Processor @ 2.10GHz; 4 cores; 16 GiB RAM; Linux-x86_64,2026-09-30T17:54:17+00:00
maros-meszaros,qbandm,77ceb14be33f7c2d5b9291e7e22ac5fff024faf3406aab9b261c5a77ba6c888f,305,472,cbc-clp,1.17.9,optimal,Optimal,16352.34203797108,16352.342037971084,16352.342,3.797108365688473e-05,2.3220578224748925e-09,1,,,primal+dual,1,,1,0.05433865800023341,0.05433865800023341,322,60.0,1,1860864,cloud container (docker); Intel(R) Xeon(R) Processor @ 2.10GHz; 4 cores; 16 GiB RAM; Linux-x86_64,2026-09-30T17:54:17+00:00
maros-meszaros,qbandm,77ceb14be33f7c2d5b9291e7e22ac5fff024faf3406aab9b261c5a77ba6c888f,305,472,glpk,,unsupported,no quadratic objective in GLPK,,,16352.342,,,0,,,unsupported,,,0,,,,60.0,1,1860864,cloud container (docker); Intel(R) Xeon(R) Processor @ 2.10GHz; 4 cores; 16 GiB RAM; Linux-x86_64,2026-09-30T17:54:17+00:00
maros-meszaros,qbeaconf,7f1545831d39c8c606ac68f512a6aa32e0bcb50fe6c502762e6f2fc8e66b0a27,173,262,sankhya,1860864,optimal,,164712.06014970093,164712.06014970093,164712.06,0.0001497009361628443,9.088644520798556e-10,1,,,primal+dual,1,,1,0.00885299,0.016233941000791674,18,60.0,1,1860864,cloud container (docker); Intel(R) Xeon(R) Processor @ 2.10GHz; 4 cores; 16 GiB RAM; Linux-x86_64,2026-09-30T17:54:17+00:00
maros-meszaros,qbeaconf,7f1545831d39c8c606ac68f512a6aa32e0bcb50fe6c502762e6f2fc8e66b0a27,173,262,highs,1.15.1,optimal,optimal,164712.0601497,164712.0601497,164712.06,0.00014970000484026968,9.088587978334415e-10,1,,,primal+dual,0,[FAIL] dual feasibility (columns)  worst 2.792e-04 (2.792e-04 relative) on 10144; [FAIL] complementary slackness     worst |multiplier| * slack = 7.795e-01 on 10144,0,0.003629922866821289,0.143344392000472,44,60.0,1,1860864,cloud container (docker); Intel(R) Xeon(R) Processor @ 2.10GHz; 4 cores; 16 GiB RAM; Linux-x86_64,2026-09-30T17:54:17+00:00
maros-meszaros,qbeaconf,7f1545831d39c8c606ac68f512a6aa32e0bcb50fe6c502762e6f2fc8e66b0a27,173,262,scip,10.0.2,optimal,optimal,164712.0601497,164712.0601497,164712.06,0.00014970000484026968,9.088587978334415e-10,1,,,primal-only,1,,1,0.066951,0.2013984810000693,131,60.0,1,1860864,cloud container (docker); Intel(R) Xeon(R) Processor @ 2.10GHz; 4 cores; 16 GiB RAM; Linux-x86_64,2026-09-30T17:54:17+00:00
maros-meszaros,qbeaconf,7f1545831d39c8c606ac68f512a6aa32e0bcb50fe6c502762e6f2fc8e66b0a27,173,262,cbc-clp,1.17.9,optimal,Optimal,164712.09520221327,164712.06349001772,164712.06,0.0034900177270174026,2.1188598618810322e-08,1,,,primal+dual,0,"[FAIL] objective                   recomputed 1.647120634900e+05, solver said 1.647120952022e+05, difference 3.171e-02; [FAIL] complementary slackness     worst |multiplier| * slack = 2.031e-03 on 10059S",0,0.01058364199980133,0.01058364199980133,28,60.0,1,1860864,cloud container (docker); Intel(R) Xeon(R) Processor @ 2.10GHz; 4 cores; 16 GiB RAM; Linux-x86_64,2026-09-30T17:54:17+00:00
maros-meszaros,qbeaconf,7f1545831d39c8c606ac68f512a6aa32e0bcb50fe6c502762e6f2fc8e66b0a27,173,262,glpk,,unsupported,no quadratic objective in GLPK,,,164712.06,,,0,,,unsupported,,,0,,,,60.0,1,1860864,cloud container (docker); Intel(R) Xeon(R) Processor @ 2.10GHz; 4 cores; 16 GiB RAM; Linux-x86_64,2026-09-30T17:54:17+00:00
maros-meszaros,qbore3d,773406ab95ea862bd59d8a088aaa9a4ffe32e3788f4ba620ffb0d9cf8580153c,233,315,sankhya,1860864,optimal,,3100.200801769786,3100.200801769786,3100.2008,1.769785740179941e-06,5.708616487615709e-10,1,,,primal+dual,1,,1,0.005283992,0.010486088999641652,20,60.0,1,1860864,cloud container (docker); Intel(R) Xeon(R) Processor @ 2.10GHz; 4 cores; 16 GiB RAM; Linux-x86_64,2026-09-30T17:54:18+00:00
maros-meszaros,qbore3d,773406ab95ea862bd59d8a088aaa9a4ffe32e3788f4ba620ffb0d9cf8580153c,233,315,highs,1.15.1,optimal,optimal,3102.1387967591113,3102.138796759111,3100.2008,1.9379967591107743,0.0006251197532465556,0,,,primal+dual,0,[FAIL] dual feasibility (columns)  worst 8.437e-04 (8.437e-04 relative) on IUT.KWXI; [FAIL] complementary slackness     worst |multiplier| * slack = 7.118e+00 on IUT.KWXI,0,0.005243539810180664,0.13212762100010877,126,60.0,1,1860864,cloud container (docker); Intel(R) Xeon(R) Processor @ 2.10GHz; 4 cores; 16 GiB RAM; Linux-x86_64,2026-09-30T17:54:18+00:00
maros-meszaros,qbore3d,773406ab95ea862bd59d8a088aaa9a4ffe32e3788f4ba620ffb0d9cf8580153c,233,315,scip,10.0.2,optimal,optimal,3100.200801756597,3100.2008017565977,3100.2008,1.7565976122568827e-06,5.66607689494462e-10,1,,,primal-only,1,,1,0.00887,0.15524082799947792,68,60.0,1,1860864,cloud container (docker); Intel(R) Xeon(R) Processor @ 2.10GHz; 4 cores; 16 GiB RAM; Linux-x86_64,2026-09-30T17:54:18+00:00
maros-meszaros,qbore3d,773406ab95ea862bd59d8a088aaa9a4ffe32e3788f4ba620ffb0d9cf8580153c,233,315,cbc-clp,1.17.9,optimal,Optimal,3100.2008847019324,3100.200884701932,3100.2008,8.470193188259145e-05,2.7321434109233005e-08,1,,,primal+dual,0,[FAIL] complementary slackness     worst |multiplier| * slack = 8.292e-05 on ION.DHXI,0,0.019231972999477875,0.019231972999477875,178,60.0,1,1860864,cloud container (docker); Intel(R) Xeon(R) Processor @ 2.10GHz; 4 cores; 16 GiB RAM; Linux-x86_64,2026-09-30T17:54:18+00:00
maros-meszaros,qbore3d,773406ab95ea862bd59d8a088aaa9a4ffe32e3788f4ba620ffb0d9cf8580153c,233,315,glpk,,unsupported,no quadratic objective in GLPK,,,3100.2008,,,0,,,unsupported,,,0,,,,60.0,1,1860864,cloud container (docker); Intel(R) Xeon(R) Processor @ 2.10GHz; 4 cores; 16 GiB RAM; Linux-x86_64,2026-09-30T17:54:18+00:00
maros-meszaros,qbrandy,8a4b47ec7b9362027f8732c132ea8fad03fbd6049bbee416f4f15a50425ac937,220,249,sankhya,1860864,optimal,,28375.11485669146,28375.114856691464,28375.115,0.00014330853809951805,5.050500697513228e-09,1,,,primal+dual,1,,1,0.008967054,0.01575279899952875,19,60.0,1,1860864,cloud container (docker); Intel(R) Xeon(R) Processor @ 2.10GHz; 4 cores; 16 GiB RAM; Linux-x86_64,2026-09-30T17:54:19+00:00
maros-meszaros,qbrandy,8a4b47ec7b9362027f8732c132ea8fad03fbd6049bbee416f4f15a50425ac937,220,249,highs,1.15.1,optimal,optimal,28375.11485714028,28375.114857140277,28375.115,0.00014285972429206595,5.0346835349236806e-09,1,,,primal+dual,0,[FAIL] dual feasibility (columns)  worst 3.532e-04 (3.531e-04 relative) on 100002; [FAIL] complementary slackness     worst |multiplier| * slack = 1.248e+00 on 100002,0,0.009268045425415039,0.13801393900030234,272,60.0,1,1860864,cloud container (docker); Intel(R) Xeon(R) Processor @ 2.10GHz; 4 cores; 16 GiB RAM; Linux-x86_64,2026-09-30T17:54:19+00:00
maros-meszaros,qbrandy,8a4b47ec7b9362027f8732c132ea8fad03fbd6049bbee416f4f15a50425ac937,220,249,scip,10.0.2,optimal,optimal,28375.11474114466,28375.114741234,28375.115,0.00025876600193441845,9.119469716137483e-09,1,,,primal-only,1,,1,0.107198,0.24167710700021416,839,60.0,1,1860864,cloud container (docker); Intel(R) Xeon(R) Processor @ 2.10GHz; 4 cores; 16 GiB RAM; Linux-x86_64,2026-09-30T17:54:19+00:00
maros-meszaros,qbrandy,8a4b47ec7b9362027f8732c132ea8fad03fbd6049bbee416f4f15a50425ac937,220,249,cbc-clp,1.17.9,optimal,Optimal,28375.115380884257,28375.115380884265,28375.115,0.0003808842629950959,1.3423179535839621e-08,1,,,primal+dual,0,[FAIL] row activity                worst violation 1.159e-06 (1.159e-06 relative to the row's terms) on 10131A; [FAIL] complementary slackness     worst |multiplier| * slack = 2.128e-04 on 102500,0,0.03186342200024228,0.03186342200024228,184,60.0,1,1860864,cloud container (docker); Intel(R) Xeon(R) Processor @ 2.10GHz; 4 cores; 16 GiB RAM; Linux-x86_64,2026-09-30T17:54:19+00:00
maros-meszaros,qbrandy,8a4b47ec7b9362027f8732c132ea8fad03fbd6049bbee416f4f15a50425ac937,220,249,glpk,,unsupported,no quadratic objective in GLPK,,,28375.115,,,0,,,unsupported,,,0,,,,60.0,1,1860864,cloud container (docker); Intel(R) Xeon(R) Processor @ 2.10GHz; 4 cores; 16 GiB RAM; Linux-x86_64,2026-09-30T17:54:19+00:00
maros-meszaros,qcapri,55c739bef51af3bbab10308d8f25b3466ff16340a40de4de55f5059906bac311,271,353,sankhya,1860864,feasible,"the in-process KKT check does not back the optimal claim (complementary slackness: |multiplier| * slack = 2.518e-05 on row 234); reported as feasible, not optimal (#590)",66793293.25994827,,66793293.0,,,0,,,not-run,,,0,0.024753939,0.031203688999994483,46,60.0,1,1860864,cloud container (docker); Intel(R) Xeon(R) Processor @ 2.10GHz; 4 cores; 16 GiB RAM; Linux-x86_64,2026-09-30T17:54:19+00:00
maros-meszaros,qcapri,55c739bef51af3bbab10308d8f25b3466ff16340a40de4de55f5059906bac311,271,353,highs,1.15.1,solve error,solve error,,,66793293.0,,,0,,,not-run,,,0,0.010804414749145508,0.1466544939994492,-1,60.0,1,1860864,cloud container (docker); Intel(R) Xeon(R) Processor @ 2.10GHz; 4 cores; 16 GiB RAM; Linux-x86_64,2026-09-30T17:54:19+00:00
maros-meszaros,qcapri,55c739bef51af3bbab10308d8f25b3466ff16340a40de4de55f5059906bac311,271,353,scip,10.0.2,optimal,optimal,66793293.266389,66793293.266388886,66793293.0,0.2663888856768608,3.988258007834122e-09,1,,,primal-only,1,,1,0.503549,0.6578097299998262,295,60.0,1,1860864,cloud container (docker); Intel(R) Xeon(R) Processor @ 2.10GHz; 4 cores; 16 GiB RAM; Linux-x86_64,2026-09-30T17:54:19+00:00
maros-meszaros,qcapri,55c739bef51af3bbab10308d8f25b3466ff16340a40de4de55f5059906bac311,271,353,cbc-clp,1.17.9,unparsed,"Exiting on iterations
At end primal/dual infeasibilities 133.57308/1.1520508e+09, complementarity gap 8.3965747e+18, objective -2.6422605e+08
Stopped objective -264226050.7 - 402 iterations time 0.192",,,66793293.0,,,0,,,not-run,,,0,0.20885885000006965,0.20885885000006965,402,60.0,1,1860864,cloud container (docker); Intel(R) Xeon(R) Processor @ 2.10GHz; 4 cores; 16 GiB RAM; Linux-x86_64,2026-09-30T17:54:19+00:00
maros-meszaros,qcapri,55c739bef51af3bbab10308d8f25b3466ff16340a40de4de55f5059906bac311,271,353,glpk,,unsupported,no quadratic objective in GLPK,,,66793293.0,,,0,,,unsupported,,,0,,,,60.0,1,1860864,cloud container (docker); Intel(R) Xeon(R) Processor @ 2.10GHz; 4 cores; 16 GiB RAM; Linux-x86_64,2026-09-30T17:54:19+00:00
maros-meszaros,qe226,61f2249ee62a41eaa01b76ab86e771a8923620c5993dd3e200c4bcd42bfb5d64,223,282,sankhya,1860864,optimal,,212.65343289861178,212.653432898612,212.65343,2.898612024182512e-06,1.3630685496972761e-08,1,,,primal+dual,1,,1,0.017381607,0.02386128899979667,23,60.0,1,1860864,cloud container (docker); Intel(R) Xeon(R) Processor @ 2.10GHz; 4 cores; 16 GiB RAM; Linux-x86_64,2026-09-30T17:54:20+00:00
maros-meszaros,qe226,61f2249ee62a41eaa01b76ab86e771a8923620c5993dd3e200c4bcd42bfb5d64,223,282,highs,1.15.1,not set,not set,,,212.65343,,,0,,,not-run,,,0,0.04651832580566406,0.17735634300061065,-1,60.0,1,1860864,cloud container (docker); Intel(R) Xeon(R) Processor @ 2.10GHz; 4 cores; 16 GiB RAM; Linux-x86_64,2026-09-30T17:54:20+00:00
maros-meszaros,qe226,61f2249ee62a41eaa01b76ab86e771a8923620c5993dd3e200c4bcd42bfb5d64,223,282,scip,10.0.2,optimal,optimal,212.65342798939875,212.65342803800704,212.65343,1.96199295032784e-06,9.226246434528896e-09,1,,,primal-only,0,[FAIL] row activity        worst violation 1.105e-07 (1.105e-07 relative to the row's terms) on ...054,0,5.776445,5.920225291999486,34338,60.0,1,1860864,cloud container (docker); Intel(R) Xeon(R) Processor @ 2.10GHz; 4 cores; 16 GiB RAM; Linux-x86_64,2026-09-30T17:54:20+00:00
maros-meszaros,qe226,61f2249ee62a41eaa01b76ab86e771a8923620c5993dd3e200c4bcd42bfb5d64,223,282,cbc-clp,1.17.9,optimal,Optimal,212.67481030663322,212.67381455502598,212.65343,0.020384555025998452,9.58581059614155e-05,0,,,primal+dual,0,"[FAIL] objective                   recomputed 2.126738145550e+02, solver said 2.126748103066e+02, difference 9.958e-04; [FAIL] dual feasibility (columns)  worst 2.320e+00 (1.262e+00 relative) on .P0LYG; [FAIL] dual feasibility (rows)     worst 1.211e+00 (4.161e-02 relative to |y|) on ...219; [FAIL] ",0,0.040927809000095294,0.040927809000095294,137,60.0,1,1860864,cloud container (docker); Intel(R) Xeon(R) Processor @ 2.10GHz; 4 cores; 16 GiB RAM; Linux-x86_64,2026-09-30T17:54:20+00:00
maros-meszaros,qe226,61f2249ee62a41eaa01b76ab86e771a8923620c5993dd3e200c4bcd42bfb5d64,223,282,glpk,,unsupported,no quadratic objective in GLPK,,,212.65343,,,0,,,unsupported,,,0,,,,60.0,1,1860864,cloud container (docker); Intel(R) Xeon(R) Processor @ 2.10GHz; 4 cores; 16 GiB RAM; Linux-x86_64,2026-09-30T17:54:20+00:00
maros-meszaros,qetamacr,abc3bc27cbce055be49a08d0e4ef20f35fdc5e860bb014181d44e78a71f846d4,400,688,sankhya,1860864,optimal,,86760.36962604281,86760.36962604299,86760.37,0.00037395700928755105,4.3102283829304905e-09,1,,,primal+dual,1,,1,0.060402195,0.0689740410007289,36,60.0,1,1860864,cloud container (docker); Intel(R) Xeon(R) Processor @ 2.10GHz; 4 cores; 16 GiB RAM; Linux-x86_64,2026-09-30T17:54:27+00:00
maros-meszaros,qetamacr,abc3bc27cbce055be49a08d0e4ef20f35fdc5e860bb014181d44e78a71f846d4,400,688,highs,1.15.1,optimal,optimal,86760.36962614699,86760.36962614697,86760.37,0.00037385302130132914,4.309029817430806e-09,1,,,primal+dual,0,[FAIL] dual feasibility (columns)  worst 1.393e-06 (1.393e-06 relative) on KAPSTK65; [FAIL] complementary slackness     worst |multiplier| * slack = 2.144e-04 on PCPETG05,0,0.099639892578125,0.24377413199999864,1285,60.0,1,1860864,cloud container (docker); Intel(R) Xeon(R) Processor @ 2.10GHz; 4 cores; 16 GiB RAM; Linux-x86_64,2026-09-30T17:54:27+00:00
maros-meszaros,qetamacr,abc3bc27cbce055be49a08d0e4ef20f35fdc5e860bb014181d44e78a71f846d4,400,688,scip,10.0.2,time_limit,timelimit,,,86760.37,,,0,,,not-run,,,0,60.000099,60.160754253999585,226092,60.0,1,1860864,cloud container (docker); Intel(R) Xeon(R) Processor @ 2.10GHz; 4 cores; 16 GiB RAM; Linux-x86_64,2026-09-30T17:54:27+00:00
maros-meszaros,qetamacr,abc3bc27cbce055be49a08d0e4ef20f35fdc5e860bb014181d44e78a71f846d4,400,688,cbc-clp,1.17.9,optimal,Optimal,86760.36962633248,86760.3696263325,86760.37,0.0003736674989340827,4.306891486678569e-09,1,,,primal+dual,1,,1,0.23378908300037438,0.23378908300037438,322,60.0,1,1860864,cloud container (docker); Intel(R) Xeon(R) Processor @ 2.10GHz; 4 cores; 16 GiB RAM; Linux-x86_64,2026-09-30T17:54:27+00:00
maros-meszaros,qetamacr,abc3bc27cbce055be49a08d0e4ef20f35fdc5e860bb014181d44e78a71f846d4,400,688,glpk,,unsupported,no quadratic objective in GLPK,,,86760.37,,,0,,,unsupported,,,0,,,,60.0,1,1860864,cloud container (docker); Intel(R) Xeon(R) Processor @ 2.10GHz; 4 cores; 16 GiB RAM; Linux-x86_64,2026-09-30T17:54:27+00:00
maros-meszaros,qfffff80,4ca2d84c1f49b8d4c5ba36cb08a0e94e991e792395240af54d9302b2484857bd,524,854,sankhya,1860864,feasible,"the in-process KKT check does not back the optimal claim (complementary slackness: |multiplier| * slack = 1.381e-06 on column 609); reported as feasible, not optimal (#590)",873147.4605181863,,873147.47,,,0,,,not-run,,,0,0.493155925,0.5032228519994533,188,60.0,1,1860864,cloud container (docker); Intel(R) Xeon(R) Processor @ 2.10GHz; 4 cores; 16 GiB RAM; Linux-x86_64,2026-09-30T17:55:28+00:00
maros-meszaros,qfffff80,4ca2d84c1f49b8d4c5ba36cb08a0e94e991e792395240af54d9302b2484857bd,524,854,highs,1.15.1,optimal,optimal,873149.2770688732,873149.2770688734,873147.47,1.807068873429671,2.069603286406672e-06,0,,,primal+dual,0,[FAIL] dual feasibility (columns)  worst 2.469e-02 (2.469e-02 relative) on YP.DWLGS; [FAIL] complementary slackness     worst |multiplier| * slack = 6.098e+03 on YP.DWLGS,0,0.07782649993896484,0.220236627000304,1083,60.0,1,1860864,cloud container (docker); Intel(R) Xeon(R) Processor @ 2.10GHz; 4 cores; 16 GiB RAM; Linux-x86_64,2026-09-30T17:55:28+00:00
maros-meszaros,qfffff80,4ca2d84c1f49b8d4c5ba36cb08a0e94e991e792395240af54d9302b2484857bd,524,854,scip,10.0.2,optimal,optimal,873147.4605185065,873147.4605186039,873147.47,0.009481396060436964,1.0858871366181665e-08,1,,,primal-only,1,,1,58.394465,58.562331072000234,193582,60.0,1,1860864,cloud container (docker); Intel(R) Xeon(R) Processor @ 2.10GHz; 4 cores; 16 GiB RAM; Linux-x86_64,2026-09-30T17:55:28+00:00
maros-meszaros,qfffff80,4ca2d84c1f49b8d4c5ba36cb08a0e94e991e792395240af54d9302b2484857bd,524,854,cbc-clp,1.17.9,unparsed,"k 1902
Exiting on iterations
At end primal/dual infeasibilities 2.0988214/6.718463e+08, complementarity gap 6.7183734e+18, objective 873150.31
Stopped objective 873150.3131 - 402 iterations time 1.142",,,873147.47,,,0,,,not-run,,,0,1.187224784999671,1.187224784999671,402,60.0,1,1860864,cloud container (docker); Intel(R) Xeon(R) Processor @ 2.10GHz; 4 cores; 16 GiB RAM; Linux-x86_64,2026-09-30T17:55:28+00:00
maros-meszaros,qfffff80,4ca2d84c1f49b8d4c5ba36cb08a0e94e991e792395240af54d9302b2484857bd,524,854,glpk,,unsupported,no quadratic objective in GLPK,,,873147.47,,,0,,,unsupported,,,0,,,,60.0,1,1860864,cloud container (docker); Intel(R) Xeon(R) Processor @ 2.10GHz; 4 cores; 16 GiB RAM; Linux-x86_64,2026-09-30T17:55:28+00:00
maros-meszaros,qforplan,2950201445f260604706a03742e87ac1a256460f974a43138b4fe44ef96bc77d,161,421,sankhya,1860864,feasible,"the in-process KKT check does not back the optimal claim (complementary slackness: |multiplier| * slack = 1.182e-05 on row 42); reported as feasible, not optimal (#590)",7456631460.806856,,7456631500.0,,,0,,,not-run,,,0,0.024656975,0.033012306000273384,29,60.0,1,1860864,cloud container (docker); Intel(R) Xeon(R) Processor @ 2.10GHz; 4 cores; 16 GiB RAM; Linux-x86_64,2026-09-30T17:56:28+00:00
maros-meszaros,qforplan,2950201445f260604706a03742e87ac1a256460f974a43138b4fe44ef96bc77d,161,421,highs,1.15.1,optimal,optimal,7456631475.8003435,7456631475.800344,7456631500.0,24.199655532836914,3.2453870803239925e-09,1,,,primal+dual,0,"[FAIL] dual feasibility (columns)  worst 1.604e-03 (1.604e-03 relative) on DEDO3 82; [FAIL] complementary slackness     worst |multiplier| * slack = 2.573e+01 on DEDO3 82; [FAIL] strong duality              primal 7.456631475800e+09  dual 7.456604086122e+09  gap 2.739e+04 (relative 3.673e-06), 1.671",0,0.024298429489135742,0.15258554199954233,498,60.0,1,1860864,cloud container (docker); Intel(R) Xeon(R) Processor @ 2.10GHz; 4 cores; 16 GiB RAM; Linux-x86_64,2026-09-30T17:56:28+00:00
maros-meszaros,qforplan,2950201445f260604706a03742e87ac1a256460f974a43138b4fe44ef96bc77d,161,421,scip,10.0.2,time_limit,timelimit,,,7456631500.0,,,0,,,not-run,,,0,60.001971,60.14306993599985,2094169,60.0,1,1860864,cloud container (docker); Intel(R) Xeon(R) Processor @ 2.10GHz; 4 cores; 16 GiB RAM; Linux-x86_64,2026-09-30T17:56:28+00:00
maros-meszaros,qforplan,2950201445f260604706a03742e87ac1a256460f974a43138b4fe44ef96bc77d,161,421,cbc-clp,1.17.9,optimal,Optimal; 372 names mapped back to their spaced form; 123 names mapped back to their spaced form,7456631460.809523,7456631460.810358,7456631500.0,39.18964195251465,5.2556763670720014e-09,1,,,primal+dual,0,"[FAIL] dual feasibility (columns)  worst 1.539e-03 (1.539e-03 relative) on DEDO3 82; [FAIL] complementary slackness     worst |multiplier| * slack = 4.271e+02 on DEDO5 12; [FAIL] strong duality              primal 7.456631460810e+09  dual 7.455492980996e+09  gap 1.138e+06 (relative 1.527e-04), 9.745",0,0.02486920100000134,0.02486920100000134,50,60.0,1,1860864,cloud container (docker); Intel(R) Xeon(R) Processor @ 2.10GHz; 4 cores; 16 GiB RAM; Linux-x86_64,2026-09-30T17:56:28+00:00
maros-meszaros,qforplan,2950201445f260604706a03742e87ac1a256460f974a43138b4fe44ef96bc77d,161,421,glpk,,unsupported,no quadratic objective in GLPK,,,7456631500.0,,,0,,,unsupported,,,0,,,,60.0,1,1860864,cloud container (docker); Intel(R) Xeon(R) Processor @ 2.10GHz; 4 cores; 16 GiB RAM; Linux-x86_64,2026-09-30T17:56:28+00:00
maros-meszaros,qgfrdxpn,3ef573eeb1320841d7c08bb5b3f2f3ee3d5b41e92f1f49e9a6a9ef427e073c73,616,1092,sankhya,1860864,feasible,"the in-process KKT check does not back the optimal claim (complementary slackness: |multiplier| * slack = 1.150e-06 on column 20); reported as feasible, not optimal (#590)",100790584870.42436,,100790590000.0,,,0,,,not-run,,,0,0.016600449,0.02335327699984191,36,60.0,1,1860864,cloud container (docker); Intel(R) Xeon(R) Processor @ 2.10GHz; 4 cores; 16 GiB RAM; Linux-x86_64,2026-09-30T17:57:29+00:00
maros-meszaros,qgfrdxpn,3ef573eeb1320841d7c08bb5b3f2f3ee3d5b41e92f1f49e9a6a9ef427e073c73,616,1092,highs,1.15.1,optimal,optimal,100790584870.42386,100790584870.42384,100790590000.0,5129.576156616211,5.0893403408157553e-08,1,,,primal+dual,0,[FAIL] dual feasibility (columns)  worst 4.381e-04 (3.678e-04 relative) on KB1LA1; [FAIL] complementary slackness     worst |multiplier| * slack = 3.510e+02 on XJ2DZ2,0,0.1243586540222168,0.2662841129995286,1346,60.0,1,1860864,cloud container (docker); Intel(R) Xeon(R) Processor @ 2.10GHz; 4 cores; 16 GiB RAM; Linux-x86_64,2026-09-30T17:57:29+00:00
maros-meszaros,qgfrdxpn,3ef573eeb1320841d7c08bb5b3f2f3ee3d5b41e92f1f49e9a6a9ef427e073c73,616,1092,scip,,crashed,Exception: SCIP: error in LP solver!,,,100790590000.0,,,0,,,not-run,,,0,,0.4343779769997127,,60.0,1,1860864,cloud container (docker); Intel(R) Xeon(R) Processor @ 2.10GHz; 4 cores; 16 GiB RAM; Linux-x86_64,2026-09-30T17:57:29+00:00
maros-meszaros,qgfrdxpn,3ef573eeb1320841d7c08bb5b3f2f3ee3d5b41e92f1f49e9a6a9ef427e073c73,616,1092,cbc-clp,1.17.9,optimal,Optimal,100790584870.4259,100790584870.4259,100790590000.0,5129.5740966796875,5.0893382970371414e-08,1,,,primal+dual,0,[FAIL] column bounds               worst violation 1.552e-06 (1.552e-06 relative) on FI1FJ1; [FAIL] complementary slackness     worst |multiplier| * slack = 2.946e-04 on P2UA,0,0.12158724199980497,0.12158724199980497,676,60.0,1,1860864,cloud container (docker); Intel(R) Xeon(R) Processor @ 2.10GHz; 4 cores; 16 GiB RAM; Linux-x86_64,2026-09-30T17:57:29+00:00
maros-meszaros,qgfrdxpn,3ef573eeb1320841d7c08bb5b3f2f3ee3d5b41e92f1f49e9a6a9ef427e073c73,616,1092,glpk,,unsupported,no quadratic objective in GLPK,,,100790590000.0,,,0,,,unsupported,,,0,,,,60.0,1,1860864,cloud container (docker); Intel(R) Xeon(R) Processor @ 2.10GHz; 4 cores; 16 GiB RAM; Linux-x86_64,2026-09-30T17:57:29+00:00
maros-meszaros,qgrow15,507aadbae6387eb6d6b29cf651b896476e2e83ab86ddec97a33ac257e16f70c9,300,645,sankhya,1860864,feasible,"the in-process KKT check does not back the optimal claim (complementary slackness: |multiplier| * slack = 2.402e-06 on column 431); reported as feasible, not optimal (#590)",-101693640.46826446,,-101693640.0,,,0,,,not-run,,,0,0.026476936,0.0343538039996929,28,60.0,1,1860864,cloud container (docker); Intel(R) Xeon(R) Processor @ 2.10GHz; 4 cores; 16 GiB RAM; Linux-x86_64,2026-09-30T17:57:30+00:00
maros-meszaros,qgrow15,507aadbae6387eb6d6b29cf651b896476e2e83ab86ddec97a33ac257e16f70c9,300,645,highs,1.15.1,solve error,solve error,,,-101693640.0,,,0,,,not-run,,,0,0.0547940731048584,0.2125942100001339,-1,60.0,1,1860864,cloud container (docker); Intel(R) Xeon(R) Processor @ 2.10GHz; 4 cores; 16 GiB RAM; Linux-x86_64,2026-09-30T17:57:30+00:00
maros-meszaros,qgrow15,507aadbae6387eb6d6b29cf651b896476e2e83ab86ddec97a33ac257e16f70c9,300,645,scip,10.0.2,optimal,optimal,-101693640.46836795,-101693640.46836793,-101693640.0,0.46836793422698975,4.605675775072952e-09,1,,,primal-only,1,,1,0.6170359999999999,0.7696014530001776,10005,60.0,1,1860864,cloud container (docker); Intel(R) Xeon(R) Processor @ 2.10GHz; 4 cores; 16 GiB RAM; Linux-x86_64,2026-09-30T17:57:30+00:00
maros-meszaros,qgrow15,507aadbae6387eb6d6b29cf651b896476e2e83ab86ddec97a33ac257e16f70c9,300,645,cbc-clp,1.17.9,optimal,Optimal,-101693640.46578327,-101693640.46650177,-101693640.0,0.46650177240371704,4.58732495369147e-09,1,,,primal+dual,0,[FAIL] complementary slackness     worst |multiplier| * slack = 3.573e-04 on XI0201,0,0.05048010600057751,0.05048010600057751,88,60.0,1,1860864,cloud container (docker); Intel(R) Xeon(R) Processor @ 2.10GHz; 4 cores; 16 GiB RAM; Linux-x86_64,2026-09-30T17:57:30+00:00
maros-meszaros,qgrow15,507aadbae6387eb6d6b29cf651b896476e2e83ab86ddec97a33ac257e16f70c9,300,645,glpk,,unsupported,no quadratic objective in GLPK,,,-101693640.0,,,0,,,unsupported,,,0,,,,60.0,1,1860864,cloud container (docker); Intel(R) Xeon(R) Processor @ 2.10GHz; 4 cores; 16 GiB RAM; Linux-x86_64,2026-09-30T17:57:30+00:00
maros-meszaros,qgrow22,9180bc1963a4ca55a93cf06dd8c52a1bc2eecef7fbe0a75aae08a587e6d53a79,440,946,sankhya,1860864,optimal,,-149628953.47137594,-149628953.47137594,-149628950.0,3.4713759422302246,2.3199895088685877e-08,1,,,primal+dual,1,,1,0.062546486,0.07749615099965013,34,60.0,1,1860864,cloud container (docker); Intel(R) Xeon(R) Processor @ 2.10GHz; 4 cores; 16 GiB RAM; Linux-x86_64,2026-09-30T17:57:31+00:00
maros-meszaros,qgrow22,9180bc1963a4ca55a93cf06dd8c52a1bc2eecef7fbe0a75aae08a587e6d53a79,440,946,highs,1.15.1,time_limit,time limit reached,,,-149628950.0,,,0,,,not-run,,,0,60.00123572349548,60.15993985200021,207392,60.0,1,1860864,cloud container (docker); Intel(R) Xeon(R) Processor @ 2.10GHz; 4 cores; 16 GiB RAM; Linux-x86_64,2026-09-30T17:57:31+00:00
maros-meszaros,qgrow22,9180bc1963a4ca55a93cf06dd8c52a1bc2eecef7fbe0a75aae08a587e6d53a79,440,946,scip,10.0.2,optimal,optimal,-149628953.47152644,-149628953.4715264,-149628950.0,3.47152641415596,2.3200900722460194e-08,1,,,primal-only,1,,1,3.848692,4.006027233000168,52294,60.0,1,1860864,cloud container (docker); Intel(R) Xeon(R) Processor @ 2.10GHz; 4 cores; 16 GiB RAM; Linux-x86_64,2026-09-30T17:57:31+00:00
maros-meszaros,qgrow22,9180bc1963a4ca55a93cf06dd8c52a1bc2eecef7fbe0a75aae08a587e6d53a79,440,946,cbc-clp,1.17.9,optimal,Optimal,-149628953.46574748,-149628953.47085795,-149628950.0,3.470857948064804,2.3196433230767202e-08,1,,,primal+dual,0,[FAIL] complementary slackness     worst |multiplier| * slack = 8.964e-05 on SI1701,0,0.0502262090003569,0.0502262090003569,82,60.0,1,1860864,cloud container (docker); Intel(R) Xeon(R) Processor @ 2.10GHz; 4 cores; 16 GiB RAM; Linux-x86_64,2026-09-30T17:57:31+00:00
maros-meszaros,qgrow22,9180bc1963a4ca55a93cf06dd8c52a1bc2eecef7fbe0a75aae08a587e6d53a79,440,946,glpk,,unsupported,no quadratic objective in GLPK,,,-149628950.0,,,0,,,unsupported,,,0,,,,60.0,1,1860864,cloud container (docker); Intel(R) Xeon(R) Processor @ 2.10GHz; 4 cores; 16 GiB RAM; Linux-x86_64,2026-09-30T17:57:31+00:00
maros-meszaros,qgrow7,a9524dd366e038843edc0c1c4c5d3eeb2b6815ee9f785cc9ee4303a4c640676b,140,301,sankhya,1860864,optimal,,-42798713.87254109,-42798713.87254109,-42798714.0,0.12745890766382217,2.978101343508176e-09,1,,,primal+dual,1,,1,0.012187819,0.017819135000536335,27,60.0,1,1860864,cloud container (docker); Intel(R) Xeon(R) Processor @ 2.10GHz; 4 cores; 16 GiB RAM; Linux-x86_64,2026-09-30T17:58:36+00:00
maros-meszaros,qgrow7,a9524dd366e038843edc0c1c4c5d3eeb2b6815ee9f785cc9ee4303a4c640676b,140,301,highs,1.15.1,time_limit,time limit reached,,,-42798714.0,,,0,,,not-run,,,0,60.000715017318726,60.156693601999905,557133,60.0,1,1860864,cloud container (docker); Intel(R) Xeon(R) Processor @ 2.10GHz; 4 cores; 16 GiB RAM; Linux-x86_64,2026-09-30T17:58:36+00:00
maros-meszaros,qgrow7,a9524dd366e038843edc0c1c4c5d3eeb2b6815ee9f785cc9ee4303a4c640676b,140,301,scip,10.0.2,optimal,optimal,-42798713.872585386,-42798713.87258537,-42798714.0,0.12741462886333466,2.9770667610090962e-09,1,,,primal-only,1,,1,0.103919,0.2537130029995751,444,60.0,1,1860864,cloud container (docker); Intel(R) Xeon(R) Processor @ 2.10GHz; 4 cores; 16 GiB RAM; Linux-x86_64,2026-09-30T17:58:36+00:00
maros-meszaros,qgrow7,a9524dd366e038843edc0c1c4c5d3eeb2b6815ee9f785cc9ee4303a4c640676b,140,301,cbc-clp,1.17.9,optimal,Optimal,-42798792.14731023,-42798301.80767479,-42798714.0,412.1923252120614,9.630951182600052e-06,0,,,primal+dual,0,"[FAIL] objective                   recomputed -4.279830180767e+07, solver said -4.279879214731e+07, difference 4.903e+02; [FAIL] complementary slackness     worst |multiplier| * slack = 1.918e+01 on XI1505",0,0.019228717000260076,0.019228717000260076,84,60.0,1,1860864,cloud container (docker); Intel(R) Xeon(R) Processor @ 2.10GHz; 4 cores; 16 GiB RAM; Linux-x86_64,2026-09-30T17:58:36+00:00
maros-meszaros,qgrow7,a9524dd366e038843edc0c1c4c5d3eeb2b6815ee9f785cc9ee4303a4c640676b,140,301,glpk,,unsupported,no quadratic objective in GLPK,,,-42798714.0,,,0,,,unsupported,,,0,,,,60.0,1,1860864,cloud container (docker); Intel(R) Xeon(R) Processor @ 2.10GHz; 4 cores; 16 GiB RAM; Linux-x86_64,2026-09-30T17:58:36+00:00
maros-meszaros,qisrael,7a4260bc9b96131179355a9feff20c6eff9ce696a3a9c6af9c496f32744a555f,174,142,sankhya,1860864,optimal,,25347837.789121617,25347837.789121617,25347838.0,0.2108783833682537,8.31938342703049e-09,1,,,primal+dual,1,,1,0.014993273,0.020354203000351845,30,60.0,1,1860864,cloud container (docker); Intel(R) Xeon(R) Processor @ 2.10GHz; 4 cores; 16 GiB RAM; Linux-x86_64,2026-09-30T17:59:36+00:00
maros-meszaros,qisrael,7a4260bc9b96131179355a9feff20c6eff9ce696a3a9c6af9c496f32744a555f,174,142,highs,1.15.1,optimal,optimal,25347837.78993466,25347837.789934665,25347838.0,0.2100653350353241,8.287307778885287e-09,1,,,primal+dual,0,[FAIL] dual feasibility (columns)  worst 6.064e-04 (6.064e-04 relative) on A373; [FAIL] complementary slackness     worst |multiplier| * slack = 3.677e+00 on A373,0,0.010403633117675781,0.13132843899984437,342,60.0,1,1860864,cloud container (docker); Intel(R) Xeon(R) Processor @ 2.10GHz; 4 cores; 16 GiB RAM; Linux-x86_64,2026-09-30T17:59:36+00:00
maros-meszaros,qisrael,7a4260bc9b96131179355a9feff20c6eff9ce696a3a9c6af9c496f32744a555f,174,142,scip,10.0.2,optimal,optimal,25347837.782571584,25347837.78257159,25347838.0,0.21742840856313705,8.57778910229492e-09,1,,,primal-only,0,[FAIL] row activity        worst violation 9.990e-07 (9.990e-07 relative to the row's terms) on B173,0,0.286518,0.4367880409999998,812,60.0,1,1860864,cloud container (docker); Intel(R) Xeon(R) Processor @ 2.10GHz; 4 cores; 16 GiB RAM; Linux-x86_64,2026-09-30T17:59:36+00:00
maros-meszaros,qisrael,7a4260bc9b96131179355a9feff20c6eff9ce696a3a9c6af9c496f32744a555f,174,142,cbc-clp,1.17.9,optimal,Optimal,25347837.791498225,25347837.791498218,25347838.0,0.20850178226828575,8.225623907975338e-09,1,,,primal+dual,0,[FAIL] complementary slackness     worst |multiplier| * slack = 2.376e-03 on A340,0,0.050903500000458735,0.050903500000458735,100,60.0,1,1860864,cloud container (docker); Intel(R) Xeon(R) Processor @ 2.10GHz; 4 cores; 16 GiB RAM; Linux-x86_64,2026-09-30T17:59:36+00:00
maros-meszaros,qisrael,7a4260bc9b96131179355a9feff20c6eff9ce696a3a9c6af9c496f32744a555f,174,142,glpk,,unsupported,no quadratic objective in GLPK,,,25347838.0,,,0,,,unsupported,,,0,,,,60.0,1,1860864,cloud container (docker); Intel(R) Xeon(R) Processor @ 2.10GHz; 4 cores; 16 GiB RAM; Linux-x86_64,2026-09-30T17:59:36+00:00
maros-meszaros,qpcblend,45aff6b9792885d2fe23e4971061fcce41fb35df683a1323c7b9241e4e78cbf9,74,83,sankhya,1860864,optimal,,-0.007842543018647993,-0.007842543018647993,-0.0078425409,2.118647993154532e-09,2.118647993154532e-09,1,,,primal+dual,1,,1,0.001490486,0.00545314699957089,16,60.0,1,1860864,cloud container (docker); Intel(R) Xeon(R) Processor @ 2.10GHz; 4 cores; 16 GiB RAM; Linux-x86_64,2026-09-30T17:59:37+00:00
maros-meszaros,qpcblend,45aff6b9792885d2fe23e4971061fcce41fb35df683a1323c7b9241e4e78cbf9,74,83,highs,1.15.1,optimal,optimal,-0.007842543074204738,-0.007842543074204738,-0.0078425409,2.174204738122909e-09,2.174204738122909e-09,1,,,primal+dual,1,,1,0.003919124603271484,0.13088369800061628,204,60.0,1,1860864,cloud container (docker); Intel(R) Xeon(R) Processor @ 2.10GHz; 4 cores; 16 GiB RAM; Linux-x86_64,2026-09-30T17:59:37+00:00
maros-meszaros,qpcblend,45aff6b9792885d2fe23e4971061fcce41fb35df683a1323c7b9241e4e78cbf9,74,83,scip,10.0.2,optimal,optimal,-0.007842864304416039,-0.00784285500677693,-0.0078425409,3.1410677693057e-07,3.1410677693057e-07,1,,,primal-only,0,"[FAIL] objective           recomputed -7.842855006777e-03, solver said -7.842864304416e-03, difference 9.298e-09",0,0.201923,0.3523928810000143,1037,60.0,1,1860864,cloud container (docker); Intel(R) Xeon(R) Processor @ 2.10GHz; 4 cores; 16 GiB RAM; Linux-x86_64,2026-09-30T17:59:37+00:00
maros-meszaros,qpcblend,45aff6b9792885d2fe23e4971061fcce41fb35df683a1323c7b9241e4e78cbf9,74,83,cbc-clp,1.17.9,optimal,Optimal,-0.007842541175848393,-0.0078425131050316,-0.0078425409,2.7794968399802444e-08,2.7794968399802444e-08,1,,,primal+dual,0,"[FAIL] objective                   recomputed -7.842513105032e-03, solver said -7.842541175848e-03, difference 2.807e-08",0,0.006422532000215142,0.006422532000215142,36,60.0,1,1860864,cloud container (docker); Intel(R) Xeon(R) Processor @ 2.10GHz; 4 cores; 16 GiB RAM; Linux-x86_64,2026-09-30T17:59:37+00:00
maros-meszaros,qpcblend,45aff6b9792885d2fe23e4971061fcce41fb35df683a1323c7b9241e4e78cbf9,74,83,glpk,,unsupported,no quadratic objective in GLPK,,,-0.0078425409,,,0,,,unsupported,,,0,,,,60.0,1,1860864,cloud container (docker); Intel(R) Xeon(R) Processor @ 2.10GHz; 4 cores; 16 GiB RAM; Linux-x86_64,2026-09-30T17:59:37+00:00
maros-meszaros,qpcboei1,0d4e39f9458bb7b1ec45a44b63eef65411f1b013c8803ad6d43ef9b86e015428,351,384,sankhya,1860864,optimal,,11503914.009768238,11503914.009768238,11503914.0,0.009768238291144371,8.491230281401939e-10,1,,,primal+dual,1,,1,0.025227195,0.03222201300013694,29,60.0,1,1860864,cloud container (docker); Intel(R) Xeon(R) Processor @ 2.10GHz; 4 cores; 16 GiB RAM; Linux-x86_64,2026-09-30T17:59:38+00:00
maros-meszaros,qpcboei1,0d4e39f9458bb7b1ec45a44b63eef65411f1b013c8803ad6d43ef9b86e015428,351,384,highs,1.15.1,optimal,optimal,11503914.009767529,11503914.009767529,11503914.0,0.009767528623342514,8.490613388923556e-10,1,,,primal+dual,0,[FAIL] complementary slackness     worst |multiplier| * slack = 2.254e-02 on C-----69,0,0.16729497909545898,0.2997981879998406,1672,60.0,1,1860864,cloud container (docker); Intel(R) Xeon(R) Processor @ 2.10GHz; 4 cores; 16 GiB RAM; Linux-x86_64,2026-09-30T17:59:38+00:00
maros-meszaros,qpcboei1,0d4e39f9458bb7b1ec45a44b63eef65411f1b013c8803ad6d43ef9b86e015428,351,384,scip,10.0.2,optimal,optimal,11503913.99165781,11503913.991657864,11503914.0,0.008342135697603226,7.251562987695514e-10,1,,,primal-only,1,,1,0.297629,0.44377042799987976,3958,60.0,1,1860864,cloud container (docker); Intel(R) Xeon(R) Processor @ 2.10GHz; 4 cores; 16 GiB RAM; Linux-x86_64,2026-09-30T17:59:38+00:00
maros-meszaros,qpcboei1,0d4e39f9458bb7b1ec45a44b63eef65411f1b013c8803ad6d43ef9b86e015428,351,384,cbc-clp,1.17.9,optimal,Optimal,11503914.028586661,11503914.02858666,11503914.0,0.02858665958046913,2.484950737676684e-09,1,,,primal+dual,0,[FAIL] complementary slackness     worst |multiplier| * slack = 1.228e-03 on C----219,0,0.21742046899998968,0.21742046899998968,174,60.0,1,1860864,cloud container (docker); Intel(R) Xeon(R) Processor @ 2.10GHz; 4 cores; 16 GiB RAM; Linux-x86_64,2026-09-30T17:59:38+00:00
maros-meszaros,qpcboei1,0d4e39f9458bb7b1ec45a44b63eef65411f1b013c8803ad6d43ef9b86e015428,351,384,glpk,,unsupported,no quadratic objective in GLPK,,,11503914.0,,,0,,,unsupported,,,0,,,,60.0,1,1860864,cloud container (docker); Intel(R) Xeon(R) Processor @ 2.10GHz; 4 cores; 16 GiB RAM; Linux-x86_64,2026-09-30T17:59:38+00:00
maros-meszaros,qpcboei2,4d6a8c31327b8f40e66cfd564ae6d1957b287701005ece47fa4f9746c0f2dc00,166,143,sankhya,1860864,optimal,,8171962.244330409,8171962.244330409,8171962.3,0.05566959083080292,6.8122672116099845e-09,1,,,primal+dual,1,,1,0.005943274,0.010626545999912196,30,60.0,1,1860864,cloud container (docker); Intel(R) Xeon(R) Processor @ 2.10GHz; 4 cores; 16 GiB RAM; Linux-x86_64,2026-09-30T17:59:39+00:00
maros-meszaros,qpcboei2,4d6a8c31327b8f40e66cfd564ae6d1957b287701005ece47fa4f9746c0f2dc00,166,143,highs,1.15.1,optimal,optimal,8171962.244330588,8171962.244330588,8171962.3,0.05566941201686859,6.812245330215069e-09,1,,,primal+dual,0,[FAIL] complementary slackness     worst |multiplier| * slack = 7.700e-02 on C------9,0,0.0071604251861572266,0.13766045499960455,314,60.0,1,1860864,cloud container (docker); Intel(R) Xeon(R) Processor @ 2.10GHz; 4 cores; 16 GiB RAM; Linux-x86_64,2026-09-30T17:59:39+00:00
maros-meszaros,qpcboei2,4d6a8c31327b8f40e66cfd564ae6d1957b287701005ece47fa4f9746c0f2dc00,166,143,scip,10.0.2,optimal,optimal,8171960.95053974,8171960.950539749,8171962.3,1.34946025069803,1.6513295107810642e-07,1,,,primal-only,0,[FAIL] row activity        worst violation 4.114e-07 (4.114e-07 relative to the row's terms) on R-----49,0,0.072241,0.20346637300008297,1538,60.0,1,1860864,cloud container (docker); Intel(R) Xeon(R) Processor @ 2.10GHz; 4 cores; 16 GiB RAM; Linux-x86_64,2026-09-30T17:59:39+00:00
maros-meszaros,qpcboei2,4d6a8c31327b8f40e66cfd564ae6d1957b287701005ece47fa4f9746c0f2dc00,166,143,cbc-clp,1.17.9,optimal,Optimal,8171962.306618147,8171962.306618148,8171962.3,0.006618148647248745,8.098603987990431e-10,1,,,primal+dual,0,[FAIL] complementary slackness     worst |multiplier| * slack = 2.783e-02 on C-----95,0,0.02073112099969876,0.02073112099969876,102,60.0,1,1860864,cloud container (docker); Intel(R) Xeon(R) Processor @ 2.10GHz; 4 cores; 16 GiB RAM; Linux-x86_64,2026-09-30T17:59:39+00:00
maros-meszaros,qpcboei2,4d6a8c31327b8f40e66cfd564ae6d1957b287701005ece47fa4f9746c0f2dc00,166,143,glpk,,unsupported,no quadratic objective in GLPK,,,8171962.3,,,0,,,unsupported,,,0,,,,60.0,1,1860864,cloud container (docker); Intel(R) Xeon(R) Processor @ 2.10GHz; 4 cores; 16 GiB RAM; Linux-x86_64,2026-09-30T17:59:39+00:00
maros-meszaros,qpcstair,0764bfb65b3b46aa05d2d9eb396ff94cac3adfbecdb45ce4ec324134fc423d68,356,467,sankhya,1860864,optimal,,6204387.476083141,6204387.476083141,6204387.5,0.023916859179735184,3.854830018230677e-09,1,,,primal+dual,1,,1,0.025413933,0.03329615499933425,25,60.0,1,1860864,cloud container (docker); Intel(R) Xeon(R) Processor @ 2.10GHz; 4 cores; 16 GiB RAM; Linux-x86_64,2026-09-30T17:59:40+00:00
maros-meszaros,qpcstair,0764bfb65b3b46aa05d2d9eb396ff94cac3adfbecdb45ce4ec324134fc423d68,356,467,highs,1.15.1,not set,not set,,,6204387.5,,,0,,,not-run,,,0,28.145166158676147,28.276219452000078,-1,60.0,1,1860864,cloud container (docker); Intel(R) Xeon(R) Processor @ 2.10GHz; 4 cores; 16 GiB RAM; Linux-x86_64,2026-09-30T17:59:40+00:00
maros-meszaros,qpcstair,0764bfb65b3b46aa05d2d9eb396ff94cac3adfbecdb45ce4ec324134fc423d68,356,467,scip,10.0.2,optimal,optimal,6204387.450410541,6204387.450410542,6204387.5,0.04958945792168379,7.99264358031857e-09,1,,,primal-only,1,,1,0.465968,0.6226035499994396,3164,60.0,1,1860864,cloud container (docker); Intel(R) Xeon(R) Processor @ 2.10GHz; 4 cores; 16 GiB RAM; Linux-x86_64,2026-09-30T17:59:40+00:00
maros-meszaros,qpcstair,0764bfb65b3b46aa05d2d9eb396ff94cac3adfbecdb45ce4ec324134fc423d68,356,467,cbc-clp,1.17.9,optimal,Optimal,6204387.476079181,6204387.476090464,6204387.5,0.023909536190330982,3.853649726154432e-09,1,,,primal+dual,0,[FAIL] complementary slackness     worst |multiplier| * slack = 6.706e-06 on R----281,0,0.041634558000623656,0.041634558000623656,46,60.0,1,1860864,cloud container (docker); Intel(R) Xeon(R) Processor @ 2.10GHz; 4 cores; 16 GiB RAM; Linux-x86_64,2026-09-30T17:59:40+00:00
maros-meszaros,qpcstair,0764bfb65b3b46aa05d2d9eb396ff94cac3adfbecdb45ce4ec324134fc423d68,356,467,glpk,,unsupported,no quadratic objective in GLPK,,,6204387.5,,,0,,,unsupported,,,0,,,,60.0,1,1860864,cloud container (docker); Intel(R) Xeon(R) Processor @ 2.10GHz; 4 cores; 16 GiB RAM; Linux-x86_64,2026-09-30T17:59:40+00:00
maros-meszaros,qpilotno,5ff788c9e6978855052ed27e36e2381ad021904abac2ae67d861e247294aafd8,975,2172,sankhya,1860864,iteration_limit,"stopped at this engine's own ceiling of 1000000 iterations, no iteration_limit having been set",3178009.673486684,,4728586.9,,,0,,,not-run,,,0,33.022385712,34.18273651799973,1000000,60.0,1,1860864,cloud container (docker); Intel(R) Xeon(R) Processor @ 2.10GHz; 4 cores; 16 GiB RAM; Linux-x86_64,2026-09-30T18:00:09+00:00
maros-meszaros,qpilotno,5ff788c9e6978855052ed27e36e2381ad021904abac2ae67d861e247294aafd8,975,2172,highs,1.15.1,not set,not set,,,4728586.9,,,0,,,not-run,,,0,0.16811418533325195,0.3176079100003335,-1,60.0,1,1860864,cloud container (docker); Intel(R) Xeon(R) Processor @ 2.10GHz; 4 cores; 16 GiB RAM; Linux-x86_64,2026-09-30T18:00:09+00:00
maros-meszaros,qpilotno,5ff788c9e6978855052ed27e36e2381ad021904abac2ae67d861e247294aafd8,975,2172,scip,10.0.2,optimal,optimal,4728586.899003302,4728586.89900339,4728586.9,0.0009966101497411728,2.107627861806183e-10,1,,,primal-only,1,,1,4.001165,4.169504657999823,12734,60.0,1,1860864,cloud container (docker); Intel(R) Xeon(R) Processor @ 2.10GHz; 4 cores; 16 GiB RAM; Linux-x86_64,2026-09-30T18:00:09+00:00
maros-meszaros,qpilotno,5ff788c9e6978855052ed27e36e2381ad021904abac2ae67d861e247294aafd8,975,2172,cbc-clp,,hung,no exit within 120 s,,,4728586.9,,,0,,,not-run,,,0,,120.09487532499952,,60.0,1,1860864,cloud container (docker); Intel(R) Xeon(R) Processor @ 2.10GHz; 4 cores; 16 GiB RAM; Linux-x86_64,2026-09-30T18:00:09+00:00
maros-meszaros,qpilotno,5ff788c9e6978855052ed27e36e2381ad021904abac2ae67d861e247294aafd8,975,2172,glpk,,unsupported,no quadratic objective in GLPK,,,4728586.9,,,0,,,unsupported,,,0,,,,60.0,1,1860864,cloud container (docker); Intel(R) Xeon(R) Processor @ 2.10GHz; 4 cores; 16 GiB RAM; Linux-x86_64,2026-09-30T18:00:09+00:00
maros-meszaros,qptest,0959aa0e31b8dc8239690a6390fc319d23c9a8467cf348164141a0e82fa92490,2,2,sankhya,1860864,optimal,,4.371875000013509,4.37187500001351,4.371875,1.3510081942058605e-11,3.0902260339233405e-12,1,,,primal+dual,1,,1,9.1715e-05,0.004049379000207409,8,60.0,1,1860864,cloud container (docker); Intel(R) Xeon(R) Processor @ 2.10GHz; 4 cores; 16 GiB RAM; Linux-x86_64,2026-09-30T18:02:48+00:00
maros-meszaros,qptest,0959aa0e31b8dc8239690a6390fc319d23c9a8467cf348164141a0e82fa92490,2,2,highs,1.15.1,optimal,optimal,4.371875,4.371875,4.371875,0.0,0.0,1,,,primal+dual,1,,1,0.0007417201995849609,0.16168226299942035,4,60.0,1,1860864,cloud container (docker); Intel(R) Xeon(R) Processor @ 2.10GHz; 4 cores; 16 GiB RAM; Linux-x86_64,2026-09-30T18:02:48+00:00
maros-meszaros,qptest,0959aa0e31b8dc8239690a6390fc319d23c9a8467cf348164141a0e82fa92490,2,2,scip,10.0.2,optimal,optimal,4.37187490452,4.37187491451,4.371875,8.548999996804696e-08,1.9554538949088652e-08,1,,,primal-only,0,"[FAIL] objective           recomputed 4.371874914510e+00, solver said 4.371874904520e+00, difference 9.990e-09",0,0.007703,0.12469497700021748,17,60.0,1,1860864,cloud container (docker); Intel(R) Xeon(R) Processor @ 2.10GHz; 4 cores; 16 GiB RAM; Linux-x86_64,2026-09-30T18:02:48+00:00
maros-meszaros,qptest,0959aa0e31b8dc8239690a6390fc319d23c9a8467cf348164141a0e82fa92490,2,2,cbc-clp,1.17.9,optimal,Optimal,4.37187499353956,4.371875013912897,4.371875,1.3912896612566783e-08,3.182363771280465e-09,1,,,primal+dual,0,"[FAIL] objective                   recomputed 4.371875013913e+00, solver said 4.371874993540e+00, difference 2.037e-08",0,0.00531690499974502,0.00531690499974502,26,60.0,1,1860864,cloud container (docker); Intel(R) Xeon(R) Processor @ 2.10GHz; 4 cores; 16 GiB RAM; Linux-x86_64,2026-09-30T18:02:48+00:00
maros-meszaros,qptest,0959aa0e31b8dc8239690a6390fc319d23c9a8467cf348164141a0e82fa92490,2,2,glpk,,unsupported,no quadratic objective in GLPK,,,4.371875,,,0,,,unsupported,,,0,,,,60.0,1,1860864,cloud container (docker); Intel(R) Xeon(R) Processor @ 2.10GHz; 4 cores; 16 GiB RAM; Linux-x86_64,2026-09-30T18:02:48+00:00
maros-meszaros,qrecipe,297fa808e0e2d9073c93675053855ebadcaf8c62e04edd6e51f5823f52256ffa,91,180,sankhya,1860864,optimal,,-266.6159999551286,-266.6159999551286,-266.616,4.4871399040857796e-08,1.6829972335065337e-10,1,,,primal+dual,1,,1,0.002447407,0.007984562999808986,18,60.0,1,1860864,cloud container (docker); Intel(R) Xeon(R) Processor @ 2.10GHz; 4 cores; 16 GiB RAM; Linux-x86_64,2026-09-30T18:02:49+00:00
maros-meszaros,qrecipe,297fa808e0e2d9073c93675053855ebadcaf8c62e04edd6e51f5823f52256ffa,91,180,highs,1.15.1,optimal,optimal,-266.61600000000027,-266.61600000000027,-266.616,2.8421709430404007e-13,1.0660166468030429e-15,1,,,primal+dual,0,"[FAIL] complementary slackness     worst |multiplier| * slack = 4.000e-05 on JAL1IOBE; [FAIL] strong duality              primal -2.666160000000e+02  dual -2.666175010000e+02  gap 1.501e-03 (relative 5.630e-06), 4.612e-04 of it from per-item violations accepted above",0,0.0020258426666259766,0.13972214000023087,44,60.0,1,1860864,cloud container (docker); Intel(R) Xeon(R) Processor @ 2.10GHz; 4 cores; 16 GiB RAM; Linux-x86_64,2026-09-30T18:02:49+00:00
maros-meszaros,qrecipe,297fa808e0e2d9073c93675053855ebadcaf8c62e04edd6e51f5823f52256ffa,91,180,scip,10.0.2,optimal,optimal,-266.61599999999993,-266.61600000000027,-266.616,2.8421709430404007e-13,1.0660166468030429e-15,1,,,primal-only,1,,1,0.009276,0.14512266300062038,0,60.0,1,1860864,cloud container (docker); Intel(R) Xeon(R) Processor @ 2.10GHz; 4 cores; 16 GiB RAM; Linux-x86_64,2026-09-30T18:02:49+00:00
maros-meszaros,qrecipe,297fa808e0e2d9073c93675053855ebadcaf8c62e04edd6e51f5823f52256ffa,91,180,cbc-clp,1.17.9,optimal,Optimal,-266.61599864726793,-266.61599864726793,-266.616,1.3527320561479428e-06,5.073709215305694e-09,1,,,primal+dual,1,,1,0.018890750999162265,0.018890750999162265,85,60.0,1,1860864,cloud container (docker); Intel(R) Xeon(R) Processor @ 2.10GHz; 4 cores; 16 GiB RAM; Linux-x86_64,2026-09-30T18:02:49+00:00
maros-meszaros,qrecipe,297fa808e0e2d9073c93675053855ebadcaf8c62e04edd6e51f5823f52256ffa,91,180,glpk,,unsupported,no quadratic objective in GLPK,,,-266.616,,,0,,,unsupported,,,0,,,,60.0,1,1860864,cloud container (docker); Intel(R) Xeon(R) Processor @ 2.10GHz; 4 cores; 16 GiB RAM; Linux-x86_64,2026-09-30T18:02:49+00:00
maros-meszaros,qsc205,d9e26beddd3ccf916590b44d3b5ea7c6ba1ec02526217552947ec96866698275,205,203,sankhya,1860864,optimal,,-0.0058139534694232,-0.005813953469423201,-0.0058139518,1.669423201240694e-09,1.669423201240694e-09,1,,,primal+dual,1,,1,0.001986,0.0060919850002392195,14,60.0,1,1860864,cloud container (docker); Intel(R) Xeon(R) Processor @ 2.10GHz; 4 cores; 16 GiB RAM; Linux-x86_64,2026-09-30T18:02:49+00:00
maros-meszaros,qsc205,d9e26beddd3ccf916590b44d3b5ea7c6ba1ec02526217552947ec96866698275,205,203,highs,1.15.1,optimal,optimal,-0.005813953482223395,-0.005813953482223395,-0.0058139518,1.6822233953051047e-09,1.6822233953051047e-09,1,,,primal+dual,1,,1,0.003393411636352539,0.1343949869997232,81,60.0,1,1860864,cloud container (docker); Intel(R) Xeon(R) Processor @ 2.10GHz; 4 cores; 16 GiB RAM; Linux-x86_64,2026-09-30T18:02:49+00:00
maros-meszaros,qsc205,d9e26beddd3ccf916590b44d3b5ea7c6ba1ec02526217552947ec96866698275,205,203,scip,10.0.2,optimal,optimal,-0.0058139689951133685,-0.005813959148494665,-0.0058139518,7.348494665201932e-09,7.348494665201932e-09,1,,,primal-only,0,"[FAIL] objective           recomputed -5.813959148495e-03, solver said -5.813968995113e-03, difference 9.847e-09",0,0.024172,0.17511344700051268,24,60.0,1,1860864,cloud container (docker); Intel(R) Xeon(R) Processor @ 2.10GHz; 4 cores; 16 GiB RAM; Linux-x86_64,2026-09-30T18:02:49+00:00
maros-meszaros,qsc205,d9e26beddd3ccf916590b44d3b5ea7c6ba1ec02526217552947ec96866698275,205,203,cbc-clp,1.17.9,optimal,Optimal,14.1914223581461,-0.005771121400589311,-0.0058139518,4.2830399410689196e-05,4.2830399410689196e-05,0,,,primal+dual,0,"[FAIL] objective                   recomputed -5.771121400589e-03, solver said 1.419142235815e+01, difference 1.420e+01; [FAIL] dual feasibility (columns)  worst 4.930e-04 (4.930e-04 relative) on COL00177; [FAIL] complementary slackness     worst |multiplier| * slack = 3.643e-01 on COL00188",0,0.008110009000120044,0.008110009000120044,32,60.0,1,1860864,cloud container (docker); Intel(R) Xeon(R) Processor @ 2.10GHz; 4 cores; 16 GiB RAM; Linux-x86_64,2026-09-30T18:02:49+00:00
maros-meszaros,qsc205,d9e26beddd3ccf916590b44d3b5ea7c6ba1ec02526217552947ec96866698275,205,203,glpk,,unsupported,no quadratic objective in GLPK,,,-0.0058139518,,,0,,,unsupported,,,0,,,,60.0,1,1860864,cloud container (docker); Intel(R) Xeon(R) Processor @ 2.10GHz; 4 cores; 16 GiB RAM; Linux-x86_64,2026-09-30T18:02:49+00:00
maros-meszaros,qscagr25,6d80d27e550b3736b71aa9ab2e977e5715deba9acf5b9abab134dc6178b97f1a,471,500,sankhya,1860864,optimal,,201737938.37071308,201737938.370713,201737940.0,1.6292870044708252,8.07625479109594e-09,1,,,primal+dual,1,,1,0.007005158,0.015377133999209036,20,60.0,1,1860864,cloud container (docker); Intel(R) Xeon(R) Processor @ 2.10GHz; 4 cores; 16 GiB RAM; Linux-x86_64,2026-09-30T18:02:50+00:00
maros-meszaros,qscagr25,6d80d27e550b3736b71aa9ab2e977e5715deba9acf5b9abab134dc6178b97f1a,471,500,highs,1.15.1,optimal,optimal,201737938.37071,201737938.37071016,201737940.0,1.629289835691452,8.076268825246515e-09,1,,,primal+dual,0,[FAIL] dual feasibility (columns)  worst 2.298e-03 (1.531e-04 relative) on COL00491; [FAIL] complementary slackness     worst |multiplier| * slack = 5.279e+01 on COL00491,0,0.10541963577270508,0.2366756700002952,1107,60.0,1,1860864,cloud container (docker); Intel(R) Xeon(R) Processor @ 2.10GHz; 4 cores; 16 GiB RAM; Linux-x86_64,2026-09-30T18:02:50+00:00
maros-meszaros,qscagr25,6d80d27e550b3736b71aa9ab2e977e5715deba9acf5b9abab134dc6178b97f1a,471,500,scip,10.0.2,optimal,optimal,201737938.36616996,201737938.36617002,201737940.0,1.6338299810886383,8.098773989110023e-09,1,,,primal-only,1,,1,0.787048,0.917763754000589,607,60.0,1,1860864,cloud container (docker); Intel(R) Xeon(R) Processor @ 2.10GHz; 4 cores; 16 GiB RAM; Linux-x86_64,2026-09-30T18:02:50+00:00
maros-meszaros,qscagr25,6d80d27e550b3736b71aa9ab2e977e5715deba9acf5b9abab134dc6178b97f1a,471,500,cbc-clp,1.17.9,optimal,Optimal,201737938.37107122,201737938.37107134,201737940.0,1.6289286613464355,8.074478510816734e-09,1,,,primal+dual,0,[FAIL] complementary slackness     worst |multiplier| * slack = 3.764e-05 on COL00003,0,0.05284415200003423,0.05284415200003423,382,60.0,1,1860864,cloud container (docker); Intel(R) Xeon(R) Processor @ 2.10GHz; 4 cores; 16 GiB RAM; Linux-x86_64,2026-09-30T18:02:50+00:00
maros-meszaros,qscagr25,6d80d27e550b3736b71aa9ab2e977e5715deba9acf5b9abab134dc6178b97f1a,471,500,glpk,,unsupported,no quadratic objective in GLPK,,,201737940.0,,,0,,,unsupported,,,0,,,,60.0,1,1860864,cloud container (docker); Intel(R) Xeon(R) Processor @ 2.10GHz; 4 cores; 16 GiB RAM; Linux-x86_64,2026-09-30T18:02:50+00:00
maros-meszaros,qscagr7,6f7d5957423ca8b0e17af7fac8f3d29cfc877512aab148db78c1c843d55d3f29,129,140,sankhya,1860864,optimal,,26865948.589022927,26865948.589022923,26865949.0,0.4109770767390728,1.529732215076686e-08,1,,,primal+dual,1,,1,0.00139557,0.005688567000106559,21,60.0,1,1860864,cloud container (docker); Intel(R) Xeon(R) Processor @ 2.10GHz; 4 cores; 16 GiB RAM; Linux-x86_64,2026-09-30T18:02:51+00:00
maros-meszaros,qscagr7,6f7d5957423ca8b0e17af7fac8f3d29cfc877512aab148db78c1c843d55d3f29,129,140,highs,1.15.1,optimal,optimal,26865948.58902269,26865948.58902269,26865949.0,0.4109773114323616,1.5297330886482425e-08,1,,,primal+dual,0,[FAIL] dual feasibility (columns)  worst 1.600e-04 (1.600e-04 relative) on COL00073; [FAIL] complementary slackness     worst |multiplier| * slack = 1.529e+00 on COL00131,0,0.004012584686279297,0.1347842170007425,168,60.0,1,1860864,cloud container (docker); Intel(R) Xeon(R) Processor @ 2.10GHz; 4 cores; 16 GiB RAM; Linux-x86_64,2026-09-30T18:02:51+00:00
maros-meszaros,qscagr7,6f7d5957423ca8b0e17af7fac8f3d29cfc877512aab148db78c1c843d55d3f29,129,140,scip,10.0.2,optimal,optimal,26865948.584352262,26865948.58435235,26865949.0,0.41564764827489853,1.547116940759839e-08,1,,,primal-only,1,,1,0.026865,0.18052153100052237,98,60.0,1,1860864,cloud container (docker); Intel(R) Xeon(R) Processor @ 2.10GHz; 4 cores; 16 GiB RAM; Linux-x86_64,2026-09-30T18:02:51+00:00
maros-meszaros,qscagr7,6f7d5957423ca8b0e17af7fac8f3d29cfc877512aab148db78c1c843d55d3f29,129,140,cbc-clp,1.17.9,optimal,Optimal,26865948.609662842,26865948.590601623,26865949.0,0.4093983769416809,1.523856004273964e-08,1,,,primal+dual,0,[FAIL] complementary slackness     worst |multiplier| * slack = 1.167e-04 on ROW00041,0,0.008085834999292274,0.008085834999292274,40,60.0,1,1860864,cloud container (docker); Intel(R) Xeon(R) Processor @ 2.10GHz; 4 cores; 16 GiB RAM; Linux-x86_64,2026-09-30T18:02:51+00:00
maros-meszaros,qscagr7,6f7d5957423ca8b0e17af7fac8f3d29cfc877512aab148db78c1c843d55d3f29,129,140,glpk,,unsupported,no quadratic objective in GLPK,,,26865949.0,,,0,,,unsupported,,,0,,,,60.0,1,1860864,cloud container (docker); Intel(R) Xeon(R) Processor @ 2.10GHz; 4 cores; 16 GiB RAM; Linux-x86_64,2026-09-30T18:02:51+00:00
maros-meszaros,qscfxm1,6ee5617212fee6f47fb5ce65b950b03097a01f62cd93bb90dc5a096cfc8f6fa7,330,457,sankhya,1860864,optimal,,16882691.639316853,16882691.63931687,16882692.0,0.3606831282377243,2.1364076785723763e-08,1,,,primal+dual,1,,1,0.021033432,0.028229182999893965,29,60.0,1,1860864,cloud container (docker); Intel(R) Xeon(R) Processor @ 2.10GHz; 4 cores; 16 GiB RAM; Linux-x86_64,2026-09-30T18:02:52+00:00
maros-meszaros,qscfxm1,6ee5617212fee6f47fb5ce65b950b03097a01f62cd93bb90dc5a096cfc8f6fa7,330,457,highs,1.15.1,optimal,optimal,16882691.639317475,16882691.639317475,16882692.0,0.36068252474069595,2.1364041039230945e-08,1,,,primal+dual,0,[FAIL] dual feasibility (columns)  worst 1.547e-03 (1.545e-03 relative) on 1RMCST; [FAIL] complementary slackness     worst |multiplier| * slack = 2.395e+01 on 1RMCST,0,0.039852142333984375,0.19110847399952036,746,60.0,1,1860864,cloud container (docker); Intel(R) Xeon(R) Processor @ 2.10GHz; 4 cores; 16 GiB RAM; Linux-x86_64,2026-09-30T18:02:52+00:00
maros-meszaros,qscfxm1,6ee5617212fee6f47fb5ce65b950b03097a01f62cd93bb90dc5a096cfc8f6fa7,330,457,scip,10.0.2,optimal,optimal,16882691.604650542,16882691.604650546,16882692.0,0.3953494541347027,2.341744161030141e-08,1,,,primal-only,1,,1,2.370859,2.518138413000088,7774,60.0,1,1860864,cloud container (docker); Intel(R) Xeon(R) Processor @ 2.10GHz; 4 cores; 16 GiB RAM; Linux-x86_64,2026-09-30T18:02:52+00:00
maros-meszaros,qscfxm1,6ee5617212fee6f47fb5ce65b950b03097a01f62cd93bb90dc5a096cfc8f6fa7,330,457,cbc-clp,1.17.9,optimal,Optimal,16882687.72313103,16882841.302377228,16882692.0,149.3023772276938,8.843517208493397e-06,0,,,primal+dual,0,"[FAIL] row activity                worst violation 9.026e-07 (9.026e-07 relative to the row's terms) on 1DT071; [FAIL] objective                   recomputed 1.688284130238e+07, solver said 1.688268772313e+07, difference 1.536e+02; [FAIL] complementary slackness     worst |multiplier| * slack = 4.40",0,0.02417915299974993,0.02417915299974993,38,60.0,1,1860864,cloud container (docker); Intel(R) Xeon(R) Processor @ 2.10GHz; 4 cores; 16 GiB RAM; Linux-x86_64,2026-09-30T18:02:52+00:00
maros-meszaros,qscfxm1,6ee5617212fee6f47fb5ce65b950b03097a01f62cd93bb90dc5a096cfc8f6fa7,330,457,glpk,,unsupported,no quadratic objective in GLPK,,,16882692.0,,,0,,,unsupported,,,0,,,,60.0,1,1860864,cloud container (docker); Intel(R) Xeon(R) Processor @ 2.10GHz; 4 cores; 16 GiB RAM; Linux-x86_64,2026-09-30T18:02:52+00:00
maros-meszaros,qscfxm2,032df6e69ec16b33d421fc5136688b122d196de9a206022c33233834f4564092,660,914,sankhya,1860864,optimal,,27776161.578610696,27776161.578610692,27776162.0,0.42138930782675743,1.5170897542531522e-08,1,,,primal+dual,1,,1,0.048832858,0.058650183000281686,37,60.0,1,1860864,cloud container (docker); Intel(R) Xeon(R) Processor @ 2.10GHz; 4 cores; 16 GiB RAM; Linux-x86_64,2026-09-30T18:02:55+00:00
maros-meszaros,qscfxm2,032df6e69ec16b33d421fc5136688b122d196de9a206022c33233834f4564092,660,914,highs,1.15.1,optimal,optimal,27776161.578617923,27776161.578617916,27776162.0,0.4213820844888687,1.5170637487240632e-08,1,,,primal+dual,0,[FAIL] dual feasibility (columns)  worst 1.564e-03 (1.561e-03 relative) on 1RMCST; [FAIL] complementary slackness     worst |multiplier| * slack = 2.445e+01 on 1RMCST,0,0.1597123146057129,0.3064767390005727,1534,60.0,1,1860864,cloud container (docker); Intel(R) Xeon(R) Processor @ 2.10GHz; 4 cores; 16 GiB RAM; Linux-x86_64,2026-09-30T18:02:55+00:00
maros-meszaros,qscfxm2,032df6e69ec16b33d421fc5136688b122d196de9a206022c33233834f4564092,660,914,scip,10.0.2,optimal,optimal,27776161.52933011,27776161.529330015,27776162.0,0.4706699848175049,1.694510511630458e-08,1,,,primal-only,1,,1,4.520294,4.663092609999694,38377,60.0,1,1860864,cloud container (docker); Intel(R) Xeon(R) Processor @ 2.10GHz; 4 cores; 16 GiB RAM; Linux-x86_64,2026-09-30T18:02:55+00:00
maros-meszaros,qscfxm2,032df6e69ec16b33d421fc5136688b122d196de9a206022c33233834f4564092,660,914,cbc-clp,1.17.9,optimal,Optimal,168853130.93384364,27776634.84293448,27776162.0,472.8429344817996,1.7023335854744785e-05,0,,,primal+dual,0,"[FAIL] row activity                worst violation 1.179e-06 (1.179e-06 relative to the row's terms) on 1DT071; [FAIL] objective                   recomputed 2.777663484293e+07, solver said 1.688531309338e+08, difference 1.411e+08; [FAIL] complementary slackness     worst |multiplier| * slack = 7.40",0,0.05539453399978811,0.05539453399978811,44,60.0,1,1860864,cloud container (docker); Intel(R) Xeon(R) Processor @ 2.10GHz; 4 cores; 16 GiB RAM; Linux-x86_64,2026-09-30T18:02:55+00:00
maros-meszaros,qscfxm2,032df6e69ec16b33d421fc5136688b122d196de9a206022c33233834f4564092,660,914,glpk,,unsupported,no quadratic objective in GLPK,,,27776162.0,,,0,,,unsupported,,,0,,,,60.0,1,1860864,cloud container (docker); Intel(R) Xeon(R) Processor @ 2.10GHz; 4 cores; 16 GiB RAM; Linux-x86_64,2026-09-30T18:02:55+00:00
maros-meszaros,qscfxm3,0fb68193cb7b45f9b25b6f469d39283ddeb94276e5e075a8743269ac05841695,990,1371,sankhya,1860864,optimal,,30816354.470867008,30816354.470867027,30816355.0,0.5291329734027386,1.7170524333677313e-08,1,,,primal+dual,1,,1,0.0857136,0.10065597499942669,39,60.0,1,1860864,cloud container (docker); Intel(R) Xeon(R) Processor @ 2.10GHz; 4 cores; 16 GiB RAM; Linux-x86_64,2026-09-30T18:03:00+00:00
maros-meszaros,qscfxm3,0fb68193cb7b45f9b25b6f469d39283ddeb94276e5e075a8743269ac05841695,990,1371,highs,1.15.1,optimal,optimal,30816354.47796901,30816354.47796898,30816355.0,0.522031020373106,1.6940063819134546e-08,1,,,primal+dual,0,[FAIL] dual feasibility (columns)  worst 1.564e-03 (1.561e-03 relative) on 1RMCST; [FAIL] complementary slackness     worst |multiplier| * slack = 2.445e+01 on 1RMCST,0,0.5155794620513916,0.6966931769993607,2763,60.0,1,1860864,cloud container (docker); Intel(R) Xeon(R) Processor @ 2.10GHz; 4 cores; 16 GiB RAM; Linux-x86_64,2026-09-30T18:03:00+00:00
maros-meszaros,qscfxm3,0fb68193cb7b45f9b25b6f469d39283ddeb94276e5e075a8743269ac05841695,990,1371,scip,10.0.2,optimal,optimal,30816354.41685407,30816354.41685416,30816355.0,0.5831458382308483,1.892325806315667e-08,1,,,primal-only,1,,1,4.674386,4.873064704000171,26001,60.0,1,1860864,cloud container (docker); Intel(R) Xeon(R) Processor @ 2.10GHz; 4 cores; 16 GiB RAM; Linux-x86_64,2026-09-30T18:03:00+00:00
maros-meszaros,qscfxm3,0fb68193cb7b45f9b25b6f469d39283ddeb94276e5e075a8743269ac05841695,990,1371,cbc-clp,1.17.9,optimal,Optimal,30816235.28605149,30816713.07073607,30816355.0,358.0707360692322,1.1619503217341318e-05,0,,,primal+dual,0,"[FAIL] row activity                worst violation 5.371e-07 (5.371e-07 relative to the row's terms) on 2DT071; [FAIL] objective                   recomputed 3.081671307074e+07, solver said 3.081623528605e+07, difference 4.778e+02; [FAIL] complementary slackness     worst |multiplier| * slack = 4.73",0,0.07636896199983312,0.07636896199983312,44,60.0,1,1860864,cloud container (docker); Intel(R) Xeon(R) Processor @ 2.10GHz; 4 cores; 16 GiB RAM; Linux-x86_64,2026-09-30T18:03:00+00:00
maros-meszaros,qscfxm3,0fb68193cb7b45f9b25b6f469d39283ddeb94276e5e075a8743269ac05841695,990,1371,glpk,,unsupported,no quadratic objective in GLPK,,,30816355.0,,,0,,,unsupported,,,0,,,,60.0,1,1860864,cloud container (docker); Intel(R) Xeon(R) Processor @ 2.10GHz; 4 cores; 16 GiB RAM; Linux-x86_64,2026-09-30T18:03:00+00:00
maros-meszaros,qscorpio,bfa4f58f53cbf400616b94d496e7ceadca955413cb8ceeb69791cee84a58fdc3,388,358,sankhya,1860864,optimal,,1880.5095530190094,1880.5095530190094,1880.5096,4.698099064626149e-05,2.4983116622356773e-08,1,,,primal+dual,1,,1,0.004019007,0.009854664999693341,17,60.0,1,1860864,cloud container (docker); Intel(R) Xeon(R) Processor @ 2.10GHz; 4 cores; 16 GiB RAM; Linux-x86_64,2026-09-30T18:03:06+00:00
maros-meszaros,qscorpio,bfa4f58f53cbf400616b94d496e7ceadca955413cb8ceeb69791cee84a58fdc3,388,358,highs,1.15.1,optimal,optimal,1880.5095529819666,1880.5095529819666,1880.5096,4.701803345597e-05,2.5002814905050204e-08,1,,,primal+dual,0,[FAIL] dual feasibility (columns)  worst 2.677e-07 (1.834e-07 relative) on X0337,0,0.005372285842895508,0.14899345100002392,133,60.0,1,1860864,cloud container (docker); Intel(R) Xeon(R) Processor @ 2.10GHz; 4 cores; 16 GiB RAM; Linux-x86_64,2026-09-30T18:03:06+00:00
maros-meszaros,qscorpio,bfa4f58f53cbf400616b94d496e7ceadca955413cb8ceeb69791cee84a58fdc3,388,358,scip,10.0.2,optimal,optimal,1880.5094780898228,1880.5094780995146,1880.5096,0.00012190048551019572,6.48231125808641e-08,1,,,primal-only,1,,1,0.08662299999999999,0.25336767800035886,188,60.0,1,1860864,cloud container (docker); Intel(R) Xeon(R) Processor @ 2.10GHz; 4 cores; 16 GiB RAM; Linux-x86_64,2026-09-30T18:03:06+00:00
maros-meszaros,qscorpio,bfa4f58f53cbf400616b94d496e7ceadca955413cb8ceeb69791cee84a58fdc3,388,358,cbc-clp,1.17.9,optimal,Optimal,1880.5095529654445,1880.5095529653217,1880.5096,4.703467834588082e-05,2.5011666170638435e-08,1,,,primal+dual,1,,1,0.010701148000407557,0.010701148000407557,32,60.0,1,1860864,cloud container (docker); Intel(R) Xeon(R) Processor @ 2.10GHz; 4 cores; 16 GiB RAM; Linux-x86_64,2026-09-30T18:03:06+00:00
maros-meszaros,qscorpio,bfa4f58f53cbf400616b94d496e7ceadca955413cb8ceeb69791cee84a58fdc3,388,358,glpk,,unsupported,no quadratic objective in GLPK,,,1880.5096,,,0,,,unsupported,,,0,,,,60.0,1,1860864,cloud container (docker); Intel(R) Xeon(R) Processor @ 2.10GHz; 4 cores; 16 GiB RAM; Linux-x86_64,2026-09-30T18:03:06+00:00
maros-meszaros,qscrs8,c4468737efd79eafef3899024aae50789a9d66ab481e861a073d8ce473418a6a,490,1169,sankhya,1860864,optimal,,904.5600138980815,904.5600138980815,904.56001,3.898081445186108e-06,4.309367429570657e-09,1,,,primal+dual,1,,1,0.020817884,0.02807182400010788,30,60.0,1,1860864,cloud container (docker); Intel(R) Xeon(R) Processor @ 2.10GHz; 4 cores; 16 GiB RAM; Linux-x86_64,2026-09-30T18:03:07+00:00
maros-meszaros,qscrs8,c4468737efd79eafef3899024aae50789a9d66ab481e861a073d8ce473418a6a,490,1169,highs,1.15.1,optimal,optimal,904.5600138571947,904.5600138571947,904.56001,3.857194656120555e-06,4.264166681567711e-09,1,,,primal+dual,0,[FAIL] dual feasibility (columns)  worst 2.103e-05 (2.103e-05 relative) on NELEDM75; [FAIL] complementary slackness     worst |multiplier| * slack = 4.424e-03 on NELEDM75,0,0.14177298545837402,0.28500537800027814,890,60.0,1,1860864,cloud container (docker); Intel(R) Xeon(R) Processor @ 2.10GHz; 4 cores; 16 GiB RAM; Linux-x86_64,2026-09-30T18:03:07+00:00
maros-meszaros,qscrs8,c4468737efd79eafef3899024aae50789a9d66ab481e861a073d8ce473418a6a,490,1169,scip,10.0.2,optimal,optimal,904.5600138029391,904.5600138507923,904.56001,3.8507922681674245e-06,4.257088778628876e-09,1,,,primal-only,1,,1,0.032389,0.18122692500037374,728,60.0,1,1860864,cloud container (docker); Intel(R) Xeon(R) Processor @ 2.10GHz; 4 cores; 16 GiB RAM; Linux-x86_64,2026-09-30T18:03:07+00:00
maros-meszaros,qscrs8,c4468737efd79eafef3899024aae50789a9d66ab481e861a073d8ce473418a6a,490,1169,cbc-clp,1.17.9,optimal,Optimal,904.560013897012,904.560013897012,904.56001,3.897011993103661e-06,4.308185139760557e-09,1,,,primal+dual,1,,1,0.11026788300023327,0.11026788300023327,395,60.0,1,1860864,cloud container (docker); Intel(R) Xeon(R) Processor @ 2.10GHz; 4 cores; 16 GiB RAM; Linux-x86_64,2026-09-30T18:03:07+00:00
maros-meszaros,qscrs8,c4468737efd79eafef3899024aae50789a9d66ab481e861a073d8ce473418a6a,490,1169,glpk,,unsupported,no quadratic objective in GLPK,,,904.56001,,,0,,,unsupported,,,0,,,,60.0,1,1860864,cloud container (docker); Intel(R) Xeon(R) Processor @ 2.10GHz; 4 cores; 16 GiB RAM; Linux-x86_64,2026-09-30T18:03:07+00:00
maros-meszaros,qscsd1,cd45e4b1f0ba1c97e86b6206247b5d83da63941ee5d84f677452e2f5ca9c46b1,77,760,sankhya,1860864,optimal,,8.66666667520264,8.66666667520264,8.6666667,2.4797360609341013e-08,2.8612339054576786e-09,1,,,primal+dual,1,,1,0.007092576,0.01332128699959867,13,60.0,1,1860864,cloud container (docker); Intel(R) Xeon(R) Processor @ 2.10GHz; 4 cores; 16 GiB RAM; Linux-x86_64,2026-09-30T18:03:08+00:00
maros-meszaros,qscsd1,cd45e4b1f0ba1c97e86b6206247b5d83da63941ee5d84f677452e2f5ca9c46b1,77,760,highs,1.15.1,optimal,optimal,8.666666674333348,8.666666674333348,8.6666667,2.5666652803124634e-08,2.96153685050847e-09,1,,,primal+dual,1,,1,0.015825510025024414,0.14075630099978298,285,60.0,1,1860864,cloud container (docker); Intel(R) Xeon(R) Processor @ 2.10GHz; 4 cores; 16 GiB RAM; Linux-x86_64,2026-09-30T18:03:08+00:00
maros-meszaros,qscsd1,cd45e4b1f0ba1c97e86b6206247b5d83da63941ee5d84f677452e2f5ca9c46b1,77,760,scip,10.0.2,optimal,optimal,8.666666673333365,8.666666674333364,8.6666667,2.566663681591308e-08,2.9615350058302206e-09,1,,,primal-only,1,,1,0.024829999999999998,0.15297633800037147,113,60.0,1,1860864,cloud container (docker); Intel(R) Xeon(R) Processor @ 2.10GHz; 4 cores; 16 GiB RAM; Linux-x86_64,2026-09-30T18:03:08+00:00
maros-meszaros,qscsd1,cd45e4b1f0ba1c97e86b6206247b5d83da63941ee5d84f677452e2f5ca9c46b1,77,760,cbc-clp,1.17.9,optimal,Optimal,8.666666673138735,8.666666672057188,8.6666667,2.7942812508285897e-08,3.2241706616323314e-09,1,,,primal+dual,1,,1,0.01177383699996426,0.01177383699996426,34,60.0,1,1860864,cloud container (docker); Intel(R) Xeon(R) Processor @ 2.10GHz; 4 cores; 16 GiB RAM; Linux-x86_64,2026-09-30T18:03:08+00:00
maros-meszaros,qscsd1,cd45e4b1f0ba1c97e86b6206247b5d83da63941ee5d84f677452e2f5ca9c46b1,77,760,glpk,,unsupported,no quadratic objective in GLPK,,,8.6666667,,,0,,,unsupported,,,0,,,,60.0,1,1860864,cloud container (docker); Intel(R) Xeon(R) Processor @ 2.10GHz; 4 cores; 16 GiB RAM; Linux-x86_64,2026-09-30T18:03:08+00:00
maros-meszaros,qscsd6,a61fd2e3d899fb85cb99e0e768e2b052efb5deefe480c37a13ca25debf090c7b,147,1350,sankhya,1860864,optimal,,50.80821391462701,50.80821391462701,50.808214,8.53729886785004e-08,1.6802989508448458e-09,1,,,primal+dual,1,,1,0.017276776,0.028960091999579163,16,60.0,1,1860864,cloud container (docker); Intel(R) Xeon(R) Processor @ 2.10GHz; 4 cores; 16 GiB RAM; Linux-x86_64,2026-09-30T18:03:09+00:00
maros-meszaros,qscsd6,a61fd2e3d899fb85cb99e0e768e2b052efb5deefe480c37a13ca25debf090c7b,147,1350,highs,1.15.1,optimal,optimal,50.80821387965111,50.80821387965111,50.808214,1.2034888641210273e-07,2.368689566850406e-09,1,,,primal+dual,1,,1,0.11769366264343262,0.24898609299998498,834,60.0,1,1860864,cloud container (docker); Intel(R) Xeon(R) Processor @ 2.10GHz; 4 cores; 16 GiB RAM; Linux-x86_64,2026-09-30T18:03:09+00:00
maros-meszaros,qscsd6,a61fd2e3d899fb85cb99e0e768e2b052efb5deefe480c37a13ca25debf090c7b,147,1350,scip,10.0.2,optimal,optimal,50.80818400085591,50.808184011330816,50.808214,2.998866918346721e-05,5.902326970884513e-07,1,,,primal-only,1,,1,0.323224,0.49008519500057446,534,60.0,1,1860864,cloud container (docker); Intel(R) Xeon(R) Processor @ 2.10GHz; 4 cores; 16 GiB RAM; Linux-x86_64,2026-09-30T18:03:09+00:00
maros-meszaros,qscsd6,a61fd2e3d899fb85cb99e0e768e2b052efb5deefe480c37a13ca25debf090c7b,147,1350,cbc-clp,1.17.9,optimal,Optimal,50.80821389481273,50.80821389353677,50.808214,1.0646323289620341e-07,2.0953941206475673e-09,1,,,primal+dual,1,,1,0.026104042000042682,0.026104042000042682,38,60.0,1,1860864,cloud container (docker); Intel(R) Xeon(R) Processor @ 2.10GHz; 4 cores; 16 GiB RAM; Linux-x86_64,2026-09-30T18:03:09+00:00
maros-meszaros,qscsd6,a61fd2e3d899fb85cb99e0e768e2b052efb5deefe480c37a13ca25debf090c7b,147,1350,glpk,,unsupported,no quadratic objective in GLPK,,,50.808214,,,0,,,unsupported,,,0,,,,60.0,1,1860864,cloud container (docker); Intel(R) Xeon(R) Processor @ 2.10GHz; 4 cores; 16 GiB RAM; Linux-x86_64,2026-09-30T18:03:09+00:00
maros-meszaros,qscsd8,7d5a8f4ff5e8f4d3a8de79b5cee97e9fb5f462aba8528eadcb3379efa548ed95,397,2750,sankhya,1860864,optimal,,940.7635742254863,940.7635742254863,940.76357,4.225486350151186e-06,4.4915497207775455e-09,1,,,primal+dual,1,,1,0.027962689,0.042456993000087095,14,60.0,1,1860864,cloud container (docker); Intel(R) Xeon(R) Processor @ 2.10GHz; 4 cores; 16 GiB RAM; Linux-x86_64,2026-09-30T18:03:10+00:00
maros-meszaros,qscsd8,7d5a8f4ff5e8f4d3a8de79b5cee97e9fb5f462aba8528eadcb3379efa548ed95,397,2750,highs,1.15.1,time_limit,time limit reached,,,940.76357,,,0,,,not-run,,,0,60.00136709213257,60.143071376999615,177689,60.0,1,1860864,cloud container (docker); Intel(R) Xeon(R) Processor @ 2.10GHz; 4 cores; 16 GiB RAM; Linux-x86_64,2026-09-30T18:03:10+00:00
maros-meszaros,qscsd8,7d5a8f4ff5e8f4d3a8de79b5cee97e9fb5f462aba8528eadcb3379efa548ed95,397,2750,scip,10.0.2,optimal,optimal,940.763514799125,940.7635148091139,940.76357,5.519088608707534e-05,5.866605366859108e-08,1,,,primal-only,1,,1,1.932611,2.1034794159995727,5355,60.0,1,1860864,cloud container (docker); Intel(R) Xeon(R) Processor @ 2.10GHz; 4 cores; 16 GiB RAM; Linux-x86_64,2026-09-30T18:03:10+00:00
maros-meszaros,qscsd8,7d5a8f4ff5e8f4d3a8de79b5cee97e9fb5f462aba8528eadcb3379efa548ed95,397,2750,cbc-clp,1.17.9,optimal,Optimal,940.7635742665093,940.7635742665092,940.76357,4.266509222361492e-06,4.5351556527231304e-09,1,,,primal+dual,0,[FAIL] dual feasibility (columns)  worst 3.710e-06 (9.739e-07 relative) on 30006008,0,0.0804803319997518,0.0804803319997518,424,60.0,1,1860864,cloud container (docker); Intel(R) Xeon(R) Processor @ 2.10GHz; 4 cores; 16 GiB RAM; Linux-x86_64,2026-09-30T18:03:10+00:00
maros-meszaros,qscsd8,7d5a8f4ff5e8f4d3a8de79b5cee97e9fb5f462aba8528eadcb3379efa548ed95,397,2750,glpk,,unsupported,no quadratic objective in GLPK,,,940.76357,,,0,,,unsupported,,,0,,,,60.0,1,1860864,cloud container (docker); Intel(R) Xeon(R) Processor @ 2.10GHz; 4 cores; 16 GiB RAM; Linux-x86_64,2026-09-30T18:03:10+00:00
maros-meszaros,qsctap1,3bbdd5e7f04f206059a2caacbf0d1e78f72b4cdacc1b635309a9c67e9f649891,300,480,sankhya,1860864,optimal,,1415.8611111188488,1415.8611111188488,1415.8611,1.1118848760816036e-05,7.853064655011734e-09,1,,,primal+dual,1,,1,0.010562569,0.016318576000230678,23,60.0,1,1860864,cloud container (docker); Intel(R) Xeon(R) Processor @ 2.10GHz; 4 cores; 16 GiB RAM; Linux-x86_64,2026-09-30T18:04:13+00:00
maros-meszaros,qsctap1,3bbdd5e7f04f206059a2caacbf0d1e78f72b4cdacc1b635309a9c67e9f649891,300,480,highs,1.15.1,optimal,optimal,1415.8611111115304,1415.8611111115304,1415.8611,1.1111530284324544e-05,7.847895732374132e-09,1,,,primal+dual,0,[FAIL] dual feasibility (columns)  worst 1.000e-06 (1.818e-07 relative) on Z4ZZ7ZZ5; [FAIL] complementary slackness     worst |multiplier| * slack = 1.000e-05 on Z4ZZ7ZZ4,0,0.2811148166656494,0.41352313900006266,7701,60.0,1,1860864,cloud container (docker); Intel(R) Xeon(R) Processor @ 2.10GHz; 4 cores; 16 GiB RAM; Linux-x86_64,2026-09-30T18:04:13+00:00
maros-meszaros,qsctap1,3bbdd5e7f04f206059a2caacbf0d1e78f72b4cdacc1b635309a9c67e9f649891,300,480,scip,10.0.2,optimal,optimal,1415.861075400841,1415.8610754057563,1415.8611,2.4594243768660817e-05,1.737052015106624e-08,1,,,primal-only,0,[FAIL] row activity        worst violation 7.073e-07 (7.073e-07 relative to the row's terms) on ACZZ9ZZ2,0,0.060016,0.18636524199973792,203,60.0,1,1860864,cloud container (docker); Intel(R) Xeon(R) Processor @ 2.10GHz; 4 cores; 16 GiB RAM; Linux-x86_64,2026-09-30T18:04:13+00:00
maros-meszaros,qsctap1,3bbdd5e7f04f206059a2caacbf0d1e78f72b4cdacc1b635309a9c67e9f649891,300,480,cbc-clp,1.17.9,optimal,Optimal,1415.8602151876598,1415.8611345524823,1415.8611,3.455248224781826e-05,2.4403864367640484e-08,1,,,primal+dual,0,"[FAIL] objective                   recomputed 1.415861134552e+03, solver said 1.415860215188e+03, difference 9.194e-04; [FAIL] complementary slackness     worst |multiplier| * slack = 2.924e-06 on Z2ZZ5ZZ1",0,0.015189370999905805,0.015189370999905805,46,60.0,1,1860864,cloud container (docker); Intel(R) Xeon(R) Processor @ 2.10GHz; 4 cores; 16 GiB RAM; Linux-x86_64,2026-09-30T18:04:13+00:00
maros-meszaros,qsctap1,3bbdd5e7f04f206059a2caacbf0d1e78f72b4cdacc1b635309a9c67e9f649891,300,480,glpk,,unsupported,no quadratic objective in GLPK,,,1415.8611,,,0,,,unsupported,,,0,,,,60.0,1,1860864,cloud container (docker); Intel(R) Xeon(R) Processor @ 2.10GHz; 4 cores; 16 GiB RAM; Linux-x86_64,2026-09-30T18:04:13+00:00
maros-meszaros,qsctap2,8c60e9ab769d23e71e06d8114cee67226c657e37968d173c7f0cd48121a6ec84,1090,1880,sankhya,1860864,optimal,,1735.0264983087743,1735.0264983087743,1735.0265,1.6912256342038745e-06,9.747549297972535e-10,1,,,primal+dual,1,,1,0.040769942,0.051493068000127096,21,60.0,1,1860864,cloud container (docker); Intel(R) Xeon(R) Processor @ 2.10GHz; 4 cores; 16 GiB RAM; Linux-x86_64,2026-09-30T18:04:14+00:00
maros-meszaros,qsctap2,8c60e9ab769d23e71e06d8114cee67226c657e37968d173c7f0cd48121a6ec84,1090,1880,highs,1.15.1,not set,not set,,,1735.0265,,,0,,,not-run,,,0,42.05095291137695,42.180775002999326,-1,60.0,1,1860864,cloud container (docker); Intel(R) Xeon(R) Processor @ 2.10GHz; 4 cores; 16 GiB RAM; Linux-x86_64,2026-09-30T18:04:14+00:00
maros-meszaros,qsctap2,8c60e9ab769d23e71e06d8114cee67226c657e37968d173c7f0cd48121a6ec84,1090,1880,scip,10.0.2,optimal,optimal,1735.0264444021373,1735.0264444119289,1735.0265,5.5588071063539246e-05,3.203874468980114e-08,1,,,primal-only,0,[FAIL] row activity        worst violation 7.097e-07 (7.097e-07 relative to the row's terms) on ACZ39ZZ2,0,0.43871299999999996,0.6001021749998472,673,60.0,1,1860864,cloud container (docker); Intel(R) Xeon(R) Processor @ 2.10GHz; 4 cores; 16 GiB RAM; Linux-x86_64,2026-09-30T18:04:14+00:00
maros-meszaros,qsctap2,8c60e9ab769d23e71e06d8114cee67226c657e37968d173c7f0cd48121a6ec84,1090,1880,cbc-clp,1.17.9,optimal,Optimal,1735.026498443489,1735.026498073624,1735.0265,1.926375944094616e-06,1.1102861795451632e-09,1,,,primal+dual,1,,1,0.034853885999837075,0.034853885999837075,40,60.0,1,1860864,cloud container (docker); Intel(R) Xeon(R) Processor @ 2.10GHz; 4 cores; 16 GiB RAM; Linux-x86_64,2026-09-30T18:04:14+00:00
maros-meszaros,qsctap2,8c60e9ab769d23e71e06d8114cee67226c657e37968d173c7f0cd48121a6ec84,1090,1880,glpk,,unsupported,no quadratic objective in GLPK,,,1735.0265,,,0,,,unsupported,,,0,,,,60.0,1,1860864,cloud container (docker); Intel(R) Xeon(R) Processor @ 2.10GHz; 4 cores; 16 GiB RAM; Linux-x86_64,2026-09-30T18:04:14+00:00
maros-meszaros,qsctap3,2908dd924ac83c4669140781526abaf5b2d4d2683f24cbe910f8dfd28bb1bbe0,1480,2480,sankhya,1860864,optimal,,1438.7546809304727,1438.7546809304727,1438.7547,1.9069527297688182e-05,1.3254189402605033e-08,1,,,primal+dual,1,,1,0.071659635,0.08578632600074343,23,60.0,1,1860864,cloud container (docker); Intel(R) Xeon(R) Processor @ 2.10GHz; 4 cores; 16 GiB RAM; Linux-x86_64,2026-09-30T18:04:57+00:00
maros-meszaros,qsctap3,2908dd924ac83c4669140781526abaf5b2d4d2683f24cbe910f8dfd28bb1bbe0,1480,2480,highs,1.15.1,not set,not set,,,1438.7547,,,0,,,not-run,,,0,0.5178525447845459,0.660305143000187,-1,60.0,1,1860864,cloud container (docker); Intel(R) Xeon(R) Processor @ 2.10GHz; 4 cores; 16 GiB RAM; Linux-x86_64,2026-09-30T18:04:57+00:00
maros-meszaros,qsctap3,2908dd924ac83c4669140781526abaf5b2d4d2683f24cbe910f8dfd28bb1bbe0,1480,2480,scip,10.0.2,optimal,optimal,1438.7546196363337,1438.7546196453816,1438.7547,8.035461837607727e-05,5.58501170325124e-08,1,,,primal-only,0,[FAIL] row activity        worst violation 7.088e-07 (7.088e-07 relative to the row's terms) on ACZ32ZZ2,0,0.776961,0.9670667630007301,1322,60.0,1,1860864,cloud container (docker); Intel(R) Xeon(R) Processor @ 2.10GHz; 4 cores; 16 GiB RAM; Linux-x86_64,2026-09-30T18:04:57+00:00
maros-meszaros,qsctap3,2908dd924ac83c4669140781526abaf5b2d4d2683f24cbe910f8dfd28bb1bbe0,1480,2480,cbc-clp,1.17.9,optimal,Optimal,1438.7546889703917,1438.7546811769118,1438.7547,1.882308811218536e-05,1.3082902952244298e-08,1,,,primal+dual,0,"[FAIL] objective                   recomputed 1.438754681177e+03, solver said 1.438754688970e+03, difference 7.793e-06",0,0.06281721699997433,0.06281721699997433,42,60.0,1,1860864,cloud container (docker); Intel(R) Xeon(R) Processor @ 2.10GHz; 4 cores; 16 GiB RAM; Linux-x86_64,2026-09-30T18:04:57+00:00
maros-meszaros,qsctap3,2908dd924ac83c4669140781526abaf5b2d4d2683f24cbe910f8dfd28bb1bbe0,1480,2480,glpk,,unsupported,no quadratic objective in GLPK,,,1438.7547,,,0,,,unsupported,,,0,,,,60.0,1,1860864,cloud container (docker); Intel(R) Xeon(R) Processor @ 2.10GHz; 4 cores; 16 GiB RAM; Linux-x86_64,2026-09-30T18:04:57+00:00
maros-meszaros,qseba,1471792d39921d2f394182651c967627aa844c623155a7aac8345331692b9e89,515,1028,sankhya,1860864,feasible,"the in-process KKT check does not back the optimal claim (complementary slackness: |multiplier| * slack = 8.825e-05 on row 509); reported as feasible, not optimal (#590)",81481800.35691714,,81481801.0,,,0,,,not-run,,,0,0.031062362,0.04085189600027661,37,60.0,1,1860864,cloud container (docker); Intel(R) Xeon(R) Processor @ 2.10GHz; 4 cores; 16 GiB RAM; Linux-x86_64,2026-09-30T18:05:00+00:00
maros-meszaros,qseba,1471792d39921d2f394182651c967627aa844c623155a7aac8345331692b9e89,515,1028,highs,1.15.1,optimal,optimal,81481800.35682765,81481800.35682765,81481801.0,0.6431723535060883,7.893447930858675e-09,1,,,primal+dual,0,[FAIL] dual feasibility (columns)  worst 7.896e-04 (7.896e-04 relative) on C0172000; [FAIL] complementary slackness     worst |multiplier| * slack = 6.235e+00 on C0172000,0,0.02109527587890625,0.16498821999994107,208,60.0,1,1860864,cloud container (docker); Intel(R) Xeon(R) Processor @ 2.10GHz; 4 cores; 16 GiB RAM; Linux-x86_64,2026-09-30T18:05:00+00:00
maros-meszaros,qseba,1471792d39921d2f394182651c967627aa844c623155a7aac8345331692b9e89,515,1028,scip,,crashed,Exception: SCIP: error in LP solver!,,,81481801.0,,,0,,,not-run,,,0,,0.39789422000012564,,60.0,1,1860864,cloud container (docker); Intel(R) Xeon(R) Processor @ 2.10GHz; 4 cores; 16 GiB RAM; Linux-x86_64,2026-09-30T18:05:00+00:00
maros-meszaros,qseba,1471792d39921d2f394182651c967627aa844c623155a7aac8345331692b9e89,515,1028,cbc-clp,1.17.9,optimal,Optimal,81481800.32268684,81481800.36228767,81481801.0,0.6377123296260834,7.826438809643928e-09,1,,,primal+dual,0,[FAIL] complementary slackness     worst |multiplier| * slack = 4.065e-03 on M5245008,0,0.15348844099935377,0.15348844099935377,40,60.0,1,1860864,cloud container (docker); Intel(R) Xeon(R) Processor @ 2.10GHz; 4 cores; 16 GiB RAM; Linux-x86_64,2026-09-30T18:05:00+00:00
maros-meszaros,qseba,1471792d39921d2f394182651c967627aa844c623155a7aac8345331692b9e89,515,1028,glpk,,unsupported,no quadratic objective in GLPK,,,81481801.0,,,0,,,unsupported,,,0,,,,60.0,1,1860864,cloud container (docker); Intel(R) Xeon(R) Processor @ 2.10GHz; 4 cores; 16 GiB RAM; Linux-x86_64,2026-09-30T18:05:00+00:00
maros-meszaros,qshare1b,7b7dda1b4c80ebeaad405e4cb2b48c8ad30367d421e1f03e7276188d6b261933,117,225,sankhya,1860864,feasible,"the in-process KKT check does not back the optimal claim (complementary slackness: |multiplier| * slack = 1.854e-06 on column 22); reported as feasible, not optimal (#590)",720078.3181538213,,720078.32,,,0,,,not-run,,,0,0.006662238,0.011213529000087874,33,60.0,1,1860864,cloud container (docker); Intel(R) Xeon(R) Processor @ 2.10GHz; 4 cores; 16 GiB RAM; Linux-x86_64,2026-09-30T18:05:01+00:00
maros-meszaros,qshare1b,7b7dda1b4c80ebeaad405e4cb2b48c8ad30367d421e1f03e7276188d6b261933,117,225,highs,1.15.1,solve error,solve error,,,720078.32,,,0,,,not-run,,,0,0.010987043380737305,0.13543546600067202,-1,60.0,1,1860864,cloud container (docker); Intel(R) Xeon(R) Processor @ 2.10GHz; 4 cores; 16 GiB RAM; Linux-x86_64,2026-09-30T18:05:01+00:00
maros-meszaros,qshare1b,7b7dda1b4c80ebeaad405e4cb2b48c8ad30367d421e1f03e7276188d6b261933,117,225,scip,10.0.2,optimal,optimal,720078.3181217813,720078.3181218707,720078.32,0.0018781292019411922,2.6082290631124575e-09,1,,,primal-only,1,,1,0.24653999999999998,0.38034118600080546,842,60.0,1,1860864,cloud container (docker); Intel(R) Xeon(R) Processor @ 2.10GHz; 4 cores; 16 GiB RAM; Linux-x86_64,2026-09-30T18:05:01+00:00
maros-meszaros,qshare1b,7b7dda1b4c80ebeaad405e4cb2b48c8ad30367d421e1f03e7276188d6b261933,117,225,cbc-clp,1.17.9,optimal,Optimal,720078.318175968,720078.3181759681,720078.32,0.0018240318167954683,2.533101978122975e-09,1,,,primal+dual,0,[FAIL] complementary slackness     worst |multiplier| * slack = 7.847e-06 on CCC017,0,0.021950002999801654,0.021950002999801654,132,60.0,1,1860864,cloud container (docker); Intel(R) Xeon(R) Processor @ 2.10GHz; 4 cores; 16 GiB RAM; Linux-x86_64,2026-09-30T18:05:01+00:00
maros-meszaros,qshare1b,7b7dda1b4c80ebeaad405e4cb2b48c8ad30367d421e1f03e7276188d6b261933,117,225,glpk,,unsupported,no quadratic objective in GLPK,,,720078.32,,,0,,,unsupported,,,0,,,,60.0,1,1860864,cloud container (docker); Intel(R) Xeon(R) Processor @ 2.10GHz; 4 cores; 16 GiB RAM; Linux-x86_64,2026-09-30T18:05:01+00:00
maros-meszaros,qshare2b,5b4f7d38e8b235588c23e3d93ae696c3a02dd2700f2860653d48eafc93dfcd5c,96,79,sankhya,1860864,optimal,,11703.691721538225,11703.691721538225,11703.692,0.0002784617736324435,2.37926436916183e-08,1,,,primal+dual,1,,1,0.002065551,0.006336165999528021,19,60.0,1,1860864,cloud container (docker); Intel(R) Xeon(R) Processor @ 2.10GHz; 4 cores; 16 GiB RAM; Linux-x86_64,2026-09-30T18:05:01+00:00
maros-meszaros,qshare2b,5b4f7d38e8b235588c23e3d93ae696c3a02dd2700f2860653d48eafc93dfcd5c,96,79,highs,1.15.1,optimal,optimal,11703.691721516367,11703.691721516367,11703.692,0.0002784836324281059,2.3794511375393844e-08,1,,,primal+dual,0,[FAIL] dual feasibility (columns)  worst 6.000e-06 (6.000e-06 relative) on 010520; [FAIL] complementary slackness     worst |multiplier| * slack = 3.600e-04 on 010520,0,0.00442194938659668,0.16379803500058188,179,60.0,1,1860864,cloud container (docker); Intel(R) Xeon(R) Processor @ 2.10GHz; 4 cores; 16 GiB RAM; Linux-x86_64,2026-09-30T18:05:01+00:00
maros-meszaros,qshare2b,5b4f7d38e8b235588c23e3d93ae696c3a02dd2700f2860653d48eafc93dfcd5c,96,79,scip,10.0.2,optimal,optimal,11703.691311779054,11703.69131178881,11703.692,0.0006882111883896869,5.880291350709562e-08,1,,,primal-only,1,,1,0.028794,0.15677865399993607,124,60.0,1,1860864,cloud container (docker); Intel(R) Xeon(R) Processor @ 2.10GHz; 4 cores; 16 GiB RAM; Linux-x86_64,2026-09-30T18:05:01+00:00
maros-meszaros,qshare2b,5b4f7d38e8b235588c23e3d93ae696c3a02dd2700f2860653d48eafc93dfcd5c,96,79,cbc-clp,1.17.9,optimal,Optimal,11703.691721516325,11703.691721516328,11703.692,0.0002784836706268834,2.3794514639216702e-08,1,,,primal+dual,1,,1,0.009573211000315496,0.009573211000315496,73,60.0,1,1860864,cloud container (docker); Intel(R) Xeon(R) Processor @ 2.10GHz; 4 cores; 16 GiB RAM; Linux-x86_64,2026-09-30T18:05:01+00:00
maros-meszaros,qshare2b,5b4f7d38e8b235588c23e3d93ae696c3a02dd2700f2860653d48eafc93dfcd5c,96,79,glpk,,unsupported,no quadratic objective in GLPK,,,11703.692,,,0,,,unsupported,,,0,,,,60.0,1,1860864,cloud container (docker); Intel(R) Xeon(R) Processor @ 2.10GHz; 4 cores; 16 GiB RAM; Linux-x86_64,2026-09-30T18:05:01+00:00
maros-meszaros,qshell,256e1e808adcf27175ea87b35acd6f63b940508666a956b0b7d46ace97fd3c7d,536,1775,sankhya,1860864,feasible,"the in-process KKT check does not back the optimal claim (complementary slackness: |multiplier| * slack = 1.341e-06 on row 0); reported as feasible, not optimal (#590)",1572636842999.0283,,1572636800000.0,,,0,,,not-run,,,0,0.051630553,0.08010206600010861,35,60.0,1,1860864,cloud container (docker); Intel(R) Xeon(R) Processor @ 2.10GHz; 4 cores; 16 GiB RAM; Linux-x86_64,2026-09-30T18:05:02+00:00
maros-meszaros,qshell,256e1e808adcf27175ea87b35acd6f63b940508666a956b0b7d46ace97fd3c7d,536,1775,highs,1.15.1,optimal,optimal,1572636842999.024,1572636842999.0273,1572636800000.0,42999.02734375,2.7341994886390805e-08,1,,,primal+dual,0,[FAIL] complementary slackness     worst |multiplier| * slack = 6.132e+03 on C10010,0,1.2617707252502441,1.4288612239997747,16964,60.0,1,1860864,cloud container (docker); Intel(R) Xeon(R) Processor @ 2.10GHz; 4 cores; 16 GiB RAM; Linux-x86_64,2026-09-30T18:05:02+00:00
maros-meszaros,qshell,256e1e808adcf27175ea87b35acd6f63b940508666a956b0b7d46ace97fd3c7d,536,1775,scip,,crashed,Exception: SCIP: error in LP solver!,,,1572636800000.0,,,0,,,not-run,,,0,,1.3506227630005014,,60.0,1,1860864,cloud container (docker); Intel(R) Xeon(R) Processor @ 2.10GHz; 4 cores; 16 GiB RAM; Linux-x86_64,2026-09-30T18:05:02+00:00
maros-meszaros,qshell,256e1e808adcf27175ea87b35acd6f63b940508666a956b0b7d46ace97fd3c7d,536,1775,cbc-clp,1.17.9,optimal,Optimal,1572636842999.026,1572636842999.0273,1572636800000.0,42999.02734375,2.7341994886390805e-08,1,,,primal+dual,0,[FAIL] complementary slackness     worst |multiplier| * slack = 1.648e-03 on C10550,0,1.4862830100000792,1.4862830100000792,607,60.0,1,1860864,cloud container (docker); Intel(R) Xeon(R) Processor @ 2.10GHz; 4 cores; 16 GiB RAM; Linux-x86_64,2026-09-30T18:05:02+00:00
maros-meszaros,qshell,256e1e808adcf27175ea87b35acd6f63b940508666a956b0b7d46ace97fd3c7d,536,1775,glpk,,unsupported,no quadratic objective in GLPK,,,1572636800000.0,,,0,,,unsupported,,,0,,,,60.0,1,1860864,cloud container (docker); Intel(R) Xeon(R) Processor @ 2.10GHz; 4 cores; 16 GiB RAM; Linux-x86_64,2026-09-30T18:05:02+00:00
maros-meszaros,qship04l,e594bcc1f9d63a9e28c231b91f272da9cac1baae6e188f6f9e834ae26aa2568a,402,2118,sankhya,1860864,optimal,,2420015.534102585,2420015.534102585,2420015.5,0.034102585166692734,1.4091887083654106e-08,1,,,primal+dual,1,,1,0.024125816,0.03547031899961439,17,60.0,1,1860864,cloud container (docker); Intel(R) Xeon(R) Processor @ 2.10GHz; 4 cores; 16 GiB RAM; Linux-x86_64,2026-09-30T18:05:07+00:00
maros-meszaros,qship04l,e594bcc1f9d63a9e28c231b91f272da9cac1baae6e188f6f9e834ae26aa2568a,402,2118,highs,1.15.1,optimal,optimal,2420015.534110433,2420015.534110433,2420015.5,0.03411043295636773,1.4095129951179127e-08,1,,,primal+dual,0,[FAIL] complementary slackness     worst |multiplier| * slack = 6.357e-04 on PREG0101,0,0.0885932445526123,0.24789610500010895,908,60.0,1,1860864,cloud container (docker); Intel(R) Xeon(R) Processor @ 2.10GHz; 4 cores; 16 GiB RAM; Linux-x86_64,2026-09-30T18:05:07+00:00
maros-meszaros,qship04l,e594bcc1f9d63a9e28c231b91f272da9cac1baae6e188f6f9e834ae26aa2568a,402,2118,scip,10.0.2,optimal,optimal,2420015.5300730434,2420015.5300730322,2420015.5,0.03007303224876523,1.2426793236971098e-08,1,,,primal-only,1,,1,0.601466,0.7702898669995193,875,60.0,1,1860864,cloud container (docker); Intel(R) Xeon(R) Processor @ 2.10GHz; 4 cores; 16 GiB RAM; Linux-x86_64,2026-09-30T18:05:07+00:00
maros-meszaros,qship04l,e594bcc1f9d63a9e28c231b91f272da9cac1baae6e188f6f9e834ae26aa2568a,402,2118,cbc-clp,1.17.9,optimal,Optimal,2420015.5341104325,2420015.5341104325,2420015.5,0.034110432490706444,1.409512975875834e-08,1,,,primal+dual,1,,1,0.042858935999902315,0.042858935999902315,314,60.0,1,1860864,cloud container (docker); Intel(R) Xeon(R) Processor @ 2.10GHz; 4 cores; 16 GiB RAM; Linux-x86_64,2026-09-30T18:05:07+00:00
maros-meszaros,qship04l,e594bcc1f9d63a9e28c231b91f272da9cac1baae6e188f6f9e834ae26aa2568a,402,2118,glpk,,unsupported,no quadratic objective in GLPK,,,2420015.5,,,0,,,unsupported,,,0,,,,60.0,1,1860864,cloud container (docker); Intel(R) Xeon(R) Processor @ 2.10GHz; 4 cores; 16 GiB RAM; Linux-x86_64,2026-09-30T18:05:07+00:00
maros-meszaros,qship04s,219ea5310b164982a99d48ed2ec88b72985c10bab5a355e91329c963686cdb2f,402,1458,sankhya,1860864,optimal,,2424993.6730323965,2424993.6730323965,2424993.7,0.026967603713274002,1.1120690215926747e-08,1,,,primal+dual,1,,1,0.017985972,0.02748909399997501,17,60.0,1,1860864,cloud container (docker); Intel(R) Xeon(R) Processor @ 2.10GHz; 4 cores; 16 GiB RAM; Linux-x86_64,2026-09-30T18:05:08+00:00
maros-meszaros,qship04s,219ea5310b164982a99d48ed2ec88b72985c10bab5a355e91329c963686cdb2f,402,1458,highs,1.15.1,optimal,optimal,2424993.6730046105,2424993.6730046105,2424993.7,0.026995389722287655,1.1132148393741251e-08,1,,,primal+dual,0,[FAIL] complementary slackness     worst |multiplier| * slack = 6.438e-04 on PREG0101,0,0.0550379753112793,0.2373728980001033,592,60.0,1,1860864,cloud container (docker); Intel(R) Xeon(R) Processor @ 2.10GHz; 4 cores; 16 GiB RAM; Linux-x86_64,2026-09-30T18:05:08+00:00
maros-meszaros,qship04s,219ea5310b164982a99d48ed2ec88b72985c10bab5a355e91329c963686cdb2f,402,1458,scip,10.0.2,optimal,optimal,2424993.670103173,2424993.6701031537,2424993.7,0.029896846506744623,1.2328628526640964e-08,1,,,primal-only,1,,1,0.359828,0.5068138349997753,780,60.0,1,1860864,cloud container (docker); Intel(R) Xeon(R) Processor @ 2.10GHz; 4 cores; 16 GiB RAM; Linux-x86_64,2026-09-30T18:05:08+00:00
maros-meszaros,qship04s,219ea5310b164982a99d48ed2ec88b72985c10bab5a355e91329c963686cdb2f,402,1458,cbc-clp,1.17.9,optimal,Optimal,2424993.67300461,2424993.67300461,2424993.7,0.026995390187948942,1.1132148585767024e-08,1,,,primal+dual,1,,1,0.031181430999822624,0.031181430999822624,316,60.0,1,1860864,cloud container (docker); Intel(R) Xeon(R) Processor @ 2.10GHz; 4 cores; 16 GiB RAM; Linux-x86_64,2026-09-30T18:05:08+00:00
maros-meszaros,qship04s,219ea5310b164982a99d48ed2ec88b72985c10bab5a355e91329c963686cdb2f,402,1458,glpk,,unsupported,no quadratic objective in GLPK,,,2424993.7,,,0,,,unsupported,,,0,,,,60.0,1,1860864,cloud container (docker); Intel(R) Xeon(R) Processor @ 2.10GHz; 4 cores; 16 GiB RAM; Linux-x86_64,2026-09-30T18:05:08+00:00
maros-meszaros,qship08l,12c3b595401cfc6083a207fbfa9aa91360598c2e745c8edde246f779eb6b7a98,778,4283,sankhya,1860864,optimal,,2376040.616580286,2376040.6165802856,2376040.6,0.016580285504460335,6.9781154010837754e-09,1,,,primal+dual,1,,1,0.555124429,0.5911339949998364,23,60.0,1,1860864,cloud container (docker); Intel(R) Xeon(R) Processor @ 2.10GHz; 4 cores; 16 GiB RAM; Linux-x86_64,2026-09-30T18:05:10+00:00
maros-meszaros,qship08l,12c3b595401cfc6083a207fbfa9aa91360598c2e745c8edde246f779eb6b7a98,778,4283,highs,1.15.1,optimal,optimal,2376040.616579164,2376040.616579164,2376040.6,0.01657916372641921,6.977643280345971e-09,1,,,primal+dual,0,[FAIL] complementary slackness     worst |multiplier| * slack = 1.585e-04 on PREG0203,0,0.3666250705718994,0.5599218399993333,1531,60.0,1,1860864,cloud container (docker); Intel(R) Xeon(R) Processor @ 2.10GHz; 4 cores; 16 GiB RAM; Linux-x86_64,2026-09-30T18:05:10+00:00
maros-meszaros,qship08l,12c3b595401cfc6083a207fbfa9aa91360598c2e745c8edde246f779eb6b7a98,778,4283,scip,10.0.2,optimal,optimal,2376040.6095309905,2376040.6095310147,2376040.6,0.00953101459890604,4.01130123740564e-09,1,,,primal-only,1,,1,22.659446,23.08507986800032,5626,60.0,1,1860864,cloud container (docker); Intel(R) Xeon(R) Processor @ 2.10GHz; 4 cores; 16 GiB RAM; Linux-x86_64,2026-09-30T18:05:10+00:00
maros-meszaros,qship08l,12c3b595401cfc6083a207fbfa9aa91360598c2e745c8edde246f779eb6b7a98,778,4283,cbc-clp,1.17.9,optimal,Optimal,2376040.571575856,2376040.616519462,2376040.6,0.016519461758434772,6.952516618796317e-09,1,,,primal+dual,0,"[FAIL] objective                   recomputed 2.376040616519e+06, solver said 2.376040571576e+06, difference 4.494e-02; [FAIL] complementary slackness     worst |multiplier| * slack = 7.040e-06 on SH020244",0,0.2630783969998447,0.2630783969998447,44,60.0,1,1860864,cloud container (docker); Intel(R) Xeon(R) Processor @ 2.10GHz; 4 cores; 16 GiB RAM; Linux-x86_64,2026-09-30T18:05:10+00:00
maros-meszaros,qship08l,12c3b595401cfc6083a207fbfa9aa91360598c2e745c8edde246f779eb6b7a98,778,4283,glpk,,unsupported,no quadratic objective in GLPK,,,2376040.6,,,0,,,unsupported,,,0,,,,60.0,1,1860864,cloud container (docker); Intel(R) Xeon(R) Processor @ 2.10GHz; 4 cores; 16 GiB RAM; Linux-x86_64,2026-09-30T18:05:10+00:00
maros-meszaros,qship08s,a666c5e19e83bb7b1039a48318d88fb738e4ad3d635e8677d06192b82a1c4771,778,2387,sankhya,1860864,optimal,,2385728.8513726303,2385728.8513726303,2385728.9,0.048627369571477175,2.038260490178795e-08,1,,,primal+dual,1,,1,0.08364655,0.10354716499932692,22,60.0,1,1860864,cloud container (docker); Intel(R) Xeon(R) Processor @ 2.10GHz; 4 cores; 16 GiB RAM; Linux-x86_64,2026-09-30T18:05:35+00:00
maros-meszaros,qship08s,a666c5e19e83bb7b1039a48318d88fb738e4ad3d635e8677d06192b82a1c4771,778,2387,highs,1.15.1,optimal,optimal,2385728.8513905657,2385728.851390565,2385728.9,0.048609435092657804,2.037508750162594e-08,1,,,primal+dual,0,[FAIL] complementary slackness     worst |multiplier| * slack = 1.589e-04 on PREG0203,0,0.18026018142700195,0.3281839889996263,856,60.0,1,1860864,cloud container (docker); Intel(R) Xeon(R) Processor @ 2.10GHz; 4 cores; 16 GiB RAM; Linux-x86_64,2026-09-30T18:05:35+00:00
maros-meszaros,qship08s,a666c5e19e83bb7b1039a48318d88fb738e4ad3d635e8677d06192b82a1c4771,778,2387,scip,10.0.2,optimal,optimal,2385728.8473694655,2385728.8473695423,2385728.9,0.05263045756146312,2.2060535696852698e-08,1,,,primal-only,1,,1,3.58906,3.8440069520002,3403,60.0,1,1860864,cloud container (docker); Intel(R) Xeon(R) Processor @ 2.10GHz; 4 cores; 16 GiB RAM; Linux-x86_64,2026-09-30T18:05:35+00:00
maros-meszaros,qship08s,a666c5e19e83bb7b1039a48318d88fb738e4ad3d635e8677d06192b82a1c4771,778,2387,cbc-clp,1.17.9,optimal,Optimal,2385728.851389281,2385728.8513866495,2385728.9,0.04861335037276149,2.037672862694562e-08,1,,,primal+dual,0,[FAIL] complementary slackness     worst |multiplier| * slack = 2.845e-06 on OVRMIN02,0,0.10476592499981052,0.10476592499981052,44,60.0,1,1860864,cloud container (docker); Intel(R) Xeon(R) Processor @ 2.10GHz; 4 cores; 16 GiB RAM; Linux-x86_64,2026-09-30T18:05:35+00:00
maros-meszaros,qship08s,a666c5e19e83bb7b1039a48318d88fb738e4ad3d635e8677d06192b82a1c4771,778,2387,glpk,,unsupported,no quadratic objective in GLPK,,,2385728.9,,,0,,,unsupported,,,0,,,,60.0,1,1860864,cloud container (docker); Intel(R) Xeon(R) Processor @ 2.10GHz; 4 cores; 16 GiB RAM; Linux-x86_64,2026-09-30T18:05:35+00:00
maros-meszaros,qship12l,28b6cb352828b682150257a89615d268f2b30ae80ca15bbf7e9bbfb38c1607fc,1151,5427,sankhya,1860864,time_limit,"stopped at the time limit of 59.167s after 59.17s, 255901 iterations, 0 nodes",3018876.569325356,,3018876.6,,,0,,,not-run,,,0,59.167415618,60.05011143600041,255901,60.0,1,1860864,cloud container (docker); Intel(R) Xeon(R) Processor @ 2.10GHz; 4 cores; 16 GiB RAM; Linux-x86_64,2026-09-30T18:05:40+00:00
maros-meszaros,qship12l,28b6cb352828b682150257a89615d268f2b30ae80ca15bbf7e9bbfb38c1607fc,1151,5427,highs,1.15.1,optimal,optimal,3018876.5771803395,3018876.577180351,3018876.6,0.02281964896246791,7.558986996178615e-09,1,,,primal+dual,0,[FAIL] complementary slackness     worst |multiplier| * slack = 8.495e-04 on PREG0407,0,0.45620203018188477,0.6546913259999201,1564,60.0,1,1860864,cloud container (docker); Intel(R) Xeon(R) Processor @ 2.10GHz; 4 cores; 16 GiB RAM; Linux-x86_64,2026-09-30T18:05:40+00:00
maros-meszaros,qship12l,28b6cb352828b682150257a89615d268f2b30ae80ca15bbf7e9bbfb38c1607fc,1151,5427,scip,10.0.2,time_limit,timelimit,,,3018876.6,,,0,,,not-run,,,0,60.000089,60.56086849700023,17664,60.0,1,1860864,cloud container (docker); Intel(R) Xeon(R) Processor @ 2.10GHz; 4 cores; 16 GiB RAM; Linux-x86_64,2026-09-30T18:05:40+00:00
maros-meszaros,qship12l,28b6cb352828b682150257a89615d268f2b30ae80ca15bbf7e9bbfb38c1607fc,1151,5427,cbc-clp,1.17.9,optimal,Optimal,3018876.577180869,3018876.5771813607,3018876.6,0.022818639408797026,7.558652582486156e-09,1,,,primal+dual,1,,1,0.4140122730004805,0.4140122730004805,38,60.0,1,1860864,cloud container (docker); Intel(R) Xeon(R) Processor @ 2.10GHz; 4 cores; 16 GiB RAM; Linux-x86_64,2026-09-30T18:05:40+00:00
maros-meszaros,qship12l,28b6cb352828b682150257a89615d268f2b30ae80ca15bbf7e9bbfb38c1607fc,1151,5427,glpk,,unsupported,no quadratic objective in GLPK,,,3018876.6,,,0,,,unsupported,,,0,,,,60.0,1,1860864,cloud container (docker); Intel(R) Xeon(R) Processor @ 2.10GHz; 4 cores; 16 GiB RAM; Linux-x86_64,2026-09-30T18:05:40+00:00
maros-meszaros,qship12s,01869f9a7350fdee48fd37f754a786b348be31ffd8ab133b380d9a9926655134,1151,2763,sankhya,1860864,feasible,"the in-process KKT check does not back the optimal claim (complementary slackness: |multiplier| * slack = 1.695e-04 on row 13); reported as feasible, not optimal (#590)",3056962.2494549667,,3056962.3,,,0,,,not-run,,,0,0.100146886,0.12196388599932106,28,60.0,1,1860864,cloud container (docker); Intel(R) Xeon(R) Processor @ 2.10GHz; 4 cores; 16 GiB RAM; Linux-x86_64,2026-09-30T18:08:07+00:00
maros-meszaros,qship12s,01869f9a7350fdee48fd37f754a786b348be31ffd8ab133b380d9a9926655134,1151,2763,highs,1.15.1,optimal,optimal,3056962.249278291,3056962.2492782995,3056962.3,0.05072170030325651,1.659219032673596e-08,1,,,primal+dual,0,[FAIL] complementary slackness     worst |multiplier| * slack = 8.517e-04 on PREG0407,0,0.15081787109375,0.30586801700064825,931,60.0,1,1860864,cloud container (docker); Intel(R) Xeon(R) Processor @ 2.10GHz; 4 cores; 16 GiB RAM; Linux-x86_64,2026-09-30T18:08:07+00:00
maros-meszaros,qship12s,01869f9a7350fdee48fd37f754a786b348be31ffd8ab133b380d9a9926655134,1151,2763,scip,10.0.2,optimal,optimal,3056962.2404781803,3056962.2404782698,3056962.3,0.059521730057895184,1.9470874749713198e-08,1,,,primal-only,1,,1,37.760776,38.0771602599998,45746,60.0,1,1860864,cloud container (docker); Intel(R) Xeon(R) Processor @ 2.10GHz; 4 cores; 16 GiB RAM; Linux-x86_64,2026-09-30T18:08:07+00:00
maros-meszaros,qship12s,01869f9a7350fdee48fd37f754a786b348be31ffd8ab133b380d9a9926655134,1151,2763,cbc-clp,1.17.9,optimal,Optimal,3056962.2492783885,3056962.249278947,3056962.3,0.050721053034067154,1.659197859066406e-08,1,,,primal+dual,1,,1,0.11555606399997487,0.11555606399997487,36,60.0,1,1860864,cloud container (docker); Intel(R) Xeon(R) Processor @ 2.10GHz; 4 cores; 16 GiB RAM; Linux-x86_64,2026-09-30T18:08:07+00:00
maros-meszaros,qship12s,01869f9a7350fdee48fd37f754a786b348be31ffd8ab133b380d9a9926655134,1151,2763,glpk,,unsupported,no quadratic objective in GLPK,,,3056962.3,,,0,,,unsupported,,,0,,,,60.0,1,1860864,cloud container (docker); Intel(R) Xeon(R) Processor @ 2.10GHz; 4 cores; 16 GiB RAM; Linux-x86_64,2026-09-30T18:08:07+00:00
maros-meszaros,qsierra,cf01953680e0151f47817e43f65ef28dd827d245f1e4fddc815e6a0fd5174dd1,1227,2036,sankhya,1860864,iteration_limit,"stopped at this engine's own ceiling of 1000000 iterations, no iteration_limit having been set",122699497.29401666,,23750458.0,,,0,,,not-run,,,0,35.620612299,35.686875382000835,1000000,60.0,1,1860864,cloud container (docker); Intel(R) Xeon(R) Processor @ 2.10GHz; 4 cores; 16 GiB RAM; Linux-x86_64,2026-09-30T18:08:46+00:00
maros-meszaros,qsierra,cf01953680e0151f47817e43f65ef28dd827d245f1e4fddc815e6a0fd5174dd1,1227,2036,highs,1.15.1,solve error,solve error,,,23750458.0,,,0,,,not-run,,,0,25.018163442611694,25.19819370500045,-1,60.0,1,1860864,cloud container (docker); Intel(R) Xeon(R) Processor @ 2.10GHz; 4 cores; 16 GiB RAM; Linux-x86_64,2026-09-30T18:08:46+00:00
maros-meszaros,qsierra,cf01953680e0151f47817e43f65ef28dd827d245f1e4fddc815e6a0fd5174dd1,1227,2036,scip,10.0.2,optimal,optimal,23750458.149829715,23750458.1498297,23750458.0,0.14982970058918,6.308497317785619e-09,1,,,primal-only,1,,1,1.322408,1.492841232000501,5334,60.0,1,1860864,cloud container (docker); Intel(R) Xeon(R) Processor @ 2.10GHz; 4 cores; 16 GiB RAM; Linux-x86_64,2026-09-30T18:08:46+00:00
maros-meszaros,qsierra,cf01953680e0151f47817e43f65ef28dd827d245f1e4fddc815e6a0fd5174dd1,1227,2036,cbc-clp,1.17.9,optimal,Optimal,23750468.848169446,23751181.03720065,23750458.0,723.0372006483376,3.0443084535394543e-05,0,,,primal+dual,0,"[FAIL] objective                   recomputed 2.375118103720e+07, solver said 2.375046884817e+07, difference 7.122e+02; [FAIL] complementary slackness     worst |multiplier| * slack = 1.524e+00 on RBNBO3; [FAIL] strong duality              primal 2.375118103720e+07  dual 2.375002092743e+07  gap 1.16",0,0.04343418799999199,0.04343418799999199,46,60.0,1,1860864,cloud container (docker); Intel(R) Xeon(R) Processor @ 2.10GHz; 4 cores; 16 GiB RAM; Linux-x86_64,2026-09-30T18:08:46+00:00
maros-meszaros,qsierra,cf01953680e0151f47817e43f65ef28dd827d245f1e4fddc815e6a0fd5174dd1,1227,2036,glpk,,unsupported,no quadratic objective in GLPK,,,23750458.0,,,0,,,unsupported,,,0,,,,60.0,1,1860864,cloud container (docker); Intel(R) Xeon(R) Processor @ 2.10GHz; 4 cores; 16 GiB RAM; Linux-x86_64,2026-09-30T18:08:46+00:00
maros-meszaros,qstair,3ddbeb67b08eb0b5ab73ddf976ebcaa3d8b2a07da75272bd8ffcf06e86ac5ffb,356,467,sankhya,1860864,optimal,,7985452.756288495,7985452.756288495,7985452.8,0.04371150489896536,5.473891837287594e-09,1,,,primal+dual,1,,1,0.04003043,0.04803756100045575,28,60.0,1,1860864,cloud container (docker); Intel(R) Xeon(R) Processor @ 2.10GHz; 4 cores; 16 GiB RAM; Linux-x86_64,2026-09-30T18:09:49+00:00
maros-meszaros,qstair,3ddbeb67b08eb0b5ab73ddf976ebcaa3d8b2a07da75272bd8ffcf06e86ac5ffb,356,467,highs,1.15.1,time_limit,time limit reached,,,7985452.8,,,0,,,not-run,,,0,60.00057816505432,60.160826465000355,740155,60.0,1,1860864,cloud container (docker); Intel(R) Xeon(R) Processor @ 2.10GHz; 4 cores; 16 GiB RAM; Linux-x86_64,2026-09-30T18:09:49+00:00
maros-meszaros,qstair,3ddbeb67b08eb0b5ab73ddf976ebcaa3d8b2a07da75272bd8ffcf06e86ac5ffb,356,467,scip,10.0.2,optimal,optimal,7985452.742558564,7985452.7425585445,7985452.8,0.05744145531207323,7.193262141887963e-09,1,,,primal-only,1,,1,0.207113,0.3825348729997131,501,60.0,1,1860864,cloud container (docker); Intel(R) Xeon(R) Processor @ 2.10GHz; 4 cores; 16 GiB RAM; Linux-x86_64,2026-09-30T18:09:49+00:00
maros-meszaros,qstair,3ddbeb67b08eb0b5ab73ddf976ebcaa3d8b2a07da75272bd8ffcf06e86ac5ffb,356,467,cbc-clp,1.17.9,optimal,Optimal,7985452.756288462,7985452.756288459,7985452.8,0.04371154122054577,5.47389638575608e-09,1,,,primal+dual,0,[FAIL] dual feasibility (columns)  worst 7.261e-06 (7.261e-06 relative) on ZM5; [FAIL] complementary slackness     worst |multiplier| * slack = 1.714e-06 on ZM5,0,0.1345993079994514,0.1345993079994514,302,60.0,1,1860864,cloud container (docker); Intel(R) Xeon(R) Processor @ 2.10GHz; 4 cores; 16 GiB RAM; Linux-x86_64,2026-09-30T18:09:49+00:00
maros-meszaros,qstair,3ddbeb67b08eb0b5ab73ddf976ebcaa3d8b2a07da75272bd8ffcf06e86ac5ffb,356,467,glpk,,unsupported,no quadratic objective in GLPK,,,7985452.8,,,0,,,unsupported,,,0,,,,60.0,1,1860864,cloud container (docker); Intel(R) Xeon(R) Processor @ 2.10GHz; 4 cores; 16 GiB RAM; Linux-x86_64,2026-09-30T18:09:49+00:00
maros-meszaros,qstandat,289f34fe700e68dd14db6c3ccf4ff835d9eac1dedf7b330bf7866f85eb612fa7,359,1075,sankhya,1860864,optimal,,6411.838389371756,6411.838389371756,6411.8384,1.0628243217070121e-05,1.6575968628701126e-09,1,,,primal+dual,1,,1,0.020283218,0.029433314000016253,24,60.0,1,1860864,cloud container (docker); Intel(R) Xeon(R) Processor @ 2.10GHz; 4 cores; 16 GiB RAM; Linux-x86_64,2026-09-30T18:10:50+00:00
maros-meszaros,qstandat,289f34fe700e68dd14db6c3ccf4ff835d9eac1dedf7b330bf7866f85eb612fa7,359,1075,highs,1.15.1,optimal,optimal,6411.838388888912,6411.838388888911,6411.8384,1.1111088497273158e-05,1.7329021419618372e-09,1,,,primal+dual,0,[FAIL] dual feasibility (columns)  worst 9.830e-05 (9.829e-05 relative) on FTR.....; [FAIL] complementary slackness     worst |multiplier| * slack = 9.663e-02 on FTR.....,0,0.04308199882507324,0.18841993099977117,642,60.0,1,1860864,cloud container (docker); Intel(R) Xeon(R) Processor @ 2.10GHz; 4 cores; 16 GiB RAM; Linux-x86_64,2026-09-30T18:10:50+00:00
maros-meszaros,qstandat,289f34fe700e68dd14db6c3ccf4ff835d9eac1dedf7b330bf7866f85eb612fa7,359,1075,scip,10.0.2,optimal,optimal,6411.838009358773,6411.838009367697,6411.8384,0.0003906323026967584,6.092360386012823e-08,1,,,primal-only,1,,1,0.854387,1.0042947540005116,2160,60.0,1,1860864,cloud container (docker); Intel(R) Xeon(R) Processor @ 2.10GHz; 4 cores; 16 GiB RAM; Linux-x86_64,2026-09-30T18:10:50+00:00
maros-meszaros,qstandat,289f34fe700e68dd14db6c3ccf4ff835d9eac1dedf7b330bf7866f85eb612fa7,359,1075,cbc-clp,1.17.9,optimal,Optimal,6411.838694294784,6411.838694294788,6411.8384,0.0002942947885458125,4.589865966456867e-08,1,,,primal+dual,0,[FAIL] row activity                worst violation 1.189e-07 (1.189e-07 relative to the row's terms) on TM.3S2T4; [FAIL] complementary slackness     worst |multiplier| * slack = 3.079e-06 on ZP12T408,0,0.03904068900010316,0.03904068900010316,316,60.0,1,1860864,cloud container (docker); Intel(R) Xeon(R) Processor @ 2.10GHz; 4 cores; 16 GiB RAM; Linux-x86_64,2026-09-30T18:10:50+00:00
maros-meszaros,qstandat,289f34fe700e68dd14db6c3ccf4ff835d9eac1dedf7b330bf7866f85eb612fa7,359,1075,glpk,,unsupported,no quadratic objective in GLPK,,,6411.8384,,,0,,,unsupported,,,0,,,,60.0,1,1860864,cloud container (docker); Intel(R) Xeon(R) Processor @ 2.10GHz; 4 cores; 16 GiB RAM; Linux-x86_64,2026-09-30T18:10:50+00:00
maros-meszaros,s268,d25c14fa9417baeb48cf3d68f24551ed02d0d76de3712a061d47a9101d5de856,5,5,sankhya,1860864,optimal,,2.7042915462516248e-08,2.704655344132334e-08,5.7310705e-07,5.460604965586767e-07,5.460604965586767e-07,1,,,primal+dual,1,,1,0.000129948,0.0033669960002953303,11,60.0,1,1860864,cloud container (docker); Intel(R) Xeon(R) Processor @ 2.10GHz; 4 cores; 16 GiB RAM; Linux-x86_64,2026-09-30T18:10:51+00:00
maros-meszaros,s268,d25c14fa9417baeb48cf3d68f24551ed02d0d76de3712a061d47a9101d5de856,5,5,highs,1.15.1,optimal,optimal,3.637978807091713e-12,1.8189894035458565e-12,5.7310705e-07,5.731052310105965e-07,5.731052310105965e-07,1,,,primal+dual,0,"[FAIL] dual feasibility (columns)  worst 4.000e-07 (4.000e-07 relative) on C------5; [FAIL] strong duality              primal 1.818989403546e-12  dual 3.099996320088e-06  gap 3.100e-06 (relative 3.100e-06), 1.999e-07 of it from per-item violations accepted above",0,0.0009219646453857422,0.16066424400014512,7,60.0,1,1860864,cloud container (docker); Intel(R) Xeon(R) Processor @ 2.10GHz; 4 cores; 16 GiB RAM; Linux-x86_64,2026-09-30T18:10:51+00:00
maros-meszaros,s268,d25c14fa9417baeb48cf3d68f24551ed02d0d76de3712a061d47a9101d5de856,5,5,scip,10.0.2,time_limit,timelimit,,,5.7310705e-07,,,0,,,not-run,,,0,60.004174,60.28058434400009,3687624,60.0,1,1860864,cloud container (docker); Intel(R) Xeon(R) Processor @ 2.10GHz; 4 cores; 16 GiB RAM; Linux-x86_64,2026-09-30T18:10:51+00:00
maros-meszaros,s268,d25c14fa9417baeb48cf3d68f24551ed02d0d76de3712a061d47a9101d5de856,5,5,cbc-clp,1.17.9,optimal,Optimal,-5.0367816584184766e-09,3.5104676499031484e-08,5.7310705e-07,5.380023735009685e-07,5.380023735009685e-07,1,,,primal+dual,0,"[FAIL] objective                   recomputed 3.510467649903e-08, solver said -5.036781658418e-09, difference 4.014e-08",0,0.006332224999823666,0.006332224999823666,32,60.0,1,1860864,cloud container (docker); Intel(R) Xeon(R) Processor @ 2.10GHz; 4 cores; 16 GiB RAM; Linux-x86_64,2026-09-30T18:10:51+00:00
maros-meszaros,s268,d25c14fa9417baeb48cf3d68f24551ed02d0d76de3712a061d47a9101d5de856,5,5,glpk,,unsupported,no quadratic objective in GLPK,,,5.7310705e-07,,,0,,,unsupported,,,0,,,,60.0,1,1860864,cloud container (docker); Intel(R) Xeon(R) Processor @ 2.10GHz; 4 cores; 16 GiB RAM; Linux-x86_64,2026-09-30T18:10:51+00:00
maros-meszaros,stadat1,fb3be6eb766a90caf69aab2cc1aaab5ae00eaa1fea9cca5610964ee76fc352dc,3999,2001,sankhya,1860864,iteration_limit,"stopped at this engine's own ceiling of 1000000 iterations, no iteration_limit having been set",-28707058.45131321,,-28526864.0,,,0,,,not-run,,,0,51.754405761,51.89558027400017,1000000,60.0,1,1860864,cloud container (docker); Intel(R) Xeon(R) Processor @ 2.10GHz; 4 cores; 16 GiB RAM; Linux-x86_64,2026-09-30T18:11:52+00:00
maros-meszaros,stadat1,fb3be6eb766a90caf69aab2cc1aaab5ae00eaa1fea9cca5610964ee76fc352dc,3999,2001,highs,1.15.1,optimal,optimal,-28526863.760378115,-28526863.760378115,-28526864.0,0.23962188512086868,8.399867756963004e-09,1,,,primal+dual,0,[FAIL] dual feasibility (columns)  worst 1.930e+06 (1.901e+00 relative) on C----340; [FAIL] complementary slackness     worst |multiplier| * slack = 1.930e+06 on C----340,0,14.39737319946289,14.577850874999967,2018,60.0,1,1860864,cloud container (docker); Intel(R) Xeon(R) Processor @ 2.10GHz; 4 cores; 16 GiB RAM; Linux-x86_64,2026-09-30T18:11:52+00:00
maros-meszaros,stadat1,fb3be6eb766a90caf69aab2cc1aaab5ae00eaa1fea9cca5610964ee76fc352dc,3999,2001,scip,,crashed,malloc(): invalid size (unsorted),,,-28526864.0,,,0,,,not-run,,,0,,5.060483240999929,,60.0,1,1860864,cloud container (docker); Intel(R) Xeon(R) Processor @ 2.10GHz; 4 cores; 16 GiB RAM; Linux-x86_64,2026-09-30T18:11:52+00:00
maros-meszaros,stadat1,fb3be6eb766a90caf69aab2cc1aaab5ae00eaa1fea9cca5610964ee76fc352dc,3999,2001,cbc-clp,1.17.9,optimal,Optimal,-28338456.297650762,-28149390.18558071,-28526864.0,377473.8144192882,0.013232222596191723,0,,,primal+dual,0,"[FAIL] row activity                worst violation 2.263e+04 (4.230e-03 relative to the row's terms) on R---1339; [FAIL] objective                   recomputed -2.814939018558e+07, solver said -2.833845629765e+07, difference 1.891e+05; [FAIL] dual feasibility (rows)     worst 4.420e+00 (1.209e-03 re",0,0.10909985800026334,0.10909985800026334,86,60.0,1,1860864,cloud container (docker); Intel(R) Xeon(R) Processor @ 2.10GHz; 4 cores; 16 GiB RAM; Linux-x86_64,2026-09-30T18:11:52+00:00
maros-meszaros,stadat1,fb3be6eb766a90caf69aab2cc1aaab5ae00eaa1fea9cca5610964ee76fc352dc,3999,2001,glpk,,unsupported,no quadratic objective in GLPK,,,-28526864.0,,,0,,,unsupported,,,0,,,,60.0,1,1860864,cloud container (docker); Intel(R) Xeon(R) Processor @ 2.10GHz; 4 cores; 16 GiB RAM; Linux-x86_64,2026-09-30T18:11:52+00:00
maros-meszaros,stadat2,c50c6ac0c2a015245660e125b2b4ebdea94ac93069b304cc32acc33507c7aac1,3999,2001,sankhya,1860864,optimal,,-32.62666486238405,-32.62666486238405,-32.626665,1.376159559640655e-07,4.2178983345084605e-09,1,,,primal+dual,1,,1,0.058037459,0.08419549700010975,17,60.0,1,1860864,cloud container (docker); Intel(R) Xeon(R) Processor @ 2.10GHz; 4 cores; 16 GiB RAM; Linux-x86_64,2026-09-30T18:13:04+00:00
maros-meszaros,stadat2,c50c6ac0c2a015245660e125b2b4ebdea94ac93069b304cc32acc33507c7aac1,3999,2001,highs,1.15.1,optimal,optimal,-32.62666457851882,-32.62666457851882,-32.626665,4.214811823999298e-07,1.2918304166237334e-08,1,,,primal+dual,0,"[FAIL] dual feasibility (columns)  worst 1.026e-06 (1.026e-06 relative) on C------1; [FAIL] complementary slackness     worst |multiplier| * slack = 1.414e-06 on C---2001; [FAIL] strong duality              primal -3.262666457852e+01  dual -3.262065796245e+01  gap 6.007e-03 (relative 1.841e-04), 4.4",0,14.868568181991577,15.020550916000502,2056,60.0,1,1860864,cloud container (docker); Intel(R) Xeon(R) Processor @ 2.10GHz; 4 cores; 16 GiB RAM; Linux-x86_64,2026-09-30T18:13:04+00:00
maros-meszaros,stadat2,c50c6ac0c2a015245660e125b2b4ebdea94ac93069b304cc32acc33507c7aac1,3999,2001,scip,,crashed,malloc(): invalid size (unsorted),,,-32.626665,,,0,,,not-run,,,0,,3.476568430000043,,60.0,1,1860864,cloud container (docker); Intel(R) Xeon(R) Processor @ 2.10GHz; 4 cores; 16 GiB RAM; Linux-x86_64,2026-09-30T18:13:04+00:00
maros-meszaros,stadat2,c50c6ac0c2a015245660e125b2b4ebdea94ac93069b304cc32acc33507c7aac1,3999,2001,cbc-clp,1.17.9,optimal,Optimal,-32.62666487260232,-32.62666487260232,-32.626665,1.2739768351366365e-07,3.904710564615282e-09,1,,,primal+dual,1,,1,0.6476274830001785,0.6476274830001785,2063,60.0,1,1860864,cloud container (docker); Intel(R) Xeon(R) Processor @ 2.10GHz; 4 cores; 16 GiB RAM; Linux-x86_64,2026-09-30T18:13:04+00:00
maros-meszaros,stadat2,c50c6ac0c2a015245660e125b2b4ebdea94ac93069b304cc32acc33507c7aac1,3999,2001,glpk,,unsupported,no quadratic objective in GLPK,,,-32.626665,,,0,,,unsupported,,,0,,,,60.0,1,1860864,cloud container (docker); Intel(R) Xeon(R) Processor @ 2.10GHz; 4 cores; 16 GiB RAM; Linux-x86_64,2026-09-30T18:13:04+00:00
maros-meszaros,stadat3,647c4b81834966937eb5a1e5dfdb7d7fc4959636ae3c9836e6f6094c4d5bf516,7999,4001,sankhya,1860864,optimal,,-35.77945294302052,-35.77945294302052,-35.779453,5.697947358385136e-08,1.5925194156504115e-09,1,,,primal+dual,1,,1,0.102911958,0.14207533900025737,19,60.0,1,1860864,cloud container (docker); Intel(R) Xeon(R) Processor @ 2.10GHz; 4 cores; 16 GiB RAM; Linux-x86_64,2026-09-30T18:13:24+00:00
maros-meszaros,stadat3,647c4b81834966937eb5a1e5dfdb7d7fc4959636ae3c9836e6f6094c4d5bf516,7999,4001,highs,1.15.1,solve error,solve error,,,-35.779453,,,0,,,not-run,,,0,0.09444880485534668,0.26515104900045117,-1,60.0,1,1860864,cloud container (docker); Intel(R) Xeon(R) Processor @ 2.10GHz; 4 cores; 16 GiB RAM; Linux-x86_64,2026-09-30T18:13:24+00:00
maros-meszaros,stadat3,647c4b81834966937eb5a1e5dfdb7d7fc4959636ae3c9836e6f6094c4d5bf516,7999,4001,scip,,crashed,free(): invalid size,,,-35.779453,,,0,,,not-run,,,0,,22.94365193500016,,60.0,1,1860864,cloud container (docker); Intel(R) Xeon(R) Processor @ 2.10GHz; 4 cores; 16 GiB RAM; Linux-x86_64,2026-09-30T18:13:24+00:00
maros-meszaros,stadat3,647c4b81834966937eb5a1e5dfdb7d7fc4959636ae3c9836e6f6094c4d5bf516,7999,4001,cbc-clp,1.17.9,optimal,Optimal,-35.77945091081632,-35.77945267267237,-35.779453,3.273276263371372e-07,9.148480451535612e-09,1,,,primal+dual,0,"[FAIL] objective                   recomputed -3.577945267267e+01, solver said -3.577945091082e+01, difference 1.762e-06",0,0.10401376400022855,0.10401376400022855,32,60.0,1,1860864,cloud container (docker); Intel(R) Xeon(R) Processor @ 2.10GHz; 4 cores; 16 GiB RAM; Linux-x86_64,2026-09-30T18:13:24+00:00
maros-meszaros,stadat3,647c4b81834966937eb5a1e5dfdb7d7fc4959636ae3c9836e6f6094c4d5bf516,7999,4001,glpk,,unsupported,no quadratic objective in GLPK,,,-35.779453,,,0,,,unsupported,,,0,,,,60.0,1,1860864,cloud container (docker); Intel(R) Xeon(R) Processor @ 2.10GHz; 4 cores; 16 GiB RAM; Linux-x86_64,2026-09-30T18:13:24+00:00
maros-meszaros,stcqp1,e28066a2eb935145efdfd10193451c706d588d1f649efa6738a7778dd7071661,2052,4097,sankhya,1860864,optimal,,155143.55470396203,155143.55470396223,155143.56,0.005296037765219808,3.413636869761019e-08,1,,,primal+dual,1,,1,0.069707108,0.10995430200000555,10,60.0,1,1860864,cloud container (docker); Intel(R) Xeon(R) Processor @ 2.10GHz; 4 cores; 16 GiB RAM; Linux-x86_64,2026-09-30T18:13:48+00:00
maros-meszaros,stcqp1,e28066a2eb935145efdfd10193451c706d588d1f649efa6738a7778dd7071661,2052,4097,highs,1.15.1,optimal,optimal,155143.55470395752,155143.5547039583,155143.56,0.005296041694236919,3.413639402265179e-08,1,,,primal+dual,1,,1,41.24093842506409,41.46363573899998,5817,60.0,1,1860864,cloud container (docker); Intel(R) Xeon(R) Processor @ 2.10GHz; 4 cores; 16 GiB RAM; Linux-x86_64,2026-09-30T18:13:48+00:00
maros-meszaros,stcqp1,e28066a2eb935145efdfd10193451c706d588d1f649efa6738a7778dd7071661,2052,4097,scip,10.0.2,time_limit,timelimit,,,155143.56,,,0,,,not-run,,,0,60.000464,60.30967187299939,176192,60.0,1,1860864,cloud container (docker); Intel(R) Xeon(R) Processor @ 2.10GHz; 4 cores; 16 GiB RAM; Linux-x86_64,2026-09-30T18:13:48+00:00
maros-meszaros,stcqp1,e28066a2eb935145efdfd10193451c706d588d1f649efa6738a7778dd7071661,2052,4097,cbc-clp,1.17.9,optimal,Optimal,155143.55470396142,155143.5547039569,155143.56,0.005296043091220781,3.4136403027111025e-08,1,,,primal+dual,1,,1,14.669025672000316,14.669025672000316,32,60.0,1,1860864,cloud container (docker); Intel(R) Xeon(R) Processor @ 2.10GHz; 4 cores; 16 GiB RAM; Linux-x86_64,2026-09-30T18:13:48+00:00
maros-meszaros,stcqp1,e28066a2eb935145efdfd10193451c706d588d1f649efa6738a7778dd7071661,2052,4097,glpk,,unsupported,no quadratic objective in GLPK,,,155143.56,,,0,,,unsupported,,,0,,,,60.0,1,1860864,cloud container (docker); Intel(R) Xeon(R) Processor @ 2.10GHz; 4 cores; 16 GiB RAM; Linux-x86_64,2026-09-30T18:13:48+00:00
maros-meszaros,stcqp2,ce8f1f486f0503b977a01bf1141417c44825f3b53c0e1369ebfd95f44f559d62,2052,4097,sankhya,1860864,optimal,,22327.313272430576,22327.31327243063,22327.313,0.0002724306323216297,1.2201675692978805e-08,1,,,primal+dual,1,,1,0.317974206,0.3531067130006704,10,60.0,1,1860864,cloud container (docker); Intel(R) Xeon(R) Processor @ 2.10GHz; 4 cores; 16 GiB RAM; Linux-x86_64,2026-09-30T18:15:45+00:00
maros-meszaros,stcqp2,ce8f1f486f0503b977a01bf1141417c44825f3b53c0e1369ebfd95f44f559d62,2052,4097,highs,1.15.1,optimal,optimal,22327.31327241655,22327.313272416734,22327.313,0.0002724167352425866,1.2201053267922862e-08,1,,,primal+dual,1,,1,11.99179220199585,12.183027621000292,4748,60.0,1,1860864,cloud container (docker); Intel(R) Xeon(R) Processor @ 2.10GHz; 4 cores; 16 GiB RAM; Linux-x86_64,2026-09-30T18:15:45+00:00
maros-meszaros,stcqp2,ce8f1f486f0503b977a01bf1141417c44825f3b53c0e1369ebfd95f44f559d62,2052,4097,scip,10.0.2,time_limit,timelimit,,,22327.313,,,0,,,not-run,,,0,60.000411,60.26779540999996,214007,60.0,1,1860864,cloud container (docker); Intel(R) Xeon(R) Processor @ 2.10GHz; 4 cores; 16 GiB RAM; Linux-x86_64,2026-09-30T18:15:45+00:00
maros-meszaros,stcqp2,ce8f1f486f0503b977a01bf1141417c44825f3b53c0e1369ebfd95f44f559d62,2052,4097,cbc-clp,1.17.9,optimal,Optimal,22327.31327245979,22327.31327241759,22327.313,0.00027241759016760625,1.2201091558469497e-08,1,,,primal+dual,1,,1,3.7888561789995947,3.7888561789995947,30,60.0,1,1860864,cloud container (docker); Intel(R) Xeon(R) Processor @ 2.10GHz; 4 cores; 16 GiB RAM; Linux-x86_64,2026-09-30T18:15:45+00:00
maros-meszaros,stcqp2,ce8f1f486f0503b977a01bf1141417c44825f3b53c0e1369ebfd95f44f559d62,2052,4097,glpk,,unsupported,no quadratic objective in GLPK,,,22327.313,,,0,,,unsupported,,,0,,,,60.0,1,1860864,cloud container (docker); Intel(R) Xeon(R) Processor @ 2.10GHz; 4 cores; 16 GiB RAM; Linux-x86_64,2026-09-30T18:15:45+00:00
maros-meszaros,tame,1e688c7bcd8e73879463278b9d93d00bf5eecb0acd172aa8a97df4cbe2b5904e,1,2,sankhya,1860864,optimal,,0.0,0.0,0.0,0.0,0.0,1,,,primal+dual,1,,1,6.5093e-05,0.003355311000632355,5,60.0,1,1860864,cloud container (docker); Intel(R) Xeon(R) Processor @ 2.10GHz; 4 cores; 16 GiB RAM; Linux-x86_64,2026-09-30T18:17:03+00:00
maros-meszaros,tame,1e688c7bcd8e73879463278b9d93d00bf5eecb0acd172aa8a97df4cbe2b5904e,1,2,highs,1.15.1,optimal,optimal,0.0,3.0814879110195774e-33,0.0,3.0814879110195774e-33,3.0814879110195774e-33,1,,,primal+dual,1,,1,0.0007767677307128906,0.13550041199960106,2,60.0,1,1860864,cloud container (docker); Intel(R) Xeon(R) Processor @ 2.10GHz; 4 cores; 16 GiB RAM; Linux-x86_64,2026-09-30T18:17:03+00:00
maros-meszaros,tame,1e688c7bcd8e73879463278b9d93d00bf5eecb0acd172aa8a97df4cbe2b5904e,1,2,scip,10.0.2,optimal,optimal,-9.98547643492324e-09,5.187246390145769e-23,0.0,5.187246390145769e-23,5.187246390145769e-23,1,,,primal-only,0,"[FAIL] objective           recomputed 5.187246390146e-23, solver said -9.985476434923e-09, difference 9.985e-09",0,0.006762,0.13219000700064498,2,60.0,1,1860864,cloud container (docker); Intel(R) Xeon(R) Processor @ 2.10GHz; 4 cores; 16 GiB RAM; Linux-x86_64,2026-09-30T18:17:03+00:00
maros-meszaros,tame,1e688c7bcd8e73879463278b9d93d00bf5eecb0acd172aa8a97df4cbe2b5904e,1,2,cbc-clp,1.17.9,optimal,Optimal,-3.7126020379475556e-08,0.0,0.0,0.0,0.0,1,,,primal+dual,0,"[FAIL] objective                   recomputed 0.000000000000e+00, solver said -3.712602037948e-08, difference 3.713e-08",0,0.005737667000175861,0.005737667000175861,32,60.0,1,1860864,cloud container (docker); Intel(R) Xeon(R) Processor @ 2.10GHz; 4 cores; 16 GiB RAM; Linux-x86_64,2026-09-30T18:17:03+00:00
maros-meszaros,tame,1e688c7bcd8e73879463278b9d93d00bf5eecb0acd172aa8a97df4cbe2b5904e,1,2,glpk,,unsupported,no quadratic objective in GLPK,,,0.0,,,0,,,unsupported,,,0,,,,60.0,1,1860864,cloud container (docker); Intel(R) Xeon(R) Processor @ 2.10GHz; 4 cores; 16 GiB RAM; Linux-x86_64,2026-09-30T18:17:03+00:00
maros-meszaros,ubh1,5bf03bf108b6470b59fe5c444876793535827fd21e36018c5bb00494255a90c0,12000,18009,sankhya,1860864,iteration_limit,"stopped at this engine's own ceiling of 200 iterations with relative residuals 4.3e-16 primal, 5.9e-11 dual, 6.1e-05 gap",1.1160008195795754,,1.1160008,,,0,,,not-run,,,0,1.517593125,1.59405041699938,200,60.0,1,1860864,cloud container (docker); Intel(R) Xeon(R) Processor @ 2.10GHz; 4 cores; 16 GiB RAM; Linux-x86_64,2026-09-30T18:17:44+00:00
maros-meszaros,ubh1,5bf03bf108b6470b59fe5c444876793535827fd21e36018c5bb00494255a90c0,12000,18009,highs,1.15.1,time_limit,time limit reached,,,1.1160008,,,0,,,not-run,,,0,60.02261281013489,60.23599230400032,11245,60.0,1,1860864,cloud container (docker); Intel(R) Xeon(R) Processor @ 2.10GHz; 4 cores; 16 GiB RAM; Linux-x86_64,2026-09-30T18:17:44+00:00
maros-meszaros,ubh1,5bf03bf108b6470b59fe5c444876793535827fd21e36018c5bb00494255a90c0,12000,18009,scip,10.0.2,time_limit,timelimit,,,1.1160008,,,0,,,not-run,,,0,104.868516,105.26386769199962,17820,60.0,1,1860864,cloud container (docker); Intel(R) Xeon(R) Processor @ 2.10GHz; 4 cores; 16 GiB RAM; Linux-x86_64,2026-09-30T18:17:44+00:00
maros-meszaros,ubh1,5bf03bf108b6470b59fe5c444876793535827fd21e36018c5bb00494255a90c0,12000,18009,cbc-clp,1.17.9,optimal,Optimal,1.1160008306212317,1.1160008156948062,1.1160008,1.5694806343447e-08,1.4063436462990887e-08,1,,,primal+dual,0,"[FAIL] objective                   recomputed 1.116000815695e+00, solver said 1.116000830621e+00, difference 1.493e-08",0,0.23848677099977067,0.23848677099977067,28,60.0,1,1860864,cloud container (docker); Intel(R) Xeon(R) Processor @ 2.10GHz; 4 cores; 16 GiB RAM; Linux-x86_64,2026-09-30T18:17:44+00:00
maros-meszaros,ubh1,5bf03bf108b6470b59fe5c444876793535827fd21e36018c5bb00494255a90c0,12000,18009,glpk,,unsupported,no quadratic objective in GLPK,,,1.1160008,,,0,,,unsupported,,,0,,,,60.0,1,1860864,cloud container (docker); Intel(R) Xeon(R) Processor @ 2.10GHz; 4 cores; 16 GiB RAM; Linux-x86_64,2026-09-30T18:17:44+00:00
maros-meszaros,values,e0107957abb7529fbee8b288fb702bd83c6df35a309d3e3b55d344f0f86a5589,1,202,sankhya,1860864,model_error,"the quadratic objective is not convex: sparse LDL^T reached -0.000120305 at column 196 (a96) in minimization sense; that exhibits a direction in which the objective curves downward, so the model is no",0.0,,-1.3966211,,,0,,,not-run,,,0,0.000403295,0.007062210000185587,0,60.0,1,1860864,cloud container (docker); Intel(R) Xeon(R) Processor @ 2.10GHz; 4 cores; 16 GiB RAM; Linux-x86_64,2026-09-30T18:20:32+00:00
maros-meszaros,values,e0107957abb7529fbee8b288fb702bd83c6df35a309d3e3b55d344f0f86a5589,1,202,highs,1.15.1,optimal,optimal,-1.396621144713958,-1.3966211447139576,-1.3966211,4.471395764760189e-08,3.20158113375216e-08,1,,,primal+dual,1,,1,0.00405430793762207,0.149371174999942,129,60.0,1,1860864,cloud container (docker); Intel(R) Xeon(R) Processor @ 2.10GHz; 4 cores; 16 GiB RAM; Linux-x86_64,2026-09-30T18:20:32+00:00
maros-meszaros,values,e0107957abb7529fbee8b288fb702bd83c6df35a309d3e3b55d344f0f86a5589,1,202,scip,10.0.2,time_limit,timelimit,,,-1.3966211,,,0,,,not-run,,,0,60.000118,60.19591725099963,541209,60.0,1,1860864,cloud container (docker); Intel(R) Xeon(R) Processor @ 2.10GHz; 4 cores; 16 GiB RAM; Linux-x86_64,2026-09-30T18:20:32+00:00
maros-meszaros,values,e0107957abb7529fbee8b288fb702bd83c6df35a309d3e3b55d344f0f86a5589,1,202,cbc-clp,1.17.9,optimal,Optimal,-1.3966211441607401,-1.3966211433414775,-1.3966211,4.334147751805517e-08,3.103309660584046e-08,1,,,primal+dual,1,,1,0.010253188000206137,0.010253188000206137,28,60.0,1,1860864,cloud container (docker); Intel(R) Xeon(R) Processor @ 2.10GHz; 4 cores; 16 GiB RAM; Linux-x86_64,2026-09-30T18:20:32+00:00
maros-meszaros,values,e0107957abb7529fbee8b288fb702bd83c6df35a309d3e3b55d344f0f86a5589,1,202,glpk,,unsupported,no quadratic objective in GLPK,,,-1.3966211,,,0,,,unsupported,,,0,,,,60.0,1,1860864,cloud container (docker); Intel(R) Xeon(R) Processor @ 2.10GHz; 4 cores; 16 GiB RAM; Linux-x86_64,2026-09-30T18:20:32+00:00
maros-meszaros,yao,e84d46d76d1bb652cd009625d81f152abe8100a516e206f2d04342a464976a53,2000,2002,sankhya,1860864,iteration_limit,"stopped at this engine's own ceiling of 200 iterations with relative residuals 3.0e-06 primal, 1.6e-15 dual, 1.5e-01 gap",59.63179687664848,,197.70426,,,0,,,not-run,,,0,0.262598593,0.2768159500001275,200,60.0,1,1860864,cloud container (docker); Intel(R) Xeon(R) Processor @ 2.10GHz; 4 cores; 16 GiB RAM; Linux-x86_64,2026-09-30T18:21:33+00:00
maros-meszaros,yao,e84d46d76d1bb652cd009625d81f152abe8100a516e206f2d04342a464976a53,2000,2002,highs,1.15.1,optimal,optimal,197.7042559403107,197.704255940311,197.70426,4.05968901873166e-06,2.0534150446387245e-08,1,,,primal+dual,1,,1,0.060234785079956055,0.20869854100055818,4,60.0,1,1860864,cloud container (docker); Intel(R) Xeon(R) Processor @ 2.10GHz; 4 cores; 16 GiB RAM; Linux-x86_64,2026-09-30T18:21:33+00:00
maros-meszaros,yao,e84d46d76d1bb652cd009625d81f152abe8100a516e206f2d04342a464976a53,2000,2002,scip,10.0.2,optimal,optimal,196.17710289337603,196.17710290336612,197.70426,1.5271570966338857,0.007724452152087596,0,,,primal-only,1,,0,6.070002,6.246543051000117,7567,60.0,1,1860864,cloud container (docker); Intel(R) Xeon(R) Processor @ 2.10GHz; 4 cores; 16 GiB RAM; Linux-x86_64,2026-09-30T18:21:33+00:00
maros-meszaros,yao,e84d46d76d1bb652cd009625d81f152abe8100a516e206f2d04342a464976a53,2000,2002,cbc-clp,1.17.9,optimal,Optimal,197.70425594269636,197.70425595174186,197.70426,4.048258148259265e-06,2.0476332418225407e-08,1,,,primal+dual,1,,1,0.03286477300025581,0.03286477300025581,30,60.0,1,1860864,cloud container (docker); Intel(R) Xeon(R) Processor @ 2.10GHz; 4 cores; 16 GiB RAM; Linux-x86_64,2026-09-30T18:21:33+00:00
maros-meszaros,yao,e84d46d76d1bb652cd009625d81f152abe8100a516e206f2d04342a464976a53,2000,2002,glpk,,unsupported,no quadratic objective in GLPK,,,197.70426,,,0,,,unsupported,,,0,,,,60.0,1,1860864,cloud container (docker); Intel(R) Xeon(R) Processor @ 2.10GHz; 4 cores; 16 GiB RAM; Linux-x86_64,2026-09-30T18:21:33+00:00
maros-meszaros,zecevic2,1091fb5c12c4f10718d6fbab35bb8ec701648a289d14977bcb98aa88f02eab01,2,2,sankhya,1860864,optimal,,-4.125000000044204,-4.125000000044204,-4.125,4.420375177005553e-11,1.0716061035164978e-11,1,,,primal+dual,1,,1,9.5411e-05,0.004730698000457778,6,60.0,1,1860864,cloud container (docker); Intel(R) Xeon(R) Processor @ 2.10GHz; 4 cores; 16 GiB RAM; Linux-x86_64,2026-09-30T18:21:40+00:00
maros-meszaros,zecevic2,1091fb5c12c4f10718d6fbab35bb8ec701648a289d14977bcb98aa88f02eab01,2,2,highs,1.15.1,optimal,optimal,-4.124999999999997,-4.124999999999997,-4.125,2.6645352591003757e-15,6.459479416000911e-16,1,,,primal+dual,1,,1,0.0005819797515869141,0.13661921699986124,7,60.0,1,1860864,cloud container (docker); Intel(R) Xeon(R) Processor @ 2.10GHz; 4 cores; 16 GiB RAM; Linux-x86_64,2026-09-30T18:21:40+00:00
maros-meszaros,zecevic2,1091fb5c12c4f10718d6fbab35bb8ec701648a289d14977bcb98aa88f02eab01,2,2,scip,10.0.2,optimal,optimal,-4.125000059604645,-4.124999992549419,-4.125,7.450580596923828e-09,1.806201356830019e-09,1,,,primal-only,0,"[FAIL] objective           recomputed -4.124999992549e+00, solver said -4.125000059605e+00, difference 6.706e-08",0,0.016236999999999998,0.15177026699984708,14,60.0,1,1860864,cloud container (docker); Intel(R) Xeon(R) Processor @ 2.10GHz; 4 cores; 16 GiB RAM; Linux-x86_64,2026-09-30T18:21:40+00:00
maros-meszaros,zecevic2,1091fb5c12c4f10718d6fbab35bb8ec701648a289d14977bcb98aa88f02eab01,2,2,cbc-clp,1.17.9,optimal,Optimal,-4.124999954272068,-4.124999936390759,-4.125,6.360924142967406e-08,1.542042216476947e-08,1,,,primal+dual,0,"[FAIL] objective                   recomputed -4.124999936391e+00, solver said -4.124999954272e+00, difference 1.788e-08",0,0.005025994999414252,0.005025994999414252,26,60.0,1,1860864,cloud container (docker); Intel(R) Xeon(R) Processor @ 2.10GHz; 4 cores; 16 GiB RAM; Linux-x86_64,2026-09-30T18:21:40+00:00
maros-meszaros,zecevic2,1091fb5c12c4f10718d6fbab35bb8ec701648a289d14977bcb98aa88f02eab01,2,2,glpk,,unsupported,no quadratic objective in GLPK,,,-4.125,,,0,,,unsupported,,,0,,,,60.0,1,1860864,cloud container (docker); Intel(R) Xeon(R) Processor @ 2.10GHz; 4 cores; 16 GiB RAM; Linux-x86_64,2026-09-30T18:21:40+00:00
