suite,instance,instance_sha256,rows,columns,solver,solver_version,status,message,objective,point_objective,reference_objective,absolute_gap,relative_gap,matches_reference,exact_objective,matches_exact,verification,independently_verified,verifier_message,counted_for_time,solver_seconds,wall_seconds,iterations,time_limit,threads,git_commit,machine,timestamp_utc
netlib,25fv47,e0da0d47ae56bef34f11ac03563027da57dd4ab792d978c0dc8e27a16117f627,821,1571,sankhya,5e490ef,optimal,,5501.84588828675,5501.84588828675,5501.8458883,1.3250428310129791e-08,2.4083604992112937e-12,1,5501.845888286744,1,primal+dual,1,,1,0.265479674,0.27785778899988145,4586,120.0,1,5e490ef,cloud container (docker); Intel(R) Xeon(R) Processor @ 2.10GHz; 4 cores; 16 GiB RAM; Linux-x86_64,2026-09-30T05:03:59+00:00
netlib,25fv47,e0da0d47ae56bef34f11ac03563027da57dd4ab792d978c0dc8e27a16117f627,821,1571,highs,1.15.1,optimal,optimal,5501.845888286757,5501.845888286757,5501.8458883,1.3243152352515608e-08,2.4070380416648805e-12,1,5501.845888286744,1,primal+dual,1,,1,0.14866971969604492,0.40457326800014926,2583,120.0,1,5e490ef,cloud container (docker); Intel(R) Xeon(R) Processor @ 2.10GHz; 4 cores; 16 GiB RAM; Linux-x86_64,2026-09-30T05:03:59+00:00
netlib,25fv47,e0da0d47ae56bef34f11ac03563027da57dd4ab792d978c0dc8e27a16117f627,821,1571,scip,10.0.2,optimal,optimal,5501.845888286746,5501.845888286754,5501.8458883,1.3245880836620927e-08,2.4075339632447855e-12,1,5501.845888286744,1,primal-only,1,,1,0.47719999999999996,0.670131704999676,7871,120.0,1,5e490ef,cloud container (docker); Intel(R) Xeon(R) Processor @ 2.10GHz; 4 cores; 16 GiB RAM; Linux-x86_64,2026-09-30T05:03:59+00:00
netlib,25fv47,e0da0d47ae56bef34f11ac03563027da57dd4ab792d978c0dc8e27a16117f627,821,1571,cbc-clp,1.17.9,optimal,Optimal,5501.845888286744,5501.845888286744,5501.8458883,1.3255885278340429e-08,2.4093523423711032e-12,1,5501.845888286744,1,primal+dual,1,,1,0.17071228499980862,0.17071228499980862,2702,120.0,1,5e490ef,cloud container (docker); Intel(R) Xeon(R) Processor @ 2.10GHz; 4 cores; 16 GiB RAM; Linux-x86_64,2026-09-30T05:03:59+00:00
netlib,25fv47,e0da0d47ae56bef34f11ac03563027da57dd4ab792d978c0dc8e27a16117f627,821,1571,glpk,5.0,optimal,2401 lines were written,5501.84588828675,5501.8458882867535,5501.8458883,1.32467903313227e-08,2.407699270438087e-12,1,5501.845888286744,1,primal+dual,1,,1,0.1,0.14609698000003846,1615,120.0,1,5e490ef,cloud container (docker); Intel(R) Xeon(R) Processor @ 2.10GHz; 4 cores; 16 GiB RAM; Linux-x86_64,2026-09-30T05:03:59+00:00
netlib,80bau3b,22aef70f5ce164435b15c5c0aa3be93a99932dc136eb936eb17835a661087b9f,2262,9799,sankhya,5e490ef,optimal,,987224.192409091,987224.192409091,987232.16072,7.9683109089965,8.071364797501246e-06,0,987224.1924090902,1,primal+dual,1,,1,0.256769896,0.28258033300016905,3887,120.0,1,5e490ef,cloud container (docker); Intel(R) Xeon(R) Processor @ 2.10GHz; 4 cores; 16 GiB RAM; Linux-x86_64,2026-09-30T05:04:01+00:00
netlib,80bau3b,22aef70f5ce164435b15c5c0aa3be93a99932dc136eb936eb17835a661087b9f,2262,9799,highs,1.15.1,optimal,optimal,987224.1924090902,987224.1924090902,987232.16072,7.968310909811407,8.071364798326691e-06,0,987224.1924090902,1,primal+dual,1,,1,0.12375998497009277,2.059659429000021,3097,120.0,1,5e490ef,cloud container (docker); Intel(R) Xeon(R) Processor @ 2.10GHz; 4 cores; 16 GiB RAM; Linux-x86_64,2026-09-30T05:04:01+00:00
netlib,80bau3b,22aef70f5ce164435b15c5c0aa3be93a99932dc136eb936eb17835a661087b9f,2262,9799,scip,10.0.2,optimal,optimal,987224.1924090898,987224.1924090903,987232.16072,7.968310909694992,8.07136479820877e-06,0,987224.1924090902,1,primal-only,1,,1,0.399264,0.6100581319997218,6224,120.0,1,5e490ef,cloud container (docker); Intel(R) Xeon(R) Processor @ 2.10GHz; 4 cores; 16 GiB RAM; Linux-x86_64,2026-09-30T05:04:01+00:00
netlib,80bau3b,22aef70f5ce164435b15c5c0aa3be93a99932dc136eb936eb17835a661087b9f,2262,9799,cbc-clp,1.17.9,optimal,Optimal,987224.1924090906,987224.1924090906,987232.16072,7.968310909462161,8.07136479797293e-06,0,987224.1924090902,1,primal+dual,1,,1,0.0970419549998951,0.0970419549998951,3253,120.0,1,5e490ef,cloud container (docker); Intel(R) Xeon(R) Processor @ 2.10GHz; 4 cores; 16 GiB RAM; Linux-x86_64,2026-09-30T05:04:01+00:00
netlib,80bau3b,22aef70f5ce164435b15c5c0aa3be93a99932dc136eb936eb17835a661087b9f,2262,9799,glpk,5.0,optimal,12070 lines were written,987224.192409091,987224.192409091,987232.16072,7.9683109089965,8.071364797501246e-06,0,987224.1924090902,1,primal+dual,1,,1,0.5,0.592950971999926,5513,120.0,1,5e490ef,cloud container (docker); Intel(R) Xeon(R) Processor @ 2.10GHz; 4 cores; 16 GiB RAM; Linux-x86_64,2026-09-30T05:04:01+00:00
netlib,adlittle,db211f7bf735518a246a2a0e385ec51abc09cd601da7ae50d6c3fe083cb6f94b,56,97,sankhya,5e490ef,optimal,,225494.96316238042,225494.96316238042,225494.96316,2.3804022930562496e-06,1.055634351959886e-11,1,225494.9631623804,1,primal+dual,1,,1,0.000879745,0.004086840999661945,86,120.0,1,5e490ef,cloud container (docker); Intel(R) Xeon(R) Processor @ 2.10GHz; 4 cores; 16 GiB RAM; Linux-x86_64,2026-09-30T05:04:06+00:00
netlib,adlittle,db211f7bf735518a246a2a0e385ec51abc09cd601da7ae50d6c3fe083cb6f94b,56,97,highs,1.15.1,optimal,optimal,225494.9631623803,225494.9631623803,225494.96316,2.3802858777344227e-06,1.0555827253868593e-11,1,225494.9631623804,1,primal+dual,1,,1,0.0012912750244140625,0.10550705900004687,87,120.0,1,5e490ef,cloud container (docker); Intel(R) Xeon(R) Processor @ 2.10GHz; 4 cores; 16 GiB RAM; Linux-x86_64,2026-09-30T05:04:06+00:00
netlib,adlittle,db211f7bf735518a246a2a0e385ec51abc09cd601da7ae50d6c3fe083cb6f94b,56,97,scip,10.0.2,optimal,optimal,225494.9631623802,225494.96316238013,225494.96316,2.3801112547516823e-06,1.0555052855273196e-11,1,225494.9631623804,1,primal-only,1,,1,0.004605,0.13179957900001682,120,120.0,1,5e490ef,cloud container (docker); Intel(R) Xeon(R) Processor @ 2.10GHz; 4 cores; 16 GiB RAM; Linux-x86_64,2026-09-30T05:04:06+00:00
netlib,adlittle,db211f7bf735518a246a2a0e385ec51abc09cd601da7ae50d6c3fe083cb6f94b,56,97,cbc-clp,1.17.9,optimal,Optimal,225494.96316238027,225494.96316238027,225494.96316,2.380256773903966e-06,1.0555698187436028e-11,1,225494.9631623804,1,primal+dual,1,,1,0.0057653799999570765,0.0057653799999570765,73,120.0,1,5e490ef,cloud container (docker); Intel(R) Xeon(R) Processor @ 2.10GHz; 4 cores; 16 GiB RAM; Linux-x86_64,2026-09-30T05:04:06+00:00
netlib,adlittle,db211f7bf735518a246a2a0e385ec51abc09cd601da7ae50d6c3fe083cb6f94b,56,97,glpk,5.0,optimal,162 lines were written,225494.963162383,225494.9631623824,225494.96316,2.3823813535273075e-06,1.0565120037013369e-11,1,225494.9631623804,1,primal+dual,1,,1,0.0,0.004412060000049678,86,120.0,1,5e490ef,cloud container (docker); Intel(R) Xeon(R) Processor @ 2.10GHz; 4 cores; 16 GiB RAM; Linux-x86_64,2026-09-30T05:04:06+00:00
netlib,afiro,04992b87e57e57c1c417c96b846833bfa12e055eeaa623f043c45fc773b5be41,27,32,sankhya,5e490ef,optimal,,-464.75314285714285,-464.75314285714285,-464.75314286,2.857177605619654e-09,6.147731649617561e-12,1,-464.75314285714285,1,primal+dual,1,,1,0.000453737,0.0041175579999617185,13,120.0,1,5e490ef,cloud container (docker); Intel(R) Xeon(R) Processor @ 2.10GHz; 4 cores; 16 GiB RAM; Linux-x86_64,2026-09-30T05:04:06+00:00
netlib,afiro,04992b87e57e57c1c417c96b846833bfa12e055eeaa623f043c45fc773b5be41,27,32,highs,1.15.1,optimal,optimal,-464.75314285714285,-464.75314285714285,-464.75314286,2.857177605619654e-09,6.147731649617561e-12,1,-464.75314285714285,1,primal+dual,1,,1,0.0007450580596923828,0.12547692599991933,6,120.0,1,5e490ef,cloud container (docker); Intel(R) Xeon(R) Processor @ 2.10GHz; 4 cores; 16 GiB RAM; Linux-x86_64,2026-09-30T05:04:06+00:00
netlib,afiro,04992b87e57e57c1c417c96b846833bfa12e055eeaa623f043c45fc773b5be41,27,32,scip,10.0.2,optimal,optimal,-464.75314285714273,-464.75314285714285,-464.75314286,2.857177605619654e-09,6.147731649617561e-12,1,-464.75314285714285,1,primal-only,1,,1,0.001352,0.11712537400035217,11,120.0,1,5e490ef,cloud container (docker); Intel(R) Xeon(R) Processor @ 2.10GHz; 4 cores; 16 GiB RAM; Linux-x86_64,2026-09-30T05:04:06+00:00
netlib,afiro,04992b87e57e57c1c417c96b846833bfa12e055eeaa623f043c45fc773b5be41,27,32,cbc-clp,1.17.9,optimal,Optimal,-464.75314285714296,-464.75314285714285,-464.75314286,2.857177605619654e-09,6.147731649617561e-12,1,-464.75314285714285,1,primal+dual,1,,1,0.0048220499998024025,0.0048220499998024025,5,120.0,1,5e490ef,cloud container (docker); Intel(R) Xeon(R) Processor @ 2.10GHz; 4 cores; 16 GiB RAM; Linux-x86_64,2026-09-30T05:04:06+00:00
netlib,afiro,04992b87e57e57c1c417c96b846833bfa12e055eeaa623f043c45fc773b5be41,27,32,glpk,5.0,optimal,68 lines were written,-464.753142857143,-464.7531428571428,-464.75314286,2.857234449038515e-09,6.147853958459866e-12,1,-464.75314285714285,1,primal+dual,1,,1,0.0,0.0024893400000109978,10,120.0,1,5e490ef,cloud container (docker); Intel(R) Xeon(R) Processor @ 2.10GHz; 4 cores; 16 GiB RAM; Linux-x86_64,2026-09-30T05:04:06+00:00
netlib,agg,d7844795d0c799f5cdc1416c8d242f5e8f351f5a3271f42a2d428f170abf1f03,488,163,sankhya,5e490ef,optimal,,-35991767.2865765,-35991767.2865765,-35991767.287,0.0004234984517097473,1.1766536728601052e-11,1,-35991767.28657651,1,primal+dual,1,,1,0.003780707,0.008628462000160653,140,120.0,1,5e490ef,cloud container (docker); Intel(R) Xeon(R) Processor @ 2.10GHz; 4 cores; 16 GiB RAM; Linux-x86_64,2026-09-30T05:04:07+00:00
netlib,agg,d7844795d0c799f5cdc1416c8d242f5e8f351f5a3271f42a2d428f170abf1f03,488,163,highs,1.15.1,optimal,optimal,-35991767.2865765,-35991767.2865765,-35991767.287,0.0004234984517097473,1.1766536728601052e-11,1,-35991767.28657651,1,primal+dual,1,,1,0.0037348270416259766,0.13486495200004356,102,120.0,1,5e490ef,cloud container (docker); Intel(R) Xeon(R) Processor @ 2.10GHz; 4 cores; 16 GiB RAM; Linux-x86_64,2026-09-30T05:04:07+00:00
netlib,agg,d7844795d0c799f5cdc1416c8d242f5e8f351f5a3271f42a2d428f170abf1f03,488,163,scip,10.0.2,optimal,optimal,-35991767.28657653,-35991767.286576524,-35991767.287,0.00042347609996795654,1.1765915704864914e-11,1,-35991767.28657651,1,primal-only,1,,1,0.007044,0.15266300799976307,124,120.0,1,5e490ef,cloud container (docker); Intel(R) Xeon(R) Processor @ 2.10GHz; 4 cores; 16 GiB RAM; Linux-x86_64,2026-09-30T05:04:07+00:00
netlib,agg,d7844795d0c799f5cdc1416c8d242f5e8f351f5a3271f42a2d428f170abf1f03,488,163,cbc-clp,1.17.9,optimal,Optimal,-35991767.28657649,-35991767.28657649,-35991767.287,0.00042351335287094116,1.1766950744425143e-11,1,-35991767.28657651,1,primal+dual,1,,1,0.006965549000142346,0.006965549000142346,90,120.0,1,5e490ef,cloud container (docker); Intel(R) Xeon(R) Processor @ 2.10GHz; 4 cores; 16 GiB RAM; Linux-x86_64,2026-09-30T05:04:07+00:00
netlib,agg,d7844795d0c799f5cdc1416c8d242f5e8f351f5a3271f42a2d428f170abf1f03,488,163,glpk,5.0,optimal,660 lines were written,-35991767.2865765,-35991767.28657651,-35991767.287,0.0004234910011291504,1.1766329720689005e-11,1,-35991767.28657651,1,primal+dual,1,,1,0.0,0.007359754999924917,76,120.0,1,5e490ef,cloud container (docker); Intel(R) Xeon(R) Processor @ 2.10GHz; 4 cores; 16 GiB RAM; Linux-x86_64,2026-09-30T05:04:07+00:00
netlib,agg2,0515e9b78a802f9473578b23a7a60075554fc39ea7b5796fb41530cd760e4534,516,302,sankhya,5e490ef,optimal,,-20239252.355977118,-20239252.355977118,-20239252.356,2.2880733013153076e-05,1.130512758608398e-12,1,-20239252.35597711,1,primal+dual,1,,1,0.004073691,0.010635663999892131,165,120.0,1,5e490ef,cloud container (docker); Intel(R) Xeon(R) Processor @ 2.10GHz; 4 cores; 16 GiB RAM; Linux-x86_64,2026-09-30T05:04:07+00:00
netlib,agg2,0515e9b78a802f9473578b23a7a60075554fc39ea7b5796fb41530cd760e4534,516,302,highs,1.15.1,optimal,optimal,-20239252.355977118,-20239252.355977118,-20239252.356,2.2880733013153076e-05,1.130512758608398e-12,1,-20239252.35597711,1,primal+dual,1,,1,0.005772829055786133,0.13599808000026314,168,120.0,1,5e490ef,cloud container (docker); Intel(R) Xeon(R) Processor @ 2.10GHz; 4 cores; 16 GiB RAM; Linux-x86_64,2026-09-30T05:04:07+00:00
netlib,agg2,0515e9b78a802f9473578b23a7a60075554fc39ea7b5796fb41530cd760e4534,516,302,scip,10.0.2,optimal,optimal,-20239252.355977118,-20239252.35597712,-20239252.356,2.2877007722854614e-05,1.1303286959645347e-12,1,-20239252.35597711,1,primal-only,1,,1,0.010709999999999999,0.13102571199988233,193,120.0,1,5e490ef,cloud container (docker); Intel(R) Xeon(R) Processor @ 2.10GHz; 4 cores; 16 GiB RAM; Linux-x86_64,2026-09-30T05:04:07+00:00
netlib,agg2,0515e9b78a802f9473578b23a7a60075554fc39ea7b5796fb41530cd760e4534,516,302,cbc-clp,1.17.9,optimal,Optimal,-20239252.35597712,-20239252.35597712,-20239252.356,2.2877007722854614e-05,1.1303286959645347e-12,1,-20239252.35597711,1,primal+dual,1,,1,0.007301470000129484,0.007301470000129484,165,120.0,1,5e490ef,cloud container (docker); Intel(R) Xeon(R) Processor @ 2.10GHz; 4 cores; 16 GiB RAM; Linux-x86_64,2026-09-30T05:04:07+00:00
netlib,agg2,0515e9b78a802f9473578b23a7a60075554fc39ea7b5796fb41530cd760e4534,516,302,glpk,5.0,optimal,827 lines were written,-20239252.3559771,-20239252.355977125,-20239252.356,2.2873282432556152e-05,1.1301446333206713e-12,1,-20239252.35597711,1,primal+dual,1,,1,0.0,0.009731059999921854,201,120.0,1,5e490ef,cloud container (docker); Intel(R) Xeon(R) Processor @ 2.10GHz; 4 cores; 16 GiB RAM; Linux-x86_64,2026-09-30T05:04:07+00:00
netlib,agg3,1a6e78a0b7d210c935c97527ce49449d0655f9605fcbc33bfdfc93952f3b12d1,516,302,sankhya,5e490ef,optimal,,10312115.935089227,10312115.935089227,10312115.935,8.922629058361053e-05,8.652568604351182e-12,1,10312115.935089225,1,primal+dual,1,,1,0.003312615,0.008909006000067166,168,120.0,1,5e490ef,cloud container (docker); Intel(R) Xeon(R) Processor @ 2.10GHz; 4 cores; 16 GiB RAM; Linux-x86_64,2026-09-30T05:04:08+00:00
netlib,agg3,1a6e78a0b7d210c935c97527ce49449d0655f9605fcbc33bfdfc93952f3b12d1,516,302,highs,1.15.1,optimal,optimal,10312115.935089216,10312115.935089216,10312115.935,8.921511471271515e-05,8.651484843174928e-12,1,10312115.935089225,1,primal+dual,1,,1,0.006537675857543945,0.15051567399996202,164,120.0,1,5e490ef,cloud container (docker); Intel(R) Xeon(R) Processor @ 2.10GHz; 4 cores; 16 GiB RAM; Linux-x86_64,2026-09-30T05:04:08+00:00
netlib,agg3,1a6e78a0b7d210c935c97527ce49449d0655f9605fcbc33bfdfc93952f3b12d1,516,302,scip,10.0.2,optimal,optimal,10312115.93508923,10312115.935089217,10312115.935,8.921697735786438e-05,8.651665470037637e-12,1,10312115.935089225,1,primal-only,1,,1,0.011148,0.14291035499991267,205,120.0,1,5e490ef,cloud container (docker); Intel(R) Xeon(R) Processor @ 2.10GHz; 4 cores; 16 GiB RAM; Linux-x86_64,2026-09-30T05:04:08+00:00
netlib,agg3,1a6e78a0b7d210c935c97527ce49449d0655f9605fcbc33bfdfc93952f3b12d1,516,302,cbc-clp,1.17.9,optimal,Optimal,10312115.935089217,10312115.935089217,10312115.935,8.921697735786438e-05,8.651665470037637e-12,1,10312115.935089225,1,primal+dual,1,,1,0.00920537100000729,0.00920537100000729,188,120.0,1,5e490ef,cloud container (docker); Intel(R) Xeon(R) Processor @ 2.10GHz; 4 cores; 16 GiB RAM; Linux-x86_64,2026-09-30T05:04:08+00:00
netlib,agg3,1a6e78a0b7d210c935c97527ce49449d0655f9605fcbc33bfdfc93952f3b12d1,516,302,glpk,5.0,optimal,827 lines were written,10312115.9350892,10312115.935089214,10312115.935,8.921325206756592e-05,8.651304216312219e-12,1,10312115.935089225,1,primal+dual,1,,1,0.0,0.011405601000205934,193,120.0,1,5e490ef,cloud container (docker); Intel(R) Xeon(R) Processor @ 2.10GHz; 4 cores; 16 GiB RAM; Linux-x86_64,2026-09-30T05:04:08+00:00
netlib,bandm,696daa77a79a0715c2fad877285e49bd7fcd7f5513f3cb83fbe0be916b6d8c81,305,472,sankhya,5e490ef,optimal,,-158.62801845012086,-158.62801845012086,-158.62801845,1.2084910849807784e-10,7.61839614961652e-13,1,-158.62801845012063,1,primal+dual,1,,1,0.010072533,0.015162017999955424,520,120.0,1,5e490ef,cloud container (docker); Intel(R) Xeon(R) Processor @ 2.10GHz; 4 cores; 16 GiB RAM; Linux-x86_64,2026-09-30T05:04:08+00:00
netlib,bandm,696daa77a79a0715c2fad877285e49bd7fcd7f5513f3cb83fbe0be916b6d8c81,305,472,highs,1.15.1,optimal,optimal,-158.62801845012078,-158.62801845012078,-158.62801845,1.2076384336978663e-10,7.613020987704749e-13,1,-158.62801845012063,1,primal+dual,1,,1,0.00866842269897461,0.13574725900025442,382,120.0,1,5e490ef,cloud container (docker); Intel(R) Xeon(R) Processor @ 2.10GHz; 4 cores; 16 GiB RAM; Linux-x86_64,2026-09-30T05:04:08+00:00
netlib,bandm,696daa77a79a0715c2fad877285e49bd7fcd7f5513f3cb83fbe0be916b6d8c81,305,472,scip,10.0.2,optimal,optimal,-158.62801845012095,-158.628018450121,-158.62801845,1.2099121704522986e-10,7.627354752802805e-13,1,-158.62801845012063,1,primal-only,1,,1,0.018317,0.12217157299983228,619,120.0,1,5e490ef,cloud container (docker); Intel(R) Xeon(R) Processor @ 2.10GHz; 4 cores; 16 GiB RAM; Linux-x86_64,2026-09-30T05:04:08+00:00
netlib,bandm,696daa77a79a0715c2fad877285e49bd7fcd7f5513f3cb83fbe0be916b6d8c81,305,472,cbc-clp,1.17.9,optimal,Optimal,-158.62801845012066,-158.62801845012066,-158.62801845,1.20650156532065e-10,7.605854105155722e-13,1,-158.62801845012063,1,primal+dual,1,,1,0.011354804999882617,0.011354804999882617,264,120.0,1,5e490ef,cloud container (docker); Intel(R) Xeon(R) Processor @ 2.10GHz; 4 cores; 16 GiB RAM; Linux-x86_64,2026-09-30T05:04:08+00:00
netlib,bandm,696daa77a79a0715c2fad877285e49bd7fcd7f5513f3cb83fbe0be916b6d8c81,305,472,glpk,5.0,optimal,786 lines were written,-158.62801845012,-158.62801845012038,-158.62801845,1.2036593943776097e-10,7.587936898783152e-13,1,-158.62801845012063,1,primal+dual,1,,1,0.0,0.01116591799973321,240,120.0,1,5e490ef,cloud container (docker); Intel(R) Xeon(R) Processor @ 2.10GHz; 4 cores; 16 GiB RAM; Linux-x86_64,2026-09-30T05:04:08+00:00
netlib,beaconfd,7138e7b58b1d6160f1ad42112a61ed00b5db1c92d73dc48d77f6a26fc717dbfc,173,262,sankhya,5e490ef,optimal,,33592.485807200006,33592.485807200006,33592.485807,2.000087988562882e-07,5.953974350258128e-12,1,33592.4858072,1,primal+dual,1,,1,0.001398486,0.005471271999795135,115,120.0,1,5e490ef,cloud container (docker); Intel(R) Xeon(R) Processor @ 2.10GHz; 4 cores; 16 GiB RAM; Linux-x86_64,2026-09-30T05:04:09+00:00
netlib,beaconfd,7138e7b58b1d6160f1ad42112a61ed00b5db1c92d73dc48d77f6a26fc717dbfc,173,262,highs,1.15.1,optimal,optimal,33592.4858072,33592.4858072,33592.485807,2.00001522898674e-07,5.953757755462018e-12,1,33592.4858072,1,primal+dual,1,,1,0.0026290416717529297,0.12397317000022667,8,120.0,1,5e490ef,cloud container (docker); Intel(R) Xeon(R) Processor @ 2.10GHz; 4 cores; 16 GiB RAM; Linux-x86_64,2026-09-30T05:04:09+00:00
netlib,beaconfd,7138e7b58b1d6160f1ad42112a61ed00b5db1c92d73dc48d77f6a26fc717dbfc,173,262,scip,10.0.2,optimal,optimal,33592.485807200006,33592.4858072,33592.485807,2.00001522898674e-07,5.953757755462018e-12,1,33592.4858072,1,primal-only,1,,1,0.004127,0.12374410700022054,4,120.0,1,5e490ef,cloud container (docker); Intel(R) Xeon(R) Processor @ 2.10GHz; 4 cores; 16 GiB RAM; Linux-x86_64,2026-09-30T05:04:09+00:00
netlib,beaconfd,7138e7b58b1d6160f1ad42112a61ed00b5db1c92d73dc48d77f6a26fc717dbfc,173,262,cbc-clp,1.17.9,optimal,Optimal,33592.4858072,33592.4858072,33592.485807,2.00001522898674e-07,5.953757755462018e-12,1,33592.4858072,1,primal+dual,1,,1,0.006339922999814007,0.006339922999814007,16,120.0,1,5e490ef,cloud container (docker); Intel(R) Xeon(R) Processor @ 2.10GHz; 4 cores; 16 GiB RAM; Linux-x86_64,2026-09-30T05:04:09+00:00
netlib,beaconfd,7138e7b58b1d6160f1ad42112a61ed00b5db1c92d73dc48d77f6a26fc717dbfc,173,262,glpk,5.0,optimal,444 lines were written,33592.4858072,33592.48580719999,33592.485807,1.9999424694105983e-07,5.953541160665908e-12,1,33592.4858072,1,primal+dual,1,,1,0.0,0.006222967999747198,14,120.0,1,5e490ef,cloud container (docker); Intel(R) Xeon(R) Processor @ 2.10GHz; 4 cores; 16 GiB RAM; Linux-x86_64,2026-09-30T05:04:09+00:00
netlib,blend,38e1d84a38f1e0adaa16d3dd0abe758f6cea13a21f33681aa92742b693260aef,74,83,sankhya,5e490ef,optimal,,-30.812149845828223,-30.812149845828223,-30.812149846,1.7177725908368302e-10,5.574984541560087e-12,1,-30.81214984582822,1,primal+dual,1,,1,0.000879363,0.0035860269999830052,99,120.0,1,5e490ef,cloud container (docker); Intel(R) Xeon(R) Processor @ 2.10GHz; 4 cores; 16 GiB RAM; Linux-x86_64,2026-09-30T05:04:09+00:00
netlib,blend,38e1d84a38f1e0adaa16d3dd0abe758f6cea13a21f33681aa92742b693260aef,74,83,highs,1.15.1,optimal,optimal,-30.812149845828237,-30.812149845828237,-30.812149846,1.7176304822896782e-10,5.5745233321090675e-12,1,-30.81214984582822,1,primal+dual,1,,1,0.0019736289978027344,0.11725433399988106,80,120.0,1,5e490ef,cloud container (docker); Intel(R) Xeon(R) Processor @ 2.10GHz; 4 cores; 16 GiB RAM; Linux-x86_64,2026-09-30T05:04:09+00:00
netlib,blend,38e1d84a38f1e0adaa16d3dd0abe758f6cea13a21f33681aa92742b693260aef,74,83,scip,10.0.2,optimal,optimal,-30.812149845828205,-30.81214984582821,-30.812149846,1.7179146993839822e-10,5.575445751011107e-12,1,-30.81214984582822,1,primal-only,1,,1,0.003852,0.12727290100019673,81,120.0,1,5e490ef,cloud container (docker); Intel(R) Xeon(R) Processor @ 2.10GHz; 4 cores; 16 GiB RAM; Linux-x86_64,2026-09-30T05:04:09+00:00
netlib,blend,38e1d84a38f1e0adaa16d3dd0abe758f6cea13a21f33681aa92742b693260aef,74,83,cbc-clp,1.17.9,optimal,Optimal,-30.812149845828245,-30.812149845828245,-30.812149846,1.7175594280161022e-10,5.574292727383558e-12,1,-30.81214984582822,1,primal+dual,1,,1,0.0058426069999768515,0.0058426069999768515,83,120.0,1,5e490ef,cloud container (docker); Intel(R) Xeon(R) Processor @ 2.10GHz; 4 cores; 16 GiB RAM; Linux-x86_64,2026-09-30T05:04:09+00:00
netlib,blend,38e1d84a38f1e0adaa16d3dd0abe758f6cea13a21f33681aa92742b693260aef,74,83,glpk,5.0,optimal,166 lines were written,-30.8121498458282,-30.81214984582829,-30.812149846,1.717097575237858e-10,5.572793796667744e-12,1,-30.81214984582822,1,primal+dual,1,,1,0.0,0.00359306700011075,40,120.0,1,5e490ef,cloud container (docker); Intel(R) Xeon(R) Processor @ 2.10GHz; 4 cores; 16 GiB RAM; Linux-x86_64,2026-09-30T05:04:09+00:00
netlib,bnl1,7a842adca058eaa3cb712b3bbae357602f22df6cc318c4d278f6600167fe2300,643,1175,sankhya,5e490ef,optimal,,1977.629561522888,1977.629561522888,1977.6292856,0.00027592288802225085,1.3952204795477512e-07,1,1977.6295615228892,1,primal+dual,1,,1,0.052466831,0.05972351200034609,1674,120.0,1,5e490ef,cloud container (docker); Intel(R) Xeon(R) Processor @ 2.10GHz; 4 cores; 16 GiB RAM; Linux-x86_64,2026-09-30T05:04:10+00:00
netlib,bnl1,7a842adca058eaa3cb712b3bbae357602f22df6cc318c4d278f6600167fe2300,643,1175,highs,1.15.1,optimal,optimal,1977.6295615228878,1977.6295615228878,1977.6292856,0.00027592288779487717,1.3952204783980226e-07,1,1977.6295615228892,1,primal+dual,1,,1,0.019505977630615234,0.14401007600008597,775,120.0,1,5e490ef,cloud container (docker); Intel(R) Xeon(R) Processor @ 2.10GHz; 4 cores; 16 GiB RAM; Linux-x86_64,2026-09-30T05:04:10+00:00
netlib,bnl1,7a842adca058eaa3cb712b3bbae357602f22df6cc318c4d278f6600167fe2300,643,1175,scip,10.0.2,optimal,optimal,1977.6295615228867,1977.6295615228883,1977.6292856,0.0002759228882496245,1.3952204806974796e-07,1,1977.6295615228892,1,primal-only,1,,1,0.095022,0.21830873999988398,1797,120.0,1,5e490ef,cloud container (docker); Intel(R) Xeon(R) Processor @ 2.10GHz; 4 cores; 16 GiB RAM; Linux-x86_64,2026-09-30T05:04:10+00:00
netlib,bnl1,7a842adca058eaa3cb712b3bbae357602f22df6cc318c4d278f6600167fe2300,643,1175,cbc-clp,1.17.9,optimal,Optimal,1977.6295615228873,1977.6295615228873,1977.6292856,0.0002759228873401298,1.3952204760985656e-07,1,1977.6295615228892,1,primal+dual,1,,1,0.033114206999925955,0.033114206999925955,978,120.0,1,5e490ef,cloud container (docker); Intel(R) Xeon(R) Processor @ 2.10GHz; 4 cores; 16 GiB RAM; Linux-x86_64,2026-09-30T05:04:10+00:00
netlib,bnl1,7a842adca058eaa3cb712b3bbae357602f22df6cc318c4d278f6600167fe2300,643,1175,glpk,5.0,optimal,1827 lines were written,1977.62956152289,1977.629561522886,1977.6292856,0.00027592288597588777,1.3952204692001945e-07,1,1977.6295615228892,1,primal+dual,1,,1,0.0,0.038099518999842985,598,120.0,1,5e490ef,cloud container (docker); Intel(R) Xeon(R) Processor @ 2.10GHz; 4 cores; 16 GiB RAM; Linux-x86_64,2026-09-30T05:04:10+00:00
netlib,bnl2,eafd7e49005db1a020d420b3fbed2e124bebf46740c0b2550edcbaa17b07ad6b,2324,3489,sankhya,5e490ef,optimal,,1811.236540358547,1811.236540358547,1811.2365404,4.145294951740652e-08,2.2886546617622845e-11,1,1811.2365403585452,1,primal+dual,1,,1,0.149287764,0.16371791299980032,2377,120.0,1,5e490ef,cloud container (docker); Intel(R) Xeon(R) Processor @ 2.10GHz; 4 cores; 16 GiB RAM; Linux-x86_64,2026-09-30T05:04:11+00:00
netlib,bnl2,eafd7e49005db1a020d420b3fbed2e124bebf46740c0b2550edcbaa17b07ad6b,2324,3489,highs,1.15.1,optimal,optimal,1811.2365403585482,1811.2365403585482,1811.2365404,4.145181264902931e-08,2.2885918942356883e-11,1,1811.2365403585452,1,primal+dual,1,,1,0.05134439468383789,0.4770180430000437,1069,120.0,1,5e490ef,cloud container (docker); Intel(R) Xeon(R) Processor @ 2.10GHz; 4 cores; 16 GiB RAM; Linux-x86_64,2026-09-30T05:04:11+00:00
netlib,bnl2,eafd7e49005db1a020d420b3fbed2e124bebf46740c0b2550edcbaa17b07ad6b,2324,3489,scip,10.0.2,optimal,optimal,1811.2365403585452,1811.2365403585463,1811.2365404,4.145363163843285e-08,2.2886923222782424e-11,1,1811.2365403585452,1,primal-only,1,,1,0.176094,0.3057459739998194,3173,120.0,1,5e490ef,cloud container (docker); Intel(R) Xeon(R) Processor @ 2.10GHz; 4 cores; 16 GiB RAM; Linux-x86_64,2026-09-30T05:04:11+00:00
netlib,bnl2,eafd7e49005db1a020d420b3fbed2e124bebf46740c0b2550edcbaa17b07ad6b,2324,3489,cbc-clp,1.17.9,optimal,Optimal,1811.2365403585477,1811.2365403585477,1811.2365404,4.1452267396380194e-08,2.2886170012463266e-11,1,1811.2365403585452,1,primal+dual,1,,1,0.04276251000010234,0.04276251000010234,1083,120.0,1,5e490ef,cloud container (docker); Intel(R) Xeon(R) Processor @ 2.10GHz; 4 cores; 16 GiB RAM; Linux-x86_64,2026-09-30T05:04:11+00:00
netlib,bnl2,eafd7e49005db1a020d420b3fbed2e124bebf46740c0b2550edcbaa17b07ad6b,2324,3489,glpk,5.0,optimal,5822 lines were written,1811.23654035855,1811.2365403585477,1811.2365404,4.1452267396380194e-08,2.2886170012463266e-11,1,1811.2365403585452,1,primal+dual,1,,1,0.2,0.2512735929999508,1888,120.0,1,5e490ef,cloud container (docker); Intel(R) Xeon(R) Processor @ 2.10GHz; 4 cores; 16 GiB RAM; Linux-x86_64,2026-09-30T05:04:11+00:00
netlib,boeing1,1d9d58afaf41bad6866d5355330b261d3776ca86753d121eb9b688ee6128ab9e,351,384,sankhya,5e490ef,optimal,,-335.213567507127,-335.213567507127,-335.21356751,2.8730369194818195e-09,8.570765619133575e-12,1,-335.21356750712664,1,primal+dual,1,,1,0.00914727,0.015570992999982991,465,120.0,1,5e490ef,cloud container (docker); Intel(R) Xeon(R) Processor @ 2.10GHz; 4 cores; 16 GiB RAM; Linux-x86_64,2026-09-30T05:04:12+00:00
netlib,boeing1,1d9d58afaf41bad6866d5355330b261d3776ca86753d121eb9b688ee6128ab9e,351,384,highs,1.15.1,optimal,optimal,-335.21356750712675,-335.21356750712675,-335.21356751,2.8732642931572627e-09,8.571443914099772e-12,1,-335.21356750712664,1,primal+dual,1,,1,0.011487483978271484,0.1580577669997183,408,120.0,1,5e490ef,cloud container (docker); Intel(R) Xeon(R) Processor @ 2.10GHz; 4 cores; 16 GiB RAM; Linux-x86_64,2026-09-30T05:04:12+00:00
netlib,boeing1,1d9d58afaf41bad6866d5355330b261d3776ca86753d121eb9b688ee6128ab9e,351,384,scip,10.0.2,optimal,optimal,-335.21356750712664,-335.21356750712687,-335.21356751,2.873150606319541e-09,8.571104766616673e-12,1,-335.21356750712664,1,primal-only,1,,1,0.014665999999999998,0.1194300080001085,617,120.0,1,5e490ef,cloud container (docker); Intel(R) Xeon(R) Processor @ 2.10GHz; 4 cores; 16 GiB RAM; Linux-x86_64,2026-09-30T05:04:12+00:00
netlib,boeing1,1d9d58afaf41bad6866d5355330b261d3776ca86753d121eb9b688ee6128ab9e,351,384,cbc-clp,1.17.9,optimal,Optimal,-335.21356750712664,-335.21356750712664,-335.21356751,2.8733779799949843e-09,8.57178306158287e-12,1,-335.21356750712664,1,primal+dual,1,,1,0.008595575000072131,0.008595575000072131,356,120.0,1,5e490ef,cloud container (docker); Intel(R) Xeon(R) Processor @ 2.10GHz; 4 cores; 16 GiB RAM; Linux-x86_64,2026-09-30T05:04:12+00:00
netlib,boeing1,1d9d58afaf41bad6866d5355330b261d3776ca86753d121eb9b688ee6128ab9e,351,384,glpk,5.0,optimal,744 lines were written,-335.213567507126,-335.2135675071269,-335.21356751,2.8730937629006803e-09,8.570935192875123e-12,1,-335.21356750712664,1,primal+dual,1,,1,0.0,0.011156670000218583,420,120.0,1,5e490ef,cloud container (docker); Intel(R) Xeon(R) Processor @ 2.10GHz; 4 cores; 16 GiB RAM; Linux-x86_64,2026-09-30T05:04:12+00:00
netlib,boeing2,e12e729b8c09bf6e6934af40b728e460d4eb360c42419b791b68fb2271ddd61a,166,143,sankhya,5e490ef,optimal,,-315.0187280152028,-315.0187280152028,-315.01872802,4.797243491339032e-09,1.522843902485208e-11,1,-315.0187280152029,1,primal+dual,1,,1,0.002263901,0.006065825999939989,223,120.0,1,5e490ef,cloud container (docker); Intel(R) Xeon(R) Processor @ 2.10GHz; 4 cores; 16 GiB RAM; Linux-x86_64,2026-09-30T05:04:13+00:00
netlib,boeing2,e12e729b8c09bf6e6934af40b728e460d4eb360c42419b791b68fb2271ddd61a,166,143,highs,1.15.1,optimal,optimal,-315.0187280152027,-315.0187280152027,-315.01872802,4.7973003347578924e-09,1.5228619469421892e-11,1,-315.0187280152029,1,primal+dual,1,,1,0.0026454925537109375,0.13352944000007483,141,120.0,1,5e490ef,cloud container (docker); Intel(R) Xeon(R) Processor @ 2.10GHz; 4 cores; 16 GiB RAM; Linux-x86_64,2026-09-30T05:04:13+00:00
netlib,boeing2,e12e729b8c09bf6e6934af40b728e460d4eb360c42419b791b68fb2271ddd61a,166,143,scip,10.0.2,optimal,optimal,-315.0187280152029,-315.0187280152028,-315.01872802,4.797243491339032e-09,1.522843902485208e-11,1,-315.0187280152029,1,primal-only,1,,1,0.00452,0.1140888449999693,180,120.0,1,5e490ef,cloud container (docker); Intel(R) Xeon(R) Processor @ 2.10GHz; 4 cores; 16 GiB RAM; Linux-x86_64,2026-09-30T05:04:13+00:00
netlib,boeing2,e12e729b8c09bf6e6934af40b728e460d4eb360c42419b791b68fb2271ddd61a,166,143,cbc-clp,1.17.9,optimal,Optimal,-315.01872801520267,-315.01872801520267,-315.01872802,4.797357178176753e-09,1.5228799913991706e-11,1,-315.0187280152029,1,primal+dual,1,,1,0.006814176000261796,0.006814176000261796,148,120.0,1,5e490ef,cloud container (docker); Intel(R) Xeon(R) Processor @ 2.10GHz; 4 cores; 16 GiB RAM; Linux-x86_64,2026-09-30T05:04:13+00:00
netlib,boeing2,e12e729b8c09bf6e6934af40b728e460d4eb360c42419b791b68fb2271ddd61a,166,143,glpk,5.0,optimal,318 lines were written,-315.018728015202,-315.01872801520204,-315.01872802,4.797982455784222e-09,1.5230784804259656e-11,1,-315.0187280152029,1,primal+dual,1,,1,0.0,0.0048730629996498465,160,120.0,1,5e490ef,cloud container (docker); Intel(R) Xeon(R) Processor @ 2.10GHz; 4 cores; 16 GiB RAM; Linux-x86_64,2026-09-30T05:04:13+00:00
netlib,bore3d,c7cfe0d4abd466346e3cda4e16d00651f44f3ce1da317cf583c5fed5dfc0515a,233,315,sankhya,5e490ef,optimal,,1373.080394208493,1373.080394208493,1373.0803942,8.493088898831047e-09,6.185427258816399e-12,1,1373.0803942084926,1,primal+dual,1,,1,0.00299709,0.007544040000084351,162,120.0,1,5e490ef,cloud container (docker); Intel(R) Xeon(R) Processor @ 2.10GHz; 4 cores; 16 GiB RAM; Linux-x86_64,2026-09-30T05:04:13+00:00
netlib,bore3d,c7cfe0d4abd466346e3cda4e16d00651f44f3ce1da317cf583c5fed5dfc0515a,233,315,highs,1.15.1,optimal,optimal,1373.0803942084926,1373.0803942084926,1373.0803942,8.49263415148016e-09,6.185096071106774e-12,1,1373.0803942084926,1,primal+dual,1,,1,0.002112865447998047,0.11623183299980155,34,120.0,1,5e490ef,cloud container (docker); Intel(R) Xeon(R) Processor @ 2.10GHz; 4 cores; 16 GiB RAM; Linux-x86_64,2026-09-30T05:04:13+00:00
netlib,bore3d,c7cfe0d4abd466346e3cda4e16d00651f44f3ce1da317cf583c5fed5dfc0515a,233,315,scip,10.0.2,optimal,optimal,1373.0803942084929,1373.0803942084933,1373.0803942,8.49331627250649e-09,6.185592852671212e-12,1,1373.0803942084926,1,primal-only,1,,1,0.007241,0.1477214980000099,68,120.0,1,5e490ef,cloud container (docker); Intel(R) Xeon(R) Processor @ 2.10GHz; 4 cores; 16 GiB RAM; Linux-x86_64,2026-09-30T05:04:13+00:00
netlib,bore3d,c7cfe0d4abd466346e3cda4e16d00651f44f3ce1da317cf583c5fed5dfc0515a,233,315,cbc-clp,1.17.9,optimal,Optimal,1373.0803942084926,1373.0803942084926,1373.0803942,8.49263415148016e-09,6.185096071106774e-12,1,1373.0803942084926,1,primal+dual,1,,1,0.005311832999723265,0.005311832999723265,44,120.0,1,5e490ef,cloud container (docker); Intel(R) Xeon(R) Processor @ 2.10GHz; 4 cores; 16 GiB RAM; Linux-x86_64,2026-09-30T05:04:13+00:00
netlib,bore3d,c7cfe0d4abd466346e3cda4e16d00651f44f3ce1da317cf583c5fed5dfc0515a,233,315,glpk,5.0,optimal,557 lines were written,1373.08039420849,1373.080394208493,1373.0803942,8.493088898831047e-09,6.185427258816399e-12,1,1373.0803942084926,1,primal+dual,1,,1,0.0,0.005079562999981135,31,120.0,1,5e490ef,cloud container (docker); Intel(R) Xeon(R) Processor @ 2.10GHz; 4 cores; 16 GiB RAM; Linux-x86_64,2026-09-30T05:04:13+00:00
netlib,brandy,56fa020b84a0a106b7883b7da006c2852449598898c41ec8dd2575151d0e0917,220,249,sankhya,5e490ef,optimal,,1518.509896488128,1518.509896488128,1518.5098965,1.1871861715917476e-08,7.818099666838409e-12,1,1518.5098964881283,1,primal+dual,1,,1,0.004087827,0.008214917999794125,299,120.0,1,5e490ef,cloud container (docker); Intel(R) Xeon(R) Processor @ 2.10GHz; 4 cores; 16 GiB RAM; Linux-x86_64,2026-09-30T05:04:14+00:00
netlib,brandy,56fa020b84a0a106b7883b7da006c2852449598898c41ec8dd2575151d0e0917,220,249,highs,1.15.1,optimal,optimal,1518.5098964881279,1518.5098964881279,1518.5098965,1.1872089089592919e-08,7.818249401572418e-12,1,1518.5098964881283,1,primal+dual,1,,1,0.005860090255737305,0.1286621690001084,203,120.0,1,5e490ef,cloud container (docker); Intel(R) Xeon(R) Processor @ 2.10GHz; 4 cores; 16 GiB RAM; Linux-x86_64,2026-09-30T05:04:14+00:00
netlib,brandy,56fa020b84a0a106b7883b7da006c2852449598898c41ec8dd2575151d0e0917,220,249,scip,10.0.2,optimal,optimal,1518.509896488128,1518.509896488128,1518.5098965,1.1871861715917476e-08,7.818099666838409e-12,1,1518.5098964881283,1,primal-only,1,,1,0.023965,0.1396889050001846,426,120.0,1,5e490ef,cloud container (docker); Intel(R) Xeon(R) Processor @ 2.10GHz; 4 cores; 16 GiB RAM; Linux-x86_64,2026-09-30T05:04:14+00:00
netlib,brandy,56fa020b84a0a106b7883b7da006c2852449598898c41ec8dd2575151d0e0917,220,249,cbc-clp,1.17.9,optimal,Optimal,1518.5098964881288,1518.5098964881288,1518.5098965,1.1871179594891146e-08,7.81765046263638e-12,1,1518.5098964881283,1,primal+dual,1,,1,0.0090016829999513,0.0090016829999513,226,120.0,1,5e490ef,cloud container (docker); Intel(R) Xeon(R) Processor @ 2.10GHz; 4 cores; 16 GiB RAM; Linux-x86_64,2026-09-30T05:04:14+00:00
netlib,brandy,56fa020b84a0a106b7883b7da006c2852449598898c41ec8dd2575151d0e0917,220,249,glpk,5.0,optimal,478 lines were written,1518.50989648818,1518.5098964881802,1518.5098965,1.1819793144240975e-08,7.783810412750232e-12,1,1518.5098964881283,1,primal+dual,1,,1,0.0,0.010263131000101566,210,120.0,1,5e490ef,cloud container (docker); Intel(R) Xeon(R) Processor @ 2.10GHz; 4 cores; 16 GiB RAM; Linux-x86_64,2026-09-30T05:04:14+00:00
netlib,capri,4932bc8861fcdaf19256827b7ee229941fa6f2e84f2044b65300326c226fba78,271,353,sankhya,5e490ef,optimal,,2690.0129137681615,2690.0129137681615,2690.0129138,3.18386810249649e-08,1.1835884081310426e-11,1,2690.012913768161,1,primal+dual,1,,1,0.004573956,0.01051586599987786,259,120.0,1,5e490ef,cloud container (docker); Intel(R) Xeon(R) Processor @ 2.10GHz; 4 cores; 16 GiB RAM; Linux-x86_64,2026-09-30T05:04:15+00:00
netlib,capri,4932bc8861fcdaf19256827b7ee229941fa6f2e84f2044b65300326c226fba78,271,353,highs,1.15.1,optimal,optimal,2690.0129137681593,2690.0129137681593,2690.0129138,3.184095476171933e-08,1.18367293325517e-11,1,2690.012913768161,1,primal+dual,1,,1,0.0032944679260253906,0.13382214600005682,150,120.0,1,5e490ef,cloud container (docker); Intel(R) Xeon(R) Processor @ 2.10GHz; 4 cores; 16 GiB RAM; Linux-x86_64,2026-09-30T05:04:15+00:00
netlib,capri,4932bc8861fcdaf19256827b7ee229941fa6f2e84f2044b65300326c226fba78,271,353,scip,10.0.2,optimal,optimal,2690.0129137681606,2690.0129137681606,2690.0129138,3.183959051966667e-08,1.1836222181806936e-11,1,2690.012913768161,1,primal-only,1,,1,0.016242,0.14136706800036336,269,120.0,1,5e490ef,cloud container (docker); Intel(R) Xeon(R) Processor @ 2.10GHz; 4 cores; 16 GiB RAM; Linux-x86_64,2026-09-30T05:04:15+00:00
netlib,capri,4932bc8861fcdaf19256827b7ee229941fa6f2e84f2044b65300326c226fba78,271,353,cbc-clp,1.17.9,optimal,Optimal,2690.012913768164,2690.012913768164,2690.0129138,3.1836407288210467e-08,1.1835038830069153e-11,1,2690.012913768161,1,primal+dual,1,,1,0.006837222000285692,0.006837222000285692,168,120.0,1,5e490ef,cloud container (docker); Intel(R) Xeon(R) Processor @ 2.10GHz; 4 cores; 16 GiB RAM; Linux-x86_64,2026-09-30T05:04:15+00:00
netlib,capri,4932bc8861fcdaf19256827b7ee229941fa6f2e84f2044b65300326c226fba78,271,353,glpk,5.0,optimal,633 lines were written,2690.01291376816,2690.0129137681656,2690.0129138,3.183458829880692e-08,1.1834362629076133e-11,1,2690.012913768161,1,primal+dual,1,,1,0.0,0.008688668000104371,207,120.0,1,5e490ef,cloud container (docker); Intel(R) Xeon(R) Processor @ 2.10GHz; 4 cores; 16 GiB RAM; Linux-x86_64,2026-09-30T05:04:15+00:00
netlib,cycle,bfc8edde30952b8dfa354679ea3a3231c2e7eb762c0ff8f0f845505741816d53,1903,2857,sankhya,5e490ef,optimal,,-5.226393024894101,-5.226393024894101,-5.2263930249,5.899281063648232e-12,1.1287480745405875e-12,1,-5.226393024894102,1,primal+dual,1,,1,0.019503515,0.04666745800022909,335,120.0,1,5e490ef,cloud container (docker); Intel(R) Xeon(R) Processor @ 2.10GHz; 4 cores; 16 GiB RAM; Linux-x86_64,2026-09-30T05:04:15+00:00
netlib,cycle,bfc8edde30952b8dfa354679ea3a3231c2e7eb762c0ff8f0f845505741816d53,1903,2857,highs,1.15.1,optimal,optimal,-5.226393024894102,-5.226393024894102,-5.2263930249,5.898392885228532e-12,1.1285781335477328e-12,1,-5.226393024894102,1,primal+dual,1,,1,0.3058784008026123,0.6356553230002646,3726,120.0,1,5e490ef,cloud container (docker); Intel(R) Xeon(R) Processor @ 2.10GHz; 4 cores; 16 GiB RAM; Linux-x86_64,2026-09-30T05:04:15+00:00
netlib,cycle,bfc8edde30952b8dfa354679ea3a3231c2e7eb762c0ff8f0f845505741816d53,1903,2857,scip,10.0.2,optimal,optimal,-5.226393024894102,-5.226393024894102,-5.2263930249,5.898392885228532e-12,1.1285781335477328e-12,1,-5.226393024894102,1,primal-only,1,,1,0.094202,0.23225951599988548,254,120.0,1,5e490ef,cloud container (docker); Intel(R) Xeon(R) Processor @ 2.10GHz; 4 cores; 16 GiB RAM; Linux-x86_64,2026-09-30T05:04:15+00:00
netlib,cycle,bfc8edde30952b8dfa354679ea3a3231c2e7eb762c0ff8f0f845505741816d53,1903,2857,cbc-clp,1.17.9,optimal,Optimal,-5.2263930248941035,-5.2263930248941035,-5.2263930249,5.8966165283891314e-12,1.1282382515620236e-12,1,-5.226393024894102,1,primal+dual,1,,1,0.02637390600011713,0.02637390600011713,210,120.0,1,5e490ef,cloud container (docker); Intel(R) Xeon(R) Processor @ 2.10GHz; 4 cores; 16 GiB RAM; Linux-x86_64,2026-09-30T05:04:15+00:00
netlib,cycle,bfc8edde30952b8dfa354679ea3a3231c2e7eb762c0ff8f0f845505741816d53,1903,2857,glpk,5.0,optimal,4769 lines were written,-5.2263930248941,-5.226393024894102,-5.2263930249,5.898392885228532e-12,1.1285781335477328e-12,1,-5.226393024894102,1,primal+dual,1,,1,0.0,0.053586499000175536,542,120.0,1,5e490ef,cloud container (docker); Intel(R) Xeon(R) Processor @ 2.10GHz; 4 cores; 16 GiB RAM; Linux-x86_64,2026-09-30T05:04:15+00:00
netlib,czprob,b1f30bd25705fcc3c4f195d7e627e437788035f81fae9198e3096471b947f704,929,3523,sankhya,5e490ef,optimal,,2185196.698856578,2185196.698856578,2185196.6989,4.342198371887207e-05,1.98709725951582e-11,1,2185196.6988565773,1,primal+dual,1,,1,0.028310827,0.03981723700007933,981,120.0,1,5e490ef,cloud container (docker); Intel(R) Xeon(R) Processor @ 2.10GHz; 4 cores; 16 GiB RAM; Linux-x86_64,2026-09-30T05:04:17+00:00
netlib,czprob,b1f30bd25705fcc3c4f195d7e627e437788035f81fae9198e3096471b947f704,929,3523,highs,1.15.1,optimal,optimal,2185196.698856578,2185196.698856578,2185196.6989,4.342198371887207e-05,1.98709725951582e-11,1,2185196.6988565773,1,primal+dual,1,,1,0.026201963424682617,0.37543095399996673,706,120.0,1,5e490ef,cloud container (docker); Intel(R) Xeon(R) Processor @ 2.10GHz; 4 cores; 16 GiB RAM; Linux-x86_64,2026-09-30T05:04:17+00:00
netlib,czprob,b1f30bd25705fcc3c4f195d7e627e437788035f81fae9198e3096471b947f704,929,3523,scip,10.0.2,optimal,optimal,2185196.6988565777,2185196.698856578,2185196.6989,4.342198371887207e-05,1.98709725951582e-11,1,2185196.6988565773,1,primal-only,1,,1,0.056261,0.18344315800004551,1106,120.0,1,5e490ef,cloud container (docker); Intel(R) Xeon(R) Processor @ 2.10GHz; 4 cores; 16 GiB RAM; Linux-x86_64,2026-09-30T05:04:17+00:00
netlib,czprob,b1f30bd25705fcc3c4f195d7e627e437788035f81fae9198e3096471b947f704,929,3523,cbc-clp,1.17.9,optimal,Optimal,2185196.6988565787,2185196.6988565787,2185196.6989,4.342151805758476e-05,1.9870759497047838e-11,1,2185196.6988565773,1,primal+dual,1,,1,0.019663653999941744,0.019663653999941744,702,120.0,1,5e490ef,cloud container (docker); Intel(R) Xeon(R) Processor @ 2.10GHz; 4 cores; 16 GiB RAM; Linux-x86_64,2026-09-30T05:04:17+00:00
netlib,czprob,b1f30bd25705fcc3c4f195d7e627e437788035f81fae9198e3096471b947f704,929,3523,glpk,5.0,optimal,4461 lines were written,2185196.69885658,2185196.6988565777,2185196.6989,4.342244938015938e-05,1.9871185693268564e-11,1,2185196.6988565773,1,primal+dual,1,,1,0.0,0.05429360999960409,808,120.0,1,5e490ef,cloud container (docker); Intel(R) Xeon(R) Processor @ 2.10GHz; 4 cores; 16 GiB RAM; Linux-x86_64,2026-09-30T05:04:17+00:00
netlib,d2q06c,fb1516a10aba6a4101cea6cec90c1da775ac60d2d2cd96e902bbe21a430790c9,2171,5167,sankhya,5e490ef,optimal,,122784.21081418934,122784.21081418934,122784.23615,0.02533581065654289,2.0634416478016988e-07,1,122784.21081418946,1,primal+dual,1,,1,2.814783613,2.8448527780001314,14998,120.0,1,5e490ef,cloud container (docker); Intel(R) Xeon(R) Processor @ 2.10GHz; 4 cores; 16 GiB RAM; Linux-x86_64,2026-09-30T05:04:18+00:00
netlib,d2q06c,fb1516a10aba6a4101cea6cec90c1da775ac60d2d2cd96e902bbe21a430790c9,2171,5167,highs,1.15.1,optimal,optimal,122784.2108141893,122784.2108141893,122784.23615,0.025335810700198635,2.0634416513571832e-07,1,122784.21081418946,1,primal+dual,1,,1,0.6876804828643799,1.3844237620000968,5295,120.0,1,5e490ef,cloud container (docker); Intel(R) Xeon(R) Processor @ 2.10GHz; 4 cores; 16 GiB RAM; Linux-x86_64,2026-09-30T05:04:18+00:00
netlib,d2q06c,fb1516a10aba6a4101cea6cec90c1da775ac60d2d2cd96e902bbe21a430790c9,2171,5167,scip,10.0.2,optimal,optimal,122784.21081418949,122784.21081418933,122784.23615,0.025335810671094805,2.0634416489868602e-07,1,122784.21081418946,1,primal-only,1,,1,3.415707,3.5982151919997705,15041,120.0,1,5e490ef,cloud container (docker); Intel(R) Xeon(R) Processor @ 2.10GHz; 4 cores; 16 GiB RAM; Linux-x86_64,2026-09-30T05:04:18+00:00
netlib,d2q06c,fb1516a10aba6a4101cea6cec90c1da775ac60d2d2cd96e902bbe21a430790c9,2171,5167,cbc-clp,1.17.9,optimal,Optimal,122784.21081418937,122784.21081418937,122784.23615,0.02533581062743906,2.0634416454313756e-07,1,122784.21081418946,1,primal+dual,1,,1,0.8620840309999949,0.8620840309999949,5626,120.0,1,5e490ef,cloud container (docker); Intel(R) Xeon(R) Processor @ 2.10GHz; 4 cores; 16 GiB RAM; Linux-x86_64,2026-09-30T05:04:18+00:00
netlib,d2q06c,fb1516a10aba6a4101cea6cec90c1da775ac60d2d2cd96e902bbe21a430790c9,2171,5167,glpk,5.0,optimal,7347 lines were written,122784.210814189,122784.21081418936,122784.23615,0.025335810641990975,2.0634416466165372e-07,1,122784.21081418946,1,primal+dual,1,,1,1.5,1.5755514169995877,5587,120.0,1,5e490ef,cloud container (docker); Intel(R) Xeon(R) Processor @ 2.10GHz; 4 cores; 16 GiB RAM; Linux-x86_64,2026-09-30T05:04:18+00:00
netlib,d6cube,8cd94ee7783bcbce884acde1f4769f5c79739c9460fe73cb948924e724b02dfa,415,6184,sankhya,5e490ef,optimal,,315.49166666666713,315.49166666666713,315.49166667,3.3328433346468955e-09,1.0563966300044954e-11,1,315.4916666666667,1,primal+dual,1,,1,0.098228389,0.12801511099996787,868,120.0,1,5e490ef,cloud container (docker); Intel(R) Xeon(R) Processor @ 2.10GHz; 4 cores; 16 GiB RAM; Linux-x86_64,2026-09-30T05:04:29+00:00
netlib,d6cube,8cd94ee7783bcbce884acde1f4769f5c79739c9460fe73cb948924e724b02dfa,415,6184,highs,1.15.1,optimal,optimal,315.49166666666696,315.49166666666696,315.49166667,3.333013864903478e-09,1.056450682226661e-11,1,315.4916666666667,1,primal+dual,1,,1,0.09170103073120117,0.7742942109998694,433,120.0,1,5e490ef,cloud container (docker); Intel(R) Xeon(R) Processor @ 2.10GHz; 4 cores; 16 GiB RAM; Linux-x86_64,2026-09-30T05:04:29+00:00
netlib,d6cube,8cd94ee7783bcbce884acde1f4769f5c79739c9460fe73cb948924e724b02dfa,415,6184,scip,10.0.2,optimal,optimal,315.49166666666645,315.4916666666667,315.49166667,3.333298081997782e-09,1.0565407692636037e-11,1,315.4916666666667,1,primal-only,1,,1,0.381199,0.5670058099999551,1510,120.0,1,5e490ef,cloud container (docker); Intel(R) Xeon(R) Processor @ 2.10GHz; 4 cores; 16 GiB RAM; Linux-x86_64,2026-09-30T05:04:29+00:00
netlib,d6cube,8cd94ee7783bcbce884acde1f4769f5c79739c9460fe73cb948924e724b02dfa,415,6184,cbc-clp,1.17.9,optimal,Optimal,315.49166666666633,315.49166666666633,315.49166667,3.333639142510947e-09,1.056648873707935e-11,1,315.4916666666667,1,primal+dual,1,,1,0.9857338400001936,0.9857338400001936,0,120.0,1,5e490ef,cloud container (docker); Intel(R) Xeon(R) Processor @ 2.10GHz; 4 cores; 16 GiB RAM; Linux-x86_64,2026-09-30T05:04:29+00:00
netlib,d6cube,8cd94ee7783bcbce884acde1f4769f5c79739c9460fe73cb948924e724b02dfa,415,6184,glpk,5.0,optimal,6608 lines were written,315.491666666667,315.4916666666666,315.49166667,3.333354925416643e-09,1.0565587866709922e-11,1,315.4916666666667,1,primal+dual,1,,1,1.1,1.1580107920003684,5652,120.0,1,5e490ef,cloud container (docker); Intel(R) Xeon(R) Processor @ 2.10GHz; 4 cores; 16 GiB RAM; Linux-x86_64,2026-09-30T05:04:29+00:00
netlib,degen2,755cf6ca5f3a8ed1b8b68372e8d2d3b5efee784ee69b1dada923c6ff04ee0edb,444,534,sankhya,5e490ef,optimal,,-1435.178,-1435.178,-1435.178,0.0,0.0,1,-1435.178,1,primal+dual,1,,1,0.022487391,0.02902351800003089,611,120.0,1,5e490ef,cloud container (docker); Intel(R) Xeon(R) Processor @ 2.10GHz; 4 cores; 16 GiB RAM; Linux-x86_64,2026-09-30T05:04:33+00:00
netlib,degen2,755cf6ca5f3a8ed1b8b68372e8d2d3b5efee784ee69b1dada923c6ff04ee0edb,444,534,highs,1.15.1,optimal,optimal,-1435.178,-1435.178,-1435.178,0.0,0.0,1,-1435.178,1,primal+dual,1,,1,0.013755321502685547,0.15674893100003828,445,120.0,1,5e490ef,cloud container (docker); Intel(R) Xeon(R) Processor @ 2.10GHz; 4 cores; 16 GiB RAM; Linux-x86_64,2026-09-30T05:04:33+00:00
netlib,degen2,755cf6ca5f3a8ed1b8b68372e8d2d3b5efee784ee69b1dada923c6ff04ee0edb,444,534,scip,10.0.2,optimal,optimal,-1435.1779999999999,-1435.178,-1435.178,0.0,0.0,1,-1435.178,1,primal-only,1,,1,0.038280999999999996,0.15553527700012637,1091,120.0,1,5e490ef,cloud container (docker); Intel(R) Xeon(R) Processor @ 2.10GHz; 4 cores; 16 GiB RAM; Linux-x86_64,2026-09-30T05:04:33+00:00
netlib,degen2,755cf6ca5f3a8ed1b8b68372e8d2d3b5efee784ee69b1dada923c6ff04ee0edb,444,534,cbc-clp,1.17.9,optimal,Optimal,-1435.178,-1435.178,-1435.178,0.0,0.0,1,-1435.178,1,primal+dual,1,,1,0.019611674999850948,0.019611674999850948,447,120.0,1,5e490ef,cloud container (docker); Intel(R) Xeon(R) Processor @ 2.10GHz; 4 cores; 16 GiB RAM; Linux-x86_64,2026-09-30T05:04:33+00:00
netlib,degen2,755cf6ca5f3a8ed1b8b68372e8d2d3b5efee784ee69b1dada923c6ff04ee0edb,444,534,glpk,5.0,optimal,987 lines were written,-1435.178,-1435.1779999999999,-1435.178,2.2737367544323206e-13,1.584289025077252e-16,1,-1435.178,1,primal+dual,1,,1,0.0,0.02308182799970382,512,120.0,1,5e490ef,cloud container (docker); Intel(R) Xeon(R) Processor @ 2.10GHz; 4 cores; 16 GiB RAM; Linux-x86_64,2026-09-30T05:04:33+00:00
netlib,degen3,08d600688c524fea548e946af5551ef8c359c7a7e71b8841acc839b00eefadeb,1503,1818,sankhya,5e490ef,optimal,,-987.2939999999999,-987.2939999999999,-987.294,1.1368683772161603e-13,1.151499327673581e-16,1,-987.294,1,primal+dual,1,,1,0.312363126,0.33320999599982315,3164,120.0,1,5e490ef,cloud container (docker); Intel(R) Xeon(R) Processor @ 2.10GHz; 4 cores; 16 GiB RAM; Linux-x86_64,2026-09-30T05:04:34+00:00
netlib,degen3,08d600688c524fea548e946af5551ef8c359c7a7e71b8841acc839b00eefadeb,1503,1818,highs,1.15.1,optimal,optimal,-987.2940000000007,-987.2940000000007,-987.294,6.821210263296962e-13,6.908995966041485e-16,1,-987.294,1,primal+dual,1,,1,0.17510557174682617,0.4347232299996904,2098,120.0,1,5e490ef,cloud container (docker); Intel(R) Xeon(R) Processor @ 2.10GHz; 4 cores; 16 GiB RAM; Linux-x86_64,2026-09-30T05:04:34+00:00
netlib,degen3,08d600688c524fea548e946af5551ef8c359c7a7e71b8841acc839b00eefadeb,1503,1818,scip,10.0.2,optimal,optimal,-987.294,-987.2940000000004,-987.294,4.547473508864641e-13,4.605997310694324e-16,1,-987.294,1,primal-only,1,,1,0.7669779999999999,0.9184598829997412,8311,120.0,1,5e490ef,cloud container (docker); Intel(R) Xeon(R) Processor @ 2.10GHz; 4 cores; 16 GiB RAM; Linux-x86_64,2026-09-30T05:04:34+00:00
netlib,degen3,08d600688c524fea548e946af5551ef8c359c7a7e71b8841acc839b00eefadeb,1503,1818,cbc-clp,1.17.9,optimal,Optimal,-987.2940000000002,-987.2940000000002,-987.294,2.2737367544323206e-13,2.302998655347162e-16,1,-987.294,1,primal+dual,1,,1,0.1635747190002803,0.1635747190002803,1913,120.0,1,5e490ef,cloud container (docker); Intel(R) Xeon(R) Processor @ 2.10GHz; 4 cores; 16 GiB RAM; Linux-x86_64,2026-09-30T05:04:34+00:00
netlib,degen3,08d600688c524fea548e946af5551ef8c359c7a7e71b8841acc839b00eefadeb,1503,1818,glpk,5.0,optimal,3330 lines were written,-987.294,-987.2940000000003,-987.294,3.410605131648481e-13,3.4544979830207424e-16,1,-987.294,1,primal+dual,1,,1,0.3,0.2810878310001499,2036,120.0,1,5e490ef,cloud container (docker); Intel(R) Xeon(R) Processor @ 2.10GHz; 4 cores; 16 GiB RAM; Linux-x86_64,2026-09-30T05:04:34+00:00
netlib,dfl001,85d47c5f8a5fc53772eabac1805b7a1af72431cad9e14d26d673043980952730,6071,12230,sankhya,5e490ef,optimal,,11266396.0466714,11266396.0466714,11266400.0,3.953328600153327,3.508954590777291e-07,1,11266396.046671392,1,primal+dual,1,,1,49.216428349,49.26306634799994,85012,120.0,1,5e490ef,cloud container (docker); Intel(R) Xeon(R) Processor @ 2.10GHz; 4 cores; 16 GiB RAM; Linux-x86_64,2026-09-30T05:04:37+00:00
netlib,dfl001,85d47c5f8a5fc53772eabac1805b7a1af72431cad9e14d26d673043980952730,6071,12230,highs,1.15.1,optimal,optimal,11266396.04667138,11266396.04667138,11266400.0,3.9533286206424236,3.50895460896331e-07,1,11266396.046671392,1,primal+dual,1,,1,6.54052472114563,9.808541276000142,18117,120.0,1,5e490ef,cloud container (docker); Intel(R) Xeon(R) Processor @ 2.10GHz; 4 cores; 16 GiB RAM; Linux-x86_64,2026-09-30T05:04:37+00:00
netlib,dfl001,85d47c5f8a5fc53772eabac1805b7a1af72431cad9e14d26d673043980952730,6071,12230,scip,10.0.2,optimal,optimal,11266396.046673775,11266396.046671815,11266400.0,3.9533281847834587,3.508954222097084e-07,1,11266396.046671392,1,primal-only,1,,1,20.641646,20.90904995400024,36220,120.0,1,5e490ef,cloud container (docker); Intel(R) Xeon(R) Processor @ 2.10GHz; 4 cores; 16 GiB RAM; Linux-x86_64,2026-09-30T05:04:37+00:00
netlib,dfl001,85d47c5f8a5fc53772eabac1805b7a1af72431cad9e14d26d673043980952730,6071,12230,cbc-clp,1.17.9,optimal,Optimal,11266396.046671385,11266396.046671385,11266400.0,3.953328615054488,3.508954604003487e-07,1,11266396.046671392,1,primal+dual,1,,1,5.828239854000003,5.828239854000003,18683,120.0,1,5e490ef,cloud container (docker); Intel(R) Xeon(R) Processor @ 2.10GHz; 4 cores; 16 GiB RAM; Linux-x86_64,2026-09-30T05:04:37+00:00
netlib,dfl001,85d47c5f8a5fc53772eabac1805b7a1af72431cad9e14d26d673043980952730,6071,12230,glpk,5.0,optimal,18310 lines were written,11266396.0466711,11266396.04667113,11266400.0,3.9533288702368736,3.508954830502089e-07,1,11266396.046671392,1,primal+dual,0,[FAIL] dual feasibility (columns)  worst 2.851e-07 (2.851e-07 relative) on C11729,0,28.7,28.788573761999942,43170,120.0,1,5e490ef,cloud container (docker); Intel(R) Xeon(R) Processor @ 2.10GHz; 4 cores; 16 GiB RAM; Linux-x86_64,2026-09-30T05:04:37+00:00
netlib,e226,ddf56486daea52c8592b520aeb83d329223a1b45a3e5a269bd663ef9195bd8d8,223,282,sankhya,5e490ef,optimal,,-11.638929066370528,-18.751929066370558,-18.751929066,3.7055869483992865e-10,1.9761097300213553e-11,1,-18.75192906637055,1,primal+dual,1,,1,0.006779377,0.011693378000018129,435,120.0,1,5e490ef,cloud container (docker); Intel(R) Xeon(R) Processor @ 2.10GHz; 4 cores; 16 GiB RAM; Linux-x86_64,2026-09-30T05:06:33+00:00
netlib,e226,ddf56486daea52c8592b520aeb83d329223a1b45a3e5a269bd663ef9195bd8d8,223,282,highs,1.15.1,optimal,optimal,-11.638929066370537,-18.751929066370533,-18.751929066,3.7053382584417704e-10,1.975977109021862e-11,1,-18.75192906637055,1,primal+dual,1,,1,0.006806612014770508,0.11994150900000022,335,120.0,1,5e490ef,cloud container (docker); Intel(R) Xeon(R) Processor @ 2.10GHz; 4 cores; 16 GiB RAM; Linux-x86_64,2026-09-30T05:06:33+00:00
netlib,e226,ddf56486daea52c8592b520aeb83d329223a1b45a3e5a269bd663ef9195bd8d8,223,282,scip,10.0.2,optimal,optimal,-11.638929066370551,-18.75192906637054,-18.751929066,3.7054093127153465e-10,1.976015000736003e-11,1,-18.75192906637055,1,primal-only,1,,1,0.020312999999999998,0.15684492000036698,444,120.0,1,5e490ef,cloud container (docker); Intel(R) Xeon(R) Processor @ 2.10GHz; 4 cores; 16 GiB RAM; Linux-x86_64,2026-09-30T05:06:33+00:00
netlib,e226,ddf56486daea52c8592b520aeb83d329223a1b45a3e5a269bd663ef9195bd8d8,223,282,cbc-clp,1.17.9,optimal,Optimal,-11.638929066370505,-18.751929066370504,-18.751929066,3.7050540413474664e-10,1.9758255421652983e-11,1,-18.75192906637055,1,primal+dual,1,,1,0.009576045999892813,0.009576045999892813,300,120.0,1,5e490ef,cloud container (docker); Intel(R) Xeon(R) Processor @ 2.10GHz; 4 cores; 16 GiB RAM; Linux-x86_64,2026-09-30T05:06:33+00:00
netlib,e226,ddf56486daea52c8592b520aeb83d329223a1b45a3e5a269bd663ef9195bd8d8,223,282,glpk,5.0,optimal,"514 lines were written; objective restated from GLPK's constant convention (constant -7.113 there, 7.113 here)",-25.8649290663703,-18.75192906637024,-18.751929066,3.702425033225154e-10,1.9744235487420835e-11,1,-18.75192906637055,1,primal+dual,1,,1,0.0,0.010893731000123807,237,120.0,1,5e490ef,cloud container (docker); Intel(R) Xeon(R) Processor @ 2.10GHz; 4 cores; 16 GiB RAM; Linux-x86_64,2026-09-30T05:06:33+00:00
netlib,etamacro,41701e1add7af2ed2b21a421ab7271bc867e6bc7ad98ac189748d6522e7d4926,400,688,sankhya,5e490ef,optimal,,-755.7152333505866,-755.7152333505866,-755.71521774,1.561058661536663e-05,2.0656705394990964e-08,1,-755.7152333749133,1,primal+dual,1,,1,0.016587469,0.021303116999661142,779,120.0,1,5e490ef,cloud container (docker); Intel(R) Xeon(R) Processor @ 2.10GHz; 4 cores; 16 GiB RAM; Linux-x86_64,2026-09-30T05:06:34+00:00
netlib,etamacro,41701e1add7af2ed2b21a421ab7271bc867e6bc7ad98ac189748d6522e7d4926,400,688,highs,1.15.1,optimal,optimal,-755.7152333005275,-755.7152333005275,-755.71521774,1.5560527572233696e-05,2.0590464776887975e-08,1,-755.7152333749133,1,primal+dual,1,,1,0.00957179069519043,0.16023590400027388,419,120.0,1,5e490ef,cloud container (docker); Intel(R) Xeon(R) Processor @ 2.10GHz; 4 cores; 16 GiB RAM; Linux-x86_64,2026-09-30T05:06:34+00:00
netlib,etamacro,41701e1add7af2ed2b21a421ab7271bc867e6bc7ad98ac189748d6522e7d4926,400,688,scip,10.0.2,optimal,optimal,-755.7152332694528,-755.7152332694528,-755.71521774,1.552945286675822e-05,2.0549345179523764e-08,1,-755.7152333749133,1,primal-only,1,,1,0.021511,0.157731492000039,727,120.0,1,5e490ef,cloud container (docker); Intel(R) Xeon(R) Processor @ 2.10GHz; 4 cores; 16 GiB RAM; Linux-x86_64,2026-09-30T05:06:34+00:00
netlib,etamacro,41701e1add7af2ed2b21a421ab7271bc867e6bc7ad98ac189748d6522e7d4926,400,688,cbc-clp,1.17.9,optimal,Optimal,-755.7152333387961,-755.7152333387961,-755.71521774,1.559879615342652e-05,2.0641103668754236e-08,1,-755.7152333749133,1,primal+dual,1,,1,0.010062221999760368,0.010062221999760368,437,120.0,1,5e490ef,cloud container (docker); Intel(R) Xeon(R) Processor @ 2.10GHz; 4 cores; 16 GiB RAM; Linux-x86_64,2026-09-30T05:06:34+00:00
netlib,etamacro,41701e1add7af2ed2b21a421ab7271bc867e6bc7ad98ac189748d6522e7d4926,400,688,glpk,5.0,optimal,1097 lines were written,-755.71523325414,-755.7152332541394,-755.71521774,1.5514139477090794e-05,2.0529081739926476e-08,1,-755.7152333749133,1,primal+dual,1,,1,0.0,0.015616147999935492,449,120.0,1,5e490ef,cloud container (docker); Intel(R) Xeon(R) Processor @ 2.10GHz; 4 cores; 16 GiB RAM; Linux-x86_64,2026-09-30T05:06:34+00:00
netlib,fffff800,9d6695686c15d5f1b4f43b2ce8830c1d38df3a204717d8875f144aa21b33901e,524,854,sankhya,5e490ef,optimal,,555679.5648174962,555679.5648174962,555679.61165,0.046832503750920296,8.427968701579461e-08,1,555679.5648174963,1,primal+dual,1,,1,0.020396876,0.028137402000083966,706,120.0,1,5e490ef,cloud container (docker); Intel(R) Xeon(R) Processor @ 2.10GHz; 4 cores; 16 GiB RAM; Linux-x86_64,2026-09-30T05:06:34+00:00
netlib,fffff800,9d6695686c15d5f1b4f43b2ce8830c1d38df3a204717d8875f144aa21b33901e,524,854,highs,1.15.1,optimal,optimal,555679.5648174963,555679.5648174963,555679.61165,0.046832503634504974,8.427968680629381e-08,1,555679.5648174963,1,primal+dual,1,,1,0.011198282241821289,0.18644513699973686,411,120.0,1,5e490ef,cloud container (docker); Intel(R) Xeon(R) Processor @ 2.10GHz; 4 cores; 16 GiB RAM; Linux-x86_64,2026-09-30T05:06:34+00:00
netlib,fffff800,9d6695686c15d5f1b4f43b2ce8830c1d38df3a204717d8875f144aa21b33901e,524,854,scip,10.0.2,optimal,optimal,555679.5648174963,555679.5648174963,555679.61165,0.046832503634504974,8.427968680629381e-08,1,555679.5648174963,1,primal-only,1,,1,0.079328,0.21050989500008654,413,120.0,1,5e490ef,cloud container (docker); Intel(R) Xeon(R) Processor @ 2.10GHz; 4 cores; 16 GiB RAM; Linux-x86_64,2026-09-30T05:06:34+00:00
netlib,fffff800,9d6695686c15d5f1b4f43b2ce8830c1d38df3a204717d8875f144aa21b33901e,524,854,cbc-clp,1.17.9,optimal,Optimal,555679.5648174963,555679.5648174963,555679.61165,0.046832503634504974,8.427968680629381e-08,1,555679.5648174963,1,primal+dual,1,,1,0.012766446000114229,0.012766446000114229,307,120.0,1,5e490ef,cloud container (docker); Intel(R) Xeon(R) Processor @ 2.10GHz; 4 cores; 16 GiB RAM; Linux-x86_64,2026-09-30T05:06:34+00:00
netlib,fffff800,9d6695686c15d5f1b4f43b2ce8830c1d38df3a204717d8875f144aa21b33901e,524,854,glpk,5.0,optimal,1387 lines were written,555679.564817496,555679.5648174968,555679.61165,0.04683250316884369,8.427968596829063e-08,1,555679.5648174963,1,primal+dual,1,,1,0.0,0.017005611000058707,235,120.0,1,5e490ef,cloud container (docker); Intel(R) Xeon(R) Processor @ 2.10GHz; 4 cores; 16 GiB RAM; Linux-x86_64,2026-09-30T05:06:34+00:00
netlib,finnis,891821f24a8cd14af78b95bb460a56f0e0b5410a59ad01ab58d9daf3387e7546,497,614,sankhya,5e490ef,optimal,,172791.06559561164,172791.06559561164,172790.96547,0.10012561164330691,5.794609189835839e-07,1,172791.06559561158,1,primal+dual,1,,1,0.009876127,0.015993485000308283,398,120.0,1,5e490ef,cloud container (docker); Intel(R) Xeon(R) Processor @ 2.10GHz; 4 cores; 16 GiB RAM; Linux-x86_64,2026-09-30T05:06:35+00:00
netlib,finnis,891821f24a8cd14af78b95bb460a56f0e0b5410a59ad01ab58d9daf3387e7546,497,614,highs,1.15.1,optimal,optimal,172791.06559561164,172791.06559561164,172790.96547,0.10012561164330691,5.794609189835839e-07,1,172791.06559561158,1,primal+dual,1,,1,0.005910634994506836,0.14988178899966442,246,120.0,1,5e490ef,cloud container (docker); Intel(R) Xeon(R) Processor @ 2.10GHz; 4 cores; 16 GiB RAM; Linux-x86_64,2026-09-30T05:06:35+00:00
netlib,finnis,891821f24a8cd14af78b95bb460a56f0e0b5410a59ad01ab58d9daf3387e7546,497,614,scip,10.0.2,optimal,optimal,172791.0655956116,172791.06559561155,172790.96547,0.10012561155599542,5.794609184782827e-07,1,172791.06559561158,1,primal-only,1,,1,0.017192,0.15479049099985787,546,120.0,1,5e490ef,cloud container (docker); Intel(R) Xeon(R) Processor @ 2.10GHz; 4 cores; 16 GiB RAM; Linux-x86_64,2026-09-30T05:06:35+00:00
netlib,finnis,891821f24a8cd14af78b95bb460a56f0e0b5410a59ad01ab58d9daf3387e7546,497,614,cbc-clp,1.17.9,optimal,Optimal,172791.06559561155,172791.06559561155,172790.96547,0.10012561155599542,5.794609184782827e-07,1,172791.06559561158,1,primal+dual,1,,1,0.014450075999775436,0.014450075999775436,210,120.0,1,5e490ef,cloud container (docker); Intel(R) Xeon(R) Processor @ 2.10GHz; 4 cores; 16 GiB RAM; Linux-x86_64,2026-09-30T05:06:35+00:00
netlib,finnis,891821f24a8cd14af78b95bb460a56f0e0b5410a59ad01ab58d9daf3387e7546,497,614,glpk,5.0,optimal,1120 lines were written,172791.065595612,172791.06559561158,172790.96547,0.10012561158509925,5.794609186467163e-07,1,172791.06559561158,1,primal+dual,1,,1,0.0,0.01463242399995579,386,120.0,1,5e490ef,cloud container (docker); Intel(R) Xeon(R) Processor @ 2.10GHz; 4 cores; 16 GiB RAM; Linux-x86_64,2026-09-30T05:06:35+00:00
netlib,fit1d,59cee4fedd040a05c05d8410474ee014f42ef910e083689202be708491fe8717,24,1026,sankhya,5e490ef,optimal,,-9146.378092420928,-9146.378092420928,-9146.3780924,2.092747308779508e-08,2.2880612277754342e-12,1,-9146.378092420928,1,primal+dual,1,,1,0.003458392,0.012727656999686587,56,120.0,1,5e490ef,cloud container (docker); Intel(R) Xeon(R) Processor @ 2.10GHz; 4 cores; 16 GiB RAM; Linux-x86_64,2026-09-30T05:06:36+00:00
netlib,fit1d,59cee4fedd040a05c05d8410474ee014f42ef910e083689202be708491fe8717,24,1026,highs,1.15.1,optimal,optimal,-9146.378092420928,-9146.378092420928,-9146.3780924,2.092747308779508e-08,2.2880612277754342e-12,1,-9146.378092420928,1,primal+dual,1,,1,0.009572982788085938,0.14639062300011574,58,120.0,1,5e490ef,cloud container (docker); Intel(R) Xeon(R) Processor @ 2.10GHz; 4 cores; 16 GiB RAM; Linux-x86_64,2026-09-30T05:06:36+00:00
netlib,fit1d,59cee4fedd040a05c05d8410474ee014f42ef910e083689202be708491fe8717,24,1026,scip,10.0.2,optimal,optimal,-9146.378092420926,-9146.378092420928,-9146.3780924,2.092747308779508e-08,2.2880612277754342e-12,1,-9146.378092420928,1,primal-only,1,,1,0.102348,0.23603949100015598,194,120.0,1,5e490ef,cloud container (docker); Intel(R) Xeon(R) Processor @ 2.10GHz; 4 cores; 16 GiB RAM; Linux-x86_64,2026-09-30T05:06:36+00:00
netlib,fit1d,59cee4fedd040a05c05d8410474ee014f42ef910e083689202be708491fe8717,24,1026,cbc-clp,1.17.9,optimal,Optimal,-9146.378092420953,-9146.378092420953,-9146.3780924,2.095293893944472e-08,2.2908454830721623e-12,1,-9146.378092420928,1,primal+dual,1,,1,0.012692800999957399,0.012692800999957399,69,120.0,1,5e490ef,cloud container (docker); Intel(R) Xeon(R) Processor @ 2.10GHz; 4 cores; 16 GiB RAM; Linux-x86_64,2026-09-30T05:06:36+00:00
netlib,fit1d,59cee4fedd040a05c05d8410474ee014f42ef910e083689202be708491fe8717,24,1026,glpk,5.0,optimal,1059 lines were written,-9146.37809242092,-9146.378092420924,-9146.3780924,2.0923835108987987e-08,2.287663477018759e-12,1,-9146.378092420928,1,primal+dual,1,,1,0.0,0.0370994290001363,510,120.0,1,5e490ef,cloud container (docker); Intel(R) Xeon(R) Processor @ 2.10GHz; 4 cores; 16 GiB RAM; Linux-x86_64,2026-09-30T05:06:36+00:00
netlib,fit1p,416e77d83daf74dee5ec1d253b77f8e252ff3e27cd123459218b02ef2be0df17,627,1677,sankhya,5e490ef,optimal,,9146.378092420935,9146.378092420935,9146.3780924,2.0934749045409262e-08,2.288856729288785e-12,1,9146.378092420928,1,primal+dual,1,,1,0.044020563,0.05249883399983446,1088,120.0,1,5e490ef,cloud container (docker); Intel(R) Xeon(R) Processor @ 2.10GHz; 4 cores; 16 GiB RAM; Linux-x86_64,2026-09-30T05:06:36+00:00
netlib,fit1p,416e77d83daf74dee5ec1d253b77f8e252ff3e27cd123459218b02ef2be0df17,627,1677,highs,1.15.1,optimal,optimal,9146.378092420935,9146.378092420935,9146.3780924,2.0934749045409262e-08,2.288856729288785e-12,1,9146.378092420928,1,primal+dual,1,,1,0.03814125061035156,0.22065913699998418,860,120.0,1,5e490ef,cloud container (docker); Intel(R) Xeon(R) Processor @ 2.10GHz; 4 cores; 16 GiB RAM; Linux-x86_64,2026-09-30T05:06:36+00:00
netlib,fit1p,416e77d83daf74dee5ec1d253b77f8e252ff3e27cd123459218b02ef2be0df17,627,1677,scip,10.0.2,optimal,optimal,9146.378092420928,9146.378092420931,9146.3780924,2.093111106660217e-08,2.2884589785321096e-12,1,9146.378092420928,1,primal-only,1,,1,0.17096799999999998,0.31976204100010364,2476,120.0,1,5e490ef,cloud container (docker); Intel(R) Xeon(R) Processor @ 2.10GHz; 4 cores; 16 GiB RAM; Linux-x86_64,2026-09-30T05:06:36+00:00
netlib,fit1p,416e77d83daf74dee5ec1d253b77f8e252ff3e27cd123459218b02ef2be0df17,627,1677,cbc-clp,1.17.9,optimal,Optimal,9146.378092420933,9146.378092420933,9146.3780924,2.0932930056005716e-08,2.2886578539104475e-12,1,9146.378092420928,1,primal+dual,1,,1,0.03191289799997321,0.03191289799997321,523,120.0,1,5e490ef,cloud container (docker); Intel(R) Xeon(R) Processor @ 2.10GHz; 4 cores; 16 GiB RAM; Linux-x86_64,2026-09-30T05:06:36+00:00
netlib,fit1p,416e77d83daf74dee5ec1d253b77f8e252ff3e27cd123459218b02ef2be0df17,627,1677,glpk,5.0,optimal,2313 lines were written,9146.37809242093,9146.378092420931,9146.3780924,2.093111106660217e-08,2.2884589785321096e-12,1,9146.378092420928,1,primal+dual,1,,1,0.0,0.03298272399979396,390,120.0,1,5e490ef,cloud container (docker); Intel(R) Xeon(R) Processor @ 2.10GHz; 4 cores; 16 GiB RAM; Linux-x86_64,2026-09-30T05:06:36+00:00
netlib,fit2d,1c16c328c0358ab175596bdd6b9a2c5d1cb4bb53b099d5d1f2a208a889c7bafc,25,10500,sankhya,5e490ef,optimal,,-68464.2932938321,-68464.2932938321,-68464.293294,1.6789999790489674e-07,2.4523731981559937e-12,1,-68464.29329383207,1,primal+dual,1,,1,0.080419638,0.17082412300032956,226,120.0,1,5e490ef,cloud container (docker); Intel(R) Xeon(R) Processor @ 2.10GHz; 4 cores; 16 GiB RAM; Linux-x86_64,2026-09-30T05:06:38+00:00
netlib,fit2d,1c16c328c0358ab175596bdd6b9a2c5d1cb4bb53b099d5d1f2a208a889c7bafc,25,10500,highs,1.15.1,optimal,optimal,-68464.2932938321,-68464.2932938321,-68464.293294,1.6789999790489674e-07,2.4523731981559937e-12,1,-68464.29329383207,1,primal+dual,1,,1,0.14752459526062012,2.1969521070000155,129,120.0,1,5e490ef,cloud container (docker); Intel(R) Xeon(R) Processor @ 2.10GHz; 4 cores; 16 GiB RAM; Linux-x86_64,2026-09-30T05:06:38+00:00
netlib,fit2d,1c16c328c0358ab175596bdd6b9a2c5d1cb4bb53b099d5d1f2a208a889c7bafc,25,10500,scip,10.0.2,optimal,optimal,-68464.29329383207,-68464.2932938321,-68464.293294,1.6789999790489674e-07,2.4523731981559937e-12,1,-68464.29329383207,1,primal-only,1,,1,0.659986,0.9175297390002015,862,120.0,1,5e490ef,cloud container (docker); Intel(R) Xeon(R) Processor @ 2.10GHz; 4 cores; 16 GiB RAM; Linux-x86_64,2026-09-30T05:06:38+00:00
netlib,fit2d,1c16c328c0358ab175596bdd6b9a2c5d1cb4bb53b099d5d1f2a208a889c7bafc,25,10500,cbc-clp,1.17.9,optimal,Optimal,-68464.29329383152,-68464.29329383152,-68464.293294,1.684820745140314e-07,2.4608750986522876e-12,1,-68464.29329383207,1,primal+dual,1,,1,0.10489564199997403,0.10489564199997403,121,120.0,1,5e490ef,cloud container (docker); Intel(R) Xeon(R) Processor @ 2.10GHz; 4 cores; 16 GiB RAM; Linux-x86_64,2026-09-30T05:06:38+00:00
netlib,fit2d,1c16c328c0358ab175596bdd6b9a2c5d1cb4bb53b099d5d1f2a208a889c7bafc,25,10500,glpk,5.0,optimal,10534 lines were written,-68464.293293832,-68464.293293832,-68464.293294,1.680018613114953e-07,2.453861030742845e-12,1,-68464.29329383207,1,primal+dual,1,,1,3.0,3.113103461999799,5598,120.0,1,5e490ef,cloud container (docker); Intel(R) Xeon(R) Processor @ 2.10GHz; 4 cores; 16 GiB RAM; Linux-x86_64,2026-09-30T05:06:38+00:00
netlib,fit2p,0f44de8ea974ed4cc04fb60ccd2707c2f887dc65f8b6b9bd1e9f01bb59dd4a4f,3000,13525,sankhya,5e490ef,optimal,,68464.29329383219,68464.29329383219,68464.293232,6.183219375088811e-05,9.031305346476276e-10,1,68464.29329383207,1,primal+dual,1,,1,2.52729679,2.574385422999967,10207,120.0,1,5e490ef,cloud container (docker); Intel(R) Xeon(R) Processor @ 2.10GHz; 4 cores; 16 GiB RAM; Linux-x86_64,2026-09-30T05:06:46+00:00
netlib,fit2p,0f44de8ea974ed4cc04fb60ccd2707c2f887dc65f8b6b9bd1e9f01bb59dd4a4f,3000,13525,highs,1.15.1,optimal,optimal,68464.29329383216,68464.29329383216,68464.293232,6.183216464705765e-05,9.031301095526024e-10,1,68464.29329383207,1,primal+dual,1,,1,0.8780128955841064,4.380673666999883,4907,120.0,1,5e490ef,cloud container (docker); Intel(R) Xeon(R) Processor @ 2.10GHz; 4 cores; 16 GiB RAM; Linux-x86_64,2026-09-30T05:06:46+00:00
netlib,fit2p,0f44de8ea974ed4cc04fb60ccd2707c2f887dc65f8b6b9bd1e9f01bb59dd4a4f,3000,13525,scip,10.0.2,optimal,optimal,68464.29329383207,68464.29329383216,68464.293232,6.183216464705765e-05,9.031301095526024e-10,1,68464.29329383207,1,primal-only,1,,1,1.125421,1.3730141300002288,8796,120.0,1,5e490ef,cloud container (docker); Intel(R) Xeon(R) Processor @ 2.10GHz; 4 cores; 16 GiB RAM; Linux-x86_64,2026-09-30T05:06:46+00:00
netlib,fit2p,0f44de8ea974ed4cc04fb60ccd2707c2f887dc65f8b6b9bd1e9f01bb59dd4a4f,3000,13525,cbc-clp,1.17.9,optimal,Optimal,68464.29329383218,68464.29329383218,68464.293232,6.183217919897288e-05,9.03130322100115e-10,1,68464.29329383207,1,primal+dual,1,,1,1.0746696650003287,1.0746696650003287,4678,120.0,1,5e490ef,cloud container (docker); Intel(R) Xeon(R) Processor @ 2.10GHz; 4 cores; 16 GiB RAM; Linux-x86_64,2026-09-30T05:06:46+00:00
netlib,fit2p,0f44de8ea974ed4cc04fb60ccd2707c2f887dc65f8b6b9bd1e9f01bb59dd4a4f,3000,13525,glpk,5.0,optimal,16534 lines were written,68464.2932938321,68464.29329383212,68464.293232,6.183212099131197e-05,9.031294719100647e-10,1,68464.29329383207,1,primal+dual,1,,1,1.3,1.4187082600001304,6602,120.0,1,5e490ef,cloud container (docker); Intel(R) Xeon(R) Processor @ 2.10GHz; 4 cores; 16 GiB RAM; Linux-x86_64,2026-09-30T05:06:46+00:00
netlib,forplan,65ec816c0b3c58ec4d61574df130a3ce464abb42f3d49de21710a787bf3cfdc7,161,421,sankhya,5e490ef,optimal,,-664.2189612722065,-664.2189612722065,-664.21873953,0.00022174220646320464,3.3383913049503697e-07,1,-664.2189612722045,1,primal+dual,1,,1,0.004426572,0.010014965000209486,298,120.0,1,5e490ef,cloud container (docker); Intel(R) Xeon(R) Processor @ 2.10GHz; 4 cores; 16 GiB RAM; Linux-x86_64,2026-09-30T05:06:58+00:00
netlib,forplan,65ec816c0b3c58ec4d61574df130a3ce464abb42f3d49de21710a787bf3cfdc7,161,421,highs,1.15.1,optimal,optimal,-664.2189612722054,-664.2189612722054,-664.21873953,0.0002217422054400231,3.338391289546084e-07,1,-664.2189612722045,1,primal+dual,1,,1,0.005065202713012695,0.12625036200006434,165,120.0,1,5e490ef,cloud container (docker); Intel(R) Xeon(R) Processor @ 2.10GHz; 4 cores; 16 GiB RAM; Linux-x86_64,2026-09-30T05:06:58+00:00
netlib,forplan,65ec816c0b3c58ec4d61574df130a3ce464abb42f3d49de21710a787bf3cfdc7,161,421,scip,10.0.2,optimal,optimal; 372 names mapped back to their spaced form; 123 names mapped back to their spaced form,-664.2189612722042,-664.2189612722044,-664.21873953,0.00022174220441684156,3.338391274141798e-07,1,-664.2189612722045,1,primal-only,1,,1,0.031538,0.20128847000023598,221,120.0,1,5e490ef,cloud container (docker); Intel(R) Xeon(R) Processor @ 2.10GHz; 4 cores; 16 GiB RAM; Linux-x86_64,2026-09-30T05:06:58+00:00
netlib,forplan,65ec816c0b3c58ec4d61574df130a3ce464abb42f3d49de21710a787bf3cfdc7,161,421,cbc-clp,1.17.9,optimal,Optimal; 372 names mapped back to their spaced form; 123 names mapped back to their spaced form,-664.2189612722052,-664.2189612722052,-664.21873953,0.00022174220521264942,3.338391286122909e-07,1,-664.2189612722045,1,primal+dual,1,,1,0.00902110500010167,0.00902110500010167,178,120.0,1,5e490ef,cloud container (docker); Intel(R) Xeon(R) Processor @ 2.10GHz; 4 cores; 16 GiB RAM; Linux-x86_64,2026-09-30T05:06:58+00:00
netlib,forplan,65ec816c0b3c58ec4d61574df130a3ce464abb42f3d49de21710a787bf3cfdc7,161,421,glpk,5.0,optimal,591 lines were written; 372 names mapped back to their spaced form; 123 names mapped back to their spaced form,-664.218961272207,-664.2189612722066,-664.21873953,0.00022174220657689148,3.338391306661957e-07,1,-664.2189612722045,1,primal+dual,1,,1,0.0,0.010425195000152598,118,120.0,1,5e490ef,cloud container (docker); Intel(R) Xeon(R) Processor @ 2.10GHz; 4 cores; 16 GiB RAM; Linux-x86_64,2026-09-30T05:06:58+00:00
netlib,ganges,f655f33ba979a59d659a8605acaf480c2fe5c610f3a50921bbcac7be40546067,1309,1681,sankhya,5e490ef,optimal,,-109585.73612927819,-109585.73612927819,-109586.36356,0.6274307218118338,5.72544522355929e-06,0,-109585.73612927811,1,primal+dual,1,,1,0.035306862,0.04497279399993204,1183,120.0,1,5e490ef,cloud container (docker); Intel(R) Xeon(R) Processor @ 2.10GHz; 4 cores; 16 GiB RAM; Linux-x86_64,2026-09-30T05:06:59+00:00
netlib,ganges,f655f33ba979a59d659a8605acaf480c2fe5c610f3a50921bbcac7be40546067,1309,1681,highs,1.15.1,optimal,optimal,-109585.73612927813,-109585.73612927813,-109586.36356,0.6274307218700415,5.725445224090448e-06,0,-109585.73612927811,1,primal+dual,1,,1,0.011389017105102539,0.2323566430000028,513,120.0,1,5e490ef,cloud container (docker); Intel(R) Xeon(R) Processor @ 2.10GHz; 4 cores; 16 GiB RAM; Linux-x86_64,2026-09-30T05:06:59+00:00
netlib,ganges,f655f33ba979a59d659a8605acaf480c2fe5c610f3a50921bbcac7be40546067,1309,1681,scip,10.0.2,optimal,optimal,-109585.73612929112,-109585.7361292911,-109586.36356,0.627430708904285,5.725445105775029e-06,0,-109585.73612927811,1,primal-only,1,,1,0.041178,0.1787797160000082,229,120.0,1,5e490ef,cloud container (docker); Intel(R) Xeon(R) Processor @ 2.10GHz; 4 cores; 16 GiB RAM; Linux-x86_64,2026-09-30T05:06:59+00:00
netlib,ganges,f655f33ba979a59d659a8605acaf480c2fe5c610f3a50921bbcac7be40546067,1309,1681,cbc-clp,1.17.9,optimal,Optimal,-109585.7361292783,-109585.7361292783,-109586.36356,0.6274307216954185,5.725445222496974e-06,0,-109585.73612927811,1,primal+dual,1,,1,0.01343980499996178,0.01343980499996178,393,120.0,1,5e490ef,cloud container (docker); Intel(R) Xeon(R) Processor @ 2.10GHz; 4 cores; 16 GiB RAM; Linux-x86_64,2026-09-30T05:06:59+00:00
netlib,ganges,f655f33ba979a59d659a8605acaf480c2fe5c610f3a50921bbcac7be40546067,1309,1681,glpk,5.0,optimal,2999 lines were written,-109585.736129278,-109585.73612927845,-109586.36356,0.6274307215498993,5.7254452211690795e-06,0,-109585.73612927811,1,primal+dual,1,,1,0.0,0.03505456300035803,721,120.0,1,5e490ef,cloud container (docker); Intel(R) Xeon(R) Processor @ 2.10GHz; 4 cores; 16 GiB RAM; Linux-x86_64,2026-09-30T05:06:59+00:00
netlib,gfrd-pnc,d66ea78a803e91e4f38dcd74ca4c575aa742e27e7120c1c3494d4d424ee5c936,616,1092,sankhya,5e490ef,optimal,,6902235.999548811,6902235.999548811,6902235.9995,4.8811547458171844e-05,7.071845625346303e-12,1,6902235.999548809,1,primal+dual,1,,1,0.014291107,0.020406040999660036,448,120.0,1,5e490ef,cloud container (docker); Intel(R) Xeon(R) Processor @ 2.10GHz; 4 cores; 16 GiB RAM; Linux-x86_64,2026-09-30T05:07:00+00:00
netlib,gfrd-pnc,d66ea78a803e91e4f38dcd74ca4c575aa742e27e7120c1c3494d4d424ee5c936,616,1092,highs,1.15.1,optimal,optimal,6902235.999548812,6902235.999548812,6902235.9995,4.881247878074646e-05,7.0719805559071656e-12,1,6902235.999548809,1,primal+dual,1,,1,0.0061833858489990234,0.16283758000008675,303,120.0,1,5e490ef,cloud container (docker); Intel(R) Xeon(R) Processor @ 2.10GHz; 4 cores; 16 GiB RAM; Linux-x86_64,2026-09-30T05:07:00+00:00
netlib,gfrd-pnc,d66ea78a803e91e4f38dcd74ca4c575aa742e27e7120c1c3494d4d424ee5c936,616,1092,scip,10.0.2,optimal,optimal,6902235.999548809,6902235.999548812,6902235.9995,4.881247878074646e-05,7.0719805559071656e-12,1,6902235.999548809,1,primal-only,1,,1,0.01786,0.1482014110001728,427,120.0,1,5e490ef,cloud container (docker); Intel(R) Xeon(R) Processor @ 2.10GHz; 4 cores; 16 GiB RAM; Linux-x86_64,2026-09-30T05:07:00+00:00
netlib,gfrd-pnc,d66ea78a803e91e4f38dcd74ca4c575aa742e27e7120c1c3494d4d424ee5c936,616,1092,cbc-clp,1.17.9,optimal,Optimal,6902235.999548811,6902235.999548811,6902235.9995,4.8811547458171844e-05,7.071845625346303e-12,1,6902235.999548809,1,primal+dual,1,,1,0.011507431999689288,0.011507431999689288,308,120.0,1,5e490ef,cloud container (docker); Intel(R) Xeon(R) Processor @ 2.10GHz; 4 cores; 16 GiB RAM; Linux-x86_64,2026-09-30T05:07:00+00:00
netlib,gfrd-pnc,d66ea78a803e91e4f38dcd74ca4c575aa742e27e7120c1c3494d4d424ee5c936,616,1092,glpk,5.0,optimal,1717 lines were written,6902235.99954882,6902235.999548814,6902235.9995,4.881434142589569e-05,7.07225041702889e-12,1,6902235.999548809,1,primal+dual,1,,1,0.0,0.014715682999849378,379,120.0,1,5e490ef,cloud container (docker); Intel(R) Xeon(R) Processor @ 2.10GHz; 4 cores; 16 GiB RAM; Linux-x86_64,2026-09-30T05:07:00+00:00
netlib,greenbea,cb701e3ba5153e385b8cb6426e34b5d23bad4b1b9c9a037802e351c24b0f653d,2392,5405,sankhya,5e490ef,optimal,,-72555248.12984598,-72555248.12984598,-72462405.908,92842.22184596956,0.0012812467469524025,0,-72555248.12984599,1,primal+dual,1,,1,0.987775221,1.016083159000118,8526,120.0,1,5e490ef,cloud container (docker); Intel(R) Xeon(R) Processor @ 2.10GHz; 4 cores; 16 GiB RAM; Linux-x86_64,2026-09-30T05:07:01+00:00
netlib,greenbea,cb701e3ba5153e385b8cb6426e34b5d23bad4b1b9c9a037802e351c24b0f653d,2392,5405,highs,1.15.1,optimal,optimal,-72555248.12984587,-72555248.12984587,-72462405.908,92842.22184586525,0.0012812467469509629,0,-72555248.12984599,1,primal+dual,1,,1,0.23819279670715332,1.0670605440000145,2524,120.0,1,5e490ef,cloud container (docker); Intel(R) Xeon(R) Processor @ 2.10GHz; 4 cores; 16 GiB RAM; Linux-x86_64,2026-09-30T05:07:01+00:00
netlib,greenbea,cb701e3ba5153e385b8cb6426e34b5d23bad4b1b9c9a037802e351c24b0f653d,2392,5405,scip,10.0.2,optimal,optimal,-72555248.12983902,-72555248.12984921,-72462405.908,92842.22184920311,0.0012812467469970263,0,-72555248.12984599,1,primal-only,1,,1,3.324645,3.514741961999789,21581,120.0,1,5e490ef,cloud container (docker); Intel(R) Xeon(R) Processor @ 2.10GHz; 4 cores; 16 GiB RAM; Linux-x86_64,2026-09-30T05:07:01+00:00
netlib,greenbea,cb701e3ba5153e385b8cb6426e34b5d23bad4b1b9c9a037802e351c24b0f653d,2392,5405,cbc-clp,1.17.9,optimal,Optimal,-72555248.12984599,-72555248.12984599,-72462405.908,92842.22184598446,0.001281246746952608,0,-72555248.12984599,1,primal+dual,1,,1,0.1670819730002222,0.1670819730002222,2447,120.0,1,5e490ef,cloud container (docker); Intel(R) Xeon(R) Processor @ 2.10GHz; 4 cores; 16 GiB RAM; Linux-x86_64,2026-09-30T05:07:01+00:00
netlib,greenbea,cb701e3ba5153e385b8cb6426e34b5d23bad4b1b9c9a037802e351c24b0f653d,2392,5405,glpk,5.0,optimal,7806 lines were written,-72555248.1298451,-72555248.12984513,-72462405.908,92842.22184512019,0.001281246746940681,0,-72555248.12984599,1,primal+dual,1,,1,0.4,0.4646903179996116,3177,120.0,1,5e490ef,cloud container (docker); Intel(R) Xeon(R) Processor @ 2.10GHz; 4 cores; 16 GiB RAM; Linux-x86_64,2026-09-30T05:07:01+00:00
netlib,greenbeb,21f92f6a32f71ec72c8f693d6685e4a91ecb2debec732ec61302bc866f370865,2392,5405,sankhya,5e490ef,optimal,,-4302260.261206586,-4302260.261206586,-4302147.6065,112.65470658615232,2.6185690703858075e-05,0,-4302260.261206587,1,primal+dual,1,,1,1.146116015,1.1699545060000673,10966,120.0,1,5e490ef,cloud container (docker); Intel(R) Xeon(R) Processor @ 2.10GHz; 4 cores; 16 GiB RAM; Linux-x86_64,2026-09-30T05:07:08+00:00
netlib,greenbeb,21f92f6a32f71ec72c8f693d6685e4a91ecb2debec732ec61302bc866f370865,2392,5405,highs,1.15.1,optimal,optimal,-4302260.261206586,-4302260.261206586,-4302147.6065,112.65470658615232,2.6185690703858075e-05,0,-4302260.261206587,1,primal+dual,1,,1,0.39093780517578125,1.0623229800003173,4620,120.0,1,5e490ef,cloud container (docker); Intel(R) Xeon(R) Processor @ 2.10GHz; 4 cores; 16 GiB RAM; Linux-x86_64,2026-09-30T05:07:08+00:00
netlib,greenbeb,21f92f6a32f71ec72c8f693d6685e4a91ecb2debec732ec61302bc866f370865,2392,5405,scip,10.0.2,optimal,optimal,-4302260.261206588,-4302260.261206587,-4302147.6065,112.65470658708364,2.6185690704074553e-05,0,-4302260.261206587,1,primal-only,1,,1,1.428526,1.6394517749999977,12019,120.0,1,5e490ef,cloud container (docker); Intel(R) Xeon(R) Processor @ 2.10GHz; 4 cores; 16 GiB RAM; Linux-x86_64,2026-09-30T05:07:08+00:00
netlib,greenbeb,21f92f6a32f71ec72c8f693d6685e4a91ecb2debec732ec61302bc866f370865,2392,5405,cbc-clp,1.17.9,optimal,Optimal,-4302260.261206586,-4302260.261206586,-4302147.6065,112.65470658615232,2.6185690703858075e-05,0,-4302260.261206587,1,primal+dual,1,,1,0.2736312949996318,0.2736312949996318,4061,120.0,1,5e490ef,cloud container (docker); Intel(R) Xeon(R) Processor @ 2.10GHz; 4 cores; 16 GiB RAM; Linux-x86_64,2026-09-30T05:07:08+00:00
netlib,greenbeb,21f92f6a32f71ec72c8f693d6685e4a91ecb2debec732ec61302bc866f370865,2392,5405,glpk,5.0,optimal,7806 lines were written,-4302260.26120659,-4302260.261206586,-4302147.6065,112.65470658615232,2.6185690703858075e-05,0,-4302260.261206587,1,primal+dual,1,,1,0.3,0.3373260240000491,2181,120.0,1,5e490ef,cloud container (docker); Intel(R) Xeon(R) Processor @ 2.10GHz; 4 cores; 16 GiB RAM; Linux-x86_64,2026-09-30T05:07:08+00:00
netlib,grow15,ab84e2f83d00c5bd26291e0505f23804b050bc96dc1e576d9da8f04e1f6ed51f,300,645,sankhya,5e490ef,optimal,,-106870941.29357535,-106870941.29357535,-106870941.29,0.003575339913368225,3.345474335878028e-11,1,-106870941.29357533,1,primal+dual,1,,1,0.033984733,0.040688525999939884,1238,120.0,1,5e490ef,cloud container (docker); Intel(R) Xeon(R) Processor @ 2.10GHz; 4 cores; 16 GiB RAM; Linux-x86_64,2026-09-30T05:07:13+00:00
netlib,grow15,ab84e2f83d00c5bd26291e0505f23804b050bc96dc1e576d9da8f04e1f6ed51f,300,645,highs,1.15.1,optimal,optimal,-106870941.29357533,-106870941.29357533,-106870941.29,0.0035753250122070312,3.3454603927415554e-11,1,-106870941.29357533,1,primal+dual,1,,1,0.0414426326751709,0.19324303099983808,1198,120.0,1,5e490ef,cloud container (docker); Intel(R) Xeon(R) Processor @ 2.10GHz; 4 cores; 16 GiB RAM; Linux-x86_64,2026-09-30T05:07:13+00:00
netlib,grow15,ab84e2f83d00c5bd26291e0505f23804b050bc96dc1e576d9da8f04e1f6ed51f,300,645,scip,10.0.2,optimal,optimal,-106870941.29357533,-106870941.29357535,-106870941.29,0.003575339913368225,3.345474335878028e-11,1,-106870941.29357533,1,primal-only,1,,1,0.127919,0.26170575799960716,2926,120.0,1,5e490ef,cloud container (docker); Intel(R) Xeon(R) Processor @ 2.10GHz; 4 cores; 16 GiB RAM; Linux-x86_64,2026-09-30T05:07:13+00:00
netlib,grow15,ab84e2f83d00c5bd26291e0505f23804b050bc96dc1e576d9da8f04e1f6ed51f,300,645,cbc-clp,1.17.9,optimal,Optimal,-106870941.29357535,-106870941.29357535,-106870941.29,0.003575339913368225,3.345474335878028e-11,1,-106870941.29357533,1,primal+dual,1,,1,0.04060168399973918,0.04060168399973918,1269,120.0,1,5e490ef,cloud container (docker); Intel(R) Xeon(R) Processor @ 2.10GHz; 4 cores; 16 GiB RAM; Linux-x86_64,2026-09-30T05:07:13+00:00
netlib,grow15,ab84e2f83d00c5bd26291e0505f23804b050bc96dc1e576d9da8f04e1f6ed51f,300,645,glpk,5.0,optimal,954 lines were written,-106870941.293575,-106870941.29357535,-106870941.29,0.003575339913368225,3.345474335878028e-11,1,-106870941.29357533,1,primal+dual,1,,1,0.0,0.020901123999919946,360,120.0,1,5e490ef,cloud container (docker); Intel(R) Xeon(R) Processor @ 2.10GHz; 4 cores; 16 GiB RAM; Linux-x86_64,2026-09-30T05:07:13+00:00
netlib,grow22,671111a1623539730f4caa9366c7eda43fb472137773cd9444dc96ed87f9810e,440,946,sankhya,5e490ef,optimal,,-160834336.482563,-160834336.482563,-160834336.48,0.002562999725341797,1.5935650194077246e-11,1,-160834336.48256296,1,primal+dual,1,,1,0.08944137,0.0976218009996046,2264,120.0,1,5e490ef,cloud container (docker); Intel(R) Xeon(R) Processor @ 2.10GHz; 4 cores; 16 GiB RAM; Linux-x86_64,2026-09-30T05:07:14+00:00
netlib,grow22,671111a1623539730f4caa9366c7eda43fb472137773cd9444dc96ed87f9810e,440,946,highs,1.15.1,optimal,optimal,-160834336.48256296,-160834336.48256296,-160834336.48,0.002562969923019409,1.5935464895819175e-11,1,-160834336.48256296,1,primal+dual,1,,1,0.09229636192321777,0.2531422840002051,1934,120.0,1,5e490ef,cloud container (docker); Intel(R) Xeon(R) Processor @ 2.10GHz; 4 cores; 16 GiB RAM; Linux-x86_64,2026-09-30T05:07:14+00:00
netlib,grow22,671111a1623539730f4caa9366c7eda43fb472137773cd9444dc96ed87f9810e,440,946,scip,10.0.2,optimal,optimal,-160834336.48256296,-160834336.48256296,-160834336.48,0.002562969923019409,1.5935464895819175e-11,1,-160834336.48256296,1,primal-only,1,,1,0.119393,0.2618358059999082,2308,120.0,1,5e490ef,cloud container (docker); Intel(R) Xeon(R) Processor @ 2.10GHz; 4 cores; 16 GiB RAM; Linux-x86_64,2026-09-30T05:07:14+00:00
netlib,grow22,671111a1623539730f4caa9366c7eda43fb472137773cd9444dc96ed87f9810e,440,946,cbc-clp,1.17.9,optimal,Optimal,-160834336.48256296,-160834336.48256296,-160834336.48,0.002562969923019409,1.5935464895819175e-11,1,-160834336.48256296,1,primal+dual,1,,1,0.08772906400008651,0.08772906400008651,1984,120.0,1,5e490ef,cloud container (docker); Intel(R) Xeon(R) Processor @ 2.10GHz; 4 cores; 16 GiB RAM; Linux-x86_64,2026-09-30T05:07:14+00:00
netlib,grow22,671111a1623539730f4caa9366c7eda43fb472137773cd9444dc96ed87f9810e,440,946,glpk,5.0,optimal,1395 lines were written,-160834336.482563,-160834336.48256302,-160834336.48,0.0025630295276641846,1.5935835492335317e-11,1,-160834336.48256296,1,primal+dual,1,,1,0.0,0.05526512400001593,618,120.0,1,5e490ef,cloud container (docker); Intel(R) Xeon(R) Processor @ 2.10GHz; 4 cores; 16 GiB RAM; Linux-x86_64,2026-09-30T05:07:14+00:00
netlib,grow7,6b8734ffdf991a36f17cfddf306834a4a3ced3e17964cac9fa2983a043906cd4,140,301,sankhya,5e490ef,optimal,,-47787811.8147115,-47787811.8147115,-47787811.815,0.00028849393129348755,6.036977219428426e-12,1,-47787811.8147115,1,primal+dual,1,,1,0.006011222,0.011399420999623544,337,120.0,1,5e490ef,cloud container (docker); Intel(R) Xeon(R) Processor @ 2.10GHz; 4 cores; 16 GiB RAM; Linux-x86_64,2026-09-30T05:07:15+00:00
netlib,grow7,6b8734ffdf991a36f17cfddf306834a4a3ced3e17964cac9fa2983a043906cd4,140,301,highs,1.15.1,optimal,optimal,-47787811.8147115,-47787811.8147115,-47787811.815,0.00028849393129348755,6.036977219428426e-12,1,-47787811.8147115,1,primal+dual,1,,1,0.009674787521362305,0.13953515299999708,441,120.0,1,5e490ef,cloud container (docker); Intel(R) Xeon(R) Processor @ 2.10GHz; 4 cores; 16 GiB RAM; Linux-x86_64,2026-09-30T05:07:15+00:00
netlib,grow7,6b8734ffdf991a36f17cfddf306834a4a3ced3e17964cac9fa2983a043906cd4,140,301,scip,10.0.2,optimal,optimal,-47787811.81471149,-47787811.81471149,-47787811.815,0.0002885088324546814,6.0372890387109555e-12,1,-47787811.8147115,1,primal-only,1,,1,0.027843999999999997,0.16084288399997604,846,120.0,1,5e490ef,cloud container (docker); Intel(R) Xeon(R) Processor @ 2.10GHz; 4 cores; 16 GiB RAM; Linux-x86_64,2026-09-30T05:07:15+00:00
netlib,grow7,6b8734ffdf991a36f17cfddf306834a4a3ced3e17964cac9fa2983a043906cd4,140,301,cbc-clp,1.17.9,optimal,Optimal,-47787811.8147115,-47787811.8147115,-47787811.815,0.00028849393129348755,6.036977219428426e-12,1,-47787811.8147115,1,primal+dual,1,,1,0.011898381000264635,0.011898381000264635,306,120.0,1,5e490ef,cloud container (docker); Intel(R) Xeon(R) Processor @ 2.10GHz; 4 cores; 16 GiB RAM; Linux-x86_64,2026-09-30T05:07:15+00:00
netlib,grow7,6b8734ffdf991a36f17cfddf306834a4a3ced3e17964cac9fa2983a043906cd4,140,301,glpk,5.0,optimal,450 lines were written,-47787811.8147115,-47787811.8147115,-47787811.815,0.00028849393129348755,6.036977219428426e-12,1,-47787811.8147115,1,primal+dual,1,,1,0.0,0.017197027999827696,169,120.0,1,5e490ef,cloud container (docker); Intel(R) Xeon(R) Processor @ 2.10GHz; 4 cores; 16 GiB RAM; Linux-x86_64,2026-09-30T05:07:15+00:00
netlib,israel,96564e1fddcbb6e3d46447fceb54b9d18260b95e95075c3a19f5812f9bf5ceeb,174,142,sankhya,5e490ef,optimal,,-896644.821863046,-896644.821863046,-896644.82186,3.0460068956017494e-06,3.3971164739267804e-12,1,-896644.8218630457,1,primal+dual,1,,1,0.002390061,0.006315891000213014,170,120.0,1,5e490ef,cloud container (docker); Intel(R) Xeon(R) Processor @ 2.10GHz; 4 cores; 16 GiB RAM; Linux-x86_64,2026-09-30T05:07:15+00:00
netlib,israel,96564e1fddcbb6e3d46447fceb54b9d18260b95e95075c3a19f5812f9bf5ceeb,174,142,highs,1.15.1,optimal,optimal,-896644.8218630459,-896644.8218630459,-896644.82186,3.0458904802799225e-06,3.396986639549791e-12,1,-896644.8218630457,1,primal+dual,1,,1,0.0035986900329589844,0.13957221200007552,133,120.0,1,5e490ef,cloud container (docker); Intel(R) Xeon(R) Processor @ 2.10GHz; 4 cores; 16 GiB RAM; Linux-x86_64,2026-09-30T05:07:15+00:00
netlib,israel,96564e1fddcbb6e3d46447fceb54b9d18260b95e95075c3a19f5812f9bf5ceeb,174,142,scip,10.0.2,optimal,optimal,-896644.8218630458,-896644.8218630458,-896644.82186,3.0457740649580956e-06,3.3968568051728017e-12,1,-896644.8218630457,1,primal-only,1,,1,0.009058,0.13361068300037005,104,120.0,1,5e490ef,cloud container (docker); Intel(R) Xeon(R) Processor @ 2.10GHz; 4 cores; 16 GiB RAM; Linux-x86_64,2026-09-30T05:07:15+00:00
netlib,israel,96564e1fddcbb6e3d46447fceb54b9d18260b95e95075c3a19f5812f9bf5ceeb,174,142,cbc-clp,1.17.9,optimal,Optimal,-896644.8218630461,-896644.8218630461,-896644.82186,3.0461233109235764e-06,3.39724630830377e-12,1,-896644.8218630457,1,primal+dual,1,,1,0.007206685000255675,0.007206685000255675,109,120.0,1,5e490ef,cloud container (docker); Intel(R) Xeon(R) Processor @ 2.10GHz; 4 cores; 16 GiB RAM; Linux-x86_64,2026-09-30T05:07:15+00:00
netlib,israel,96564e1fddcbb6e3d46447fceb54b9d18260b95e95075c3a19f5812f9bf5ceeb,174,142,glpk,5.0,optimal,325 lines were written,-896644.821863046,-896644.8218630458,-896644.82186,3.0457740649580956e-06,3.3968568051728017e-12,1,-896644.8218630457,1,primal+dual,1,,1,0.0,0.007320579999941401,112,120.0,1,5e490ef,cloud container (docker); Intel(R) Xeon(R) Processor @ 2.10GHz; 4 cores; 16 GiB RAM; Linux-x86_64,2026-09-30T05:07:15+00:00
netlib,kb2,f0eb647d1d9aac84f49d88662b6b02c6cecc04496e5435be733eced36d7f48f2,43,41,sankhya,5e490ef,optimal,,-1749.9001299062058,-1749.9001299062058,-1749.9001299,6.205937097547576e-09,3.5464521611883195e-12,1,-1749.9001299062056,1,primal+dual,1,,1,0.000648736,0.003962118000345072,51,120.0,1,5e490ef,cloud container (docker); Intel(R) Xeon(R) Processor @ 2.10GHz; 4 cores; 16 GiB RAM; Linux-x86_64,2026-09-30T05:07:16+00:00
netlib,kb2,f0eb647d1d9aac84f49d88662b6b02c6cecc04496e5435be733eced36d7f48f2,43,41,highs,1.15.1,optimal,optimal,-1749.9001299062056,-1749.9001299062056,-1749.9001299,6.205709723872133e-09,3.546322225958555e-12,1,-1749.9001299062056,1,primal+dual,1,,1,0.0009264945983886719,0.12384308599985161,31,120.0,1,5e490ef,cloud container (docker); Intel(R) Xeon(R) Processor @ 2.10GHz; 4 cores; 16 GiB RAM; Linux-x86_64,2026-09-30T05:07:16+00:00
netlib,kb2,f0eb647d1d9aac84f49d88662b6b02c6cecc04496e5435be733eced36d7f48f2,43,41,scip,10.0.2,optimal,optimal,-1749.9001299062058,-1749.9001299062056,-1749.9001299,6.205709723872133e-09,3.546322225958555e-12,1,-1749.9001299062056,1,primal-only,1,,1,0.002177,0.12651265200020134,55,120.0,1,5e490ef,cloud container (docker); Intel(R) Xeon(R) Processor @ 2.10GHz; 4 cores; 16 GiB RAM; Linux-x86_64,2026-09-30T05:07:16+00:00
netlib,kb2,f0eb647d1d9aac84f49d88662b6b02c6cecc04496e5435be733eced36d7f48f2,43,41,cbc-clp,1.17.9,optimal,Optimal,-1749.9001299062056,-1749.9001299062056,-1749.9001299,6.205709723872133e-09,3.546322225958555e-12,1,-1749.9001299062056,1,primal+dual,1,,1,0.005746731000272121,0.005746731000272121,53,120.0,1,5e490ef,cloud container (docker); Intel(R) Xeon(R) Processor @ 2.10GHz; 4 cores; 16 GiB RAM; Linux-x86_64,2026-09-30T05:07:16+00:00
netlib,kb2,f0eb647d1d9aac84f49d88662b6b02c6cecc04496e5435be733eced36d7f48f2,43,41,glpk,5.0,optimal,93 lines were written,-1749.90012990619,-1749.9001299061993,-1749.9001299,6.199343260959722e-09,3.5426840395251533e-12,1,-1749.9001299062056,1,primal+dual,1,,1,0.0,0.002773663999960263,39,120.0,1,5e490ef,cloud container (docker); Intel(R) Xeon(R) Processor @ 2.10GHz; 4 cores; 16 GiB RAM; Linux-x86_64,2026-09-30T05:07:16+00:00
netlib,lotfi,fcb90a1b5e02b2eae67adacd0937a073d420ca92ac6af514ee13a348d7f31623,153,308,sankhya,5e490ef,optimal,,-25.264706061880016,-25.264706061880016,-25.264706062,1.1998224636045052e-10,4.74900622496902e-12,1,-25.26470606188,1,primal+dual,1,,1,0.002099795,0.00532808899970405,200,120.0,1,5e490ef,cloud container (docker); Intel(R) Xeon(R) Processor @ 2.10GHz; 4 cores; 16 GiB RAM; Linux-x86_64,2026-09-30T05:07:16+00:00
netlib,lotfi,fcb90a1b5e02b2eae67adacd0937a073d420ca92ac6af514ee13a348d7f31623,153,308,highs,1.15.1,optimal,optimal,-25.264706061880002,-25.264706061880002,-25.264706062,1.1999645721516572e-10,4.749568703498567e-12,1,-25.26470606188,1,primal+dual,1,,1,0.002504110336303711,0.12099065599977621,98,120.0,1,5e490ef,cloud container (docker); Intel(R) Xeon(R) Processor @ 2.10GHz; 4 cores; 16 GiB RAM; Linux-x86_64,2026-09-30T05:07:16+00:00
netlib,lotfi,fcb90a1b5e02b2eae67adacd0937a073d420ca92ac6af514ee13a348d7f31623,153,308,scip,10.0.2,optimal,optimal,-25.26470606188002,-25.264706061879956,-25.264706062,1.2004264249299013e-10,4.751396758719596e-12,1,-25.26470606188,1,primal-only,1,,1,0.004985,0.10853953800005911,154,120.0,1,5e490ef,cloud container (docker); Intel(R) Xeon(R) Processor @ 2.10GHz; 4 cores; 16 GiB RAM; Linux-x86_64,2026-09-30T05:07:16+00:00
netlib,lotfi,fcb90a1b5e02b2eae67adacd0937a073d420ca92ac6af514ee13a348d7f31623,153,308,cbc-clp,1.17.9,optimal,Optimal,-25.26470606188001,-25.26470606188001,-25.264706062,1.1998935178780812e-10,4.749287464233793e-12,1,-25.26470606188,1,primal+dual,1,,1,0.00609095800018622,0.00609095800018622,105,120.0,1,5e490ef,cloud container (docker); Intel(R) Xeon(R) Processor @ 2.10GHz; 4 cores; 16 GiB RAM; Linux-x86_64,2026-09-30T05:07:16+00:00
netlib,lotfi,fcb90a1b5e02b2eae67adacd0937a073d420ca92ac6af514ee13a348d7f31623,153,308,glpk,5.0,optimal,470 lines were written,-25.2647060618799,-25.264706061879945,-25.264706062,1.2005330063402653e-10,4.7518186176167566e-12,1,-25.26470606188,1,primal+dual,1,,1,0.0,0.005333264000000781,101,120.0,1,5e490ef,cloud container (docker); Intel(R) Xeon(R) Processor @ 2.10GHz; 4 cores; 16 GiB RAM; Linux-x86_64,2026-09-30T05:07:16+00:00
netlib,maros,4910e97a363fca07d2fb72838fa26629329a9a8dcd6a4da186f560424bd67077,846,1443,sankhya,5e490ef,optimal,,-58063.743701125895,-58063.743701125895,-58063.743701,1.2589589459821582e-07,2.1682359175205506e-12,1,-58063.743701125895,1,primal+dual,1,,1,0.077996806,0.0872528360000615,1802,120.0,1,5e490ef,cloud container (docker); Intel(R) Xeon(R) Processor @ 2.10GHz; 4 cores; 16 GiB RAM; Linux-x86_64,2026-09-30T05:07:17+00:00
netlib,maros,4910e97a363fca07d2fb72838fa26629329a9a8dcd6a4da186f560424bd67077,846,1443,highs,1.15.1,optimal,optimal,-58063.74370112589,-58063.74370112589,-58063.743701,1.2588861864060163e-07,2.1681106076946522e-12,1,-58063.743701125895,1,primal+dual,1,,1,0.03934836387634277,0.22103630500032523,1283,120.0,1,5e490ef,cloud container (docker); Intel(R) Xeon(R) Processor @ 2.10GHz; 4 cores; 16 GiB RAM; Linux-x86_64,2026-09-30T05:07:17+00:00
netlib,maros,4910e97a363fca07d2fb72838fa26629329a9a8dcd6a4da186f560424bd67077,846,1443,scip,10.0.2,optimal,optimal,-58063.743701125946,-58063.74370112592,-58063.743701,1.2591772247105837e-07,2.168611846998246e-12,1,-58063.743701125895,1,primal-only,1,,1,0.063736,0.18743490699989707,1243,120.0,1,5e490ef,cloud container (docker); Intel(R) Xeon(R) Processor @ 2.10GHz; 4 cores; 16 GiB RAM; Linux-x86_64,2026-09-30T05:07:17+00:00
netlib,maros,4910e97a363fca07d2fb72838fa26629329a9a8dcd6a4da186f560424bd67077,846,1443,cbc-clp,1.17.9,optimal,Optimal,-58063.743701125924,-58063.743701125924,-58063.743701,1.2592499842867255e-07,2.1687371568241442e-12,1,-58063.743701125895,1,primal+dual,1,,1,0.03144186200006516,0.03144186200006516,873,120.0,1,5e490ef,cloud container (docker); Intel(R) Xeon(R) Processor @ 2.10GHz; 4 cores; 16 GiB RAM; Linux-x86_64,2026-09-30T05:07:17+00:00
netlib,maros,4910e97a363fca07d2fb72838fa26629329a9a8dcd6a4da186f560424bd67077,846,1443,glpk,5.0,optimal,2298 lines were written,-58063.7437011259,-58063.7437011259,-58063.743701,1.2590317055583e-07,2.168361227346449e-12,1,-58063.743701125895,1,primal+dual,1,,1,0.0,0.03618466599982639,663,120.0,1,5e490ef,cloud container (docker); Intel(R) Xeon(R) Processor @ 2.10GHz; 4 cores; 16 GiB RAM; Linux-x86_64,2026-09-30T05:07:17+00:00
netlib,maros-r7,e97f59ab32a8280526c26c210aacabd6e0c05300e67a0d4afd00b95d245f8db7,3136,9408,sankhya,5e490ef,optimal,"; crossover did not reach a vertex (not_solved after 0 pivots, 0.01s), the interior point's answer stands",1497185.1664813687,1497185.1664813687,1497185.1665,1.86313409358263e-05,1.2444246278088076e-11,1,1497185.166479644,1,primal+dual,1,,1,9.401589346,9.498821290999786,28,120.0,1,5e490ef,cloud container (docker); Intel(R) Xeon(R) Processor @ 2.10GHz; 4 cores; 16 GiB RAM; Linux-x86_64,2026-09-30T05:07:18+00:00
netlib,maros-r7,e97f59ab32a8280526c26c210aacabd6e0c05300e67a0d4afd00b95d245f8db7,3136,9408,highs,1.15.1,optimal,optimal,1497185.1664796423,1497185.1664796423,1497185.1665,2.0357780158519745e-05,1.3597369660100587e-11,1,1497185.166479644,1,primal+dual,1,,1,0.7793216705322266,2.6959593759997915,2457,120.0,1,5e490ef,cloud container (docker); Intel(R) Xeon(R) Processor @ 2.10GHz; 4 cores; 16 GiB RAM; Linux-x86_64,2026-09-30T05:07:18+00:00
netlib,maros-r7,e97f59ab32a8280526c26c210aacabd6e0c05300e67a0d4afd00b95d245f8db7,3136,9408,scip,10.0.2,optimal,optimal,1497185.1664796453,1497185.1664796432,1497185.1665,2.035684883594513e-05,1.3596747611074551e-11,1,1497185.166479644,1,primal-only,1,,1,1.116499,1.3708787020000273,3943,120.0,1,5e490ef,cloud container (docker); Intel(R) Xeon(R) Processor @ 2.10GHz; 4 cores; 16 GiB RAM; Linux-x86_64,2026-09-30T05:07:18+00:00
netlib,maros-r7,e97f59ab32a8280526c26c210aacabd6e0c05300e67a0d4afd00b95d245f8db7,3136,9408,cbc-clp,1.17.9,optimal,Optimal,1497185.166479643,1497185.166479643,1497185.1665,2.0357081666588783e-05,1.359690312333106e-11,1,1497185.166479644,1,primal+dual,1,,1,1.180409513000086,1.180409513000086,0,120.0,1,5e490ef,cloud container (docker); Intel(R) Xeon(R) Processor @ 2.10GHz; 4 cores; 16 GiB RAM; Linux-x86_64,2026-09-30T05:07:18+00:00
netlib,maros-r7,e97f59ab32a8280526c26c210aacabd6e0c05300e67a0d4afd00b95d245f8db7,3136,9408,glpk,5.0,optimal,12553 lines were written,1497185.16647964,1497185.1664796427,1497185.1665,2.0357314497232437e-05,1.3597058635587569e-11,1,1497185.166479644,1,primal+dual,1,,1,2.2,2.349630738000087,5882,120.0,1,5e490ef,cloud container (docker); Intel(R) Xeon(R) Processor @ 2.10GHz; 4 cores; 16 GiB RAM; Linux-x86_64,2026-09-30T05:07:18+00:00
netlib,modszk1,af109be42aa6bd62fc307b623184c69f1030db2f8e1682c636b387a49fd8da43,687,1620,sankhya,5e490ef,optimal,,320.6197290642054,320.6197290642054,320.61972906,4.2053898141602986e-09,1.311644117001082e-11,1,320.6197290643158,1,primal+dual,1,,1,0.013568294,0.01895615400007955,662,120.0,1,5e490ef,cloud container (docker); Intel(R) Xeon(R) Processor @ 2.10GHz; 4 cores; 16 GiB RAM; Linux-x86_64,2026-09-30T05:07:37+00:00
netlib,modszk1,af109be42aa6bd62fc307b623184c69f1030db2f8e1682c636b387a49fd8da43,687,1620,highs,1.15.1,optimal,optimal,320.61972906434596,320.61972906434596,320.61972906,4.345963589003077e-09,1.35548851025003e-11,1,320.6197290643158,1,primal+dual,1,,1,0.014257192611694336,0.21094698200022322,539,120.0,1,5e490ef,cloud container (docker); Intel(R) Xeon(R) Processor @ 2.10GHz; 4 cores; 16 GiB RAM; Linux-x86_64,2026-09-30T05:07:37+00:00
netlib,modszk1,af109be42aa6bd62fc307b623184c69f1030db2f8e1682c636b387a49fd8da43,687,1620,scip,10.0.2,optimal,optimal,320.61972906417213,320.6197290637085,320.61972906,3.7085214898979757e-09,1.1566728912068826e-11,1,320.6197290643158,1,primal-only,1,,1,0.0306,0.15002909600025305,839,120.0,1,5e490ef,cloud container (docker); Intel(R) Xeon(R) Processor @ 2.10GHz; 4 cores; 16 GiB RAM; Linux-x86_64,2026-09-30T05:07:37+00:00
netlib,modszk1,af109be42aa6bd62fc307b623184c69f1030db2f8e1682c636b387a49fd8da43,687,1620,cbc-clp,1.17.9,optimal,Optimal,320.6197290642656,320.6197290642656,320.61972906,4.265586994733894e-09,1.3304193747651887e-11,1,320.6197290643158,1,primal+dual,1,,1,0.01621326299982684,0.01621326299982684,551,120.0,1,5e490ef,cloud container (docker); Intel(R) Xeon(R) Processor @ 2.10GHz; 4 cores; 16 GiB RAM; Linux-x86_64,2026-09-30T05:07:37+00:00
netlib,modszk1,af109be42aa6bd62fc307b623184c69f1030db2f8e1682c636b387a49fd8da43,687,1620,glpk,5.0,optimal,2316 lines were written,320.619729063786,320.6197290637858,320.61972906,3.785828539548675e-09,1.1807846481088517e-11,1,320.6197290643158,1,primal+dual,1,,1,0.0,0.03602220799984934,589,120.0,1,5e490ef,cloud container (docker); Intel(R) Xeon(R) Processor @ 2.10GHz; 4 cores; 16 GiB RAM; Linux-x86_64,2026-09-30T05:07:37+00:00
netlib,nesm,20b55063a879a649ef5c7a1a701f81917717b414943f58dea37a1c30495bc5ba,662,2923,sankhya,5e490ef,optimal,,14076036.48756271,14076036.48756271,14076073.035,36.547437289729714,2.596422823244446e-06,0,14076036.487562729,1,primal+dual,1,,1,0.12297583,0.13474745299981805,3321,120.0,1,5e490ef,cloud container (docker); Intel(R) Xeon(R) Processor @ 2.10GHz; 4 cores; 16 GiB RAM; Linux-x86_64,2026-09-30T05:07:38+00:00
netlib,nesm,20b55063a879a649ef5c7a1a701f81917717b414943f58dea37a1c30495bc5ba,662,2923,highs,1.15.1,optimal,optimal,14076036.487562705,14076036.487562705,14076073.035,36.54743729531765,2.596422823641427e-06,0,14076036.487562729,1,primal+dual,1,,1,0.15530633926391602,0.4509725130001243,2574,120.0,1,5e490ef,cloud container (docker); Intel(R) Xeon(R) Processor @ 2.10GHz; 4 cores; 16 GiB RAM; Linux-x86_64,2026-09-30T05:07:38+00:00
netlib,nesm,20b55063a879a649ef5c7a1a701f81917717b414943f58dea37a1c30495bc5ba,662,2923,scip,10.0.2,optimal,optimal,14076036.487562744,14076036.487562744,14076073.035,36.5474372562021,2.596422820862559e-06,0,14076036.487562729,1,primal-only,1,,1,0.291163,0.438173206999636,6773,120.0,1,5e490ef,cloud container (docker); Intel(R) Xeon(R) Processor @ 2.10GHz; 4 cores; 16 GiB RAM; Linux-x86_64,2026-09-30T05:07:38+00:00
netlib,nesm,20b55063a879a649ef5c7a1a701f81917717b414943f58dea37a1c30495bc5ba,662,2923,cbc-clp,1.17.9,optimal,Optimal,14076036.487562727,14076036.487562727,14076073.035,36.54743727296591,2.5964228220535022e-06,0,14076036.487562729,1,primal+dual,1,,1,0.045824782000181585,0.045824782000181585,1429,120.0,1,5e490ef,cloud container (docker); Intel(R) Xeon(R) Processor @ 2.10GHz; 4 cores; 16 GiB RAM; Linux-x86_64,2026-09-30T05:07:38+00:00
netlib,nesm,20b55063a879a649ef5c7a1a701f81917717b414943f58dea37a1c30495bc5ba,662,2923,glpk,5.0,optimal,3594 lines were written,14076036.4875636,14076036.487563562,14076073.035,36.54743643850088,2.5964227627709863e-06,0,14076036.487562729,1,primal+dual,1,,1,0.2,0.16809480800020538,2526,120.0,1,5e490ef,cloud container (docker); Intel(R) Xeon(R) Processor @ 2.10GHz; 4 cores; 16 GiB RAM; Linux-x86_64,2026-09-30T05:07:38+00:00
netlib,perold,040ed4572876366cd979b6811ee20d706abba6998616b0e53201ea1e043acacd,625,1376,sankhya,5e490ef,optimal,,-9380.755278235163,-9380.755278235163,-9380.7580773,0.002799064837745391,2.9838365030633286e-07,1,-9380.755278235161,1,primal+dual,1,,1,0.131433394,0.14149550199999794,2492,120.0,1,5e490ef,cloud container (docker); Intel(R) Xeon(R) Processor @ 2.10GHz; 4 cores; 16 GiB RAM; Linux-x86_64,2026-09-30T05:07:40+00:00
netlib,perold,040ed4572876366cd979b6811ee20d706abba6998616b0e53201ea1e043acacd,625,1376,highs,1.15.1,optimal,optimal,-9380.755278235187,-9380.755278235187,-9380.7580773,0.0027990648140985286,2.9838364778554915e-07,1,-9380.755278235161,1,primal+dual,1,,1,0.06534099578857422,0.23046384000008402,1149,120.0,1,5e490ef,cloud container (docker); Intel(R) Xeon(R) Processor @ 2.10GHz; 4 cores; 16 GiB RAM; Linux-x86_64,2026-09-30T05:07:40+00:00
netlib,perold,040ed4572876366cd979b6811ee20d706abba6998616b0e53201ea1e043acacd,625,1376,scip,10.0.2,optimal,optimal,-9380.755278235163,-9380.755278235165,-9380.7580773,0.0027990648359264014,2.983836501124264e-07,1,-9380.755278235161,1,primal-only,1,,1,0.314253,0.4553232029998071,5839,120.0,1,5e490ef,cloud container (docker); Intel(R) Xeon(R) Processor @ 2.10GHz; 4 cores; 16 GiB RAM; Linux-x86_64,2026-09-30T05:07:40+00:00
netlib,perold,040ed4572876366cd979b6811ee20d706abba6998616b0e53201ea1e043acacd,625,1376,cbc-clp,1.17.9,optimal,Optimal,-9380.755278235081,-9380.755278235081,-9380.7580773,0.002799064919599914,2.9838365903212265e-07,1,-9380.755278235161,1,primal+dual,1,,1,0.06988206999994873,0.06988206999994873,1520,120.0,1,5e490ef,cloud container (docker); Intel(R) Xeon(R) Processor @ 2.10GHz; 4 cores; 16 GiB RAM; Linux-x86_64,2026-09-30T05:07:40+00:00
netlib,perold,040ed4572876366cd979b6811ee20d706abba6998616b0e53201ea1e043acacd,625,1376,glpk,5.0,optimal,2010 lines were written,-9380.75527823514,-9380.755278235141,-9380.7580773,0.0027990648595732637,2.9838365263321014e-07,1,-9380.755278235161,1,primal+dual,1,,1,0.1,0.09511283199981335,1004,120.0,1,5e490ef,cloud container (docker); Intel(R) Xeon(R) Processor @ 2.10GHz; 4 cores; 16 GiB RAM; Linux-x86_64,2026-09-30T05:07:40+00:00
netlib,pilot,26916951225f695c68c474adb2e1e052e4c1b3479d6a11fbd579fd20d4e7d2eb,1441,3652,sankhya,5e490ef,optimal,,-557.4897292730848,-557.4897292730848,-557.40430007,0.08542920308480006,0.00015326254762310174,0,-557.4897292840682,1,primal+dual,1,,1,3.896177024,3.9290138469996236,9900,120.0,1,5e490ef,cloud container (docker); Intel(R) Xeon(R) Processor @ 2.10GHz; 4 cores; 16 GiB RAM; Linux-x86_64,2026-09-30T05:07:41+00:00
netlib,pilot,26916951225f695c68c474adb2e1e052e4c1b3479d6a11fbd579fd20d4e7d2eb,1441,3652,highs,1.15.1,optimal,optimal,-557.4897292744025,-557.4897292744025,-557.40430007,0.0854292044025442,0.00015326254998717417,0,-557.4897292840682,1,primal+dual,1,,1,0.8912944793701172,1.2957232389999263,4815,120.0,1,5e490ef,cloud container (docker); Intel(R) Xeon(R) Processor @ 2.10GHz; 4 cores; 16 GiB RAM; Linux-x86_64,2026-09-30T05:07:41+00:00
netlib,pilot,26916951225f695c68c474adb2e1e052e4c1b3479d6a11fbd579fd20d4e7d2eb,1441,3652,scip,10.0.2,optimal,optimal,-557.4897292743991,-557.4897292743992,-557.40430007,0.08542920439924728,0.00015326254998125938,0,-557.4897292840682,1,primal-only,1,,1,2.722857,2.864573489999657,12458,120.0,1,5e490ef,cloud container (docker); Intel(R) Xeon(R) Processor @ 2.10GHz; 4 cores; 16 GiB RAM; Linux-x86_64,2026-09-30T05:07:41+00:00
netlib,pilot,26916951225f695c68c474adb2e1e052e4c1b3479d6a11fbd579fd20d4e7d2eb,1441,3652,cbc-clp,1.17.9,optimal,Optimal,-557.4897062268309,-557.4897062268309,-557.40430007,0.08540615683091346,0.0001532212019537488,0,-557.4897292840682,1,primal+dual,0,[FAIL] column bounds               worst violation 5.392e-07 (5.392e-07 relative) on UFO006,0,0.8513128429999597,0.8513128429999597,3558,120.0,1,5e490ef,cloud container (docker); Intel(R) Xeon(R) Processor @ 2.10GHz; 4 cores; 16 GiB RAM; Linux-x86_64,2026-09-30T05:07:41+00:00
netlib,pilot,26916951225f695c68c474adb2e1e052e4c1b3479d6a11fbd579fd20d4e7d2eb,1441,3652,glpk,5.0,optimal,5102 lines were written,-557.489729278352,-557.4897292783518,-557.40430007,0.08542920835179757,0.00015326255707225292,0,-557.4897292840682,1,primal+dual,1,,1,2.1,2.09531178799989,5837,120.0,1,5e490ef,cloud container (docker); Intel(R) Xeon(R) Processor @ 2.10GHz; 4 cores; 16 GiB RAM; Linux-x86_64,2026-09-30T05:07:41+00:00
netlib,pilot.ja,c0cea98ca60001558b561e3195b84b8d3fd33eeeb695ddba6836bfa29d06d50f,940,1988,sankhya,5e490ef,optimal,,-6113.136465581344,-6113.136465581344,-6113.1344111,0.002054481344202941,3.360765862554062e-07,1,-6113.136465581343,1,primal+dual,1,,1,0.250017473,0.26378997599977083,3220,120.0,1,5e490ef,cloud container (docker); Intel(R) Xeon(R) Processor @ 2.10GHz; 4 cores; 16 GiB RAM; Linux-x86_64,2026-09-30T05:07:53+00:00
netlib,pilot.ja,c0cea98ca60001558b561e3195b84b8d3fd33eeeb695ddba6836bfa29d06d50f,940,1988,highs,1.15.1,optimal,optimal,-6113.136465581338,-6113.136465581338,-6113.1344111,0.002054481337836478,3.3607658521396616e-07,1,-6113.136465581343,1,primal+dual,1,,1,0.10878825187683105,0.41329989399991973,1287,120.0,1,5e490ef,cloud container (docker); Intel(R) Xeon(R) Processor @ 2.10GHz; 4 cores; 16 GiB RAM; Linux-x86_64,2026-09-30T05:07:53+00:00
netlib,pilot.ja,c0cea98ca60001558b561e3195b84b8d3fd33eeeb695ddba6836bfa29d06d50f,940,1988,scip,10.0.2,optimal,optimal,-6113.1364655813595,-6113.1364655813595,-6113.1344111,0.0020544813596643507,3.360765887846177e-07,1,-6113.136465581343,1,primal-only,1,,1,0.423415,0.5795527579998634,4887,120.0,1,5e490ef,cloud container (docker); Intel(R) Xeon(R) Processor @ 2.10GHz; 4 cores; 16 GiB RAM; Linux-x86_64,2026-09-30T05:07:53+00:00
netlib,pilot.ja,c0cea98ca60001558b561e3195b84b8d3fd33eeeb695ddba6836bfa29d06d50f,940,1988,cbc-clp,1.17.9,optimal,Optimal,-6113.136626477895,-6113.136626477895,-6113.1344111,0.0022153778954816516,3.623963987212602e-07,1,-6113.136465581343,1,primal+dual,0,[FAIL] column bounds               worst violation 1.538e-05 (1.538e-05 relative) on USLB06,0,0.186172870000064,0.186172870000064,2284,120.0,1,5e490ef,cloud container (docker); Intel(R) Xeon(R) Processor @ 2.10GHz; 4 cores; 16 GiB RAM; Linux-x86_64,2026-09-30T05:07:53+00:00
netlib,pilot.ja,c0cea98ca60001558b561e3195b84b8d3fd33eeeb695ddba6836bfa29d06d50f,940,1988,glpk,5.0,optimal,2937 lines were written,-6113.13646558134,-6113.136465581343,-6113.1344111,0.002054481343293446,3.3607658610662904e-07,1,-6113.136465581343,1,primal+dual,1,,1,0.1,0.14843539799994687,1511,120.0,1,5e490ef,cloud container (docker); Intel(R) Xeon(R) Processor @ 2.10GHz; 4 cores; 16 GiB RAM; Linux-x86_64,2026-09-30T05:07:53+00:00
netlib,pilot.we,5c3e8ed78a522c7df2cac39435efd0552273b8e942b03186997ee9011cd1015a,722,2789,sankhya,5e490ef,optimal,,-2720107.5328449644,-2720107.5328449644,-2720102.7439,4.788944964297116,1.7605750279237147e-06,0,-2720107.532844964,1,primal+dual,1,,1,0.312269106,0.32216907500014713,5254,120.0,1,5e490ef,cloud container (docker); Intel(R) Xeon(R) Processor @ 2.10GHz; 4 cores; 16 GiB RAM; Linux-x86_64,2026-09-30T05:07:55+00:00
netlib,pilot.we,5c3e8ed78a522c7df2cac39435efd0552273b8e942b03186997ee9011cd1015a,722,2789,highs,1.15.1,optimal,optimal,-2720107.5328449584,-2720107.5328449584,-2720102.7439,4.788944958243519,1.7605750256982119e-06,0,-2720107.532844964,1,primal+dual,1,,1,0.13112187385559082,0.38892441600000893,2605,120.0,1,5e490ef,cloud container (docker); Intel(R) Xeon(R) Processor @ 2.10GHz; 4 cores; 16 GiB RAM; Linux-x86_64,2026-09-30T05:07:55+00:00
netlib,pilot.we,5c3e8ed78a522c7df2cac39435efd0552273b8e942b03186997ee9011cd1015a,722,2789,scip,10.0.2,optimal,optimal,-2720107.5328449607,-2720107.5328449607,-2720102.7439,4.7889449605718255,1.7605750265541744e-06,0,-2720107.532844964,1,primal-only,1,,1,0.55053,0.7264952439995795,7784,120.0,1,5e490ef,cloud container (docker); Intel(R) Xeon(R) Processor @ 2.10GHz; 4 cores; 16 GiB RAM; Linux-x86_64,2026-09-30T05:07:55+00:00
netlib,pilot.we,5c3e8ed78a522c7df2cac39435efd0552273b8e942b03186997ee9011cd1015a,722,2789,cbc-clp,1.17.9,optimal,Optimal,-2720107.539267063,-2720107.539267063,-2720102.7439,4.79536706302315,1.7629360044494861e-06,0,-2720107.532844964,1,primal+dual,0,[FAIL] column bounds               worst violation 1.000e-05 (1.000e-05 relative) on UOSE03,0,0.11009018400000059,0.11009018400000059,2147,120.0,1,5e490ef,cloud container (docker); Intel(R) Xeon(R) Processor @ 2.10GHz; 4 cores; 16 GiB RAM; Linux-x86_64,2026-09-30T05:07:55+00:00
netlib,pilot.we,5c3e8ed78a522c7df2cac39435efd0552273b8e942b03186997ee9011cd1015a,722,2789,glpk,5.0,optimal,3520 lines were written,-2720107.53284497,-2720107.5328449695,-2720102.7439,4.78894496941939,1.7605750298068326e-06,0,-2720107.532844964,1,primal+dual,1,,1,0.1,0.09861128400007146,1326,120.0,1,5e490ef,cloud container (docker); Intel(R) Xeon(R) Processor @ 2.10GHz; 4 cores; 16 GiB RAM; Linux-x86_64,2026-09-30T05:07:55+00:00
netlib,pilot4,67e872aae722a493f5c2c8f88e3d70d093eea116093874ea43852c864a687cba,410,1000,sankhya,5e490ef,optimal,route: the scaled attempt returned optimal after 0.0 s of its 60 s share; the unscaled retry from its basis produced this answer,-2581.1392588847157,-2581.1392588847157,-2581.1392641,5.215284545556642e-06,2.0205358998229503e-09,1,-2581.1392588838885,1,primal+dual,1,,1,0.041890099,0.048934901999928115,4,120.0,1,5e490ef,cloud container (docker); Intel(R) Xeon(R) Processor @ 2.10GHz; 4 cores; 16 GiB RAM; Linux-x86_64,2026-09-30T05:07:57+00:00
netlib,pilot4,67e872aae722a493f5c2c8f88e3d70d093eea116093874ea43852c864a687cba,410,1000,highs,1.15.1,optimal,optimal,-2581.1392588838853,-2581.1392588838853,-2581.1392641,5.216114914219361e-06,2.0208576060843163e-09,1,-2581.1392588838885,1,primal+dual,1,,1,0.0329737663269043,0.2042492589998801,684,120.0,1,5e490ef,cloud container (docker); Intel(R) Xeon(R) Processor @ 2.10GHz; 4 cores; 16 GiB RAM; Linux-x86_64,2026-09-30T05:07:57+00:00
netlib,pilot4,67e872aae722a493f5c2c8f88e3d70d093eea116093874ea43852c864a687cba,410,1000,scip,10.0.2,optimal,optimal,-2581.1392588838917,-2581.1392588838908,-2581.1392641,5.21610945725115e-06,2.0208554919139243e-09,1,-2581.1392588838885,1,primal-only,1,,1,0.085959,0.23888030699981755,1413,120.0,1,5e490ef,cloud container (docker); Intel(R) Xeon(R) Processor @ 2.10GHz; 4 cores; 16 GiB RAM; Linux-x86_64,2026-09-30T05:07:57+00:00
netlib,pilot4,67e872aae722a493f5c2c8f88e3d70d093eea116093874ea43852c864a687cba,410,1000,cbc-clp,1.17.9,optimal,Optimal,-2581.139258883959,-2581.139258883959,-2581.1392641,5.216041245148517e-06,2.02082906478402e-09,1,-2581.1392588838885,1,primal+dual,1,,1,0.05057894900028259,0.05057894900028259,938,120.0,1,5e490ef,cloud container (docker); Intel(R) Xeon(R) Processor @ 2.10GHz; 4 cores; 16 GiB RAM; Linux-x86_64,2026-09-30T05:07:57+00:00
netlib,pilot4,67e872aae722a493f5c2c8f88e3d70d093eea116093874ea43852c864a687cba,410,1000,glpk,5.0,optimal,1419 lines were written,-2581.13925888389,-2581.1392588838917,-2581.1392641,5.216108547756448e-06,2.020855139552192e-09,1,-2581.1392588838885,1,primal+dual,1,,1,0.0,0.035244864000105736,520,120.0,1,5e490ef,cloud container (docker); Intel(R) Xeon(R) Processor @ 2.10GHz; 4 cores; 16 GiB RAM; Linux-x86_64,2026-09-30T05:07:57+00:00
netlib,pilot87,0ecfcc173d82c8a0252f58a99b2a529d8ad0155ee9212b8451cc25c0e387caa4,2030,4883,sankhya,5e490ef,optimal,,301.71034812776736,301.71034812776736,301.71072827,0.00038014223264326574,1.259955967833791e-06,0,301.7103473331105,1,primal+dual,1,,1,28.655354692,28.71428816400021,21163,120.0,1,5e490ef,cloud container (docker); Intel(R) Xeon(R) Processor @ 2.10GHz; 4 cores; 16 GiB RAM; Linux-x86_64,2026-09-30T05:07:58+00:00
netlib,pilot87,0ecfcc173d82c8a0252f58a99b2a529d8ad0155ee9212b8451cc25c0e387caa4,2030,4883,highs,1.15.1,optimal,optimal,301.71034733310745,301.71034733310745,301.71072827,0.00038093689255447316,1.2625898148824655e-06,0,301.7103473331105,1,primal+dual,1,,1,4.2897844314575195,4.929703340999822,8369,120.0,1,5e490ef,cloud container (docker); Intel(R) Xeon(R) Processor @ 2.10GHz; 4 cores; 16 GiB RAM; Linux-x86_64,2026-09-30T05:07:58+00:00
netlib,pilot87,0ecfcc173d82c8a0252f58a99b2a529d8ad0155ee9212b8451cc25c0e387caa4,2030,4883,scip,10.0.2,optimal,optimal,301.71034733311,301.7103473331099,301.71072827,0.00038093689011020615,1.2625898067811063e-06,0,301.7103473331105,1,primal-only,1,,1,7.391314,7.601710160000039,14581,120.0,1,5e490ef,cloud container (docker); Intel(R) Xeon(R) Processor @ 2.10GHz; 4 cores; 16 GiB RAM; Linux-x86_64,2026-09-30T05:07:58+00:00
netlib,pilot87,0ecfcc173d82c8a0252f58a99b2a529d8ad0155ee9212b8451cc25c0e387caa4,2030,4883,cbc-clp,1.17.9,optimal,Optimal,301.71034733311046,301.71034733311046,301.71072827,0.00038093688954177196,1.2625898048970692e-06,0,301.7103473331105,1,primal+dual,1,,1,4.232992943000227,4.232992943000227,7772,120.0,1,5e490ef,cloud container (docker); Intel(R) Xeon(R) Processor @ 2.10GHz; 4 cores; 16 GiB RAM; Linux-x86_64,2026-09-30T05:07:58+00:00
netlib,pilot87,0ecfcc173d82c8a0252f58a99b2a529d8ad0155ee9212b8451cc25c0e387caa4,2030,4883,glpk,5.0,optimal,6922 lines were written,301.710347437537,301.71034743753717,301.71072827,0.0003808324628380433,1.2622436895821532e-06,0,301.7103473331105,1,primal+dual,1,,1,6.8,6.939551743000266,8080,120.0,1,5e490ef,cloud container (docker); Intel(R) Xeon(R) Processor @ 2.10GHz; 4 cores; 16 GiB RAM; Linux-x86_64,2026-09-30T05:07:58+00:00
netlib,pilotnov,2b000b6da9fb539e3303d5b81f00cc74f430e7ed52d7666ff1ef835bf060773d,975,2172,sankhya,5e490ef,optimal,,-4497.276188218868,-4497.276188218868,-4497.2761882,1.8867467588279396e-08,4.195309960678878e-12,1,-4497.2761882188715,1,primal+dual,1,,1,0.161937154,0.176574047000031,2311,120.0,1,5e490ef,cloud container (docker); Intel(R) Xeon(R) Processor @ 2.10GHz; 4 cores; 16 GiB RAM; Linux-x86_64,2026-09-30T05:08:51+00:00
netlib,pilotnov,2b000b6da9fb539e3303d5b81f00cc74f430e7ed52d7666ff1ef835bf060773d,975,2172,highs,1.15.1,optimal,optimal,-4497.2761882188715,-4497.2761882188715,-4497.2761882,1.8871105567086488e-08,4.196118890051869e-12,1,-4497.2761882188715,1,primal+dual,1,,1,0.14756107330322266,0.3722749590001513,2154,120.0,1,5e490ef,cloud container (docker); Intel(R) Xeon(R) Processor @ 2.10GHz; 4 cores; 16 GiB RAM; Linux-x86_64,2026-09-30T05:08:51+00:00
netlib,pilotnov,2b000b6da9fb539e3303d5b81f00cc74f430e7ed52d7666ff1ef835bf060773d,975,2172,scip,10.0.2,optimal,optimal,-4497.276188218871,-4497.276188218871,-4497.2761882,1.8870196072384715e-08,4.195916657708621e-12,1,-4497.2761882188715,1,primal-only,1,,1,0.25431,0.4141663149998749,2222,120.0,1,5e490ef,cloud container (docker); Intel(R) Xeon(R) Processor @ 2.10GHz; 4 cores; 16 GiB RAM; Linux-x86_64,2026-09-30T05:08:51+00:00
netlib,pilotnov,2b000b6da9fb539e3303d5b81f00cc74f430e7ed52d7666ff1ef835bf060773d,975,2172,cbc-clp,1.17.9,optimal,Optimal,-4497.27618821887,-4497.27618821887,-4497.2761882,1.8869286577682942e-08,4.195714425365373e-12,1,-4497.2761882188715,1,primal+dual,0,[FAIL] column bounds               worst violation 1.538e-05 (1.538e-05 relative) on USLB06,0,0.08784882600002675,0.08784882600002675,1463,120.0,1,5e490ef,cloud container (docker); Intel(R) Xeon(R) Processor @ 2.10GHz; 4 cores; 16 GiB RAM; Linux-x86_64,2026-09-30T05:08:51+00:00
netlib,pilotnov,2b000b6da9fb539e3303d5b81f00cc74f430e7ed52d7666ff1ef835bf060773d,975,2172,glpk,5.0,optimal,3156 lines were written,-4497.27618821887,-4497.276188218871,-4497.2761882,1.8870196072384715e-08,4.195916657708621e-12,1,-4497.2761882188715,1,primal+dual,1,,1,0.1,0.1347307460000593,861,120.0,1,5e490ef,cloud container (docker); Intel(R) Xeon(R) Processor @ 2.10GHz; 4 cores; 16 GiB RAM; Linux-x86_64,2026-09-30T05:08:51+00:00
netlib,recipe,277b34645cc89526db4a3365fa781ce28aa9768a65c4f301416a8a05c934af61,91,180,sankhya,5e490ef,optimal,,-266.61600000000027,-266.61600000000027,-266.616,2.8421709430404007e-13,1.0660166468030429e-15,1,-266.616,1,primal+dual,1,,1,0.000773337,0.005857527999978629,40,120.0,1,5e490ef,cloud container (docker); Intel(R) Xeon(R) Processor @ 2.10GHz; 4 cores; 16 GiB RAM; Linux-x86_64,2026-09-30T05:08:53+00:00
netlib,recipe,277b34645cc89526db4a3365fa781ce28aa9768a65c4f301416a8a05c934af61,91,180,highs,1.15.1,optimal,optimal,-266.61600000000027,-266.61600000000027,-266.616,2.8421709430404007e-13,1.0660166468030429e-15,1,-266.616,1,primal+dual,1,,1,0.0012505054473876953,0.1258315519999087,19,120.0,1,5e490ef,cloud container (docker); Intel(R) Xeon(R) Processor @ 2.10GHz; 4 cores; 16 GiB RAM; Linux-x86_64,2026-09-30T05:08:53+00:00
netlib,recipe,277b34645cc89526db4a3365fa781ce28aa9768a65c4f301416a8a05c934af61,91,180,scip,10.0.2,optimal,optimal,-266.61599999999993,-266.61600000000027,-266.616,2.8421709430404007e-13,1.0660166468030429e-15,1,-266.616,1,primal-only,1,,1,0.010395,0.16846725899995363,0,120.0,1,5e490ef,cloud container (docker); Intel(R) Xeon(R) Processor @ 2.10GHz; 4 cores; 16 GiB RAM; Linux-x86_64,2026-09-30T05:08:53+00:00
netlib,recipe,277b34645cc89526db4a3365fa781ce28aa9768a65c4f301416a8a05c934af61,91,180,cbc-clp,1.17.9,optimal,Optimal,-266.61600000000027,-266.61600000000027,-266.616,2.8421709430404007e-13,1.0660166468030429e-15,1,-266.616,1,primal+dual,1,,1,0.005355334000341827,0.005355334000341827,40,120.0,1,5e490ef,cloud container (docker); Intel(R) Xeon(R) Processor @ 2.10GHz; 4 cores; 16 GiB RAM; Linux-x86_64,2026-09-30T05:08:53+00:00
netlib,recipe,277b34645cc89526db4a3365fa781ce28aa9768a65c4f301416a8a05c934af61,91,180,glpk,5.0,optimal,280 lines were written,-266.616,-266.61600000000027,-266.616,2.8421709430404007e-13,1.0660166468030429e-15,1,-266.616,1,primal+dual,1,,1,0.0,0.005148347000158537,15,120.0,1,5e490ef,cloud container (docker); Intel(R) Xeon(R) Processor @ 2.10GHz; 4 cores; 16 GiB RAM; Linux-x86_64,2026-09-30T05:08:53+00:00
netlib,sc105,062d034400be956757316a9bde8e6de3d221a88fb5dc502def743f1883e23ec3,105,103,sankhya,5e490ef,optimal,,-52.20206121170722,-52.20206121170722,-52.202061212,2.927791342699493e-10,5.608574210909634e-12,1,-52.202061211707246,1,primal+dual,1,,1,0.001141443,0.005295295999985683,98,120.0,1,5e490ef,cloud container (docker); Intel(R) Xeon(R) Processor @ 2.10GHz; 4 cores; 16 GiB RAM; Linux-x86_64,2026-09-30T05:08:54+00:00
netlib,sc105,062d034400be956757316a9bde8e6de3d221a88fb5dc502def743f1883e23ec3,105,103,highs,1.15.1,optimal,optimal,-52.20206121170723,-52.20206121170723,-52.202061212,2.927649234152341e-10,5.608301983062969e-12,1,-52.202061211707246,1,primal+dual,1,,1,0.0013287067413330078,0.13425315600034082,37,120.0,1,5e490ef,cloud container (docker); Intel(R) Xeon(R) Processor @ 2.10GHz; 4 cores; 16 GiB RAM; Linux-x86_64,2026-09-30T05:08:54+00:00
netlib,sc105,062d034400be956757316a9bde8e6de3d221a88fb5dc502def743f1883e23ec3,105,103,scip,10.0.2,optimal,optimal,-52.20206121170723,-52.202061211707225,-52.202061212,2.927720288425917e-10,5.608438096986301e-12,1,-52.202061211707246,1,primal-only,1,,1,0.005271,0.14689470099983737,41,120.0,1,5e490ef,cloud container (docker); Intel(R) Xeon(R) Processor @ 2.10GHz; 4 cores; 16 GiB RAM; Linux-x86_64,2026-09-30T05:08:54+00:00
netlib,sc105,062d034400be956757316a9bde8e6de3d221a88fb5dc502def743f1883e23ec3,105,103,cbc-clp,1.17.9,optimal,Optimal,-52.20206121170723,-52.20206121170723,-52.202061212,2.927649234152341e-10,5.608301983062969e-12,1,-52.202061211707246,1,primal+dual,1,,1,0.006955269999707525,0.006955269999707525,39,120.0,1,5e490ef,cloud container (docker); Intel(R) Xeon(R) Processor @ 2.10GHz; 4 cores; 16 GiB RAM; Linux-x86_64,2026-09-30T05:08:54+00:00
netlib,sc105,062d034400be956757316a9bde8e6de3d221a88fb5dc502def743f1883e23ec3,105,103,glpk,5.0,optimal,217 lines were written,-52.2020612117072,-52.2020612117072,-52.202061212,2.927933451246645e-10,5.608846438756298e-12,1,-52.202061211707246,1,primal+dual,1,,1,0.0,0.003536967999934859,51,120.0,1,5e490ef,cloud container (docker); Intel(R) Xeon(R) Processor @ 2.10GHz; 4 cores; 16 GiB RAM; Linux-x86_64,2026-09-30T05:08:54+00:00
netlib,sc205,bcecc8d8cafd08c6d97cf8e39a740f5d777e317600bb9f6f158f2ceb550005f9,205,203,sankhya,5e490ef,optimal,,-52.2020612117072,-52.2020612117072,-52.202061212,2.927933451246645e-10,5.608846438756298e-12,1,-52.202061211707246,1,primal+dual,1,,1,0.002490566,0.006201560000135942,232,120.0,1,5e490ef,cloud container (docker); Intel(R) Xeon(R) Processor @ 2.10GHz; 4 cores; 16 GiB RAM; Linux-x86_64,2026-09-30T05:08:54+00:00
netlib,sc205,bcecc8d8cafd08c6d97cf8e39a740f5d777e317600bb9f6f158f2ceb550005f9,205,203,highs,1.15.1,optimal,optimal,-52.20206121170721,-52.20206121170721,-52.202061212,2.927862396973069e-10,5.608710324832966e-12,1,-52.202061211707246,1,primal+dual,1,,1,0.002435922622680664,0.1572800669996468,84,120.0,1,5e490ef,cloud container (docker); Intel(R) Xeon(R) Processor @ 2.10GHz; 4 cores; 16 GiB RAM; Linux-x86_64,2026-09-30T05:08:54+00:00
netlib,sc205,bcecc8d8cafd08c6d97cf8e39a740f5d777e317600bb9f6f158f2ceb550005f9,205,203,scip,10.0.2,optimal,optimal,-52.20206121170724,-52.20206121170726,-52.202061212,2.927365017058037e-10,5.60775752736964e-12,1,-52.202061211707246,1,primal-only,1,,1,0.00424,0.1429303759996401,111,120.0,1,5e490ef,cloud container (docker); Intel(R) Xeon(R) Processor @ 2.10GHz; 4 cores; 16 GiB RAM; Linux-x86_64,2026-09-30T05:08:54+00:00
netlib,sc205,bcecc8d8cafd08c6d97cf8e39a740f5d777e317600bb9f6f158f2ceb550005f9,205,203,cbc-clp,1.17.9,optimal,Optimal,-52.20206121170721,-52.20206121170721,-52.202061212,2.927862396973069e-10,5.608710324832966e-12,1,-52.202061211707246,1,primal+dual,1,,1,0.005846785999892745,0.005846785999892745,79,120.0,1,5e490ef,cloud container (docker); Intel(R) Xeon(R) Processor @ 2.10GHz; 4 cores; 16 GiB RAM; Linux-x86_64,2026-09-30T05:08:54+00:00
netlib,sc205,bcecc8d8cafd08c6d97cf8e39a740f5d777e317600bb9f6f158f2ceb550005f9,205,203,glpk,5.0,optimal,417 lines were written,-52.2020612117072,-52.2020612117072,-52.202061212,2.927933451246645e-10,5.608846438756298e-12,1,-52.202061211707246,1,primal+dual,1,,1,0.0,0.007326111000111268,117,120.0,1,5e490ef,cloud container (docker); Intel(R) Xeon(R) Processor @ 2.10GHz; 4 cores; 16 GiB RAM; Linux-x86_64,2026-09-30T05:08:54+00:00
netlib,sc50a,36bfce2f419555712bf1b9a8477541199073c7654475d933475cea6db0abe2f2,50,48,sankhya,5e490ef,optimal,,-64.57507705856447,-64.57507705856447,-64.575077059,4.355200644567958e-10,6.744398679677553e-12,1,-64.5750770585645,1,primal+dual,1,,1,0.000588984,0.004009870000118099,42,120.0,1,5e490ef,cloud container (docker); Intel(R) Xeon(R) Processor @ 2.10GHz; 4 cores; 16 GiB RAM; Linux-x86_64,2026-09-30T05:08:55+00:00
netlib,sc50a,36bfce2f419555712bf1b9a8477541199073c7654475d933475cea6db0abe2f2,50,48,highs,1.15.1,optimal,optimal,-64.5750770585645,-64.5750770585645,-64.575077059,4.354916427473654e-10,6.743958545329677e-12,1,-64.5750770585645,1,primal+dual,1,,1,0.0008428096771240234,0.12592580899990935,18,120.0,1,5e490ef,cloud container (docker); Intel(R) Xeon(R) Processor @ 2.10GHz; 4 cores; 16 GiB RAM; Linux-x86_64,2026-09-30T05:08:55+00:00
netlib,sc50a,36bfce2f419555712bf1b9a8477541199073c7654475d933475cea6db0abe2f2,50,48,scip,10.0.2,optimal,optimal,-64.5750770585645,-64.57507705856449,-64.575077059,4.355058536020806e-10,6.744178612503615e-12,1,-64.5750770585645,1,primal-only,1,,1,0.0013759999999999998,0.12865502000022389,18,120.0,1,5e490ef,cloud container (docker); Intel(R) Xeon(R) Processor @ 2.10GHz; 4 cores; 16 GiB RAM; Linux-x86_64,2026-09-30T05:08:55+00:00
netlib,sc50a,36bfce2f419555712bf1b9a8477541199073c7654475d933475cea6db0abe2f2,50,48,cbc-clp,1.17.9,optimal,Optimal,-64.5750770585645,-64.5750770585645,-64.575077059,4.354916427473654e-10,6.743958545329677e-12,1,-64.5750770585645,1,primal+dual,1,,1,0.004980513000191422,0.004980513000191422,15,120.0,1,5e490ef,cloud container (docker); Intel(R) Xeon(R) Processor @ 2.10GHz; 4 cores; 16 GiB RAM; Linux-x86_64,2026-09-30T05:08:55+00:00
netlib,sc50a,36bfce2f419555712bf1b9a8477541199073c7654475d933475cea6db0abe2f2,50,48,glpk,5.0,optimal,107 lines were written,-64.5750770585645,-64.5750770585645,-64.575077059,4.354916427473654e-10,6.743958545329677e-12,1,-64.5750770585645,1,primal+dual,1,,1,0.0,0.002663025999936508,26,120.0,1,5e490ef,cloud container (docker); Intel(R) Xeon(R) Processor @ 2.10GHz; 4 cores; 16 GiB RAM; Linux-x86_64,2026-09-30T05:08:55+00:00
netlib,sc50b,bfc47ffcf8f037552130a75142a203dc768d82d15c3b7b9f718c444ffa472f15,50,48,sankhya,5e490ef,optimal,,-69.99999999999999,-69.99999999999999,-70.0,1.4210854715202004e-14,2.0301221021717148e-16,1,-70.0,1,primal+dual,1,,1,0.000570999,0.004796439000074315,42,120.0,1,5e490ef,cloud container (docker); Intel(R) Xeon(R) Processor @ 2.10GHz; 4 cores; 16 GiB RAM; Linux-x86_64,2026-09-30T05:08:55+00:00
netlib,sc50b,bfc47ffcf8f037552130a75142a203dc768d82d15c3b7b9f718c444ffa472f15,50,48,highs,1.15.1,optimal,optimal,-69.99999999999999,-69.99999999999999,-70.0,1.4210854715202004e-14,2.0301221021717148e-16,1,-70.0,1,primal+dual,1,,1,0.0007984638214111328,0.136030183999992,18,120.0,1,5e490ef,cloud container (docker); Intel(R) Xeon(R) Processor @ 2.10GHz; 4 cores; 16 GiB RAM; Linux-x86_64,2026-09-30T05:08:55+00:00
netlib,sc50b,bfc47ffcf8f037552130a75142a203dc768d82d15c3b7b9f718c444ffa472f15,50,48,scip,10.0.2,optimal,optimal,-69.99999999999999,-69.99999999999999,-70.0,1.4210854715202004e-14,2.0301221021717148e-16,1,-70.0,1,primal-only,1,,1,0.0016539999999999999,0.12587784100014687,18,120.0,1,5e490ef,cloud container (docker); Intel(R) Xeon(R) Processor @ 2.10GHz; 4 cores; 16 GiB RAM; Linux-x86_64,2026-09-30T05:08:55+00:00
netlib,sc50b,bfc47ffcf8f037552130a75142a203dc768d82d15c3b7b9f718c444ffa472f15,50,48,cbc-clp,1.17.9,optimal,Optimal,-69.99999999999999,-69.99999999999999,-70.0,1.4210854715202004e-14,2.0301221021717148e-16,1,-70.0,1,primal+dual,1,,1,0.005629485000099521,0.005629485000099521,16,120.0,1,5e490ef,cloud container (docker); Intel(R) Xeon(R) Processor @ 2.10GHz; 4 cores; 16 GiB RAM; Linux-x86_64,2026-09-30T05:08:55+00:00
netlib,sc50b,bfc47ffcf8f037552130a75142a203dc768d82d15c3b7b9f718c444ffa472f15,50,48,glpk,5.0,optimal,107 lines were written,-70.0,-70.0,-70.0,0.0,0.0,1,-70.0,1,primal+dual,1,,1,0.0,0.0029160200001570047,30,120.0,1,5e490ef,cloud container (docker); Intel(R) Xeon(R) Processor @ 2.10GHz; 4 cores; 16 GiB RAM; Linux-x86_64,2026-09-30T05:08:55+00:00
netlib,scagr25,7bac79b91dec46966af26a236d593c823f1e61eb055597426365e4f6bc36df76,471,500,sankhya,5e490ef,optimal,,-14753433.060768533,-14753433.060768533,-14753433.061,0.00023146718740463257,1.5689039049257294e-11,1,-14753433.060768522,1,primal+dual,1,,1,0.005679557,0.010810804999891843,457,120.0,1,5e490ef,cloud container (docker); Intel(R) Xeon(R) Processor @ 2.10GHz; 4 cores; 16 GiB RAM; Linux-x86_64,2026-09-30T05:08:56+00:00
netlib,scagr25,7bac79b91dec46966af26a236d593c823f1e61eb055597426365e4f6bc36df76,471,500,highs,1.15.1,optimal,optimal,-14753433.060768528,-14753433.060768528,-14753433.061,0.00023147277534008026,1.5689417804183323e-11,1,-14753433.060768522,1,primal+dual,1,,1,0.0062122344970703125,0.12787496900000406,338,120.0,1,5e490ef,cloud container (docker); Intel(R) Xeon(R) Processor @ 2.10GHz; 4 cores; 16 GiB RAM; Linux-x86_64,2026-09-30T05:08:56+00:00
netlib,scagr25,7bac79b91dec46966af26a236d593c823f1e61eb055597426365e4f6bc36df76,471,500,scip,10.0.2,optimal,optimal,-14753433.060768522,-14753433.06076853,-14753433.061,0.00023147091269493103,1.568929155254131e-11,1,-14753433.060768522,1,primal-only,1,,1,0.011496,0.15419639699985055,316,120.0,1,5e490ef,cloud container (docker); Intel(R) Xeon(R) Processor @ 2.10GHz; 4 cores; 16 GiB RAM; Linux-x86_64,2026-09-30T05:08:56+00:00
netlib,scagr25,7bac79b91dec46966af26a236d593c823f1e61eb055597426365e4f6bc36df76,471,500,cbc-clp,1.17.9,optimal,Optimal,-14753433.060768532,-14753433.060768532,-14753433.061,0.0002314690500497818,1.5689165300899303e-11,1,-14753433.060768522,1,primal+dual,1,,1,0.009529196000130469,0.009529196000130469,260,120.0,1,5e490ef,cloud container (docker); Intel(R) Xeon(R) Processor @ 2.10GHz; 4 cores; 16 GiB RAM; Linux-x86_64,2026-09-30T05:08:56+00:00
netlib,scagr25,7bac79b91dec46966af26a236d593c823f1e61eb055597426365e4f6bc36df76,471,500,glpk,5.0,optimal,980 lines were written,-14753433.0607685,-14753433.060768524,-14753433.061,0.00023147650063037872,1.568967030746734e-11,1,-14753433.060768522,1,primal+dual,1,,1,0.0,0.009005021000120905,256,120.0,1,5e490ef,cloud container (docker); Intel(R) Xeon(R) Processor @ 2.10GHz; 4 cores; 16 GiB RAM; Linux-x86_64,2026-09-30T05:08:56+00:00
netlib,scagr7,2170c16fd0cc04a823172c1564e89593e75aac5225e2c2f893a6837ba0b26085,129,140,sankhya,5e490ef,optimal,,-2331389.824330984,-2331389.824330984,-2331389.2548,0.5695309839211404,2.442882426212426e-07,1,-2331389.824330984,1,primal+dual,1,,1,0.001103192,0.004878477999682218,111,120.0,1,5e490ef,cloud container (docker); Intel(R) Xeon(R) Processor @ 2.10GHz; 4 cores; 16 GiB RAM; Linux-x86_64,2026-09-30T05:08:57+00:00
netlib,scagr7,2170c16fd0cc04a823172c1564e89593e75aac5225e2c2f893a6837ba0b26085,129,140,highs,1.15.1,optimal,optimal,-2331389.824330984,-2331389.824330984,-2331389.2548,0.5695309839211404,2.442882426212426e-07,1,-2331389.824330984,1,primal+dual,1,,1,0.0018863677978515625,0.12088252500007002,104,120.0,1,5e490ef,cloud container (docker); Intel(R) Xeon(R) Processor @ 2.10GHz; 4 cores; 16 GiB RAM; Linux-x86_64,2026-09-30T05:08:57+00:00
netlib,scagr7,2170c16fd0cc04a823172c1564e89593e75aac5225e2c2f893a6837ba0b26085,129,140,scip,10.0.2,optimal,optimal,-2331389.8243309837,-2331389.824330984,-2331389.2548,0.5695309839211404,2.442882426212426e-07,1,-2331389.824330984,1,primal-only,1,,1,0.002996,0.11298765099991215,45,120.0,1,5e490ef,cloud container (docker); Intel(R) Xeon(R) Processor @ 2.10GHz; 4 cores; 16 GiB RAM; Linux-x86_64,2026-09-30T05:08:57+00:00
netlib,scagr7,2170c16fd0cc04a823172c1564e89593e75aac5225e2c2f893a6837ba0b26085,129,140,cbc-clp,1.17.9,optimal,Optimal,-2331389.8243309846,-2331389.8243309846,-2331389.2548,0.5695309843868017,2.442882428209781e-07,1,-2331389.824330984,1,primal+dual,1,,1,0.005723719999878085,0.005723719999878085,76,120.0,1,5e490ef,cloud container (docker); Intel(R) Xeon(R) Processor @ 2.10GHz; 4 cores; 16 GiB RAM; Linux-x86_64,2026-09-30T05:08:57+00:00
netlib,scagr7,2170c16fd0cc04a823172c1564e89593e75aac5225e2c2f893a6837ba0b26085,129,140,glpk,5.0,optimal,278 lines were written,-2331389.82433099,-2331389.8243309855,-2331389.2548,0.5695309853181243,2.442882432204492e-07,1,-2331389.824330984,1,primal+dual,1,,1,0.0,0.00338287600015974,85,120.0,1,5e490ef,cloud container (docker); Intel(R) Xeon(R) Processor @ 2.10GHz; 4 cores; 16 GiB RAM; Linux-x86_64,2026-09-30T05:08:57+00:00
netlib,scfxm1,3e602523ca64bb4fd7387da7eca577d964e08d7c04326c59937a0d58add7de25,330,457,sankhya,5e490ef,optimal,,18416.759028348937,18416.759028348937,18416.759028,3.4893673728220165e-07,1.89466961451629e-11,1,18416.759028348944,1,primal+dual,1,,1,0.009719999,0.015733309000097506,433,120.0,1,5e490ef,cloud container (docker); Intel(R) Xeon(R) Processor @ 2.10GHz; 4 cores; 16 GiB RAM; Linux-x86_64,2026-09-30T05:08:57+00:00
netlib,scfxm1,3e602523ca64bb4fd7387da7eca577d964e08d7c04326c59937a0d58add7de25,330,457,highs,1.15.1,optimal,optimal,18416.759028348948,18416.759028348948,18416.759028,3.489476512186229e-07,1.8947288754123286e-11,1,18416.759028348944,1,primal+dual,1,,1,0.0073146820068359375,0.13615232399979504,375,120.0,1,5e490ef,cloud container (docker); Intel(R) Xeon(R) Processor @ 2.10GHz; 4 cores; 16 GiB RAM; Linux-x86_64,2026-09-30T05:08:57+00:00
netlib,scfxm1,3e602523ca64bb4fd7387da7eca577d964e08d7c04326c59937a0d58add7de25,330,457,scip,10.0.2,optimal,optimal,18416.759028348948,18416.759028348948,18416.759028,3.489476512186229e-07,1.8947288754123286e-11,1,18416.759028348944,1,primal-only,1,,1,0.020938,0.14106341499973496,648,120.0,1,5e490ef,cloud container (docker); Intel(R) Xeon(R) Processor @ 2.10GHz; 4 cores; 16 GiB RAM; Linux-x86_64,2026-09-30T05:08:57+00:00
netlib,scfxm1,3e602523ca64bb4fd7387da7eca577d964e08d7c04326c59937a0d58add7de25,330,457,cbc-clp,1.17.9,optimal,Optimal,18416.759028348944,18416.759028348944,18416.759028,3.4894401323981583e-07,1.8947091217803157e-11,1,18416.759028348944,1,primal+dual,1,,1,0.010671449000255961,0.010671449000255961,291,120.0,1,5e490ef,cloud container (docker); Intel(R) Xeon(R) Processor @ 2.10GHz; 4 cores; 16 GiB RAM; Linux-x86_64,2026-09-30T05:08:57+00:00
netlib,scfxm1,3e602523ca64bb4fd7387da7eca577d964e08d7c04326c59937a0d58add7de25,330,457,glpk,5.0,optimal,796 lines were written,18416.7590283489,18416.759028348966,18416.759028,3.489658411126584e-07,1.894827643572393e-11,1,18416.759028348944,1,primal+dual,1,,1,0.0,0.008293904000311159,222,120.0,1,5e490ef,cloud container (docker); Intel(R) Xeon(R) Processor @ 2.10GHz; 4 cores; 16 GiB RAM; Linux-x86_64,2026-09-30T05:08:57+00:00
netlib,scfxm2,64d44da9d2e6329705e73b1e083f52a7560124c13af4c67ff60d55b0a46b0f0e,660,914,sankhya,5e490ef,optimal,,36660.26156499881,36660.26156499881,36660.261565,1.1932570487260818e-09,3.254905987537467e-14,1,36660.261564998815,1,primal+dual,1,,1,0.021247586,0.027824783000141906,937,120.0,1,5e490ef,cloud container (docker); Intel(R) Xeon(R) Processor @ 2.10GHz; 4 cores; 16 GiB RAM; Linux-x86_64,2026-09-30T05:08:58+00:00
netlib,scfxm2,64d44da9d2e6329705e73b1e083f52a7560124c13af4c67ff60d55b0a46b0f0e,660,914,highs,1.15.1,optimal,optimal,36660.261564998815,36660.261564998815,36660.261565,1.1859810911118984e-09,3.2350589998085804e-14,1,36660.261564998815,1,primal+dual,1,,1,0.019514083862304688,0.1626776940001946,771,120.0,1,5e490ef,cloud container (docker); Intel(R) Xeon(R) Processor @ 2.10GHz; 4 cores; 16 GiB RAM; Linux-x86_64,2026-09-30T05:08:58+00:00
netlib,scfxm2,64d44da9d2e6329705e73b1e083f52a7560124c13af4c67ff60d55b0a46b0f0e,660,914,scip,10.0.2,optimal,optimal,36660.261564998815,36660.261564998815,36660.261565,1.1859810911118984e-09,3.2350589998085804e-14,1,36660.261564998815,1,primal-only,1,,1,0.053362,0.19128602799992223,1152,120.0,1,5e490ef,cloud container (docker); Intel(R) Xeon(R) Processor @ 2.10GHz; 4 cores; 16 GiB RAM; Linux-x86_64,2026-09-30T05:08:58+00:00
netlib,scfxm2,64d44da9d2e6329705e73b1e083f52a7560124c13af4c67ff60d55b0a46b0f0e,660,914,cbc-clp,1.17.9,optimal,Optimal,36660.261564998815,36660.261564998815,36660.261565,1.1859810911118984e-09,3.2350589998085804e-14,1,36660.261564998815,1,primal+dual,1,,1,0.016327240000009624,0.016327240000009624,637,120.0,1,5e490ef,cloud container (docker); Intel(R) Xeon(R) Processor @ 2.10GHz; 4 cores; 16 GiB RAM; Linux-x86_64,2026-09-30T05:08:58+00:00
netlib,scfxm2,64d44da9d2e6329705e73b1e083f52a7560124c13af4c67ff60d55b0a46b0f0e,660,914,glpk,5.0,optimal,1583 lines were written,36660.2615649988,36660.26156499884,36660.261565,1.1641532182693481e-09,3.1755180366219195e-14,1,36660.261564998815,1,primal+dual,1,,1,0.0,0.018347580999943602,441,120.0,1,5e490ef,cloud container (docker); Intel(R) Xeon(R) Processor @ 2.10GHz; 4 cores; 16 GiB RAM; Linux-x86_64,2026-09-30T05:08:58+00:00
netlib,scfxm3,515b442feba7cb583e03d4466da264782d898cc69093848052a7fa98ba4eac7b,990,1371,sankhya,5e490ef,optimal,,54901.25454975145,54901.25454975145,54901.25455,2.4854671210050583e-07,4.527159062898059e-12,1,54901.25454975145,1,primal+dual,1,,1,0.053910579,0.06455258799996955,1641,120.0,1,5e490ef,cloud container (docker); Intel(R) Xeon(R) Processor @ 2.10GHz; 4 cores; 16 GiB RAM; Linux-x86_64,2026-09-30T05:08:58+00:00
netlib,scfxm3,515b442feba7cb583e03d4466da264782d898cc69093848052a7fa98ba4eac7b,990,1371,highs,1.15.1,optimal,optimal,54901.254549751444,54901.254549751444,54901.25455,2.4855398805812e-07,4.527291590973672e-12,1,54901.25454975145,1,primal+dual,1,,1,0.029778003692626953,0.20997328000021298,1202,120.0,1,5e490ef,cloud container (docker); Intel(R) Xeon(R) Processor @ 2.10GHz; 4 cores; 16 GiB RAM; Linux-x86_64,2026-09-30T05:08:58+00:00
netlib,scfxm3,515b442feba7cb583e03d4466da264782d898cc69093848052a7fa98ba4eac7b,990,1371,scip,10.0.2,optimal,optimal,54901.25454975145,54901.254549751444,54901.25455,2.4855398805812e-07,4.527291590973672e-12,1,54901.25454975145,1,primal-only,1,,1,0.07508,0.21743492999985392,1524,120.0,1,5e490ef,cloud container (docker); Intel(R) Xeon(R) Processor @ 2.10GHz; 4 cores; 16 GiB RAM; Linux-x86_64,2026-09-30T05:08:58+00:00
netlib,scfxm3,515b442feba7cb583e03d4466da264782d898cc69093848052a7fa98ba4eac7b,990,1371,cbc-clp,1.17.9,optimal,Optimal,54901.254549751466,54901.254549751466,54901.25455,2.4853216018527746e-07,4.526894006746836e-12,1,54901.25454975145,1,primal+dual,1,,1,0.028825600999880407,0.028825600999880407,992,120.0,1,5e490ef,cloud container (docker); Intel(R) Xeon(R) Processor @ 2.10GHz; 4 cores; 16 GiB RAM; Linux-x86_64,2026-09-30T05:08:58+00:00
netlib,scfxm3,515b442feba7cb583e03d4466da264782d898cc69093848052a7fa98ba4eac7b,990,1371,glpk,5.0,optimal,2370 lines were written,54901.2545497515,54901.2545497514,54901.25455,2.485976438038051e-07,4.528086759427342e-12,1,54901.25454975145,1,primal+dual,1,,1,0.0,0.04413187599993762,686,120.0,1,5e490ef,cloud container (docker); Intel(R) Xeon(R) Processor @ 2.10GHz; 4 cores; 16 GiB RAM; Linux-x86_64,2026-09-30T05:08:58+00:00
netlib,scorpion,39b61cae042ce4adffb441faec77f5cc003fa725baa25edfb1738aef93a83c5d,388,358,sankhya,5e490ef,optimal,,1878.1248227381068,1878.1248227381068,1878.1248227,3.810669113590848e-08,2.0289754267304842e-11,1,1878.1248227381066,1,primal+dual,1,,1,0.004131333,0.009365120999973442,242,120.0,1,5e490ef,cloud container (docker); Intel(R) Xeon(R) Processor @ 2.10GHz; 4 cores; 16 GiB RAM; Linux-x86_64,2026-09-30T05:08:59+00:00
netlib,scorpion,39b61cae042ce4adffb441faec77f5cc003fa725baa25edfb1738aef93a83c5d,388,358,highs,1.15.1,optimal,optimal,1878.1248227381068,1878.1248227381068,1878.1248227,3.810669113590848e-08,2.0289754267304842e-11,1,1878.1248227381066,1,primal+dual,1,,1,0.002748727798461914,0.13039877199980765,78,120.0,1,5e490ef,cloud container (docker); Intel(R) Xeon(R) Processor @ 2.10GHz; 4 cores; 16 GiB RAM; Linux-x86_64,2026-09-30T05:08:59+00:00
netlib,scorpion,39b61cae042ce4adffb441faec77f5cc003fa725baa25edfb1738aef93a83c5d,388,358,scip,10.0.2,optimal,optimal,1878.1248227381068,1878.124822738107,1878.1248227,3.810691850958392e-08,2.0289875331502864e-11,1,1878.1248227381066,1,primal-only,1,,1,0.0057009999999999995,0.13434280199999193,66,120.0,1,5e490ef,cloud container (docker); Intel(R) Xeon(R) Processor @ 2.10GHz; 4 cores; 16 GiB RAM; Linux-x86_64,2026-09-30T05:08:59+00:00
netlib,scorpion,39b61cae042ce4adffb441faec77f5cc003fa725baa25edfb1738aef93a83c5d,388,358,cbc-clp,1.17.9,optimal,Optimal,1878.1248227381063,1878.1248227381063,1878.1248227,3.810623638855759e-08,2.02895121389088e-11,1,1878.1248227381066,1,primal+dual,1,,1,0.007371765000243613,0.007371765000243613,114,120.0,1,5e490ef,cloud container (docker); Intel(R) Xeon(R) Processor @ 2.10GHz; 4 cores; 16 GiB RAM; Linux-x86_64,2026-09-30T05:08:59+00:00
netlib,scorpion,39b61cae042ce4adffb441faec77f5cc003fa725baa25edfb1738aef93a83c5d,388,358,glpk,5.0,optimal,755 lines were written,1878.12482273811,1878.1248227381054,1878.1248227,3.810532689385582e-08,2.0289027882116717e-11,1,1878.1248227381066,1,primal+dual,1,,1,0.0,0.007186106000062864,156,120.0,1,5e490ef,cloud container (docker); Intel(R) Xeon(R) Processor @ 2.10GHz; 4 cores; 16 GiB RAM; Linux-x86_64,2026-09-30T05:08:59+00:00
netlib,scrs8,33b12d5e3d07b47a8b837ab0bf445fbfb5980af5c825bf049c23e71fb3faf026,490,1169,sankhya,5e490ef,optimal,,904.2969538007919,904.2969538007919,904.29998619,0.003032389208101449,3.3533000712269414e-06,0,904.2969538007915,1,primal+dual,1,,1,0.012929182,0.020423598999968817,610,120.0,1,5e490ef,cloud container (docker); Intel(R) Xeon(R) Processor @ 2.10GHz; 4 cores; 16 GiB RAM; Linux-x86_64,2026-09-30T05:09:00+00:00
netlib,scrs8,33b12d5e3d07b47a8b837ab0bf445fbfb5980af5c825bf049c23e71fb3faf026,490,1169,highs,1.15.1,optimal,optimal,904.296953800792,904.296953800792,904.29998619,0.0030323892079877623,3.3533000711012235e-06,0,904.2969538007915,1,primal+dual,1,,1,0.008776187896728516,0.1655794700000115,361,120.0,1,5e490ef,cloud container (docker); Intel(R) Xeon(R) Processor @ 2.10GHz; 4 cores; 16 GiB RAM; Linux-x86_64,2026-09-30T05:09:00+00:00
netlib,scrs8,33b12d5e3d07b47a8b837ab0bf445fbfb5980af5c825bf049c23e71fb3faf026,490,1169,scip,10.0.2,optimal,optimal,904.2969538007917,904.2969538007919,904.29998619,0.003032389208101449,3.3533000712269414e-06,0,904.2969538007915,1,primal-only,1,,1,0.038495,0.17952464600011808,818,120.0,1,5e490ef,cloud container (docker); Intel(R) Xeon(R) Processor @ 2.10GHz; 4 cores; 16 GiB RAM; Linux-x86_64,2026-09-30T05:09:00+00:00
netlib,scrs8,33b12d5e3d07b47a8b837ab0bf445fbfb5980af5c825bf049c23e71fb3faf026,490,1169,cbc-clp,1.17.9,optimal,Optimal,904.296953800792,904.296953800792,904.29998619,0.0030323892079877623,3.3533000711012235e-06,0,904.2969538007915,1,primal+dual,1,,1,0.017604948000098375,0.017604948000098375,347,120.0,1,5e490ef,cloud container (docker); Intel(R) Xeon(R) Processor @ 2.10GHz; 4 cores; 16 GiB RAM; Linux-x86_64,2026-09-30T05:09:00+00:00
netlib,scrs8,33b12d5e3d07b47a8b837ab0bf445fbfb5980af5c825bf049c23e71fb3faf026,490,1169,glpk,5.0,optimal,1668 lines were written,904.296953800784,904.2969538007837,904.29998619,0.0030323892162869015,3.3533000802786417e-06,0,904.2969538007915,1,primal+dual,1,,1,0.0,0.025303096000243386,559,120.0,1,5e490ef,cloud container (docker); Intel(R) Xeon(R) Processor @ 2.10GHz; 4 cores; 16 GiB RAM; Linux-x86_64,2026-09-30T05:09:00+00:00
netlib,scsd1,8c4aac4987a81ef66715b5cb2debdb1993afe6cb5e2a29f32556a03802bf55f5,77,760,sankhya,5e490ef,optimal,,8.666666674333365,8.666666674333365,8.6666666743,3.3365310514454904e-11,3.849843517507819e-12,1,8.666666674333365,1,primal+dual,1,,1,0.001573116,0.006402363999768568,98,120.0,1,5e490ef,cloud container (docker); Intel(R) Xeon(R) Processor @ 2.10GHz; 4 cores; 16 GiB RAM; Linux-x86_64,2026-09-30T05:09:01+00:00
netlib,scsd1,8c4aac4987a81ef66715b5cb2debdb1993afe6cb5e2a29f32556a03802bf55f5,77,760,highs,1.15.1,optimal,optimal,8.666666674333364,8.666666674333364,8.6666666743,3.3363534157615504e-11,3.8496385532573e-12,1,8.666666674333365,1,primal+dual,1,,1,0.002474069595336914,0.13521425599992654,86,120.0,1,5e490ef,cloud container (docker); Intel(R) Xeon(R) Processor @ 2.10GHz; 4 cores; 16 GiB RAM; Linux-x86_64,2026-09-30T05:09:01+00:00
netlib,scsd1,8c4aac4987a81ef66715b5cb2debdb1993afe6cb5e2a29f32556a03802bf55f5,77,760,scip,10.0.2,optimal,optimal,8.666666674333365,8.666666674333365,8.6666666743,3.3365310514454904e-11,3.849843517507819e-12,1,8.666666674333365,1,primal-only,1,,1,0.015281,0.15429069499987236,113,120.0,1,5e490ef,cloud container (docker); Intel(R) Xeon(R) Processor @ 2.10GHz; 4 cores; 16 GiB RAM; Linux-x86_64,2026-09-30T05:09:01+00:00
netlib,scsd1,8c4aac4987a81ef66715b5cb2debdb1993afe6cb5e2a29f32556a03802bf55f5,77,760,cbc-clp,1.17.9,optimal,Optimal,8.666666674333365,8.666666674333365,8.6666666743,3.3365310514454904e-11,3.849843517507819e-12,1,8.666666674333365,1,primal+dual,1,,1,0.008252821000041877,0.008252821000041877,87,120.0,1,5e490ef,cloud container (docker); Intel(R) Xeon(R) Processor @ 2.10GHz; 4 cores; 16 GiB RAM; Linux-x86_64,2026-09-30T05:09:01+00:00
netlib,scsd1,8c4aac4987a81ef66715b5cb2debdb1993afe6cb5e2a29f32556a03802bf55f5,77,760,glpk,5.0,optimal,846 lines were written,8.66666667433336,8.66666667433336,8.6666666743,3.3359981443936704e-11,3.849228624756261e-12,1,8.666666674333365,1,primal+dual,1,,1,0.0,0.006447054000091157,80,120.0,1,5e490ef,cloud container (docker); Intel(R) Xeon(R) Processor @ 2.10GHz; 4 cores; 16 GiB RAM; Linux-x86_64,2026-09-30T05:09:01+00:00
netlib,scsd6,f3da742cfa24cfadb99d510847ea1f7a361ba61537d4c2900c09b674912a5891,147,1350,sankhya,5e490ef,optimal,,50.500000077641246,50.500000077641246,50.500000078,3.587530272852746e-10,7.104020331310119e-12,1,50.50000007714434,1,primal+dual,1,,1,0.008868966,0.018102782999903866,399,120.0,1,5e490ef,cloud container (docker); Intel(R) Xeon(R) Processor @ 2.10GHz; 4 cores; 16 GiB RAM; Linux-x86_64,2026-09-30T05:09:01+00:00
netlib,scsd6,f3da742cfa24cfadb99d510847ea1f7a361ba61537d4c2900c09b674912a5891,147,1350,highs,1.15.1,optimal,optimal,50.5000000782623,50.5000000782623,50.500000078,2.623039563331986e-10,5.194137741149621e-12,1,50.50000007714434,1,primal+dual,1,,1,0.0068967342376708984,0.15019072199993388,270,120.0,1,5e490ef,cloud container (docker); Intel(R) Xeon(R) Processor @ 2.10GHz; 4 cores; 16 GiB RAM; Linux-x86_64,2026-09-30T05:09:01+00:00
netlib,scsd6,f3da742cfa24cfadb99d510847ea1f7a361ba61537d4c2900c09b674912a5891,147,1350,scip,10.0.2,optimal,optimal,50.500000078019326,50.50000007801932,50.500000078,1.9319656985317124e-11,3.8256746446488833e-13,1,50.50000007714434,1,primal-only,1,,1,0.039391999999999996,0.186472608999793,438,120.0,1,5e490ef,cloud container (docker); Intel(R) Xeon(R) Processor @ 2.10GHz; 4 cores; 16 GiB RAM; Linux-x86_64,2026-09-30T05:09:01+00:00
netlib,scsd6,f3da742cfa24cfadb99d510847ea1f7a361ba61537d4c2900c09b674912a5891,147,1350,cbc-clp,1.17.9,optimal,Optimal,50.50000007826239,50.50000007826239,50.500000078,2.623892214614898e-10,5.195826159529017e-12,1,50.50000007714434,1,primal+dual,1,,1,0.01149881599985747,0.01149881599985747,262,120.0,1,5e490ef,cloud container (docker); Intel(R) Xeon(R) Processor @ 2.10GHz; 4 cores; 16 GiB RAM; Linux-x86_64,2026-09-30T05:09:01+00:00
netlib,scsd6,f3da742cfa24cfadb99d510847ea1f7a361ba61537d4c2900c09b674912a5891,147,1350,glpk,5.0,optimal,1506 lines were written,50.5000000782624,50.50000007826239,50.500000078,2.623892214614898e-10,5.195826159529017e-12,1,50.50000007714434,1,primal+dual,1,,1,0.0,0.01004906900016067,164,120.0,1,5e490ef,cloud container (docker); Intel(R) Xeon(R) Processor @ 2.10GHz; 4 cores; 16 GiB RAM; Linux-x86_64,2026-09-30T05:09:01+00:00
netlib,scsd8,2090a22840fe2c75730cd76336702ece7c27a739d58740926b67c4b2e57b8e5c,397,2750,sankhya,5e490ef,optimal,,904.9999999254642,904.9999999254642,904.99999993,4.535763764579315e-09,5.011893662906241e-12,1,904.9999999254644,1,primal+dual,1,,1,0.060047561,0.07085322100010671,1563,120.0,1,5e490ef,cloud container (docker); Intel(R) Xeon(R) Processor @ 2.10GHz; 4 cores; 16 GiB RAM; Linux-x86_64,2026-09-30T05:09:02+00:00
netlib,scsd8,2090a22840fe2c75730cd76336702ece7c27a739d58740926b67c4b2e57b8e5c,397,2750,highs,1.15.1,optimal,optimal,904.9999999254643,904.9999999254643,904.99999993,4.535650077741593e-09,5.011768042091069e-12,1,904.9999999254644,1,primal+dual,1,,1,0.04062366485595703,0.29450047699992865,1054,120.0,1,5e490ef,cloud container (docker); Intel(R) Xeon(R) Processor @ 2.10GHz; 4 cores; 16 GiB RAM; Linux-x86_64,2026-09-30T05:09:02+00:00
netlib,scsd8,2090a22840fe2c75730cd76336702ece7c27a739d58740926b67c4b2e57b8e5c,397,2750,scip,10.0.2,optimal,optimal,904.9999999254644,904.9999999254647,904.99999993,4.535195330390707e-09,5.011265558830382e-12,1,904.9999999254644,1,primal-only,1,,1,0.081149,0.21397977900005571,1525,120.0,1,5e490ef,cloud container (docker); Intel(R) Xeon(R) Processor @ 2.10GHz; 4 cores; 16 GiB RAM; Linux-x86_64,2026-09-30T05:09:02+00:00
netlib,scsd8,2090a22840fe2c75730cd76336702ece7c27a739d58740926b67c4b2e57b8e5c,397,2750,cbc-clp,1.17.9,optimal,Optimal,904.9999999254645,904.9999999254645,904.99999993,4.53542270406615e-09,5.011516800460725e-12,1,904.9999999254644,1,primal+dual,1,,1,0.03335166099986964,0.03335166099986964,993,120.0,1,5e490ef,cloud container (docker); Intel(R) Xeon(R) Processor @ 2.10GHz; 4 cores; 16 GiB RAM; Linux-x86_64,2026-09-30T05:09:02+00:00
netlib,scsd8,2090a22840fe2c75730cd76336702ece7c27a739d58740926b67c4b2e57b8e5c,397,2750,glpk,5.0,optimal,3156 lines were written,904.999999925465,904.9999999254654,904.99999993,4.534513209364377e-09,5.010511833939352e-12,1,904.9999999254644,1,primal+dual,1,,1,0.0,0.027069825000126002,402,120.0,1,5e490ef,cloud container (docker); Intel(R) Xeon(R) Processor @ 2.10GHz; 4 cores; 16 GiB RAM; Linux-x86_64,2026-09-30T05:09:02+00:00
netlib,sctap1,2b1ab5950d3e37fd21327892e2bc830c5f0d8d3fc1f687c0f57a5cdefd9caa21,300,480,sankhya,5e490ef,optimal,,1412.2499999999998,1412.2499999999998,1412.25,2.2737367544323206e-13,1.6100100934199472e-16,1,1412.25,1,primal+dual,1,,1,0.004030343,0.008703336000053241,278,120.0,1,5e490ef,cloud container (docker); Intel(R) Xeon(R) Processor @ 2.10GHz; 4 cores; 16 GiB RAM; Linux-x86_64,2026-09-30T05:09:03+00:00
netlib,sctap1,2b1ab5950d3e37fd21327892e2bc830c5f0d8d3fc1f687c0f57a5cdefd9caa21,300,480,highs,1.15.1,optimal,optimal,1412.25,1412.25,1412.25,0.0,0.0,1,1412.25,1,primal+dual,1,,1,0.005385875701904297,0.13863612099976308,323,120.0,1,5e490ef,cloud container (docker); Intel(R) Xeon(R) Processor @ 2.10GHz; 4 cores; 16 GiB RAM; Linux-x86_64,2026-09-30T05:09:03+00:00
netlib,sctap1,2b1ab5950d3e37fd21327892e2bc830c5f0d8d3fc1f687c0f57a5cdefd9caa21,300,480,scip,10.0.2,optimal,optimal,1412.25,1412.2499999999998,1412.25,2.2737367544323206e-13,1.6100100934199472e-16,1,1412.25,1,primal-only,1,,1,0.009439999999999999,0.13671258100021078,234,120.0,1,5e490ef,cloud container (docker); Intel(R) Xeon(R) Processor @ 2.10GHz; 4 cores; 16 GiB RAM; Linux-x86_64,2026-09-30T05:09:03+00:00
netlib,sctap1,2b1ab5950d3e37fd21327892e2bc830c5f0d8d3fc1f687c0f57a5cdefd9caa21,300,480,cbc-clp,1.17.9,optimal,Optimal,1412.25,1412.25,1412.25,0.0,0.0,1,1412.25,1,primal+dual,1,,1,0.012686984000083612,0.012686984000083612,198,120.0,1,5e490ef,cloud container (docker); Intel(R) Xeon(R) Processor @ 2.10GHz; 4 cores; 16 GiB RAM; Linux-x86_64,2026-09-30T05:09:03+00:00
netlib,sctap1,2b1ab5950d3e37fd21327892e2bc830c5f0d8d3fc1f687c0f57a5cdefd9caa21,300,480,glpk,5.0,optimal,789 lines were written,1412.25,1412.2500000000002,1412.25,2.2737367544323206e-13,1.6100100934199472e-16,1,1412.25,1,primal+dual,1,,1,0.0,0.007594320999942283,166,120.0,1,5e490ef,cloud container (docker); Intel(R) Xeon(R) Processor @ 2.10GHz; 4 cores; 16 GiB RAM; Linux-x86_64,2026-09-30T05:09:03+00:00
netlib,sctap2,673d50e3b929f83b1719d28ee09500890294107099518161bcf2a4f452e95fb2,1090,1880,sankhya,5e490ef,optimal,,1724.8071428571432,1724.8071428571432,1724.8071429,4.285675458959304e-08,2.4847273369668418e-11,1,1724.807142857143,1,primal+dual,1,,1,0.022399563,0.030624812000041857,775,120.0,1,5e490ef,cloud container (docker); Intel(R) Xeon(R) Processor @ 2.10GHz; 4 cores; 16 GiB RAM; Linux-x86_64,2026-09-30T05:09:04+00:00
netlib,sctap2,673d50e3b929f83b1719d28ee09500890294107099518161bcf2a4f452e95fb2,1090,1880,highs,1.15.1,optimal,optimal,1724.807142857143,1724.807142857143,1724.8071429,4.285698196326848e-08,2.484740519523302e-11,1,1724.807142857143,1,primal+dual,1,,1,0.011986255645751953,0.23368961200003469,755,120.0,1,5e490ef,cloud container (docker); Intel(R) Xeon(R) Processor @ 2.10GHz; 4 cores; 16 GiB RAM; Linux-x86_64,2026-09-30T05:09:04+00:00
netlib,sctap2,673d50e3b929f83b1719d28ee09500890294107099518161bcf2a4f452e95fb2,1090,1880,scip,10.0.2,optimal,optimal,1724.807142857143,1724.807142857143,1724.8071429,4.285698196326848e-08,2.484740519523302e-11,1,1724.807142857143,1,primal-only,1,,1,0.034893,0.17324715399990964,530,120.0,1,5e490ef,cloud container (docker); Intel(R) Xeon(R) Processor @ 2.10GHz; 4 cores; 16 GiB RAM; Linux-x86_64,2026-09-30T05:09:04+00:00
netlib,sctap2,673d50e3b929f83b1719d28ee09500890294107099518161bcf2a4f452e95fb2,1090,1880,cbc-clp,1.17.9,optimal,Optimal,1724.807142857143,1724.807142857143,1724.8071429,4.285698196326848e-08,2.484740519523302e-11,1,1724.807142857143,1,primal+dual,1,,1,0.015740348999770504,0.015740348999770504,381,120.0,1,5e490ef,cloud container (docker); Intel(R) Xeon(R) Processor @ 2.10GHz; 4 cores; 16 GiB RAM; Linux-x86_64,2026-09-30T05:09:04+00:00
netlib,sctap2,673d50e3b929f83b1719d28ee09500890294107099518161bcf2a4f452e95fb2,1090,1880,glpk,5.0,optimal,2979 lines were written,1724.80714285714,1724.8071428571427,1724.8071429,4.2857209336943924e-08,2.4847537020797624e-11,1,1724.807142857143,1,primal+dual,1,,1,0.0,0.025121109999872715,381,120.0,1,5e490ef,cloud container (docker); Intel(R) Xeon(R) Processor @ 2.10GHz; 4 cores; 16 GiB RAM; Linux-x86_64,2026-09-30T05:09:04+00:00
netlib,sctap3,44e105b02a722bf19292b8aeb4779480c4eb81f40da35d64d8f4534f85000168,1480,2480,sankhya,5e490ef,optimal,,1424.0,1424.0,1424.0,0.0,0.0,1,1424.0,1,primal+dual,1,,1,0.026574638,0.03559223699994618,1111,120.0,1,5e490ef,cloud container (docker); Intel(R) Xeon(R) Processor @ 2.10GHz; 4 cores; 16 GiB RAM; Linux-x86_64,2026-09-30T05:09:04+00:00
netlib,sctap3,44e105b02a722bf19292b8aeb4779480c4eb81f40da35d64d8f4534f85000168,1480,2480,highs,1.15.1,optimal,optimal,1424.0,1424.0,1424.0,0.0,0.0,1,1424.0,1,primal+dual,1,,1,0.0177457332611084,0.2826234230001319,982,120.0,1,5e490ef,cloud container (docker); Intel(R) Xeon(R) Processor @ 2.10GHz; 4 cores; 16 GiB RAM; Linux-x86_64,2026-09-30T05:09:04+00:00
netlib,sctap3,44e105b02a722bf19292b8aeb4779480c4eb81f40da35d64d8f4534f85000168,1480,2480,scip,10.0.2,optimal,optimal,1424.0,1424.0,1424.0,0.0,0.0,1,1424.0,1,primal-only,1,,1,0.055617,0.21028609800032427,682,120.0,1,5e490ef,cloud container (docker); Intel(R) Xeon(R) Processor @ 2.10GHz; 4 cores; 16 GiB RAM; Linux-x86_64,2026-09-30T05:09:04+00:00
netlib,sctap3,44e105b02a722bf19292b8aeb4779480c4eb81f40da35d64d8f4534f85000168,1480,2480,cbc-clp,1.17.9,optimal,Optimal,1424.0,1424.0,1424.0,0.0,0.0,1,1424.0,1,primal+dual,1,,1,0.013949172000138788,0.013949172000138788,471,120.0,1,5e490ef,cloud container (docker); Intel(R) Xeon(R) Processor @ 2.10GHz; 4 cores; 16 GiB RAM; Linux-x86_64,2026-09-30T05:09:04+00:00
netlib,sctap3,44e105b02a722bf19292b8aeb4779480c4eb81f40da35d64d8f4534f85000168,1480,2480,glpk,5.0,optimal,3969 lines were written,1424.0,1424.0000000000002,1424.0,2.2737367544323206e-13,1.5967252488991015e-16,1,1424.0,1,primal+dual,1,,1,0.0,0.03593215799992322,631,120.0,1,5e490ef,cloud container (docker); Intel(R) Xeon(R) Processor @ 2.10GHz; 4 cores; 16 GiB RAM; Linux-x86_64,2026-09-30T05:09:04+00:00
netlib,seba,539733cdb036e2d2e8e80e7ea1666848b6b67a36a34b1c6cf9a883e1c868ef1e,515,1028,sankhya,5e490ef,optimal,,15711.599999999999,15711.599999999999,15711.6,1.8189894035458565e-12,1.1577365790536013e-16,1,15711.6,1,primal+dual,1,,1,0.00666162,0.014147472000331618,439,120.0,1,5e490ef,cloud container (docker); Intel(R) Xeon(R) Processor @ 2.10GHz; 4 cores; 16 GiB RAM; Linux-x86_64,2026-09-30T05:09:05+00:00
netlib,seba,539733cdb036e2d2e8e80e7ea1666848b6b67a36a34b1c6cf9a883e1c868ef1e,515,1028,highs,1.15.1,optimal,optimal,15711.599999999999,15711.599999999999,15711.6,1.8189894035458565e-12,1.1577365790536013e-16,1,15711.6,1,primal+dual,1,,1,0.0038061141967773438,0.15622085799986962,1,120.0,1,5e490ef,cloud container (docker); Intel(R) Xeon(R) Processor @ 2.10GHz; 4 cores; 16 GiB RAM; Linux-x86_64,2026-09-30T05:09:05+00:00
netlib,seba,539733cdb036e2d2e8e80e7ea1666848b6b67a36a34b1c6cf9a883e1c868ef1e,515,1028,scip,10.0.2,optimal,optimal,15711.599999999999,15711.599999999999,15711.6,1.8189894035458565e-12,1.1577365790536013e-16,1,15711.6,1,primal-only,1,,1,0.007606,0.1429527089999283,0,120.0,1,5e490ef,cloud container (docker); Intel(R) Xeon(R) Processor @ 2.10GHz; 4 cores; 16 GiB RAM; Linux-x86_64,2026-09-30T05:09:05+00:00
netlib,seba,539733cdb036e2d2e8e80e7ea1666848b6b67a36a34b1c6cf9a883e1c868ef1e,515,1028,cbc-clp,1.17.9,optimal,Optimal,15711.599999999999,15711.599999999999,15711.6,1.8189894035458565e-12,1.1577365790536013e-16,1,15711.6,1,primal+dual,1,,1,0.008974029999990307,0.008974029999990307,2,120.0,1,5e490ef,cloud container (docker); Intel(R) Xeon(R) Processor @ 2.10GHz; 4 cores; 16 GiB RAM; Linux-x86_64,2026-09-30T05:09:05+00:00
netlib,seba,539733cdb036e2d2e8e80e7ea1666848b6b67a36a34b1c6cf9a883e1c868ef1e,515,1028,glpk,5.0,optimal,1552 lines were written,15711.6,15711.599999999991,15711.6,9.094947017729282e-12,5.788682895268007e-16,1,15711.6,1,primal+dual,1,,1,0.0,0.01508917500041207,258,120.0,1,5e490ef,cloud container (docker); Intel(R) Xeon(R) Processor @ 2.10GHz; 4 cores; 16 GiB RAM; Linux-x86_64,2026-09-30T05:09:05+00:00
netlib,share1b,fafdf8b5e3d50d27f5eff40e46eb104d1e614bf2721cb5be38081f1678dbd562,117,225,sankhya,5e490ef,optimal,,-76589.31857918552,-76589.31857918552,-76589.318579,1.85522367246449e-07,2.4223007945303396e-12,1,-76589.31857918568,1,primal+dual,1,,1,0.00160239,0.005399824000051012,136,120.0,1,5e490ef,cloud container (docker); Intel(R) Xeon(R) Processor @ 2.10GHz; 4 cores; 16 GiB RAM; Linux-x86_64,2026-09-30T05:09:06+00:00
netlib,share1b,fafdf8b5e3d50d27f5eff40e46eb104d1e614bf2721cb5be38081f1678dbd562,117,225,highs,1.15.1,optimal,optimal,-76589.31857918572,-76589.31857918572,-76589.318579,1.8572609405964613e-07,2.42496078442158e-12,1,-76589.31857918568,1,primal+dual,1,,1,0.0029172897338867188,0.1293948890001957,160,120.0,1,5e490ef,cloud container (docker); Intel(R) Xeon(R) Processor @ 2.10GHz; 4 cores; 16 GiB RAM; Linux-x86_64,2026-09-30T05:09:06+00:00
netlib,share1b,fafdf8b5e3d50d27f5eff40e46eb104d1e614bf2721cb5be38081f1678dbd562,117,225,scip,10.0.2,optimal,optimal,-76589.31857918561,-76589.31857918564,-76589.318579,1.8563878256827593e-07,2.4238207887539054e-12,1,-76589.31857918568,1,primal-only,1,,1,0.009541,0.13762037799961035,244,120.0,1,5e490ef,cloud container (docker); Intel(R) Xeon(R) Processor @ 2.10GHz; 4 cores; 16 GiB RAM; Linux-x86_64,2026-09-30T05:09:06+00:00
netlib,share1b,fafdf8b5e3d50d27f5eff40e46eb104d1e614bf2721cb5be38081f1678dbd562,117,225,cbc-clp,1.17.9,optimal,Optimal,-76589.31857918586,-76589.31857918586,-76589.318579,1.8585706129670143e-07,2.4266707779230917e-12,1,-76589.31857918568,1,primal+dual,1,,1,0.007055838999804109,0.007055838999804109,132,120.0,1,5e490ef,cloud container (docker); Intel(R) Xeon(R) Processor @ 2.10GHz; 4 cores; 16 GiB RAM; Linux-x86_64,2026-09-30T05:09:06+00:00
netlib,share1b,fafdf8b5e3d50d27f5eff40e46eb104d1e614bf2721cb5be38081f1678dbd562,117,225,glpk,5.0,optimal,351 lines were written,-76589.3185791857,-76589.31857918575,-76589.318579,1.8575519789010286e-07,2.4253407829774715e-12,1,-76589.31857918568,1,primal+dual,1,,1,0.0,0.007471305000308348,161,120.0,1,5e490ef,cloud container (docker); Intel(R) Xeon(R) Processor @ 2.10GHz; 4 cores; 16 GiB RAM; Linux-x86_64,2026-09-30T05:09:06+00:00
netlib,share2b,2816c0a71096acc08fd88f65c960366856802c074601e5fa544f9c3eab640c96,96,79,sankhya,5e490ef,optimal,,-415.7322407414192,-415.7322407414192,-415.73224074,1.4192096386977937e-09,3.4137589044612273e-12,1,-415.7322407414195,1,primal+dual,1,,1,0.001366791,0.005004830999951082,124,120.0,1,5e490ef,cloud container (docker); Intel(R) Xeon(R) Processor @ 2.10GHz; 4 cores; 16 GiB RAM; Linux-x86_64,2026-09-30T05:09:07+00:00
netlib,share2b,2816c0a71096acc08fd88f65c960366856802c074601e5fa544f9c3eab640c96,96,79,highs,1.15.1,optimal,optimal,-415.73224074141945,-415.73224074141945,-415.73224074,1.419437012373237e-09,3.4143058278247812e-12,1,-415.7322407414195,1,primal+dual,1,,1,0.0015287399291992188,0.09794004700006553,99,120.0,1,5e490ef,cloud container (docker); Intel(R) Xeon(R) Processor @ 2.10GHz; 4 cores; 16 GiB RAM; Linux-x86_64,2026-09-30T05:09:07+00:00
netlib,share2b,2816c0a71096acc08fd88f65c960366856802c074601e5fa544f9c3eab640c96,96,79,scip,10.0.2,optimal,optimal,-415.7322407414159,-415.7322407414159,-415.73224074,1.4159127204038668e-09,3.405828515689699e-12,1,-415.7322407414195,1,primal-only,1,,1,0.004306,0.1351624950002588,123,120.0,1,5e490ef,cloud container (docker); Intel(R) Xeon(R) Processor @ 2.10GHz; 4 cores; 16 GiB RAM; Linux-x86_64,2026-09-30T05:09:07+00:00
netlib,share2b,2816c0a71096acc08fd88f65c960366856802c074601e5fa544f9c3eab640c96,96,79,cbc-clp,1.17.9,optimal,Optimal,-415.73224074141956,-415.73224074141956,-415.73224074,1.4195506992109586e-09,3.414579289506558e-12,1,-415.7322407414195,1,primal+dual,1,,1,0.007050863999666035,0.007050863999666035,96,120.0,1,5e490ef,cloud container (docker); Intel(R) Xeon(R) Processor @ 2.10GHz; 4 cores; 16 GiB RAM; Linux-x86_64,2026-09-30T05:09:07+00:00
netlib,share2b,2816c0a71096acc08fd88f65c960366856802c074601e5fa544f9c3eab640c96,96,79,glpk,5.0,optimal,184 lines were written,-415.73224074142,-415.7322407414195,-415.73224074,1.4194938557920977e-09,3.4144425586656697e-12,1,-415.7322407414195,1,primal+dual,1,,1,0.0,0.005102997999983927,73,120.0,1,5e490ef,cloud container (docker); Intel(R) Xeon(R) Processor @ 2.10GHz; 4 cores; 16 GiB RAM; Linux-x86_64,2026-09-30T05:09:07+00:00
netlib,shell,e21331e8282f8d8616cbee27e093e50d140ea03f9bc3fd0b6da0ccff638d2f91,536,1775,sankhya,5e490ef,optimal,,1208825346.0,1208825346.0,1208825346.0,0.0,0.0,1,1208825346.0,1,primal+dual,1,,1,0.012763731,0.02275485399968602,461,120.0,1,5e490ef,cloud container (docker); Intel(R) Xeon(R) Processor @ 2.10GHz; 4 cores; 16 GiB RAM; Linux-x86_64,2026-09-30T05:09:07+00:00
netlib,shell,e21331e8282f8d8616cbee27e093e50d140ea03f9bc3fd0b6da0ccff638d2f91,536,1775,highs,1.15.1,optimal,optimal,1208825346.0,1208825346.0,1208825346.0,0.0,0.0,1,1208825346.0,1,primal+dual,1,,1,0.01140904426574707,0.20663277600033325,325,120.0,1,5e490ef,cloud container (docker); Intel(R) Xeon(R) Processor @ 2.10GHz; 4 cores; 16 GiB RAM; Linux-x86_64,2026-09-30T05:09:07+00:00
netlib,shell,e21331e8282f8d8616cbee27e093e50d140ea03f9bc3fd0b6da0ccff638d2f91,536,1775,scip,10.0.2,optimal,optimal,1208825346.0,1208825346.0,1208825346.0,0.0,0.0,1,1208825346.0,1,primal-only,1,,1,0.023017,0.15222448399981658,409,120.0,1,5e490ef,cloud container (docker); Intel(R) Xeon(R) Processor @ 2.10GHz; 4 cores; 16 GiB RAM; Linux-x86_64,2026-09-30T05:09:07+00:00
netlib,shell,e21331e8282f8d8616cbee27e093e50d140ea03f9bc3fd0b6da0ccff638d2f91,536,1775,cbc-clp,1.17.9,optimal,Optimal,1208825346.0,1208825346.0,1208825346.0,0.0,0.0,1,1208825346.0,1,primal+dual,1,,1,0.01970129499977702,0.01970129499977702,266,120.0,1,5e490ef,cloud container (docker); Intel(R) Xeon(R) Processor @ 2.10GHz; 4 cores; 16 GiB RAM; Linux-x86_64,2026-09-30T05:09:07+00:00
netlib,shell,e21331e8282f8d8616cbee27e093e50d140ea03f9bc3fd0b6da0ccff638d2f91,536,1775,glpk,5.0,optimal,2320 lines were written,1208825346.0,1208825346.0,1208825346.0,0.0,0.0,1,1208825346.0,1,primal+dual,1,,1,0.0,0.025093792000006943,422,120.0,1,5e490ef,cloud container (docker); Intel(R) Xeon(R) Processor @ 2.10GHz; 4 cores; 16 GiB RAM; Linux-x86_64,2026-09-30T05:09:07+00:00
netlib,ship04l,e7c46bfd6492a400220cf1f5f093f264901fd0e8534dd8cbb060d491612dc881,402,2118,sankhya,5e490ef,optimal,,1793324.5379703562,1793324.5379703562,1793324.538,2.9643764719367027e-05,1.6530061397825488e-11,1,1793324.5379703557,1,primal+dual,1,,1,0.00645861,0.014648462999957701,447,120.0,1,5e490ef,cloud container (docker); Intel(R) Xeon(R) Processor @ 2.10GHz; 4 cores; 16 GiB RAM; Linux-x86_64,2026-09-30T05:09:08+00:00
netlib,ship04l,e7c46bfd6492a400220cf1f5f093f264901fd0e8534dd8cbb060d491612dc881,402,2118,highs,1.15.1,optimal,optimal,1793324.5379703562,1793324.5379703562,1793324.538,2.9643764719367027e-05,1.6530061397825488e-11,1,1793324.5379703557,1,primal+dual,1,,1,0.007078647613525391,0.2215623769998274,380,120.0,1,5e490ef,cloud container (docker); Intel(R) Xeon(R) Processor @ 2.10GHz; 4 cores; 16 GiB RAM; Linux-x86_64,2026-09-30T05:09:08+00:00
netlib,ship04l,e7c46bfd6492a400220cf1f5f093f264901fd0e8534dd8cbb060d491612dc881,402,2118,scip,10.0.2,optimal,optimal,1793324.537970356,1793324.5379703566,1793324.538,2.964329905807972e-05,1.652980173412411e-11,1,1793324.5379703557,1,primal-only,1,,1,0.032045,0.18720107700028166,506,120.0,1,5e490ef,cloud container (docker); Intel(R) Xeon(R) Processor @ 2.10GHz; 4 cores; 16 GiB RAM; Linux-x86_64,2026-09-30T05:09:08+00:00
netlib,ship04l,e7c46bfd6492a400220cf1f5f093f264901fd0e8534dd8cbb060d491612dc881,402,2118,cbc-clp,1.17.9,optimal,Optimal,1793324.537970356,1793324.537970356,1793324.538,2.964399755001068e-05,1.6530191229676178e-11,1,1793324.5379703557,1,primal+dual,1,,1,0.012180266000086704,0.012180266000086704,393,120.0,1,5e490ef,cloud container (docker); Intel(R) Xeon(R) Processor @ 2.10GHz; 4 cores; 16 GiB RAM; Linux-x86_64,2026-09-30T05:09:08+00:00
netlib,ship04l,e7c46bfd6492a400220cf1f5f093f264901fd0e8534dd8cbb060d491612dc881,402,2118,glpk,5.0,optimal,2529 lines were written,1793324.53797036,1793324.5379703562,1793324.538,2.9643764719367027e-05,1.6530061397825488e-11,1,1793324.5379703557,1,primal+dual,1,,1,0.0,0.016120518000207085,334,120.0,1,5e490ef,cloud container (docker); Intel(R) Xeon(R) Processor @ 2.10GHz; 4 cores; 16 GiB RAM; Linux-x86_64,2026-09-30T05:09:08+00:00
netlib,ship04s,2ed2828b251173a05004349121cd9a271a3434bf2efe4e1b70d7e0bdf2d76f94,402,1458,sankhya,5e490ef,optimal,,1798714.7004453922,1798714.7004453922,1798714.7004,4.5392196625471115e-05,2.5235906848026957e-11,1,1798714.7004453922,1,primal+dual,1,,1,0.003470658,0.010891038999943703,296,120.0,1,5e490ef,cloud container (docker); Intel(R) Xeon(R) Processor @ 2.10GHz; 4 cores; 16 GiB RAM; Linux-x86_64,2026-09-30T05:09:09+00:00
netlib,ship04s,2ed2828b251173a05004349121cd9a271a3434bf2efe4e1b70d7e0bdf2d76f94,402,1458,highs,1.15.1,optimal,optimal,1798714.7004453917,1798714.7004453917,1798714.7004,4.539173096418381e-05,2.523564796245316e-11,1,1798714.7004453922,1,primal+dual,1,,1,0.004866123199462891,0.17279979499971887,264,120.0,1,5e490ef,cloud container (docker); Intel(R) Xeon(R) Processor @ 2.10GHz; 4 cores; 16 GiB RAM; Linux-x86_64,2026-09-30T05:09:09+00:00
netlib,ship04s,2ed2828b251173a05004349121cd9a271a3434bf2efe4e1b70d7e0bdf2d76f94,402,1458,scip,10.0.2,optimal,optimal,1798714.700445392,1798714.7004453915,1798714.7004,4.5391498133540154e-05,2.5235518519666264e-11,1,1798714.7004453922,1,primal-only,1,,1,0.02174,0.15839072099970508,366,120.0,1,5e490ef,cloud container (docker); Intel(R) Xeon(R) Processor @ 2.10GHz; 4 cores; 16 GiB RAM; Linux-x86_64,2026-09-30T05:09:09+00:00
netlib,ship04s,2ed2828b251173a05004349121cd9a271a3434bf2efe4e1b70d7e0bdf2d76f94,402,1458,cbc-clp,1.17.9,optimal,Optimal,1798714.7004453917,1798714.7004453917,1798714.7004,4.539173096418381e-05,2.523564796245316e-11,1,1798714.7004453922,1,primal+dual,1,,1,0.008741856000142434,0.008741856000142434,291,120.0,1,5e490ef,cloud container (docker); Intel(R) Xeon(R) Processor @ 2.10GHz; 4 cores; 16 GiB RAM; Linux-x86_64,2026-09-30T05:09:09+00:00
netlib,ship04s,2ed2828b251173a05004349121cd9a271a3434bf2efe4e1b70d7e0bdf2d76f94,402,1458,glpk,5.0,optimal,1869 lines were written,1798714.70044539,1798714.7004453915,1798714.7004,4.5391498133540154e-05,2.5235518519666264e-11,1,1798714.7004453922,1,primal+dual,1,,1,0.0,0.010619696000048862,224,120.0,1,5e490ef,cloud container (docker); Intel(R) Xeon(R) Processor @ 2.10GHz; 4 cores; 16 GiB RAM; Linux-x86_64,2026-09-30T05:09:09+00:00
netlib,ship08l,58b6142628facaa1b056f32f9f47167097db66825f0c6b42c6f65e4da1b5da07,778,4283,sankhya,5e490ef,optimal,,1909055.211389131,1909055.211389131,1909055.2114,1.0869000107049942e-05,5.6933922299078996e-12,1,1909055.2113891316,1,primal+dual,1,,1,0.018363977,0.03193084300028204,743,120.0,1,5e490ef,cloud container (docker); Intel(R) Xeon(R) Processor @ 2.10GHz; 4 cores; 16 GiB RAM; Linux-x86_64,2026-09-30T05:09:09+00:00
netlib,ship08l,58b6142628facaa1b056f32f9f47167097db66825f0c6b42c6f65e4da1b5da07,778,4283,highs,1.15.1,optimal,optimal,1909055.211389131,1909055.211389131,1909055.2114,1.0869000107049942e-05,5.6933922299078996e-12,1,1909055.2113891316,1,primal+dual,1,,1,0.013242483139038086,0.44863572599979307,670,120.0,1,5e490ef,cloud container (docker); Intel(R) Xeon(R) Processor @ 2.10GHz; 4 cores; 16 GiB RAM; Linux-x86_64,2026-09-30T05:09:09+00:00
netlib,ship08l,58b6142628facaa1b056f32f9f47167097db66825f0c6b42c6f65e4da1b5da07,778,4283,scip,10.0.2,optimal,optimal,1909055.2113891318,1909055.211389131,1909055.2114,1.0869000107049942e-05,5.6933922299078996e-12,1,1909055.2113891316,1,primal-only,1,,1,0.080626,0.24433941799998138,1022,120.0,1,5e490ef,cloud container (docker); Intel(R) Xeon(R) Processor @ 2.10GHz; 4 cores; 16 GiB RAM; Linux-x86_64,2026-09-30T05:09:09+00:00
netlib,ship08l,58b6142628facaa1b056f32f9f47167097db66825f0c6b42c6f65e4da1b5da07,778,4283,cbc-clp,1.17.9,optimal,Optimal,1909055.2113891307,1909055.2113891307,1909055.2114,1.0869232937693596e-05,5.693514191097007e-12,1,1909055.2113891316,1,primal+dual,1,,1,0.015594485999827157,0.015594485999827157,703,120.0,1,5e490ef,cloud container (docker); Intel(R) Xeon(R) Processor @ 2.10GHz; 4 cores; 16 GiB RAM; Linux-x86_64,2026-09-30T05:09:09+00:00
netlib,ship08l,58b6142628facaa1b056f32f9f47167097db66825f0c6b42c6f65e4da1b5da07,778,4283,glpk,5.0,optimal,5070 lines were written,1909055.21138913,1909055.2113891295,1909055.2114,1.0870397090911865e-05,5.694123997042544e-12,1,1909055.2113891316,1,primal+dual,1,,1,0.0,0.04651779899995745,539,120.0,1,5e490ef,cloud container (docker); Intel(R) Xeon(R) Processor @ 2.10GHz; 4 cores; 16 GiB RAM; Linux-x86_64,2026-09-30T05:09:09+00:00
netlib,ship08s,bdf5671548dde27b0d83c244914036e58081c4683786b2fd132277f577c9a7d8,778,2387,sankhya,5e490ef,optimal,,1920098.2105346182,1920098.2105346182,1920098.2105,3.461819142103195e-05,1.8029385805227774e-11,1,1920098.2105346196,1,primal+dual,1,,1,0.00662239,0.017355415000110952,422,120.0,1,5e490ef,cloud container (docker); Intel(R) Xeon(R) Processor @ 2.10GHz; 4 cores; 16 GiB RAM; Linux-x86_64,2026-09-30T05:09:11+00:00
netlib,ship08s,bdf5671548dde27b0d83c244914036e58081c4683786b2fd132277f577c9a7d8,778,2387,highs,1.15.1,optimal,optimal,1920098.2105346182,1920098.2105346182,1920098.2105,3.461819142103195e-05,1.8029385805227774e-11,1,1920098.2105346196,1,primal+dual,1,,1,0.009431123733520508,0.26873952400001144,366,120.0,1,5e490ef,cloud container (docker); Intel(R) Xeon(R) Processor @ 2.10GHz; 4 cores; 16 GiB RAM; Linux-x86_64,2026-09-30T05:09:11+00:00
netlib,ship08s,bdf5671548dde27b0d83c244914036e58081c4683786b2fd132277f577c9a7d8,778,2387,scip,10.0.2,optimal,optimal,1920098.2105346196,1920098.210534618,1920098.2105,3.46179585903883e-05,1.802926454547013e-11,1,1920098.2105346196,1,primal-only,1,,1,0.036344999999999995,0.18318484400015222,511,120.0,1,5e490ef,cloud container (docker); Intel(R) Xeon(R) Processor @ 2.10GHz; 4 cores; 16 GiB RAM; Linux-x86_64,2026-09-30T05:09:11+00:00
netlib,ship08s,bdf5671548dde27b0d83c244914036e58081c4683786b2fd132277f577c9a7d8,778,2387,cbc-clp,1.17.9,optimal,Optimal,1920098.210534618,1920098.210534618,1920098.2105,3.46179585903883e-05,1.802926454547013e-11,1,1920098.2105346196,1,primal+dual,1,,1,0.013874461999876075,0.013874461999876075,387,120.0,1,5e490ef,cloud container (docker); Intel(R) Xeon(R) Processor @ 2.10GHz; 4 cores; 16 GiB RAM; Linux-x86_64,2026-09-30T05:09:11+00:00
netlib,ship08s,bdf5671548dde27b0d83c244914036e58081c4683786b2fd132277f577c9a7d8,778,2387,glpk,5.0,optimal,3174 lines were written,1920098.21053462,1920098.2105346185,1920098.2105,3.4618424251675606e-05,1.8029507064985417e-11,1,1920098.2105346196,1,primal+dual,1,,1,0.0,0.0203337019997889,326,120.0,1,5e490ef,cloud container (docker); Intel(R) Xeon(R) Processor @ 2.10GHz; 4 cores; 16 GiB RAM; Linux-x86_64,2026-09-30T05:09:11+00:00
netlib,ship12l,87bf21f83ae0c5a87aa73ee2d8e2bd4a6a72b3c6cbdc603853dbb7b43b824911,1151,5427,sankhya,5e490ef,optimal,,1470187.919329266,1470187.919329266,1470187.9193,2.926611341536045e-05,1.9906375934101617e-11,1,1470187.919329265,1,primal+dual,1,,1,0.020947246,0.03527420299997175,1063,120.0,1,5e490ef,cloud container (docker); Intel(R) Xeon(R) Processor @ 2.10GHz; 4 cores; 16 GiB RAM; Linux-x86_64,2026-09-30T05:09:12+00:00
netlib,ship12l,87bf21f83ae0c5a87aa73ee2d8e2bd4a6a72b3c6cbdc603853dbb7b43b824911,1151,5427,highs,1.15.1,optimal,optimal,1470187.9193292663,1470187.9193292663,1470187.9193,2.9266346246004105e-05,1.9906534302049413e-11,1,1470187.919329265,1,primal+dual,1,,1,0.022325754165649414,0.8269598420001785,951,120.0,1,5e490ef,cloud container (docker); Intel(R) Xeon(R) Processor @ 2.10GHz; 4 cores; 16 GiB RAM; Linux-x86_64,2026-09-30T05:09:12+00:00
netlib,ship12l,87bf21f83ae0c5a87aa73ee2d8e2bd4a6a72b3c6cbdc603853dbb7b43b824911,1151,5427,scip,10.0.2,optimal,optimal,1470187.919329265,1470187.9193292663,1470187.9193,2.9266346246004105e-05,1.9906534302049413e-11,1,1470187.919329265,1,primal-only,1,,1,0.10467,0.2713895860001685,1132,120.0,1,5e490ef,cloud container (docker); Intel(R) Xeon(R) Processor @ 2.10GHz; 4 cores; 16 GiB RAM; Linux-x86_64,2026-09-30T05:09:12+00:00
netlib,ship12l,87bf21f83ae0c5a87aa73ee2d8e2bd4a6a72b3c6cbdc603853dbb7b43b824911,1151,5427,cbc-clp,1.17.9,optimal,Optimal,1470187.9193292658,1470187.9193292658,1470187.9193,2.9265880584716797e-05,1.990621756615382e-11,1,1470187.919329265,1,primal+dual,1,,1,0.027612366000084876,0.027612366000084876,986,120.0,1,5e490ef,cloud container (docker); Intel(R) Xeon(R) Processor @ 2.10GHz; 4 cores; 16 GiB RAM; Linux-x86_64,2026-09-30T05:09:12+00:00
netlib,ship12l,87bf21f83ae0c5a87aa73ee2d8e2bd4a6a72b3c6cbdc603853dbb7b43b824911,1151,5427,glpk,5.0,optimal,6587 lines were written,1470187.91932927,1470187.9193292668,1470187.9193,2.9266811907291412e-05,1.9906851037945005e-11,1,1470187.919329265,1,primal+dual,1,,1,0.0,0.05538866200004122,714,120.0,1,5e490ef,cloud container (docker); Intel(R) Xeon(R) Processor @ 2.10GHz; 4 cores; 16 GiB RAM; Linux-x86_64,2026-09-30T05:09:12+00:00
netlib,ship12s,43bacbc026b0b5588ed9bec06b11fadfbff8beb19b4e84881370a57cc6540e5d,1151,2763,sankhya,5e490ef,optimal,,1489236.1344061326,1489236.1344061326,1489236.1344,6.132526323199272e-06,4.1179005676423585e-12,1,1489236.1344061291,1,primal+dual,1,,1,0.008186497,0.017727066000134073,590,120.0,1,5e490ef,cloud container (docker); Intel(R) Xeon(R) Processor @ 2.10GHz; 4 cores; 16 GiB RAM; Linux-x86_64,2026-09-30T05:09:14+00:00
netlib,ship12s,43bacbc026b0b5588ed9bec06b11fadfbff8beb19b4e84881370a57cc6540e5d,1151,2763,highs,1.15.1,optimal,optimal,1489236.1344061329,1489236.1344061329,1489236.1344,6.132759153842926e-06,4.118056909969996e-12,1,1489236.1344061291,1,primal+dual,1,,1,0.010732889175415039,0.30352234100018904,480,120.0,1,5e490ef,cloud container (docker); Intel(R) Xeon(R) Processor @ 2.10GHz; 4 cores; 16 GiB RAM; Linux-x86_64,2026-09-30T05:09:14+00:00
netlib,ship12s,43bacbc026b0b5588ed9bec06b11fadfbff8beb19b4e84881370a57cc6540e5d,1151,2763,scip,10.0.2,optimal,optimal,1489236.1344061291,1489236.1344061329,1489236.1344,6.132759153842926e-06,4.118056909969996e-12,1,1489236.1344061291,1,primal-only,1,,1,0.042011,0.20671760899995206,658,120.0,1,5e490ef,cloud container (docker); Intel(R) Xeon(R) Processor @ 2.10GHz; 4 cores; 16 GiB RAM; Linux-x86_64,2026-09-30T05:09:14+00:00
netlib,ship12s,43bacbc026b0b5588ed9bec06b11fadfbff8beb19b4e84881370a57cc6540e5d,1151,2763,cbc-clp,1.17.9,optimal,Optimal,1489236.1344061326,1489236.1344061326,1489236.1344,6.132526323199272e-06,4.1179005676423585e-12,1,1489236.1344061291,1,primal+dual,1,,1,0.015285634000065329,0.015285634000065329,550,120.0,1,5e490ef,cloud container (docker); Intel(R) Xeon(R) Processor @ 2.10GHz; 4 cores; 16 GiB RAM; Linux-x86_64,2026-09-30T05:09:14+00:00
netlib,ship12s,43bacbc026b0b5588ed9bec06b11fadfbff8beb19b4e84881370a57cc6540e5d,1151,2763,glpk,5.0,optimal,3923 lines were written,1489236.13440613,1489236.1344061326,1489236.1344,6.132526323199272e-06,4.1179005676423585e-12,1,1489236.1344061291,1,primal+dual,1,,1,0.0,0.024580783999681444,382,120.0,1,5e490ef,cloud container (docker); Intel(R) Xeon(R) Processor @ 2.10GHz; 4 cores; 16 GiB RAM; Linux-x86_64,2026-09-30T05:09:14+00:00
netlib,sierra,dbabb4bb56b9de7efbca7df842922c7c1ef620bcbee2aeb28f4bf3c5a3868cc9,1227,2036,sankhya,5e490ef,optimal,,15394362.183631925,15394362.183631925,15394362.184,0.0003680754452943802,2.3909756110385417e-11,1,15394362.18363193,1,primal+dual,1,,1,0.019336129,0.03089505299976736,550,120.0,1,5e490ef,cloud container (docker); Intel(R) Xeon(R) Processor @ 2.10GHz; 4 cores; 16 GiB RAM; Linux-x86_64,2026-09-30T05:09:15+00:00
netlib,sierra,dbabb4bb56b9de7efbca7df842922c7c1ef620bcbee2aeb28f4bf3c5a3868cc9,1227,2036,highs,1.15.1,optimal,optimal,15394362.183631929,15394362.183631929,15394362.184,0.0003680717200040817,2.390951411982719e-11,1,15394362.18363193,1,primal+dual,1,,1,0.012953996658325195,0.2512157420001131,352,120.0,1,5e490ef,cloud container (docker); Intel(R) Xeon(R) Processor @ 2.10GHz; 4 cores; 16 GiB RAM; Linux-x86_64,2026-09-30T05:09:15+00:00
netlib,sierra,dbabb4bb56b9de7efbca7df842922c7c1ef620bcbee2aeb28f4bf3c5a3868cc9,1227,2036,scip,10.0.2,optimal,optimal,15394362.18363193,15394362.183631923,15394362.184,0.0003680773079395294,2.390987710566453e-11,1,15394362.18363193,1,primal-only,1,,1,0.06443399999999999,0.1903313889997662,432,120.0,1,5e490ef,cloud container (docker); Intel(R) Xeon(R) Processor @ 2.10GHz; 4 cores; 16 GiB RAM; Linux-x86_64,2026-09-30T05:09:15+00:00
netlib,sierra,dbabb4bb56b9de7efbca7df842922c7c1ef620bcbee2aeb28f4bf3c5a3868cc9,1227,2036,cbc-clp,1.17.9,optimal,Optimal,15394362.183631927,15394362.183631927,15394362.184,0.00036807358264923096,2.3909635115106303e-11,1,15394362.18363193,1,primal+dual,1,,1,0.014601114000015514,0.014601114000015514,428,120.0,1,5e490ef,cloud container (docker); Intel(R) Xeon(R) Processor @ 2.10GHz; 4 cores; 16 GiB RAM; Linux-x86_64,2026-09-30T05:09:15+00:00
netlib,sierra,dbabb4bb56b9de7efbca7df842922c7c1ef620bcbee2aeb28f4bf3c5a3868cc9,1227,2036,glpk,5.0,optimal,3272 lines were written,15394362.1836319,15394362.183631929,15394362.184,0.0003680717200040817,2.390951411982719e-11,1,15394362.18363193,1,primal+dual,1,,1,0.0,0.04829136299986203,1006,120.0,1,5e490ef,cloud container (docker); Intel(R) Xeon(R) Processor @ 2.10GHz; 4 cores; 16 GiB RAM; Linux-x86_64,2026-09-30T05:09:15+00:00
netlib,stair,30a16ec0d02cf6c490495340d2a718f533d8e5d88f839693eb4bc06671bd8649,356,467,sankhya,5e490ef,optimal,,-251.2669511929633,-251.2669511929633,-251.26695119,2.9633042686327826e-09,1.17934501716146e-11,1,-251.2669511929633,1,primal+dual,1,,1,0.010573126,0.015511741999944206,445,120.0,1,5e490ef,cloud container (docker); Intel(R) Xeon(R) Processor @ 2.10GHz; 4 cores; 16 GiB RAM; Linux-x86_64,2026-09-30T05:09:16+00:00
netlib,stair,30a16ec0d02cf6c490495340d2a718f533d8e5d88f839693eb4bc06671bd8649,356,467,highs,1.15.1,optimal,optimal,-251.26695119296335,-251.26695119296335,-251.26695119,2.9633611120516434e-09,1.1793676398814761e-11,1,-251.2669511929633,1,primal+dual,1,,1,0.010442495346069336,0.14093975300011152,291,120.0,1,5e490ef,cloud container (docker); Intel(R) Xeon(R) Processor @ 2.10GHz; 4 cores; 16 GiB RAM; Linux-x86_64,2026-09-30T05:09:16+00:00
netlib,stair,30a16ec0d02cf6c490495340d2a718f533d8e5d88f839693eb4bc06671bd8649,356,467,scip,10.0.2,optimal,optimal,-251.2669511929633,-251.26695119296332,-251.26695119,2.963332690342213e-09,1.179356328521468e-11,1,-251.2669511929633,1,primal-only,1,,1,0.047592999999999996,0.2037549100000433,536,120.0,1,5e490ef,cloud container (docker); Intel(R) Xeon(R) Processor @ 2.10GHz; 4 cores; 16 GiB RAM; Linux-x86_64,2026-09-30T05:09:16+00:00
netlib,stair,30a16ec0d02cf6c490495340d2a718f533d8e5d88f839693eb4bc06671bd8649,356,467,cbc-clp,1.17.9,optimal,Optimal,-251.26695119295297,-251.26695119295297,-251.26695119,2.952987188109546e-09,1.1752389934785303e-11,1,-251.2669511929633,1,primal+dual,1,,1,0.016126018000250042,0.016126018000250042,317,120.0,1,5e490ef,cloud container (docker); Intel(R) Xeon(R) Processor @ 2.10GHz; 4 cores; 16 GiB RAM; Linux-x86_64,2026-09-30T05:09:16+00:00
netlib,stair,30a16ec0d02cf6c490495340d2a718f533d8e5d88f839693eb4bc06671bd8649,356,467,glpk,5.0,optimal,832 lines were written,-251.266951192963,-251.266951192963,-251.26695119,2.9630200515384786e-09,1.1792319035613793e-11,1,-251.2669511929633,1,primal+dual,1,,1,0.0,0.023783525999988342,434,120.0,1,5e490ef,cloud container (docker); Intel(R) Xeon(R) Processor @ 2.10GHz; 4 cores; 16 GiB RAM; Linux-x86_64,2026-09-30T05:09:16+00:00
netlib,standata,a513e8587cb8d72ac1f6fb07b33642a212f55646fb2c04521cdfd04b959c6fb1,359,1075,sankhya,5e490ef,optimal,,1257.6995000000002,1257.6995000000002,1257.6995,2.2737367544323206e-13,1.8078537476021266e-16,1,1257.6995,1,primal+dual,1,,1,0.00154559,0.006818906000262359,51,120.0,1,5e490ef,cloud container (docker); Intel(R) Xeon(R) Processor @ 2.10GHz; 4 cores; 16 GiB RAM; Linux-x86_64,2026-09-30T05:09:16+00:00
netlib,standata,a513e8587cb8d72ac1f6fb07b33642a212f55646fb2c04521cdfd04b959c6fb1,359,1075,highs,1.15.1,optimal,optimal,1257.6995,1257.6995,1257.6995,0.0,0.0,1,1257.6995,1,primal+dual,1,,1,0.005537986755371094,0.18220045799989748,34,120.0,1,5e490ef,cloud container (docker); Intel(R) Xeon(R) Processor @ 2.10GHz; 4 cores; 16 GiB RAM; Linux-x86_64,2026-09-30T05:09:16+00:00
netlib,standata,a513e8587cb8d72ac1f6fb07b33642a212f55646fb2c04521cdfd04b959c6fb1,359,1075,scip,10.0.2,optimal,optimal,1257.6995000000002,1257.6995,1257.6995,0.0,0.0,1,1257.6995,1,primal-only,1,,1,0.014776,0.16334538799992515,109,120.0,1,5e490ef,cloud container (docker); Intel(R) Xeon(R) Processor @ 2.10GHz; 4 cores; 16 GiB RAM; Linux-x86_64,2026-09-30T05:09:16+00:00
netlib,standata,a513e8587cb8d72ac1f6fb07b33642a212f55646fb2c04521cdfd04b959c6fb1,359,1075,cbc-clp,1.17.9,optimal,Optimal,1257.6995,1257.6995,1257.6995,0.0,0.0,1,1257.6995,1,primal+dual,1,,1,0.007222225000077742,0.007222225000077742,30,120.0,1,5e490ef,cloud container (docker); Intel(R) Xeon(R) Processor @ 2.10GHz; 4 cores; 16 GiB RAM; Linux-x86_64,2026-09-30T05:09:16+00:00
netlib,standata,a513e8587cb8d72ac1f6fb07b33642a212f55646fb2c04521cdfd04b959c6fb1,359,1075,glpk,5.0,optimal,1443 lines were written,1257.6995,1257.6995,1257.6995,0.0,0.0,1,1257.6995,1,primal+dual,1,,1,0.0,0.011466210999969917,128,120.0,1,5e490ef,cloud container (docker); Intel(R) Xeon(R) Processor @ 2.10GHz; 4 cores; 16 GiB RAM; Linux-x86_64,2026-09-30T05:09:16+00:00
netlib,standmps,93bd6bc6251b7fee0f943e1c69a7b7e836b4b34e4c011c1a871be66a1cb7e00d,467,1075,sankhya,5e490ef,optimal,,1406.0175000000002,1406.0175000000002,1406.0175,2.2737367544323206e-13,1.617146838095771e-16,1,1406.0175,1,primal+dual,1,,1,0.003833997,0.009109719999742083,197,120.0,1,5e490ef,cloud container (docker); Intel(R) Xeon(R) Processor @ 2.10GHz; 4 cores; 16 GiB RAM; Linux-x86_64,2026-09-30T05:09:17+00:00
netlib,standmps,93bd6bc6251b7fee0f943e1c69a7b7e836b4b34e4c011c1a871be66a1cb7e00d,467,1075,highs,1.15.1,optimal,optimal,1406.0175,1406.0175,1406.0175,0.0,0.0,1,1406.0175,1,primal+dual,1,,1,0.0042955875396728516,0.13433076699993762,163,120.0,1,5e490ef,cloud container (docker); Intel(R) Xeon(R) Processor @ 2.10GHz; 4 cores; 16 GiB RAM; Linux-x86_64,2026-09-30T05:09:17+00:00
netlib,standmps,93bd6bc6251b7fee0f943e1c69a7b7e836b4b34e4c011c1a871be66a1cb7e00d,467,1075,scip,10.0.2,optimal,optimal,1406.0175000000002,1406.0175,1406.0175,0.0,0.0,1,1406.0175,1,primal-only,1,,1,0.018754,0.14681891899999755,218,120.0,1,5e490ef,cloud container (docker); Intel(R) Xeon(R) Processor @ 2.10GHz; 4 cores; 16 GiB RAM; Linux-x86_64,2026-09-30T05:09:17+00:00
netlib,standmps,93bd6bc6251b7fee0f943e1c69a7b7e836b4b34e4c011c1a871be66a1cb7e00d,467,1075,cbc-clp,1.17.9,optimal,Optimal,1406.0174999999997,1406.0174999999997,1406.0175,2.2737367544323206e-13,1.617146838095771e-16,1,1406.0175,1,primal+dual,1,,1,0.007847462999961863,0.007847462999961863,158,120.0,1,5e490ef,cloud container (docker); Intel(R) Xeon(R) Processor @ 2.10GHz; 4 cores; 16 GiB RAM; Linux-x86_64,2026-09-30T05:09:17+00:00
netlib,standmps,93bd6bc6251b7fee0f943e1c69a7b7e836b4b34e4c011c1a871be66a1cb7e00d,467,1075,glpk,5.0,optimal,1551 lines were written,1406.0175,1406.0175,1406.0175,0.0,0.0,1,1406.0175,1,primal+dual,1,,1,0.0,0.012167355999736174,265,120.0,1,5e490ef,cloud container (docker); Intel(R) Xeon(R) Processor @ 2.10GHz; 4 cores; 16 GiB RAM; Linux-x86_64,2026-09-30T05:09:17+00:00
netlib,stocfor1,98e1cb3940233e044e3d0e50869539087acdf8f0862916f777e553afc705ba90,117,111,sankhya,5e490ef,optimal,,-41131.97621943643,-41131.97621943643,-41131.976219,4.3643376557156444e-07,1.0610571280306333e-11,1,-41131.97621943641,1,primal+dual,1,,1,0.001285177,0.0049476110002615314,104,120.0,1,5e490ef,cloud container (docker); Intel(R) Xeon(R) Processor @ 2.10GHz; 4 cores; 16 GiB RAM; Linux-x86_64,2026-09-30T05:09:18+00:00
netlib,stocfor1,98e1cb3940233e044e3d0e50869539087acdf8f0862916f777e553afc705ba90,117,111,highs,1.15.1,optimal,optimal,-41131.97621943641,-41131.97621943641,-41131.976219,4.364119376987219e-07,1.061004060138329e-11,1,-41131.97621943641,1,primal+dual,1,,1,0.001581430435180664,0.12262350799983324,53,120.0,1,5e490ef,cloud container (docker); Intel(R) Xeon(R) Processor @ 2.10GHz; 4 cores; 16 GiB RAM; Linux-x86_64,2026-09-30T05:09:18+00:00
netlib,stocfor1,98e1cb3940233e044e3d0e50869539087acdf8f0862916f777e553afc705ba90,117,111,scip,10.0.2,optimal,optimal,-41131.976219436416,-41131.97621943641,-41131.976219,4.364119376987219e-07,1.061004060138329e-11,1,-41131.97621943641,1,primal-only,1,,1,0.0039759999999999995,0.16065396200019677,64,120.0,1,5e490ef,cloud container (docker); Intel(R) Xeon(R) Processor @ 2.10GHz; 4 cores; 16 GiB RAM; Linux-x86_64,2026-09-30T05:09:18+00:00
netlib,stocfor1,98e1cb3940233e044e3d0e50869539087acdf8f0862916f777e553afc705ba90,117,111,cbc-clp,1.17.9,optimal,Optimal,-41131.97621943641,-41131.97621943641,-41131.976219,4.364119376987219e-07,1.061004060138329e-11,1,-41131.97621943641,1,primal+dual,1,,1,0.005828178999763622,0.005828178999763622,60,120.0,1,5e490ef,cloud container (docker); Intel(R) Xeon(R) Processor @ 2.10GHz; 4 cores; 16 GiB RAM; Linux-x86_64,2026-09-30T05:09:18+00:00
netlib,stocfor1,98e1cb3940233e044e3d0e50869539087acdf8f0862916f777e553afc705ba90,117,111,glpk,5.0,optimal,237 lines were written,-41131.9762194367,-41131.976219436685,-41131.976219,4.3668842408806086e-07,1.0616762534408508e-11,1,-41131.97621943641,1,primal+dual,1,,1,0.0,0.0038299160000860866,52,120.0,1,5e490ef,cloud container (docker); Intel(R) Xeon(R) Processor @ 2.10GHz; 4 cores; 16 GiB RAM; Linux-x86_64,2026-09-30T05:09:18+00:00
netlib,stocfor2,d54988bc39e9c48d13c8a3248913e9b6b77c2f8e9b9f4c3e4c76b060f6096b50,2157,2031,sankhya,5e490ef,optimal,,-39024.4085378821,-39024.4085378821,-39024.408538,1.1790689313784242e-07,3.021362720283912e-12,1,-39024.40853788203,1,primal+dual,1,,1,0.104572513,0.11613921299976937,1877,120.0,1,5e490ef,cloud container (docker); Intel(R) Xeon(R) Processor @ 2.10GHz; 4 cores; 16 GiB RAM; Linux-x86_64,2026-09-30T05:09:18+00:00
netlib,stocfor2,d54988bc39e9c48d13c8a3248913e9b6b77c2f8e9b9f4c3e4c76b060f6096b50,2157,2031,highs,1.15.1,optimal,optimal,-39024.408537882104,-39024.408537882104,-39024.408538,1.1789961718022823e-07,3.021176273957452e-12,1,-39024.40853788203,1,primal+dual,1,,1,0.02679157257080078,0.3373828569997386,821,120.0,1,5e490ef,cloud container (docker); Intel(R) Xeon(R) Processor @ 2.10GHz; 4 cores; 16 GiB RAM; Linux-x86_64,2026-09-30T05:09:18+00:00
netlib,stocfor2,d54988bc39e9c48d13c8a3248913e9b6b77c2f8e9b9f4c3e4c76b060f6096b50,2157,2031,scip,10.0.2,optimal,optimal,-39024.40853788204,-39024.40853788211,-39024.408538,1.1789234122261405e-07,3.020989827630992e-12,1,-39024.40853788203,1,primal-only,1,,1,0.082636,0.22568307900019136,1590,120.0,1,5e490ef,cloud container (docker); Intel(R) Xeon(R) Processor @ 2.10GHz; 4 cores; 16 GiB RAM; Linux-x86_64,2026-09-30T05:09:18+00:00
netlib,stocfor2,d54988bc39e9c48d13c8a3248913e9b6b77c2f8e9b9f4c3e4c76b060f6096b50,2157,2031,cbc-clp,1.17.9,optimal,Optimal,-39024.408537882104,-39024.408537882104,-39024.408538,1.1789961718022823e-07,3.021176273957452e-12,1,-39024.40853788203,1,primal+dual,1,,1,0.028360269000131666,0.028360269000131666,843,120.0,1,5e490ef,cloud container (docker); Intel(R) Xeon(R) Processor @ 2.10GHz; 4 cores; 16 GiB RAM; Linux-x86_64,2026-09-30T05:09:18+00:00
netlib,stocfor2,d54988bc39e9c48d13c8a3248913e9b6b77c2f8e9b9f4c3e4c76b060f6096b50,2157,2031,glpk,5.0,optimal,4197 lines were written,-39024.4085378821,-39024.40853788209,-39024.408538,1.179141690954566e-07,3.021549166610372e-12,1,-39024.40853788203,1,primal+dual,1,,1,0.1,0.08329930699983379,880,120.0,1,5e490ef,cloud container (docker); Intel(R) Xeon(R) Processor @ 2.10GHz; 4 cores; 16 GiB RAM; Linux-x86_64,2026-09-30T05:09:18+00:00
netlib,stocfor3,be37b15c7a6f0751476f4a940af74c9fb2876fdc0887b5c820c49277db0e20b1,16675,15695,sankhya,5e490ef,optimal,,-39976.78394364947,-39976.78394364947,-39976.661576,0.1223676494701067,3.0609771963442328e-06,0,-39976.783943649585,1,primal+dual,1,,1,5.787982651,5.879913948000194,14487,120.0,1,5e490ef,cloud container (docker); Intel(R) Xeon(R) Processor @ 2.10GHz; 4 cores; 16 GiB RAM; Linux-x86_64,2026-09-30T05:09:20+00:00
netlib,stocfor3,be37b15c7a6f0751476f4a940af74c9fb2876fdc0887b5c820c49277db0e20b1,16675,15695,highs,1.15.1,optimal,optimal,-39976.78394364945,-39976.78394364945,-39976.661576,0.12236764944827883,3.0609771957982176e-06,0,-39976.783943649585,1,primal+dual,1,,1,0.36891746520996094,12.332110249999914,6404,120.0,1,5e490ef,cloud container (docker); Intel(R) Xeon(R) Processor @ 2.10GHz; 4 cores; 16 GiB RAM; Linux-x86_64,2026-09-30T05:09:20+00:00
netlib,stocfor3,be37b15c7a6f0751476f4a940af74c9fb2876fdc0887b5c820c49277db0e20b1,16675,15695,scip,10.0.2,optimal,optimal,-39976.7839436496,-39976.78394364945,-39976.661576,0.12236764944827883,3.0609771957982176e-06,0,-39976.783943649585,1,primal-only,1,,1,2.351489,2.707239328000014,12491,120.0,1,5e490ef,cloud container (docker); Intel(R) Xeon(R) Processor @ 2.10GHz; 4 cores; 16 GiB RAM; Linux-x86_64,2026-09-30T05:09:20+00:00
netlib,stocfor3,be37b15c7a6f0751476f4a940af74c9fb2876fdc0887b5c820c49277db0e20b1,16675,15695,cbc-clp,1.17.9,optimal,Optimal,-39976.78394364941,-39976.78394364941,-39976.661576,0.12236764941189904,3.060977194888192e-06,0,-39976.783943649585,1,primal+dual,1,,1,0.4835884270000861,0.4835884270000861,7050,120.0,1,5e490ef,cloud container (docker); Intel(R) Xeon(R) Processor @ 2.10GHz; 4 cores; 16 GiB RAM; Linux-x86_64,2026-09-30T05:09:20+00:00
netlib,stocfor3,be37b15c7a6f0751476f4a940af74c9fb2876fdc0887b5c820c49277db0e20b1,16675,15695,glpk,5.0,optimal,32379 lines were written,-39976.7839436494,-39976.78394364943,-39976.661576,0.12236764943372691,3.0609771954342073e-06,0,-39976.783943649585,1,primal+dual,1,,1,3.7,3.8086906600001385,7549,120.0,1,5e490ef,cloud container (docker); Intel(R) Xeon(R) Processor @ 2.10GHz; 4 cores; 16 GiB RAM; Linux-x86_64,2026-09-30T05:09:20+00:00
netlib,truss,fcabea737e4cdd5cf70e70918632f6be7a7c93a4941c176bc2d5e1fd75170547,1000,8806,sankhya,5e490ef,optimal,,458815.84718561673,458815.84718561673,458815.84719,4.38326969742775e-06,9.55344006592823e-12,1,458815.84718561673,1,primal+dual,1,,1,2.192064733,2.22197161899976,14279,120.0,1,5e490ef,cloud container (docker); Intel(R) Xeon(R) Processor @ 2.10GHz; 4 cores; 16 GiB RAM; Linux-x86_64,2026-09-30T05:09:47+00:00
netlib,truss,fcabea737e4cdd5cf70e70918632f6be7a7c93a4941c176bc2d5e1fd75170547,1000,8806,highs,1.15.1,optimal,optimal,458815.84718561685,458815.84718561685,458815.84719,4.383153282105923e-06,9.553186335978534e-12,1,458815.84718561673,1,primal+dual,1,,1,2.526961326599121,4.023342162999597,19206,120.0,1,5e490ef,cloud container (docker); Intel(R) Xeon(R) Processor @ 2.10GHz; 4 cores; 16 GiB RAM; Linux-x86_64,2026-09-30T05:09:47+00:00
netlib,truss,fcabea737e4cdd5cf70e70918632f6be7a7c93a4941c176bc2d5e1fd75170547,1000,8806,scip,10.0.2,optimal,optimal,458815.84718561714,458815.8471856171,458815.84719,4.382920451462269e-06,9.552678876079143e-12,1,458815.84718561673,1,primal-only,1,,1,2.27712,2.470469064000099,15131,120.0,1,5e490ef,cloud container (docker); Intel(R) Xeon(R) Processor @ 2.10GHz; 4 cores; 16 GiB RAM; Linux-x86_64,2026-09-30T05:09:47+00:00
netlib,truss,fcabea737e4cdd5cf70e70918632f6be7a7c93a4941c176bc2d5e1fd75170547,1000,8806,cbc-clp,1.17.9,optimal,Optimal,458815.8471856167,458815.8471856167,458815.84719,4.383327905088663e-06,9.553566930903076e-12,1,458815.84718561673,1,primal+dual,1,,1,2.1358189719999245,2.1358189719999245,17109,120.0,1,5e490ef,cloud container (docker); Intel(R) Xeon(R) Processor @ 2.10GHz; 4 cores; 16 GiB RAM; Linux-x86_64,2026-09-30T05:09:47+00:00
netlib,truss,fcabea737e4cdd5cf70e70918632f6be7a7c93a4941c176bc2d5e1fd75170547,1000,8806,glpk,5.0,optimal,9815 lines were written,458815.847185617,458815.8471856169,458815.84719,4.383095074445009e-06,9.553059471003685e-12,1,458815.84718561673,1,primal+dual,1,,1,0.8,0.8689397490002193,4273,120.0,1,5e490ef,cloud container (docker); Intel(R) Xeon(R) Processor @ 2.10GHz; 4 cores; 16 GiB RAM; Linux-x86_64,2026-09-30T05:09:47+00:00
netlib,tuff,768782d2ab2d7d044061f56ba54ddd53cf5ea0666a965edd33d48803098e15e2,333,587,sankhya,5e490ef,optimal,,0.29214776509361284,0.29214776509361284,0.29214776509,3.612832255583953e-12,3.612832255583953e-12,1,0.29214776509361284,1,primal+dual,1,,1,0.003926146,0.00942850699993869,242,120.0,1,5e490ef,cloud container (docker); Intel(R) Xeon(R) Processor @ 2.10GHz; 4 cores; 16 GiB RAM; Linux-x86_64,2026-09-30T05:10:00+00:00
netlib,tuff,768782d2ab2d7d044061f56ba54ddd53cf5ea0666a965edd33d48803098e15e2,333,587,highs,1.15.1,optimal,optimal,0.292147765093613,0.292147765093613,0.29214776509,3.612998789037647e-12,3.612998789037647e-12,1,0.29214776509361284,1,primal+dual,1,,1,0.007323265075683594,0.12764641300009316,152,120.0,1,5e490ef,cloud container (docker); Intel(R) Xeon(R) Processor @ 2.10GHz; 4 cores; 16 GiB RAM; Linux-x86_64,2026-09-30T05:10:00+00:00
netlib,tuff,768782d2ab2d7d044061f56ba54ddd53cf5ea0666a965edd33d48803098e15e2,333,587,scip,10.0.2,optimal,optimal,0.2921477650936128,0.29214776509361273,0.29214776509,3.6127212332814906e-12,3.6127212332814906e-12,1,0.29214776509361284,1,primal-only,1,,1,0.031519,0.14765682799998103,176,120.0,1,5e490ef,cloud container (docker); Intel(R) Xeon(R) Processor @ 2.10GHz; 4 cores; 16 GiB RAM; Linux-x86_64,2026-09-30T05:10:00+00:00
netlib,tuff,768782d2ab2d7d044061f56ba54ddd53cf5ea0666a965edd33d48803098e15e2,333,587,cbc-clp,1.17.9,optimal,Optimal,0.2921477650936103,0.2921477650936103,0.29214776509,3.6102787426273153e-12,3.6102787426273153e-12,1,0.29214776509361284,1,primal+dual,1,,1,0.009599026999694615,0.009599026999694615,150,120.0,1,5e490ef,cloud container (docker); Intel(R) Xeon(R) Processor @ 2.10GHz; 4 cores; 16 GiB RAM; Linux-x86_64,2026-09-30T05:10:00+00:00
netlib,tuff,768782d2ab2d7d044061f56ba54ddd53cf5ea0666a965edd33d48803098e15e2,333,587,glpk,5.0,optimal,929 lines were written,0.292147765093613,0.2921477650936134,0.29214776509,3.6133873670962657e-12,3.6133873670962657e-12,1,0.29214776509361284,1,primal+dual,1,,1,0.0,0.017338632000246434,74,120.0,1,5e490ef,cloud container (docker); Intel(R) Xeon(R) Processor @ 2.10GHz; 4 cores; 16 GiB RAM; Linux-x86_64,2026-09-30T05:10:00+00:00
netlib,vtp.base,7c34b37d7714796bc0fe30d920f3ecf9866c018a018ee0349ceb85350581dc68,198,203,sankhya,5e490ef,optimal,,129831.46246136139,129831.46246136139,129831.46246,1.3613898772746325e-06,1.0485824094402891e-11,1,129831.46246136137,1,primal+dual,1,,1,0.002149271,0.005676800999935949,162,120.0,1,5e490ef,cloud container (docker); Intel(R) Xeon(R) Processor @ 2.10GHz; 4 cores; 16 GiB RAM; Linux-x86_64,2026-09-30T05:10:01+00:00
netlib,vtp.base,7c34b37d7714796bc0fe30d920f3ecf9866c018a018ee0349ceb85350581dc68,198,203,highs,1.15.1,optimal,optimal,129831.46246136137,129831.46246136137,129831.46246,1.361375325359404e-06,1.0485712011284111e-11,1,129831.46246136137,1,primal+dual,1,,1,0.0015044212341308594,0.13942913800019596,20,120.0,1,5e490ef,cloud container (docker); Intel(R) Xeon(R) Processor @ 2.10GHz; 4 cores; 16 GiB RAM; Linux-x86_64,2026-09-30T05:10:01+00:00
netlib,vtp.base,7c34b37d7714796bc0fe30d920f3ecf9866c018a018ee0349ceb85350581dc68,198,203,scip,10.0.2,optimal,optimal,129831.46246136137,129831.46246136136,129831.46246,1.3613607734441757e-06,1.048559992816533e-11,1,129831.46246136137,1,primal-only,1,,1,0.003528,0.14185511899995618,25,120.0,1,5e490ef,cloud container (docker); Intel(R) Xeon(R) Processor @ 2.10GHz; 4 cores; 16 GiB RAM; Linux-x86_64,2026-09-30T05:10:01+00:00
netlib,vtp.base,7c34b37d7714796bc0fe30d920f3ecf9866c018a018ee0349ceb85350581dc68,198,203,cbc-clp,1.17.9,optimal,Optimal,129831.46246136136,129831.46246136136,129831.46246,1.3613607734441757e-06,1.048559992816533e-11,1,129831.46246136137,1,primal+dual,1,,1,0.006661963000169635,0.006661963000169635,36,120.0,1,5e490ef,cloud container (docker); Intel(R) Xeon(R) Processor @ 2.10GHz; 4 cores; 16 GiB RAM; Linux-x86_64,2026-09-30T05:10:01+00:00
netlib,vtp.base,7c34b37d7714796bc0fe30d920f3ecf9866c018a018ee0349ceb85350581dc68,198,203,glpk,5.0,optimal,410 lines were written,129831.462461361,129831.46246136136,129831.46246,1.3613607734441757e-06,1.048559992816533e-11,1,129831.46246136137,1,primal+dual,1,,1,0.0,0.006270849999964412,68,120.0,1,5e490ef,cloud container (docker); Intel(R) Xeon(R) Processor @ 2.10GHz; 4 cores; 16 GiB RAM; Linux-x86_64,2026-09-30T05:10:01+00:00
netlib,wood1p,af3cac48f0727f1d9e1f1ecfa6de30168678800b39e38a808b5df90a48d61330,244,2594,sankhya,5e490ef,optimal,,1.4429024115734101,1.4429024115734101,1.4429024116,2.65898414397725e-11,1.8428024810276435e-11,1,1.4429024115734093,1,primal+dual,1,,1,0.020415121,0.06553159699979005,219,120.0,1,5e490ef,cloud container (docker); Intel(R) Xeon(R) Processor @ 2.10GHz; 4 cores; 16 GiB RAM; Linux-x86_64,2026-09-30T05:10:01+00:00
netlib,wood1p,af3cac48f0727f1d9e1f1ecfa6de30168678800b39e38a808b5df90a48d61330,244,2594,highs,1.15.1,optimal,optimal,1.442902411573409,1.442902411573409,1.4429024116,2.6590951662797124e-11,1.8428794247638033e-11,1,1.4429024115734093,1,primal+dual,1,,1,0.06259799003601074,0.32384912499992424,138,120.0,1,5e490ef,cloud container (docker); Intel(R) Xeon(R) Processor @ 2.10GHz; 4 cores; 16 GiB RAM; Linux-x86_64,2026-09-30T05:10:01+00:00
netlib,wood1p,af3cac48f0727f1d9e1f1ecfa6de30168678800b39e38a808b5df90a48d61330,244,2594,scip,10.0.2,optimal,optimal,1.4429024115734095,1.4429024115734093,1.4429024116,2.65907296181922e-11,1.8428640360165714e-11,1,1.4429024115734093,1,primal-only,1,,1,0.213701,0.39299157400000695,171,120.0,1,5e490ef,cloud container (docker); Intel(R) Xeon(R) Processor @ 2.10GHz; 4 cores; 16 GiB RAM; Linux-x86_64,2026-09-30T05:10:01+00:00
netlib,wood1p,af3cac48f0727f1d9e1f1ecfa6de30168678800b39e38a808b5df90a48d61330,244,2594,cbc-clp,1.17.9,optimal,Optimal,1.4429024115734088,1.4429024115734088,1.4429024116,2.659117370740205e-11,1.842894813511035e-11,1,1.4429024115734093,1,primal+dual,1,,1,0.0446050139998988,0.0446050139998988,127,120.0,1,5e490ef,cloud container (docker); Intel(R) Xeon(R) Processor @ 2.10GHz; 4 cores; 16 GiB RAM; Linux-x86_64,2026-09-30T05:10:01+00:00
netlib,wood1p,af3cac48f0727f1d9e1f1ecfa6de30168678800b39e38a808b5df90a48d61330,244,2594,glpk,5.0,optimal,2847 lines were written,1.44290241157341,1.44290241157341,1.4429024116,2.6590063484377424e-11,1.8428178697748754e-11,1,1.4429024115734093,1,primal+dual,1,,1,0.1,0.14045439700021234,316,120.0,1,5e490ef,cloud container (docker); Intel(R) Xeon(R) Processor @ 2.10GHz; 4 cores; 16 GiB RAM; Linux-x86_64,2026-09-30T05:10:01+00:00
netlib,woodw,01450b5407d3bb282595e2874e78c26dd7cdde87d70d663065e58bd3e6c288b0,1098,8405,sankhya,5e490ef,optimal,,1.3044763330842293,1.3044763330842293,1.3044763331,1.577071806480035e-11,1.2089692748447418e-11,1,1.3044763330842293,1,primal+dual,1,,1,0.242514502,0.2718990470002609,2495,120.0,1,5e490ef,cloud container (docker); Intel(R) Xeon(R) Processor @ 2.10GHz; 4 cores; 16 GiB RAM; Linux-x86_64,2026-09-30T05:10:03+00:00
netlib,woodw,01450b5407d3bb282595e2874e78c26dd7cdde87d70d663065e58bd3e6c288b0,1098,8405,highs,1.15.1,optimal,optimal,1.3044763330842293,1.3044763330842293,1.3044763331,1.577071806480035e-11,1.2089692748447418e-11,1,1.3044763330842293,1,primal+dual,1,,1,0.06529569625854492,1.3720483969996167,793,120.0,1,5e490ef,cloud container (docker); Intel(R) Xeon(R) Processor @ 2.10GHz; 4 cores; 16 GiB RAM; Linux-x86_64,2026-09-30T05:10:03+00:00
netlib,woodw,01450b5407d3bb282595e2874e78c26dd7cdde87d70d663065e58bd3e6c288b0,1098,8405,scip,10.0.2,optimal,optimal,1.3044763330842293,1.3044763330842293,1.3044763331,1.577071806480035e-11,1.2089692748447418e-11,1,1.3044763330842293,1,primal-only,1,,1,0.19972099999999998,0.39468399599991244,1130,120.0,1,5e490ef,cloud container (docker); Intel(R) Xeon(R) Processor @ 2.10GHz; 4 cores; 16 GiB RAM; Linux-x86_64,2026-09-30T05:10:03+00:00
netlib,woodw,01450b5407d3bb282595e2874e78c26dd7cdde87d70d663065e58bd3e6c288b0,1098,8405,cbc-clp,1.17.9,optimal,Optimal,1.3044763330842293,1.3044763330842293,1.3044763331,1.577071806480035e-11,1.2089692748447418e-11,1,1.3044763330842293,1,primal+dual,1,,1,0.12727257100004863,0.12727257100004863,0,120.0,1,5e490ef,cloud container (docker); Intel(R) Xeon(R) Processor @ 2.10GHz; 4 cores; 16 GiB RAM; Linux-x86_64,2026-09-30T05:10:03+00:00
netlib,woodw,01450b5407d3bb282595e2874e78c26dd7cdde87d70d663065e58bd3e6c288b0,1098,8405,glpk,5.0,optimal,9512 lines were written,1.30447633308423,1.304476333084227,1.3044763331,1.57729385108496e-11,1.2091394922716823e-11,1,1.3044763330842293,1,primal+dual,1,,1,0.1,0.1710334879999209,919,120.0,1,5e490ef,cloud container (docker); Intel(R) Xeon(R) Processor @ 2.10GHz; 4 cores; 16 GiB RAM; Linux-x86_64,2026-09-30T05:10:03+00:00
