instance,instance_sha256,variant,options,rep,status,our_objective,published_objective,absolute_gap,relative_gap,wall_seconds,cpu_seconds,iterations,git_commit,machine
25fv47,e0da0d47ae56bef34f11ac03563027da57dd4ab792d978c0dc8e27a16117f627,off,,1,optimal,5501.84588828675,5501.8458883,1.3250428310129791e-08,2.4083604992112937e-12,1.8290,0.7969,4586,d5b867df,"Chirag Intel64 Family 6 Model 140 Stepping 1, GenuineIntel Windows (shared, loaded)"
25fv47,e0da0d47ae56bef34f11ac03563027da57dd4ab792d978c0dc8e27a16117f627,always,lu_hyper_sparse=true env:SANKHYA_TMP_HS_ALWAYS,1,optimal,5501.84588828675,5501.8458883,1.3250428310129791e-08,2.4083604992112937e-12,1.5701,0.8281,4586,d5b867df,"Chirag Intel64 Family 6 Model 140 Stepping 1, GenuineIntel Windows (shared, loaded)"
25fv47,e0da0d47ae56bef34f11ac03563027da57dd4ab792d978c0dc8e27a16117f627,auto,lu_hyper_sparse=true,1,optimal,5501.84588828675,5501.8458883,1.3250428310129791e-08,2.4083604992112937e-12,2.1056,0.7969,4586,d5b867df,"Chirag Intel64 Family 6 Model 140 Stepping 1, GenuineIntel Windows (shared, loaded)"
25fv47,e0da0d47ae56bef34f11ac03563027da57dd4ab792d978c0dc8e27a16117f627,off,,2,optimal,5501.84588828675,5501.8458883,1.3250428310129791e-08,2.4083604992112937e-12,1.0533,0.7812,4586,d5b867df,"Chirag Intel64 Family 6 Model 140 Stepping 1, GenuineIntel Windows (shared, loaded)"
25fv47,e0da0d47ae56bef34f11ac03563027da57dd4ab792d978c0dc8e27a16117f627,always,lu_hyper_sparse=true env:SANKHYA_TMP_HS_ALWAYS,2,optimal,5501.84588828675,5501.8458883,1.3250428310129791e-08,2.4083604992112937e-12,1.1314,0.7500,4586,d5b867df,"Chirag Intel64 Family 6 Model 140 Stepping 1, GenuineIntel Windows (shared, loaded)"
25fv47,e0da0d47ae56bef34f11ac03563027da57dd4ab792d978c0dc8e27a16117f627,auto,lu_hyper_sparse=true,2,optimal,5501.84588828675,5501.8458883,1.3250428310129791e-08,2.4083604992112937e-12,1.3634,0.7969,4586,d5b867df,"Chirag Intel64 Family 6 Model 140 Stepping 1, GenuineIntel Windows (shared, loaded)"
25fv47,e0da0d47ae56bef34f11ac03563027da57dd4ab792d978c0dc8e27a16117f627,off,,3,optimal,5501.84588828675,5501.8458883,1.3250428310129791e-08,2.4083604992112937e-12,1.6943,0.7344,4586,d5b867df,"Chirag Intel64 Family 6 Model 140 Stepping 1, GenuineIntel Windows (shared, loaded)"
25fv47,e0da0d47ae56bef34f11ac03563027da57dd4ab792d978c0dc8e27a16117f627,always,lu_hyper_sparse=true env:SANKHYA_TMP_HS_ALWAYS,3,optimal,5501.84588828675,5501.8458883,1.3250428310129791e-08,2.4083604992112937e-12,1.3937,0.7344,4586,d5b867df,"Chirag Intel64 Family 6 Model 140 Stepping 1, GenuineIntel Windows (shared, loaded)"
25fv47,e0da0d47ae56bef34f11ac03563027da57dd4ab792d978c0dc8e27a16117f627,auto,lu_hyper_sparse=true,3,optimal,5501.84588828675,5501.8458883,1.3250428310129791e-08,2.4083604992112937e-12,1.3043,0.7500,4586,d5b867df,"Chirag Intel64 Family 6 Model 140 Stepping 1, GenuineIntel Windows (shared, loaded)"
80bau3b,22aef70f5ce164435b15c5c0aa3be93a99932dc136eb936eb17835a661087b9f,off,,1,optimal,987224.192409091,987232.16072,7.9683109089965,8.071364797501246e-06,1.2720,0.7656,3887,d5b867df,"Chirag Intel64 Family 6 Model 140 Stepping 1, GenuineIntel Windows (shared, loaded)"
80bau3b,22aef70f5ce164435b15c5c0aa3be93a99932dc136eb936eb17835a661087b9f,always,lu_hyper_sparse=true env:SANKHYA_TMP_HS_ALWAYS,1,optimal,987224.192409091,987232.16072,7.9683109089965,8.071364797501246e-06,1.2774,0.7969,3887,d5b867df,"Chirag Intel64 Family 6 Model 140 Stepping 1, GenuineIntel Windows (shared, loaded)"
80bau3b,22aef70f5ce164435b15c5c0aa3be93a99932dc136eb936eb17835a661087b9f,auto,lu_hyper_sparse=true,1,optimal,987224.192409091,987232.16072,7.9683109089965,8.071364797501246e-06,1.1506,0.7344,3887,d5b867df,"Chirag Intel64 Family 6 Model 140 Stepping 1, GenuineIntel Windows (shared, loaded)"
80bau3b,22aef70f5ce164435b15c5c0aa3be93a99932dc136eb936eb17835a661087b9f,off,,2,optimal,987224.192409091,987232.16072,7.9683109089965,8.071364797501246e-06,1.0914,0.8125,3887,d5b867df,"Chirag Intel64 Family 6 Model 140 Stepping 1, GenuineIntel Windows (shared, loaded)"
80bau3b,22aef70f5ce164435b15c5c0aa3be93a99932dc136eb936eb17835a661087b9f,always,lu_hyper_sparse=true env:SANKHYA_TMP_HS_ALWAYS,2,optimal,987224.192409091,987232.16072,7.9683109089965,8.071364797501246e-06,0.9801,0.8125,3887,d5b867df,"Chirag Intel64 Family 6 Model 140 Stepping 1, GenuineIntel Windows (shared, loaded)"
80bau3b,22aef70f5ce164435b15c5c0aa3be93a99932dc136eb936eb17835a661087b9f,auto,lu_hyper_sparse=true,2,optimal,987224.192409091,987232.16072,7.9683109089965,8.071364797501246e-06,0.9323,0.6719,3887,d5b867df,"Chirag Intel64 Family 6 Model 140 Stepping 1, GenuineIntel Windows (shared, loaded)"
80bau3b,22aef70f5ce164435b15c5c0aa3be93a99932dc136eb936eb17835a661087b9f,off,,3,optimal,987224.192409091,987232.16072,7.9683109089965,8.071364797501246e-06,1.3988,0.7500,3887,d5b867df,"Chirag Intel64 Family 6 Model 140 Stepping 1, GenuineIntel Windows (shared, loaded)"
80bau3b,22aef70f5ce164435b15c5c0aa3be93a99932dc136eb936eb17835a661087b9f,always,lu_hyper_sparse=true env:SANKHYA_TMP_HS_ALWAYS,3,optimal,987224.192409091,987232.16072,7.9683109089965,8.071364797501246e-06,1.1935,0.8438,3887,d5b867df,"Chirag Intel64 Family 6 Model 140 Stepping 1, GenuineIntel Windows (shared, loaded)"
80bau3b,22aef70f5ce164435b15c5c0aa3be93a99932dc136eb936eb17835a661087b9f,auto,lu_hyper_sparse=true,3,optimal,987224.192409091,987232.16072,7.9683109089965,8.071364797501246e-06,0.9066,0.6875,3887,d5b867df,"Chirag Intel64 Family 6 Model 140 Stepping 1, GenuineIntel Windows (shared, loaded)"
adlittle,db211f7bf735518a246a2a0e385ec51abc09cd601da7ae50d6c3fe083cb6f94b,off,,1,optimal,225494.96316238042,225494.96316,2.3804022930562496e-06,1.055634351959886e-11,0.2930,0.0156,86,d5b867df,"Chirag Intel64 Family 6 Model 140 Stepping 1, GenuineIntel Windows (shared, loaded)"
adlittle,db211f7bf735518a246a2a0e385ec51abc09cd601da7ae50d6c3fe083cb6f94b,always,lu_hyper_sparse=true env:SANKHYA_TMP_HS_ALWAYS,1,optimal,225494.96316238042,225494.96316,2.3804022930562496e-06,1.055634351959886e-11,0.1580,0.0156,86,d5b867df,"Chirag Intel64 Family 6 Model 140 Stepping 1, GenuineIntel Windows (shared, loaded)"
adlittle,db211f7bf735518a246a2a0e385ec51abc09cd601da7ae50d6c3fe083cb6f94b,auto,lu_hyper_sparse=true,1,optimal,225494.96316238042,225494.96316,2.3804022930562496e-06,1.055634351959886e-11,0.0710,0.0312,86,d5b867df,"Chirag Intel64 Family 6 Model 140 Stepping 1, GenuineIntel Windows (shared, loaded)"
adlittle,db211f7bf735518a246a2a0e385ec51abc09cd601da7ae50d6c3fe083cb6f94b,off,,2,optimal,225494.96316238042,225494.96316,2.3804022930562496e-06,1.055634351959886e-11,0.0671,0.0156,86,d5b867df,"Chirag Intel64 Family 6 Model 140 Stepping 1, GenuineIntel Windows (shared, loaded)"
adlittle,db211f7bf735518a246a2a0e385ec51abc09cd601da7ae50d6c3fe083cb6f94b,always,lu_hyper_sparse=true env:SANKHYA_TMP_HS_ALWAYS,2,optimal,225494.96316238042,225494.96316,2.3804022930562496e-06,1.055634351959886e-11,0.1565,0.0156,86,d5b867df,"Chirag Intel64 Family 6 Model 140 Stepping 1, GenuineIntel Windows (shared, loaded)"
adlittle,db211f7bf735518a246a2a0e385ec51abc09cd601da7ae50d6c3fe083cb6f94b,auto,lu_hyper_sparse=true,2,optimal,225494.96316238042,225494.96316,2.3804022930562496e-06,1.055634351959886e-11,0.1147,0.0312,86,d5b867df,"Chirag Intel64 Family 6 Model 140 Stepping 1, GenuineIntel Windows (shared, loaded)"
adlittle,db211f7bf735518a246a2a0e385ec51abc09cd601da7ae50d6c3fe083cb6f94b,off,,3,optimal,225494.96316238042,225494.96316,2.3804022930562496e-06,1.055634351959886e-11,0.1455,0.0156,86,d5b867df,"Chirag Intel64 Family 6 Model 140 Stepping 1, GenuineIntel Windows (shared, loaded)"
adlittle,db211f7bf735518a246a2a0e385ec51abc09cd601da7ae50d6c3fe083cb6f94b,always,lu_hyper_sparse=true env:SANKHYA_TMP_HS_ALWAYS,3,optimal,225494.96316238042,225494.96316,2.3804022930562496e-06,1.055634351959886e-11,0.0738,0.0469,86,d5b867df,"Chirag Intel64 Family 6 Model 140 Stepping 1, GenuineIntel Windows (shared, loaded)"
adlittle,db211f7bf735518a246a2a0e385ec51abc09cd601da7ae50d6c3fe083cb6f94b,auto,lu_hyper_sparse=true,3,optimal,225494.96316238042,225494.96316,2.3804022930562496e-06,1.055634351959886e-11,0.2286,0.0156,86,d5b867df,"Chirag Intel64 Family 6 Model 140 Stepping 1, GenuineIntel Windows (shared, loaded)"
afiro,04992b87e57e57c1c417c96b846833bfa12e055eeaa623f043c45fc773b5be41,off,,1,optimal,-464.75314285714285,-464.75314286,2.857177605619654e-09,6.147731649617561e-12,0.1802,0.0156,13,d5b867df,"Chirag Intel64 Family 6 Model 140 Stepping 1, GenuineIntel Windows (shared, loaded)"
afiro,04992b87e57e57c1c417c96b846833bfa12e055eeaa623f043c45fc773b5be41,always,lu_hyper_sparse=true env:SANKHYA_TMP_HS_ALWAYS,1,optimal,-464.75314285714285,-464.75314286,2.857177605619654e-09,6.147731649617561e-12,0.1246,0.0000,13,d5b867df,"Chirag Intel64 Family 6 Model 140 Stepping 1, GenuineIntel Windows (shared, loaded)"
afiro,04992b87e57e57c1c417c96b846833bfa12e055eeaa623f043c45fc773b5be41,auto,lu_hyper_sparse=true,1,optimal,-464.75314285714285,-464.75314286,2.857177605619654e-09,6.147731649617561e-12,0.1893,0.0000,13,d5b867df,"Chirag Intel64 Family 6 Model 140 Stepping 1, GenuineIntel Windows (shared, loaded)"
afiro,04992b87e57e57c1c417c96b846833bfa12e055eeaa623f043c45fc773b5be41,off,,2,optimal,-464.75314285714285,-464.75314286,2.857177605619654e-09,6.147731649617561e-12,0.1044,0.0312,13,d5b867df,"Chirag Intel64 Family 6 Model 140 Stepping 1, GenuineIntel Windows (shared, loaded)"
afiro,04992b87e57e57c1c417c96b846833bfa12e055eeaa623f043c45fc773b5be41,always,lu_hyper_sparse=true env:SANKHYA_TMP_HS_ALWAYS,2,optimal,-464.75314285714285,-464.75314286,2.857177605619654e-09,6.147731649617561e-12,0.1161,0.0156,13,d5b867df,"Chirag Intel64 Family 6 Model 140 Stepping 1, GenuineIntel Windows (shared, loaded)"
afiro,04992b87e57e57c1c417c96b846833bfa12e055eeaa623f043c45fc773b5be41,auto,lu_hyper_sparse=true,2,optimal,-464.75314285714285,-464.75314286,2.857177605619654e-09,6.147731649617561e-12,0.1098,0.0156,13,d5b867df,"Chirag Intel64 Family 6 Model 140 Stepping 1, GenuineIntel Windows (shared, loaded)"
afiro,04992b87e57e57c1c417c96b846833bfa12e055eeaa623f043c45fc773b5be41,off,,3,optimal,-464.75314285714285,-464.75314286,2.857177605619654e-09,6.147731649617561e-12,0.1045,0.0312,13,d5b867df,"Chirag Intel64 Family 6 Model 140 Stepping 1, GenuineIntel Windows (shared, loaded)"
afiro,04992b87e57e57c1c417c96b846833bfa12e055eeaa623f043c45fc773b5be41,always,lu_hyper_sparse=true env:SANKHYA_TMP_HS_ALWAYS,3,optimal,-464.75314285714285,-464.75314286,2.857177605619654e-09,6.147731649617561e-12,0.1664,0.0156,13,d5b867df,"Chirag Intel64 Family 6 Model 140 Stepping 1, GenuineIntel Windows (shared, loaded)"
afiro,04992b87e57e57c1c417c96b846833bfa12e055eeaa623f043c45fc773b5be41,auto,lu_hyper_sparse=true,3,optimal,-464.75314285714285,-464.75314286,2.857177605619654e-09,6.147731649617561e-12,0.2120,0.0469,13,d5b867df,"Chirag Intel64 Family 6 Model 140 Stepping 1, GenuineIntel Windows (shared, loaded)"
agg,d7844795d0c799f5cdc1416c8d242f5e8f351f5a3271f42a2d428f170abf1f03,off,,1,optimal,-35991767.2865765,-35991767.287,0.0004234984517097473,1.1766536728601052e-11,0.6931,0.0312,140,d5b867df,"Chirag Intel64 Family 6 Model 140 Stepping 1, GenuineIntel Windows (shared, loaded)"
agg,d7844795d0c799f5cdc1416c8d242f5e8f351f5a3271f42a2d428f170abf1f03,always,lu_hyper_sparse=true env:SANKHYA_TMP_HS_ALWAYS,1,optimal,-35991767.2865765,-35991767.287,0.0004234984517097473,1.1766536728601052e-11,0.1835,0.0625,140,d5b867df,"Chirag Intel64 Family 6 Model 140 Stepping 1, GenuineIntel Windows (shared, loaded)"
agg,d7844795d0c799f5cdc1416c8d242f5e8f351f5a3271f42a2d428f170abf1f03,auto,lu_hyper_sparse=true,1,optimal,-35991767.2865765,-35991767.287,0.0004234984517097473,1.1766536728601052e-11,0.1123,0.0469,140,d5b867df,"Chirag Intel64 Family 6 Model 140 Stepping 1, GenuineIntel Windows (shared, loaded)"
agg,d7844795d0c799f5cdc1416c8d242f5e8f351f5a3271f42a2d428f170abf1f03,off,,2,optimal,-35991767.2865765,-35991767.287,0.0004234984517097473,1.1766536728601052e-11,0.0861,0.0312,140,d5b867df,"Chirag Intel64 Family 6 Model 140 Stepping 1, GenuineIntel Windows (shared, loaded)"
agg,d7844795d0c799f5cdc1416c8d242f5e8f351f5a3271f42a2d428f170abf1f03,always,lu_hyper_sparse=true env:SANKHYA_TMP_HS_ALWAYS,2,optimal,-35991767.2865765,-35991767.287,0.0004234984517097473,1.1766536728601052e-11,0.1486,0.0312,140,d5b867df,"Chirag Intel64 Family 6 Model 140 Stepping 1, GenuineIntel Windows (shared, loaded)"
agg,d7844795d0c799f5cdc1416c8d242f5e8f351f5a3271f42a2d428f170abf1f03,auto,lu_hyper_sparse=true,2,optimal,-35991767.2865765,-35991767.287,0.0004234984517097473,1.1766536728601052e-11,0.3939,0.0156,140,d5b867df,"Chirag Intel64 Family 6 Model 140 Stepping 1, GenuineIntel Windows (shared, loaded)"
agg,d7844795d0c799f5cdc1416c8d242f5e8f351f5a3271f42a2d428f170abf1f03,off,,3,optimal,-35991767.2865765,-35991767.287,0.0004234984517097473,1.1766536728601052e-11,0.6459,0.0312,140,d5b867df,"Chirag Intel64 Family 6 Model 140 Stepping 1, GenuineIntel Windows (shared, loaded)"
agg,d7844795d0c799f5cdc1416c8d242f5e8f351f5a3271f42a2d428f170abf1f03,always,lu_hyper_sparse=true env:SANKHYA_TMP_HS_ALWAYS,3,optimal,-35991767.2865765,-35991767.287,0.0004234984517097473,1.1766536728601052e-11,0.4505,0.0625,140,d5b867df,"Chirag Intel64 Family 6 Model 140 Stepping 1, GenuineIntel Windows (shared, loaded)"
agg,d7844795d0c799f5cdc1416c8d242f5e8f351f5a3271f42a2d428f170abf1f03,auto,lu_hyper_sparse=true,3,optimal,-35991767.2865765,-35991767.287,0.0004234984517097473,1.1766536728601052e-11,0.1210,0.0312,140,d5b867df,"Chirag Intel64 Family 6 Model 140 Stepping 1, GenuineIntel Windows (shared, loaded)"
agg2,0515e9b78a802f9473578b23a7a60075554fc39ea7b5796fb41530cd760e4534,off,,1,optimal,-20239252.355977118,-20239252.356,2.2880733013153076e-05,1.130512758608398e-12,0.1541,0.0469,165,d5b867df,"Chirag Intel64 Family 6 Model 140 Stepping 1, GenuineIntel Windows (shared, loaded)"
agg2,0515e9b78a802f9473578b23a7a60075554fc39ea7b5796fb41530cd760e4534,always,lu_hyper_sparse=true env:SANKHYA_TMP_HS_ALWAYS,1,optimal,-20239252.355977118,-20239252.356,2.2880733013153076e-05,1.130512758608398e-12,0.1922,0.0469,165,d5b867df,"Chirag Intel64 Family 6 Model 140 Stepping 1, GenuineIntel Windows (shared, loaded)"
agg2,0515e9b78a802f9473578b23a7a60075554fc39ea7b5796fb41530cd760e4534,auto,lu_hyper_sparse=true,1,optimal,-20239252.355977118,-20239252.356,2.2880733013153076e-05,1.130512758608398e-12,0.6341,0.0469,165,d5b867df,"Chirag Intel64 Family 6 Model 140 Stepping 1, GenuineIntel Windows (shared, loaded)"
agg2,0515e9b78a802f9473578b23a7a60075554fc39ea7b5796fb41530cd760e4534,off,,2,optimal,-20239252.355977118,-20239252.356,2.2880733013153076e-05,1.130512758608398e-12,0.4030,0.0312,165,d5b867df,"Chirag Intel64 Family 6 Model 140 Stepping 1, GenuineIntel Windows (shared, loaded)"
agg2,0515e9b78a802f9473578b23a7a60075554fc39ea7b5796fb41530cd760e4534,always,lu_hyper_sparse=true env:SANKHYA_TMP_HS_ALWAYS,2,optimal,-20239252.355977118,-20239252.356,2.2880733013153076e-05,1.130512758608398e-12,0.7455,0.0312,165,d5b867df,"Chirag Intel64 Family 6 Model 140 Stepping 1, GenuineIntel Windows (shared, loaded)"
agg2,0515e9b78a802f9473578b23a7a60075554fc39ea7b5796fb41530cd760e4534,auto,lu_hyper_sparse=true,2,optimal,-20239252.355977118,-20239252.356,2.2880733013153076e-05,1.130512758608398e-12,0.4731,0.0625,165,d5b867df,"Chirag Intel64 Family 6 Model 140 Stepping 1, GenuineIntel Windows (shared, loaded)"
agg2,0515e9b78a802f9473578b23a7a60075554fc39ea7b5796fb41530cd760e4534,off,,3,optimal,-20239252.355977118,-20239252.356,2.2880733013153076e-05,1.130512758608398e-12,0.2506,0.0469,165,d5b867df,"Chirag Intel64 Family 6 Model 140 Stepping 1, GenuineIntel Windows (shared, loaded)"
agg2,0515e9b78a802f9473578b23a7a60075554fc39ea7b5796fb41530cd760e4534,always,lu_hyper_sparse=true env:SANKHYA_TMP_HS_ALWAYS,3,optimal,-20239252.355977118,-20239252.356,2.2880733013153076e-05,1.130512758608398e-12,0.1938,0.0156,165,d5b867df,"Chirag Intel64 Family 6 Model 140 Stepping 1, GenuineIntel Windows (shared, loaded)"
agg2,0515e9b78a802f9473578b23a7a60075554fc39ea7b5796fb41530cd760e4534,auto,lu_hyper_sparse=true,3,optimal,-20239252.355977118,-20239252.356,2.2880733013153076e-05,1.130512758608398e-12,0.2671,0.0312,165,d5b867df,"Chirag Intel64 Family 6 Model 140 Stepping 1, GenuineIntel Windows (shared, loaded)"
agg3,1a6e78a0b7d210c935c97527ce49449d0655f9605fcbc33bfdfc93952f3b12d1,off,,1,optimal,10312115.935089227,10312115.935,8.922629058361053e-05,8.652568604351182e-12,0.4835,0.0625,168,d5b867df,"Chirag Intel64 Family 6 Model 140 Stepping 1, GenuineIntel Windows (shared, loaded)"
agg3,1a6e78a0b7d210c935c97527ce49449d0655f9605fcbc33bfdfc93952f3b12d1,always,lu_hyper_sparse=true env:SANKHYA_TMP_HS_ALWAYS,1,optimal,10312115.935089227,10312115.935,8.922629058361053e-05,8.652568604351182e-12,0.6092,0.0312,168,d5b867df,"Chirag Intel64 Family 6 Model 140 Stepping 1, GenuineIntel Windows (shared, loaded)"
agg3,1a6e78a0b7d210c935c97527ce49449d0655f9605fcbc33bfdfc93952f3b12d1,auto,lu_hyper_sparse=true,1,optimal,10312115.935089227,10312115.935,8.922629058361053e-05,8.652568604351182e-12,0.3667,0.0312,168,d5b867df,"Chirag Intel64 Family 6 Model 140 Stepping 1, GenuineIntel Windows (shared, loaded)"
agg3,1a6e78a0b7d210c935c97527ce49449d0655f9605fcbc33bfdfc93952f3b12d1,off,,2,optimal,10312115.935089227,10312115.935,8.922629058361053e-05,8.652568604351182e-12,0.4253,0.0625,168,d5b867df,"Chirag Intel64 Family 6 Model 140 Stepping 1, GenuineIntel Windows (shared, loaded)"
agg3,1a6e78a0b7d210c935c97527ce49449d0655f9605fcbc33bfdfc93952f3b12d1,always,lu_hyper_sparse=true env:SANKHYA_TMP_HS_ALWAYS,2,optimal,10312115.935089227,10312115.935,8.922629058361053e-05,8.652568604351182e-12,0.2393,0.0625,168,d5b867df,"Chirag Intel64 Family 6 Model 140 Stepping 1, GenuineIntel Windows (shared, loaded)"
agg3,1a6e78a0b7d210c935c97527ce49449d0655f9605fcbc33bfdfc93952f3b12d1,auto,lu_hyper_sparse=true,2,optimal,10312115.935089227,10312115.935,8.922629058361053e-05,8.652568604351182e-12,0.2278,0.0625,168,d5b867df,"Chirag Intel64 Family 6 Model 140 Stepping 1, GenuineIntel Windows (shared, loaded)"
agg3,1a6e78a0b7d210c935c97527ce49449d0655f9605fcbc33bfdfc93952f3b12d1,off,,3,optimal,10312115.935089227,10312115.935,8.922629058361053e-05,8.652568604351182e-12,0.2060,0.0312,168,d5b867df,"Chirag Intel64 Family 6 Model 140 Stepping 1, GenuineIntel Windows (shared, loaded)"
agg3,1a6e78a0b7d210c935c97527ce49449d0655f9605fcbc33bfdfc93952f3b12d1,always,lu_hyper_sparse=true env:SANKHYA_TMP_HS_ALWAYS,3,optimal,10312115.935089227,10312115.935,8.922629058361053e-05,8.652568604351182e-12,0.1845,0.0625,168,d5b867df,"Chirag Intel64 Family 6 Model 140 Stepping 1, GenuineIntel Windows (shared, loaded)"
agg3,1a6e78a0b7d210c935c97527ce49449d0655f9605fcbc33bfdfc93952f3b12d1,auto,lu_hyper_sparse=true,3,optimal,10312115.935089227,10312115.935,8.922629058361053e-05,8.652568604351182e-12,0.1122,0.0312,168,d5b867df,"Chirag Intel64 Family 6 Model 140 Stepping 1, GenuineIntel Windows (shared, loaded)"
bandm,696daa77a79a0715c2fad877285e49bd7fcd7f5513f3cb83fbe0be916b6d8c81,off,,1,optimal,-158.62801845012086,-158.62801845,1.2084910849807784e-10,7.61839614961652e-13,0.1225,0.0156,520,d5b867df,"Chirag Intel64 Family 6 Model 140 Stepping 1, GenuineIntel Windows (shared, loaded)"
bandm,696daa77a79a0715c2fad877285e49bd7fcd7f5513f3cb83fbe0be916b6d8c81,always,lu_hyper_sparse=true env:SANKHYA_TMP_HS_ALWAYS,1,optimal,-158.62801845012086,-158.62801845,1.2084910849807784e-10,7.61839614961652e-13,0.2148,0.0469,520,d5b867df,"Chirag Intel64 Family 6 Model 140 Stepping 1, GenuineIntel Windows (shared, loaded)"
bandm,696daa77a79a0715c2fad877285e49bd7fcd7f5513f3cb83fbe0be916b6d8c81,auto,lu_hyper_sparse=true,1,optimal,-158.62801845012086,-158.62801845,1.2084910849807784e-10,7.61839614961652e-13,0.1246,0.0625,520,d5b867df,"Chirag Intel64 Family 6 Model 140 Stepping 1, GenuineIntel Windows (shared, loaded)"
bandm,696daa77a79a0715c2fad877285e49bd7fcd7f5513f3cb83fbe0be916b6d8c81,off,,2,optimal,-158.62801845012086,-158.62801845,1.2084910849807784e-10,7.61839614961652e-13,0.1634,0.0312,520,d5b867df,"Chirag Intel64 Family 6 Model 140 Stepping 1, GenuineIntel Windows (shared, loaded)"
bandm,696daa77a79a0715c2fad877285e49bd7fcd7f5513f3cb83fbe0be916b6d8c81,always,lu_hyper_sparse=true env:SANKHYA_TMP_HS_ALWAYS,2,optimal,-158.62801845012086,-158.62801845,1.2084910849807784e-10,7.61839614961652e-13,0.2429,0.0156,520,d5b867df,"Chirag Intel64 Family 6 Model 140 Stepping 1, GenuineIntel Windows (shared, loaded)"
bandm,696daa77a79a0715c2fad877285e49bd7fcd7f5513f3cb83fbe0be916b6d8c81,auto,lu_hyper_sparse=true,2,optimal,-158.62801845012086,-158.62801845,1.2084910849807784e-10,7.61839614961652e-13,0.1024,0.0625,520,d5b867df,"Chirag Intel64 Family 6 Model 140 Stepping 1, GenuineIntel Windows (shared, loaded)"
bandm,696daa77a79a0715c2fad877285e49bd7fcd7f5513f3cb83fbe0be916b6d8c81,off,,3,optimal,-158.62801845012086,-158.62801845,1.2084910849807784e-10,7.61839614961652e-13,0.1896,0.0469,520,d5b867df,"Chirag Intel64 Family 6 Model 140 Stepping 1, GenuineIntel Windows (shared, loaded)"
bandm,696daa77a79a0715c2fad877285e49bd7fcd7f5513f3cb83fbe0be916b6d8c81,always,lu_hyper_sparse=true env:SANKHYA_TMP_HS_ALWAYS,3,optimal,-158.62801845012086,-158.62801845,1.2084910849807784e-10,7.61839614961652e-13,0.2053,0.1094,520,d5b867df,"Chirag Intel64 Family 6 Model 140 Stepping 1, GenuineIntel Windows (shared, loaded)"
bandm,696daa77a79a0715c2fad877285e49bd7fcd7f5513f3cb83fbe0be916b6d8c81,auto,lu_hyper_sparse=true,3,optimal,-158.62801845012086,-158.62801845,1.2084910849807784e-10,7.61839614961652e-13,0.2323,0.0625,520,d5b867df,"Chirag Intel64 Family 6 Model 140 Stepping 1, GenuineIntel Windows (shared, loaded)"
beaconfd,7138e7b58b1d6160f1ad42112a61ed00b5db1c92d73dc48d77f6a26fc717dbfc,off,,1,optimal,33592.485807200006,33592.485807,2.000087988562882e-07,5.953974350258128e-12,0.2197,0.0469,115,d5b867df,"Chirag Intel64 Family 6 Model 140 Stepping 1, GenuineIntel Windows (shared, loaded)"
beaconfd,7138e7b58b1d6160f1ad42112a61ed00b5db1c92d73dc48d77f6a26fc717dbfc,always,lu_hyper_sparse=true env:SANKHYA_TMP_HS_ALWAYS,1,optimal,33592.485807200006,33592.485807,2.000087988562882e-07,5.953974350258128e-12,0.2887,0.0469,115,d5b867df,"Chirag Intel64 Family 6 Model 140 Stepping 1, GenuineIntel Windows (shared, loaded)"
beaconfd,7138e7b58b1d6160f1ad42112a61ed00b5db1c92d73dc48d77f6a26fc717dbfc,auto,lu_hyper_sparse=true,1,optimal,33592.485807200006,33592.485807,2.000087988562882e-07,5.953974350258128e-12,0.3706,0.0781,115,d5b867df,"Chirag Intel64 Family 6 Model 140 Stepping 1, GenuineIntel Windows (shared, loaded)"
beaconfd,7138e7b58b1d6160f1ad42112a61ed00b5db1c92d73dc48d77f6a26fc717dbfc,off,,2,optimal,33592.485807200006,33592.485807,2.000087988562882e-07,5.953974350258128e-12,0.2139,0.0156,115,d5b867df,"Chirag Intel64 Family 6 Model 140 Stepping 1, GenuineIntel Windows (shared, loaded)"
beaconfd,7138e7b58b1d6160f1ad42112a61ed00b5db1c92d73dc48d77f6a26fc717dbfc,always,lu_hyper_sparse=true env:SANKHYA_TMP_HS_ALWAYS,2,optimal,33592.485807200006,33592.485807,2.000087988562882e-07,5.953974350258128e-12,0.1513,0.0625,115,d5b867df,"Chirag Intel64 Family 6 Model 140 Stepping 1, GenuineIntel Windows (shared, loaded)"
beaconfd,7138e7b58b1d6160f1ad42112a61ed00b5db1c92d73dc48d77f6a26fc717dbfc,auto,lu_hyper_sparse=true,2,optimal,33592.485807200006,33592.485807,2.000087988562882e-07,5.953974350258128e-12,0.3014,0.0312,115,d5b867df,"Chirag Intel64 Family 6 Model 140 Stepping 1, GenuineIntel Windows (shared, loaded)"
beaconfd,7138e7b58b1d6160f1ad42112a61ed00b5db1c92d73dc48d77f6a26fc717dbfc,off,,3,optimal,33592.485807200006,33592.485807,2.000087988562882e-07,5.953974350258128e-12,0.2363,0.0312,115,d5b867df,"Chirag Intel64 Family 6 Model 140 Stepping 1, GenuineIntel Windows (shared, loaded)"
beaconfd,7138e7b58b1d6160f1ad42112a61ed00b5db1c92d73dc48d77f6a26fc717dbfc,always,lu_hyper_sparse=true env:SANKHYA_TMP_HS_ALWAYS,3,optimal,33592.485807200006,33592.485807,2.000087988562882e-07,5.953974350258128e-12,0.1949,0.0312,115,d5b867df,"Chirag Intel64 Family 6 Model 140 Stepping 1, GenuineIntel Windows (shared, loaded)"
beaconfd,7138e7b58b1d6160f1ad42112a61ed00b5db1c92d73dc48d77f6a26fc717dbfc,auto,lu_hyper_sparse=true,3,optimal,33592.485807200006,33592.485807,2.000087988562882e-07,5.953974350258128e-12,0.1351,0.0156,115,d5b867df,"Chirag Intel64 Family 6 Model 140 Stepping 1, GenuineIntel Windows (shared, loaded)"
blend,38e1d84a38f1e0adaa16d3dd0abe758f6cea13a21f33681aa92742b693260aef,off,,1,optimal,-30.812149845828223,-30.812149846,1.7177725908368302e-10,5.574984541560087e-12,0.1544,0.0156,99,d5b867df,"Chirag Intel64 Family 6 Model 140 Stepping 1, GenuineIntel Windows (shared, loaded)"
blend,38e1d84a38f1e0adaa16d3dd0abe758f6cea13a21f33681aa92742b693260aef,always,lu_hyper_sparse=true env:SANKHYA_TMP_HS_ALWAYS,1,optimal,-30.812149845828223,-30.812149846,1.7177725908368302e-10,5.574984541560087e-12,0.1390,0.0469,99,d5b867df,"Chirag Intel64 Family 6 Model 140 Stepping 1, GenuineIntel Windows (shared, loaded)"
blend,38e1d84a38f1e0adaa16d3dd0abe758f6cea13a21f33681aa92742b693260aef,auto,lu_hyper_sparse=true,1,optimal,-30.812149845828223,-30.812149846,1.7177725908368302e-10,5.574984541560087e-12,0.1053,0.0156,99,d5b867df,"Chirag Intel64 Family 6 Model 140 Stepping 1, GenuineIntel Windows (shared, loaded)"
blend,38e1d84a38f1e0adaa16d3dd0abe758f6cea13a21f33681aa92742b693260aef,off,,2,optimal,-30.812149845828223,-30.812149846,1.7177725908368302e-10,5.574984541560087e-12,0.0906,0.0156,99,d5b867df,"Chirag Intel64 Family 6 Model 140 Stepping 1, GenuineIntel Windows (shared, loaded)"
blend,38e1d84a38f1e0adaa16d3dd0abe758f6cea13a21f33681aa92742b693260aef,always,lu_hyper_sparse=true env:SANKHYA_TMP_HS_ALWAYS,2,optimal,-30.812149845828223,-30.812149846,1.7177725908368302e-10,5.574984541560087e-12,0.1112,0.0312,99,d5b867df,"Chirag Intel64 Family 6 Model 140 Stepping 1, GenuineIntel Windows (shared, loaded)"
blend,38e1d84a38f1e0adaa16d3dd0abe758f6cea13a21f33681aa92742b693260aef,auto,lu_hyper_sparse=true,2,optimal,-30.812149845828223,-30.812149846,1.7177725908368302e-10,5.574984541560087e-12,0.1480,0.0312,99,d5b867df,"Chirag Intel64 Family 6 Model 140 Stepping 1, GenuineIntel Windows (shared, loaded)"
blend,38e1d84a38f1e0adaa16d3dd0abe758f6cea13a21f33681aa92742b693260aef,off,,3,optimal,-30.812149845828223,-30.812149846,1.7177725908368302e-10,5.574984541560087e-12,0.1178,0.0000,99,d5b867df,"Chirag Intel64 Family 6 Model 140 Stepping 1, GenuineIntel Windows (shared, loaded)"
blend,38e1d84a38f1e0adaa16d3dd0abe758f6cea13a21f33681aa92742b693260aef,always,lu_hyper_sparse=true env:SANKHYA_TMP_HS_ALWAYS,3,optimal,-30.812149845828223,-30.812149846,1.7177725908368302e-10,5.574984541560087e-12,0.0975,0.0156,99,d5b867df,"Chirag Intel64 Family 6 Model 140 Stepping 1, GenuineIntel Windows (shared, loaded)"
blend,38e1d84a38f1e0adaa16d3dd0abe758f6cea13a21f33681aa92742b693260aef,auto,lu_hyper_sparse=true,3,optimal,-30.812149845828223,-30.812149846,1.7177725908368302e-10,5.574984541560087e-12,0.1061,0.0469,99,d5b867df,"Chirag Intel64 Family 6 Model 140 Stepping 1, GenuineIntel Windows (shared, loaded)"
bnl1,7a842adca058eaa3cb712b3bbae357602f22df6cc318c4d278f6600167fe2300,off,,1,optimal,1977.629561522888,1977.6292856,0.00027592288802225085,1.3952204795477512e-07,0.5283,0.1406,1674,d5b867df,"Chirag Intel64 Family 6 Model 140 Stepping 1, GenuineIntel Windows (shared, loaded)"
bnl1,7a842adca058eaa3cb712b3bbae357602f22df6cc318c4d278f6600167fe2300,always,lu_hyper_sparse=true env:SANKHYA_TMP_HS_ALWAYS,1,optimal,1977.629561522888,1977.6292856,0.00027592288802225085,1.3952204795477512e-07,0.7226,0.1875,1674,d5b867df,"Chirag Intel64 Family 6 Model 140 Stepping 1, GenuineIntel Windows (shared, loaded)"
bnl1,7a842adca058eaa3cb712b3bbae357602f22df6cc318c4d278f6600167fe2300,auto,lu_hyper_sparse=true,1,optimal,1977.629561522888,1977.6292856,0.00027592288802225085,1.3952204795477512e-07,0.5079,0.1719,1674,d5b867df,"Chirag Intel64 Family 6 Model 140 Stepping 1, GenuineIntel Windows (shared, loaded)"
bnl1,7a842adca058eaa3cb712b3bbae357602f22df6cc318c4d278f6600167fe2300,off,,2,optimal,1977.629561522888,1977.6292856,0.00027592288802225085,1.3952204795477512e-07,0.3869,0.1406,1674,d5b867df,"Chirag Intel64 Family 6 Model 140 Stepping 1, GenuineIntel Windows (shared, loaded)"
bnl1,7a842adca058eaa3cb712b3bbae357602f22df6cc318c4d278f6600167fe2300,always,lu_hyper_sparse=true env:SANKHYA_TMP_HS_ALWAYS,2,optimal,1977.629561522888,1977.6292856,0.00027592288802225085,1.3952204795477512e-07,0.4729,0.1562,1674,d5b867df,"Chirag Intel64 Family 6 Model 140 Stepping 1, GenuineIntel Windows (shared, loaded)"
bnl1,7a842adca058eaa3cb712b3bbae357602f22df6cc318c4d278f6600167fe2300,auto,lu_hyper_sparse=true,2,optimal,1977.629561522888,1977.6292856,0.00027592288802225085,1.3952204795477512e-07,0.6136,0.1875,1674,d5b867df,"Chirag Intel64 Family 6 Model 140 Stepping 1, GenuineIntel Windows (shared, loaded)"
bnl1,7a842adca058eaa3cb712b3bbae357602f22df6cc318c4d278f6600167fe2300,off,,3,optimal,1977.629561522888,1977.6292856,0.00027592288802225085,1.3952204795477512e-07,0.3422,0.1719,1674,d5b867df,"Chirag Intel64 Family 6 Model 140 Stepping 1, GenuineIntel Windows (shared, loaded)"
bnl1,7a842adca058eaa3cb712b3bbae357602f22df6cc318c4d278f6600167fe2300,always,lu_hyper_sparse=true env:SANKHYA_TMP_HS_ALWAYS,3,optimal,1977.629561522888,1977.6292856,0.00027592288802225085,1.3952204795477512e-07,0.2824,0.1094,1674,d5b867df,"Chirag Intel64 Family 6 Model 140 Stepping 1, GenuineIntel Windows (shared, loaded)"
bnl1,7a842adca058eaa3cb712b3bbae357602f22df6cc318c4d278f6600167fe2300,auto,lu_hyper_sparse=true,3,optimal,1977.629561522888,1977.6292856,0.00027592288802225085,1.3952204795477512e-07,0.4817,0.1406,1674,d5b867df,"Chirag Intel64 Family 6 Model 140 Stepping 1, GenuineIntel Windows (shared, loaded)"
bnl2,eafd7e49005db1a020d420b3fbed2e124bebf46740c0b2550edcbaa17b07ad6b,off,,1,optimal,1811.236540358547,1811.2365404,4.145294951740652e-08,2.2886546617622845e-11,0.9324,0.4219,2377,d5b867df,"Chirag Intel64 Family 6 Model 140 Stepping 1, GenuineIntel Windows (shared, loaded)"
bnl2,eafd7e49005db1a020d420b3fbed2e124bebf46740c0b2550edcbaa17b07ad6b,always,lu_hyper_sparse=true env:SANKHYA_TMP_HS_ALWAYS,1,optimal,1811.236540358547,1811.2365404,4.145294951740652e-08,2.2886546617622845e-11,0.6213,0.4375,2377,d5b867df,"Chirag Intel64 Family 6 Model 140 Stepping 1, GenuineIntel Windows (shared, loaded)"
bnl2,eafd7e49005db1a020d420b3fbed2e124bebf46740c0b2550edcbaa17b07ad6b,auto,lu_hyper_sparse=true,1,optimal,1811.236540358547,1811.2365404,4.145294951740652e-08,2.2886546617622845e-11,0.6191,0.4688,2377,d5b867df,"Chirag Intel64 Family 6 Model 140 Stepping 1, GenuineIntel Windows (shared, loaded)"
bnl2,eafd7e49005db1a020d420b3fbed2e124bebf46740c0b2550edcbaa17b07ad6b,off,,2,optimal,1811.236540358547,1811.2365404,4.145294951740652e-08,2.2886546617622845e-11,0.6519,0.3594,2377,d5b867df,"Chirag Intel64 Family 6 Model 140 Stepping 1, GenuineIntel Windows (shared, loaded)"
bnl2,eafd7e49005db1a020d420b3fbed2e124bebf46740c0b2550edcbaa17b07ad6b,always,lu_hyper_sparse=true env:SANKHYA_TMP_HS_ALWAYS,2,optimal,1811.236540358547,1811.2365404,4.145294951740652e-08,2.2886546617622845e-11,0.5725,0.4531,2377,d5b867df,"Chirag Intel64 Family 6 Model 140 Stepping 1, GenuineIntel Windows (shared, loaded)"
bnl2,eafd7e49005db1a020d420b3fbed2e124bebf46740c0b2550edcbaa17b07ad6b,auto,lu_hyper_sparse=true,2,optimal,1811.236540358547,1811.2365404,4.145294951740652e-08,2.2886546617622845e-11,0.7028,0.4531,2377,d5b867df,"Chirag Intel64 Family 6 Model 140 Stepping 1, GenuineIntel Windows (shared, loaded)"
bnl2,eafd7e49005db1a020d420b3fbed2e124bebf46740c0b2550edcbaa17b07ad6b,off,,3,optimal,1811.236540358547,1811.2365404,4.145294951740652e-08,2.2886546617622845e-11,0.6623,0.5000,2377,d5b867df,"Chirag Intel64 Family 6 Model 140 Stepping 1, GenuineIntel Windows (shared, loaded)"
bnl2,eafd7e49005db1a020d420b3fbed2e124bebf46740c0b2550edcbaa17b07ad6b,always,lu_hyper_sparse=true env:SANKHYA_TMP_HS_ALWAYS,3,optimal,1811.236540358547,1811.2365404,4.145294951740652e-08,2.2886546617622845e-11,0.9471,0.4219,2377,d5b867df,"Chirag Intel64 Family 6 Model 140 Stepping 1, GenuineIntel Windows (shared, loaded)"
bnl2,eafd7e49005db1a020d420b3fbed2e124bebf46740c0b2550edcbaa17b07ad6b,auto,lu_hyper_sparse=true,3,optimal,1811.236540358547,1811.2365404,4.145294951740652e-08,2.2886546617622845e-11,0.6042,0.4219,2377,d5b867df,"Chirag Intel64 Family 6 Model 140 Stepping 1, GenuineIntel Windows (shared, loaded)"
boeing1,1d9d58afaf41bad6866d5355330b261d3776ca86753d121eb9b688ee6128ab9e,off,,1,optimal,-335.213567507127,-335.21356751,2.8730369194818195e-09,8.570765619133575e-12,0.1314,0.0469,465,d5b867df,"Chirag Intel64 Family 6 Model 140 Stepping 1, GenuineIntel Windows (shared, loaded)"
boeing1,1d9d58afaf41bad6866d5355330b261d3776ca86753d121eb9b688ee6128ab9e,always,lu_hyper_sparse=true env:SANKHYA_TMP_HS_ALWAYS,1,optimal,-335.213567507127,-335.21356751,2.8730369194818195e-09,8.570765619133575e-12,0.1143,0.0312,465,d5b867df,"Chirag Intel64 Family 6 Model 140 Stepping 1, GenuineIntel Windows (shared, loaded)"
boeing1,1d9d58afaf41bad6866d5355330b261d3776ca86753d121eb9b688ee6128ab9e,auto,lu_hyper_sparse=true,1,optimal,-335.213567507127,-335.21356751,2.8730369194818195e-09,8.570765619133575e-12,0.1477,0.0156,465,d5b867df,"Chirag Intel64 Family 6 Model 140 Stepping 1, GenuineIntel Windows (shared, loaded)"
boeing1,1d9d58afaf41bad6866d5355330b261d3776ca86753d121eb9b688ee6128ab9e,off,,2,optimal,-335.213567507127,-335.21356751,2.8730369194818195e-09,8.570765619133575e-12,0.1405,0.0781,465,d5b867df,"Chirag Intel64 Family 6 Model 140 Stepping 1, GenuineIntel Windows (shared, loaded)"
boeing1,1d9d58afaf41bad6866d5355330b261d3776ca86753d121eb9b688ee6128ab9e,always,lu_hyper_sparse=true env:SANKHYA_TMP_HS_ALWAYS,2,optimal,-335.213567507127,-335.21356751,2.8730369194818195e-09,8.570765619133575e-12,0.3105,0.0312,465,d5b867df,"Chirag Intel64 Family 6 Model 140 Stepping 1, GenuineIntel Windows (shared, loaded)"
boeing1,1d9d58afaf41bad6866d5355330b261d3776ca86753d121eb9b688ee6128ab9e,auto,lu_hyper_sparse=true,2,optimal,-335.213567507127,-335.21356751,2.8730369194818195e-09,8.570765619133575e-12,0.2292,0.0781,465,d5b867df,"Chirag Intel64 Family 6 Model 140 Stepping 1, GenuineIntel Windows (shared, loaded)"
boeing1,1d9d58afaf41bad6866d5355330b261d3776ca86753d121eb9b688ee6128ab9e,off,,3,optimal,-335.213567507127,-335.21356751,2.8730369194818195e-09,8.570765619133575e-12,0.2991,0.0938,465,d5b867df,"Chirag Intel64 Family 6 Model 140 Stepping 1, GenuineIntel Windows (shared, loaded)"
boeing1,1d9d58afaf41bad6866d5355330b261d3776ca86753d121eb9b688ee6128ab9e,always,lu_hyper_sparse=true env:SANKHYA_TMP_HS_ALWAYS,3,optimal,-335.213567507127,-335.21356751,2.8730369194818195e-09,8.570765619133575e-12,0.2832,0.0469,465,d5b867df,"Chirag Intel64 Family 6 Model 140 Stepping 1, GenuineIntel Windows (shared, loaded)"
boeing1,1d9d58afaf41bad6866d5355330b261d3776ca86753d121eb9b688ee6128ab9e,auto,lu_hyper_sparse=true,3,optimal,-335.213567507127,-335.21356751,2.8730369194818195e-09,8.570765619133575e-12,0.1693,0.0312,465,d5b867df,"Chirag Intel64 Family 6 Model 140 Stepping 1, GenuineIntel Windows (shared, loaded)"
boeing2,e12e729b8c09bf6e6934af40b728e460d4eb360c42419b791b68fb2271ddd61a,off,,1,optimal,-315.0187280152028,-315.01872802,4.797243491339032e-09,1.522843902485208e-11,0.3033,0.0156,223,d5b867df,"Chirag Intel64 Family 6 Model 140 Stepping 1, GenuineIntel Windows (shared, loaded)"
boeing2,e12e729b8c09bf6e6934af40b728e460d4eb360c42419b791b68fb2271ddd61a,always,lu_hyper_sparse=true env:SANKHYA_TMP_HS_ALWAYS,1,optimal,-315.0187280152028,-315.01872802,4.797243491339032e-09,1.522843902485208e-11,0.1765,0.0469,223,d5b867df,"Chirag Intel64 Family 6 Model 140 Stepping 1, GenuineIntel Windows (shared, loaded)"
boeing2,e12e729b8c09bf6e6934af40b728e460d4eb360c42419b791b68fb2271ddd61a,auto,lu_hyper_sparse=true,1,optimal,-315.0187280152028,-315.01872802,4.797243491339032e-09,1.522843902485208e-11,0.2088,0.0469,223,d5b867df,"Chirag Intel64 Family 6 Model 140 Stepping 1, GenuineIntel Windows (shared, loaded)"
boeing2,e12e729b8c09bf6e6934af40b728e460d4eb360c42419b791b68fb2271ddd61a,off,,2,optimal,-315.0187280152028,-315.01872802,4.797243491339032e-09,1.522843902485208e-11,0.1952,0.0156,223,d5b867df,"Chirag Intel64 Family 6 Model 140 Stepping 1, GenuineIntel Windows (shared, loaded)"
boeing2,e12e729b8c09bf6e6934af40b728e460d4eb360c42419b791b68fb2271ddd61a,always,lu_hyper_sparse=true env:SANKHYA_TMP_HS_ALWAYS,2,optimal,-315.0187280152028,-315.01872802,4.797243491339032e-09,1.522843902485208e-11,0.1831,0.0312,223,d5b867df,"Chirag Intel64 Family 6 Model 140 Stepping 1, GenuineIntel Windows (shared, loaded)"
boeing2,e12e729b8c09bf6e6934af40b728e460d4eb360c42419b791b68fb2271ddd61a,auto,lu_hyper_sparse=true,2,optimal,-315.0187280152028,-315.01872802,4.797243491339032e-09,1.522843902485208e-11,0.0892,0.0312,223,d5b867df,"Chirag Intel64 Family 6 Model 140 Stepping 1, GenuineIntel Windows (shared, loaded)"
boeing2,e12e729b8c09bf6e6934af40b728e460d4eb360c42419b791b68fb2271ddd61a,off,,3,optimal,-315.0187280152028,-315.01872802,4.797243491339032e-09,1.522843902485208e-11,0.1435,0.0781,223,d5b867df,"Chirag Intel64 Family 6 Model 140 Stepping 1, GenuineIntel Windows (shared, loaded)"
boeing2,e12e729b8c09bf6e6934af40b728e460d4eb360c42419b791b68fb2271ddd61a,always,lu_hyper_sparse=true env:SANKHYA_TMP_HS_ALWAYS,3,optimal,-315.0187280152028,-315.01872802,4.797243491339032e-09,1.522843902485208e-11,0.2149,0.0156,223,d5b867df,"Chirag Intel64 Family 6 Model 140 Stepping 1, GenuineIntel Windows (shared, loaded)"
boeing2,e12e729b8c09bf6e6934af40b728e460d4eb360c42419b791b68fb2271ddd61a,auto,lu_hyper_sparse=true,3,optimal,-315.0187280152028,-315.01872802,4.797243491339032e-09,1.522843902485208e-11,0.3279,0.0156,223,d5b867df,"Chirag Intel64 Family 6 Model 140 Stepping 1, GenuineIntel Windows (shared, loaded)"
bore3d,c7cfe0d4abd466346e3cda4e16d00651f44f3ce1da317cf583c5fed5dfc0515a,off,,1,optimal,1373.080394208493,1373.0803942,8.493088898831047e-09,6.185427258816399e-12,0.2568,0.0312,162,d5b867df,"Chirag Intel64 Family 6 Model 140 Stepping 1, GenuineIntel Windows (shared, loaded)"
bore3d,c7cfe0d4abd466346e3cda4e16d00651f44f3ce1da317cf583c5fed5dfc0515a,always,lu_hyper_sparse=true env:SANKHYA_TMP_HS_ALWAYS,1,optimal,1373.080394208493,1373.0803942,8.493088898831047e-09,6.185427258816399e-12,0.2109,0.0156,162,d5b867df,"Chirag Intel64 Family 6 Model 140 Stepping 1, GenuineIntel Windows (shared, loaded)"
bore3d,c7cfe0d4abd466346e3cda4e16d00651f44f3ce1da317cf583c5fed5dfc0515a,auto,lu_hyper_sparse=true,1,optimal,1373.080394208493,1373.0803942,8.493088898831047e-09,6.185427258816399e-12,0.1850,0.0312,162,d5b867df,"Chirag Intel64 Family 6 Model 140 Stepping 1, GenuineIntel Windows (shared, loaded)"
bore3d,c7cfe0d4abd466346e3cda4e16d00651f44f3ce1da317cf583c5fed5dfc0515a,off,,2,optimal,1373.080394208493,1373.0803942,8.493088898831047e-09,6.185427258816399e-12,0.3492,0.0312,162,d5b867df,"Chirag Intel64 Family 6 Model 140 Stepping 1, GenuineIntel Windows (shared, loaded)"
bore3d,c7cfe0d4abd466346e3cda4e16d00651f44f3ce1da317cf583c5fed5dfc0515a,always,lu_hyper_sparse=true env:SANKHYA_TMP_HS_ALWAYS,2,optimal,1373.080394208493,1373.0803942,8.493088898831047e-09,6.185427258816399e-12,0.2695,0.0312,162,d5b867df,"Chirag Intel64 Family 6 Model 140 Stepping 1, GenuineIntel Windows (shared, loaded)"
bore3d,c7cfe0d4abd466346e3cda4e16d00651f44f3ce1da317cf583c5fed5dfc0515a,auto,lu_hyper_sparse=true,2,optimal,1373.080394208493,1373.0803942,8.493088898831047e-09,6.185427258816399e-12,0.1756,0.0312,162,d5b867df,"Chirag Intel64 Family 6 Model 140 Stepping 1, GenuineIntel Windows (shared, loaded)"
bore3d,c7cfe0d4abd466346e3cda4e16d00651f44f3ce1da317cf583c5fed5dfc0515a,off,,3,optimal,1373.080394208493,1373.0803942,8.493088898831047e-09,6.185427258816399e-12,0.2726,0.0312,162,d5b867df,"Chirag Intel64 Family 6 Model 140 Stepping 1, GenuineIntel Windows (shared, loaded)"
bore3d,c7cfe0d4abd466346e3cda4e16d00651f44f3ce1da317cf583c5fed5dfc0515a,always,lu_hyper_sparse=true env:SANKHYA_TMP_HS_ALWAYS,3,optimal,1373.080394208493,1373.0803942,8.493088898831047e-09,6.185427258816399e-12,0.2473,0.0156,162,d5b867df,"Chirag Intel64 Family 6 Model 140 Stepping 1, GenuineIntel Windows (shared, loaded)"
bore3d,c7cfe0d4abd466346e3cda4e16d00651f44f3ce1da317cf583c5fed5dfc0515a,auto,lu_hyper_sparse=true,3,optimal,1373.080394208493,1373.0803942,8.493088898831047e-09,6.185427258816399e-12,0.2387,0.0469,162,d5b867df,"Chirag Intel64 Family 6 Model 140 Stepping 1, GenuineIntel Windows (shared, loaded)"
brandy,56fa020b84a0a106b7883b7da006c2852449598898c41ec8dd2575151d0e0917,off,,1,optimal,1518.509896488128,1518.5098965,1.1871861715917476e-08,7.818099666838409e-12,0.2425,0.0469,299,d5b867df,"Chirag Intel64 Family 6 Model 140 Stepping 1, GenuineIntel Windows (shared, loaded)"
brandy,56fa020b84a0a106b7883b7da006c2852449598898c41ec8dd2575151d0e0917,always,lu_hyper_sparse=true env:SANKHYA_TMP_HS_ALWAYS,1,optimal,1518.509896488128,1518.5098965,1.1871861715917476e-08,7.818099666838409e-12,0.3479,0.0469,299,d5b867df,"Chirag Intel64 Family 6 Model 140 Stepping 1, GenuineIntel Windows (shared, loaded)"
brandy,56fa020b84a0a106b7883b7da006c2852449598898c41ec8dd2575151d0e0917,auto,lu_hyper_sparse=true,1,optimal,1518.509896488128,1518.5098965,1.1871861715917476e-08,7.818099666838409e-12,0.2027,0.0625,299,d5b867df,"Chirag Intel64 Family 6 Model 140 Stepping 1, GenuineIntel Windows (shared, loaded)"
brandy,56fa020b84a0a106b7883b7da006c2852449598898c41ec8dd2575151d0e0917,off,,2,optimal,1518.509896488128,1518.5098965,1.1871861715917476e-08,7.818099666838409e-12,0.2444,0.0312,299,d5b867df,"Chirag Intel64 Family 6 Model 140 Stepping 1, GenuineIntel Windows (shared, loaded)"
brandy,56fa020b84a0a106b7883b7da006c2852449598898c41ec8dd2575151d0e0917,always,lu_hyper_sparse=true env:SANKHYA_TMP_HS_ALWAYS,2,optimal,1518.509896488128,1518.5098965,1.1871861715917476e-08,7.818099666838409e-12,0.2531,0.0938,299,d5b867df,"Chirag Intel64 Family 6 Model 140 Stepping 1, GenuineIntel Windows (shared, loaded)"
brandy,56fa020b84a0a106b7883b7da006c2852449598898c41ec8dd2575151d0e0917,auto,lu_hyper_sparse=true,2,optimal,1518.509896488128,1518.5098965,1.1871861715917476e-08,7.818099666838409e-12,0.2093,0.0312,299,d5b867df,"Chirag Intel64 Family 6 Model 140 Stepping 1, GenuineIntel Windows (shared, loaded)"
brandy,56fa020b84a0a106b7883b7da006c2852449598898c41ec8dd2575151d0e0917,off,,3,optimal,1518.509896488128,1518.5098965,1.1871861715917476e-08,7.818099666838409e-12,0.5509,0.0469,299,d5b867df,"Chirag Intel64 Family 6 Model 140 Stepping 1, GenuineIntel Windows (shared, loaded)"
brandy,56fa020b84a0a106b7883b7da006c2852449598898c41ec8dd2575151d0e0917,always,lu_hyper_sparse=true env:SANKHYA_TMP_HS_ALWAYS,3,optimal,1518.509896488128,1518.5098965,1.1871861715917476e-08,7.818099666838409e-12,0.3011,0.0312,299,d5b867df,"Chirag Intel64 Family 6 Model 140 Stepping 1, GenuineIntel Windows (shared, loaded)"
brandy,56fa020b84a0a106b7883b7da006c2852449598898c41ec8dd2575151d0e0917,auto,lu_hyper_sparse=true,3,optimal,1518.509896488128,1518.5098965,1.1871861715917476e-08,7.818099666838409e-12,0.2925,0.0781,299,d5b867df,"Chirag Intel64 Family 6 Model 140 Stepping 1, GenuineIntel Windows (shared, loaded)"
capri,4932bc8861fcdaf19256827b7ee229941fa6f2e84f2044b65300326c226fba78,off,,1,optimal,2690.0129137681615,2690.0129138,3.18386810249649e-08,1.1835884081310426e-11,0.2273,0.0469,259,d5b867df,"Chirag Intel64 Family 6 Model 140 Stepping 1, GenuineIntel Windows (shared, loaded)"
capri,4932bc8861fcdaf19256827b7ee229941fa6f2e84f2044b65300326c226fba78,always,lu_hyper_sparse=true env:SANKHYA_TMP_HS_ALWAYS,1,optimal,2690.0129137681615,2690.0129138,3.18386810249649e-08,1.1835884081310426e-11,0.3382,0.0469,259,d5b867df,"Chirag Intel64 Family 6 Model 140 Stepping 1, GenuineIntel Windows (shared, loaded)"
capri,4932bc8861fcdaf19256827b7ee229941fa6f2e84f2044b65300326c226fba78,auto,lu_hyper_sparse=true,1,optimal,2690.0129137681615,2690.0129138,3.18386810249649e-08,1.1835884081310426e-11,0.6278,0.0781,259,d5b867df,"Chirag Intel64 Family 6 Model 140 Stepping 1, GenuineIntel Windows (shared, loaded)"
capri,4932bc8861fcdaf19256827b7ee229941fa6f2e84f2044b65300326c226fba78,off,,2,optimal,2690.0129137681615,2690.0129138,3.18386810249649e-08,1.1835884081310426e-11,0.5192,0.0156,259,d5b867df,"Chirag Intel64 Family 6 Model 140 Stepping 1, GenuineIntel Windows (shared, loaded)"
capri,4932bc8861fcdaf19256827b7ee229941fa6f2e84f2044b65300326c226fba78,always,lu_hyper_sparse=true env:SANKHYA_TMP_HS_ALWAYS,2,optimal,2690.0129137681615,2690.0129138,3.18386810249649e-08,1.1835884081310426e-11,0.7572,0.0469,259,d5b867df,"Chirag Intel64 Family 6 Model 140 Stepping 1, GenuineIntel Windows (shared, loaded)"
capri,4932bc8861fcdaf19256827b7ee229941fa6f2e84f2044b65300326c226fba78,auto,lu_hyper_sparse=true,2,optimal,2690.0129137681615,2690.0129138,3.18386810249649e-08,1.1835884081310426e-11,0.4502,0.0469,259,d5b867df,"Chirag Intel64 Family 6 Model 140 Stepping 1, GenuineIntel Windows (shared, loaded)"
capri,4932bc8861fcdaf19256827b7ee229941fa6f2e84f2044b65300326c226fba78,off,,3,optimal,2690.0129137681615,2690.0129138,3.18386810249649e-08,1.1835884081310426e-11,0.4613,0.0156,259,d5b867df,"Chirag Intel64 Family 6 Model 140 Stepping 1, GenuineIntel Windows (shared, loaded)"
capri,4932bc8861fcdaf19256827b7ee229941fa6f2e84f2044b65300326c226fba78,always,lu_hyper_sparse=true env:SANKHYA_TMP_HS_ALWAYS,3,optimal,2690.0129137681615,2690.0129138,3.18386810249649e-08,1.1835884081310426e-11,0.2810,0.0469,259,d5b867df,"Chirag Intel64 Family 6 Model 140 Stepping 1, GenuineIntel Windows (shared, loaded)"
capri,4932bc8861fcdaf19256827b7ee229941fa6f2e84f2044b65300326c226fba78,auto,lu_hyper_sparse=true,3,optimal,2690.0129137681615,2690.0129138,3.18386810249649e-08,1.1835884081310426e-11,0.3768,0.0625,259,d5b867df,"Chirag Intel64 Family 6 Model 140 Stepping 1, GenuineIntel Windows (shared, loaded)"
cycle,bfc8edde30952b8dfa354679ea3a3231c2e7eb762c0ff8f0f845505741816d53,off,,1,optimal,-5.226393024894101,-5.2263930249,5.899281063648232e-12,1.1287480745405875e-12,0.3668,0.1719,335,d5b867df,"Chirag Intel64 Family 6 Model 140 Stepping 1, GenuineIntel Windows (shared, loaded)"
cycle,bfc8edde30952b8dfa354679ea3a3231c2e7eb762c0ff8f0f845505741816d53,always,lu_hyper_sparse=true env:SANKHYA_TMP_HS_ALWAYS,1,optimal,-5.226393024894101,-5.2263930249,5.899281063648232e-12,1.1287480745405875e-12,0.3053,0.1875,335,d5b867df,"Chirag Intel64 Family 6 Model 140 Stepping 1, GenuineIntel Windows (shared, loaded)"
cycle,bfc8edde30952b8dfa354679ea3a3231c2e7eb762c0ff8f0f845505741816d53,auto,lu_hyper_sparse=true,1,optimal,-5.226393024894101,-5.2263930249,5.899281063648232e-12,1.1287480745405875e-12,0.2690,0.1094,335,d5b867df,"Chirag Intel64 Family 6 Model 140 Stepping 1, GenuineIntel Windows (shared, loaded)"
cycle,bfc8edde30952b8dfa354679ea3a3231c2e7eb762c0ff8f0f845505741816d53,off,,2,optimal,-5.226393024894101,-5.2263930249,5.899281063648232e-12,1.1287480745405875e-12,0.3374,0.1875,335,d5b867df,"Chirag Intel64 Family 6 Model 140 Stepping 1, GenuineIntel Windows (shared, loaded)"
cycle,bfc8edde30952b8dfa354679ea3a3231c2e7eb762c0ff8f0f845505741816d53,always,lu_hyper_sparse=true env:SANKHYA_TMP_HS_ALWAYS,2,optimal,-5.226393024894101,-5.2263930249,5.899281063648232e-12,1.1287480745405875e-12,0.4697,0.1406,335,d5b867df,"Chirag Intel64 Family 6 Model 140 Stepping 1, GenuineIntel Windows (shared, loaded)"
cycle,bfc8edde30952b8dfa354679ea3a3231c2e7eb762c0ff8f0f845505741816d53,auto,lu_hyper_sparse=true,2,optimal,-5.226393024894101,-5.2263930249,5.899281063648232e-12,1.1287480745405875e-12,0.3456,0.0781,335,d5b867df,"Chirag Intel64 Family 6 Model 140 Stepping 1, GenuineIntel Windows (shared, loaded)"
cycle,bfc8edde30952b8dfa354679ea3a3231c2e7eb762c0ff8f0f845505741816d53,off,,3,optimal,-5.226393024894101,-5.2263930249,5.899281063648232e-12,1.1287480745405875e-12,0.2601,0.1250,335,d5b867df,"Chirag Intel64 Family 6 Model 140 Stepping 1, GenuineIntel Windows (shared, loaded)"
cycle,bfc8edde30952b8dfa354679ea3a3231c2e7eb762c0ff8f0f845505741816d53,always,lu_hyper_sparse=true env:SANKHYA_TMP_HS_ALWAYS,3,optimal,-5.226393024894101,-5.2263930249,5.899281063648232e-12,1.1287480745405875e-12,0.3127,0.1406,335,d5b867df,"Chirag Intel64 Family 6 Model 140 Stepping 1, GenuineIntel Windows (shared, loaded)"
cycle,bfc8edde30952b8dfa354679ea3a3231c2e7eb762c0ff8f0f845505741816d53,auto,lu_hyper_sparse=true,3,optimal,-5.226393024894101,-5.2263930249,5.899281063648232e-12,1.1287480745405875e-12,0.4013,0.1250,335,d5b867df,"Chirag Intel64 Family 6 Model 140 Stepping 1, GenuineIntel Windows (shared, loaded)"
czprob,b1f30bd25705fcc3c4f195d7e627e437788035f81fae9198e3096471b947f704,off,,1,optimal,2185196.698856578,2185196.6989,4.342198371887207e-05,1.98709725951582e-11,0.5360,0.1094,981,d5b867df,"Chirag Intel64 Family 6 Model 140 Stepping 1, GenuineIntel Windows (shared, loaded)"
czprob,b1f30bd25705fcc3c4f195d7e627e437788035f81fae9198e3096471b947f704,always,lu_hyper_sparse=true env:SANKHYA_TMP_HS_ALWAYS,1,optimal,2185196.698856578,2185196.6989,4.342198371887207e-05,1.98709725951582e-11,0.5301,0.1406,981,d5b867df,"Chirag Intel64 Family 6 Model 140 Stepping 1, GenuineIntel Windows (shared, loaded)"
czprob,b1f30bd25705fcc3c4f195d7e627e437788035f81fae9198e3096471b947f704,auto,lu_hyper_sparse=true,1,optimal,2185196.698856578,2185196.6989,4.342198371887207e-05,1.98709725951582e-11,0.3410,0.1719,981,d5b867df,"Chirag Intel64 Family 6 Model 140 Stepping 1, GenuineIntel Windows (shared, loaded)"
czprob,b1f30bd25705fcc3c4f195d7e627e437788035f81fae9198e3096471b947f704,off,,2,optimal,2185196.698856578,2185196.6989,4.342198371887207e-05,1.98709725951582e-11,0.2696,0.1406,981,d5b867df,"Chirag Intel64 Family 6 Model 140 Stepping 1, GenuineIntel Windows (shared, loaded)"
czprob,b1f30bd25705fcc3c4f195d7e627e437788035f81fae9198e3096471b947f704,always,lu_hyper_sparse=true env:SANKHYA_TMP_HS_ALWAYS,2,optimal,2185196.698856578,2185196.6989,4.342198371887207e-05,1.98709725951582e-11,0.4992,0.1094,981,d5b867df,"Chirag Intel64 Family 6 Model 140 Stepping 1, GenuineIntel Windows (shared, loaded)"
czprob,b1f30bd25705fcc3c4f195d7e627e437788035f81fae9198e3096471b947f704,auto,lu_hyper_sparse=true,2,optimal,2185196.698856578,2185196.6989,4.342198371887207e-05,1.98709725951582e-11,0.4647,0.0938,981,d5b867df,"Chirag Intel64 Family 6 Model 140 Stepping 1, GenuineIntel Windows (shared, loaded)"
czprob,b1f30bd25705fcc3c4f195d7e627e437788035f81fae9198e3096471b947f704,off,,3,optimal,2185196.698856578,2185196.6989,4.342198371887207e-05,1.98709725951582e-11,0.5116,0.1562,981,d5b867df,"Chirag Intel64 Family 6 Model 140 Stepping 1, GenuineIntel Windows (shared, loaded)"
czprob,b1f30bd25705fcc3c4f195d7e627e437788035f81fae9198e3096471b947f704,always,lu_hyper_sparse=true env:SANKHYA_TMP_HS_ALWAYS,3,optimal,2185196.698856578,2185196.6989,4.342198371887207e-05,1.98709725951582e-11,0.4610,0.1562,981,d5b867df,"Chirag Intel64 Family 6 Model 140 Stepping 1, GenuineIntel Windows (shared, loaded)"
czprob,b1f30bd25705fcc3c4f195d7e627e437788035f81fae9198e3096471b947f704,auto,lu_hyper_sparse=true,3,optimal,2185196.698856578,2185196.6989,4.342198371887207e-05,1.98709725951582e-11,0.2792,0.1250,981,d5b867df,"Chirag Intel64 Family 6 Model 140 Stepping 1, GenuineIntel Windows (shared, loaded)"
d2q06c,fb1516a10aba6a4101cea6cec90c1da775ac60d2d2cd96e902bbe21a430790c9,off,,1,optimal,122784.21081418934,122784.23615,0.02533581065654289,2.0634416478016988e-07,13.0507,7.9219,14998,d5b867df,"Chirag Intel64 Family 6 Model 140 Stepping 1, GenuineIntel Windows (shared, loaded)"
d2q06c,fb1516a10aba6a4101cea6cec90c1da775ac60d2d2cd96e902bbe21a430790c9,always,lu_hyper_sparse=true env:SANKHYA_TMP_HS_ALWAYS,1,optimal,122784.21081418934,122784.23615,0.02533581065654289,2.0634416478016988e-07,14.3139,8.2188,14998,d5b867df,"Chirag Intel64 Family 6 Model 140 Stepping 1, GenuineIntel Windows (shared, loaded)"
d2q06c,fb1516a10aba6a4101cea6cec90c1da775ac60d2d2cd96e902bbe21a430790c9,auto,lu_hyper_sparse=true,1,optimal,122784.21081418934,122784.23615,0.02533581065654289,2.0634416478016988e-07,10.1751,7.3438,14998,d5b867df,"Chirag Intel64 Family 6 Model 140 Stepping 1, GenuineIntel Windows (shared, loaded)"
d2q06c,fb1516a10aba6a4101cea6cec90c1da775ac60d2d2cd96e902bbe21a430790c9,off,,2,optimal,122784.21081418934,122784.23615,0.02533581065654289,2.0634416478016988e-07,13.3017,7.6406,14998,d5b867df,"Chirag Intel64 Family 6 Model 140 Stepping 1, GenuineIntel Windows (shared, loaded)"
d2q06c,fb1516a10aba6a4101cea6cec90c1da775ac60d2d2cd96e902bbe21a430790c9,always,lu_hyper_sparse=true env:SANKHYA_TMP_HS_ALWAYS,2,optimal,122784.21081418934,122784.23615,0.02533581065654289,2.0634416478016988e-07,11.5266,8.0938,14998,d5b867df,"Chirag Intel64 Family 6 Model 140 Stepping 1, GenuineIntel Windows (shared, loaded)"
d2q06c,fb1516a10aba6a4101cea6cec90c1da775ac60d2d2cd96e902bbe21a430790c9,auto,lu_hyper_sparse=true,2,optimal,122784.21081418934,122784.23615,0.02533581065654289,2.0634416478016988e-07,18.5056,7.9688,14998,d5b867df,"Chirag Intel64 Family 6 Model 140 Stepping 1, GenuineIntel Windows (shared, loaded)"
d2q06c,fb1516a10aba6a4101cea6cec90c1da775ac60d2d2cd96e902bbe21a430790c9,off,,3,optimal,122784.21081418934,122784.23615,0.02533581065654289,2.0634416478016988e-07,16.0592,8.2031,14998,d5b867df,"Chirag Intel64 Family 6 Model 140 Stepping 1, GenuineIntel Windows (shared, loaded)"
d2q06c,fb1516a10aba6a4101cea6cec90c1da775ac60d2d2cd96e902bbe21a430790c9,always,lu_hyper_sparse=true env:SANKHYA_TMP_HS_ALWAYS,3,optimal,122784.21081418934,122784.23615,0.02533581065654289,2.0634416478016988e-07,12.9862,7.7188,14998,d5b867df,"Chirag Intel64 Family 6 Model 140 Stepping 1, GenuineIntel Windows (shared, loaded)"
d2q06c,fb1516a10aba6a4101cea6cec90c1da775ac60d2d2cd96e902bbe21a430790c9,auto,lu_hyper_sparse=true,3,optimal,122784.21081418934,122784.23615,0.02533581065654289,2.0634416478016988e-07,15.0614,7.3281,14998,d5b867df,"Chirag Intel64 Family 6 Model 140 Stepping 1, GenuineIntel Windows (shared, loaded)"
d6cube,8cd94ee7783bcbce884acde1f4769f5c79739c9460fe73cb948924e724b02dfa,off,,1,optimal,315.49166666666713,315.49166667,3.3328433346468955e-09,1.0563966300044954e-11,0.8171,0.2969,868,d5b867df,"Chirag Intel64 Family 6 Model 140 Stepping 1, GenuineIntel Windows (shared, loaded)"
d6cube,8cd94ee7783bcbce884acde1f4769f5c79739c9460fe73cb948924e724b02dfa,always,lu_hyper_sparse=true env:SANKHYA_TMP_HS_ALWAYS,1,optimal,315.49166666666713,315.49166667,3.3328433346468955e-09,1.0563966300044954e-11,0.5866,0.2969,868,d5b867df,"Chirag Intel64 Family 6 Model 140 Stepping 1, GenuineIntel Windows (shared, loaded)"
d6cube,8cd94ee7783bcbce884acde1f4769f5c79739c9460fe73cb948924e724b02dfa,auto,lu_hyper_sparse=true,1,optimal,315.49166666666713,315.49166667,3.3328433346468955e-09,1.0563966300044954e-11,0.7278,0.3281,868,d5b867df,"Chirag Intel64 Family 6 Model 140 Stepping 1, GenuineIntel Windows (shared, loaded)"
d6cube,8cd94ee7783bcbce884acde1f4769f5c79739c9460fe73cb948924e724b02dfa,off,,2,optimal,315.49166666666713,315.49166667,3.3328433346468955e-09,1.0563966300044954e-11,0.5572,0.3281,868,d5b867df,"Chirag Intel64 Family 6 Model 140 Stepping 1, GenuineIntel Windows (shared, loaded)"
d6cube,8cd94ee7783bcbce884acde1f4769f5c79739c9460fe73cb948924e724b02dfa,always,lu_hyper_sparse=true env:SANKHYA_TMP_HS_ALWAYS,2,optimal,315.49166666666713,315.49166667,3.3328433346468955e-09,1.0563966300044954e-11,0.7741,0.2969,868,d5b867df,"Chirag Intel64 Family 6 Model 140 Stepping 1, GenuineIntel Windows (shared, loaded)"
d6cube,8cd94ee7783bcbce884acde1f4769f5c79739c9460fe73cb948924e724b02dfa,auto,lu_hyper_sparse=true,2,optimal,315.49166666666713,315.49166667,3.3328433346468955e-09,1.0563966300044954e-11,0.5789,0.3281,868,d5b867df,"Chirag Intel64 Family 6 Model 140 Stepping 1, GenuineIntel Windows (shared, loaded)"
d6cube,8cd94ee7783bcbce884acde1f4769f5c79739c9460fe73cb948924e724b02dfa,off,,3,optimal,315.49166666666713,315.49166667,3.3328433346468955e-09,1.0563966300044954e-11,1.0921,0.3594,868,d5b867df,"Chirag Intel64 Family 6 Model 140 Stepping 1, GenuineIntel Windows (shared, loaded)"
d6cube,8cd94ee7783bcbce884acde1f4769f5c79739c9460fe73cb948924e724b02dfa,always,lu_hyper_sparse=true env:SANKHYA_TMP_HS_ALWAYS,3,optimal,315.49166666666713,315.49166667,3.3328433346468955e-09,1.0563966300044954e-11,0.6026,0.2656,868,d5b867df,"Chirag Intel64 Family 6 Model 140 Stepping 1, GenuineIntel Windows (shared, loaded)"
d6cube,8cd94ee7783bcbce884acde1f4769f5c79739c9460fe73cb948924e724b02dfa,auto,lu_hyper_sparse=true,3,optimal,315.49166666666713,315.49166667,3.3328433346468955e-09,1.0563966300044954e-11,0.7324,0.3750,868,d5b867df,"Chirag Intel64 Family 6 Model 140 Stepping 1, GenuineIntel Windows (shared, loaded)"
degen2,755cf6ca5f3a8ed1b8b68372e8d2d3b5efee784ee69b1dada923c6ff04ee0edb,off,,1,optimal,-1435.178,-1435.178,0.0,0.0,0.2343,0.0469,611,d5b867df,"Chirag Intel64 Family 6 Model 140 Stepping 1, GenuineIntel Windows (shared, loaded)"
degen2,755cf6ca5f3a8ed1b8b68372e8d2d3b5efee784ee69b1dada923c6ff04ee0edb,always,lu_hyper_sparse=true env:SANKHYA_TMP_HS_ALWAYS,1,optimal,-1435.178,-1435.178,0.0,0.0,0.1990,0.0781,611,d5b867df,"Chirag Intel64 Family 6 Model 140 Stepping 1, GenuineIntel Windows (shared, loaded)"
degen2,755cf6ca5f3a8ed1b8b68372e8d2d3b5efee784ee69b1dada923c6ff04ee0edb,auto,lu_hyper_sparse=true,1,optimal,-1435.178,-1435.178,0.0,0.0,0.3112,0.0781,611,d5b867df,"Chirag Intel64 Family 6 Model 140 Stepping 1, GenuineIntel Windows (shared, loaded)"
degen2,755cf6ca5f3a8ed1b8b68372e8d2d3b5efee784ee69b1dada923c6ff04ee0edb,off,,2,optimal,-1435.178,-1435.178,0.0,0.0,0.2152,0.0312,611,d5b867df,"Chirag Intel64 Family 6 Model 140 Stepping 1, GenuineIntel Windows (shared, loaded)"
degen2,755cf6ca5f3a8ed1b8b68372e8d2d3b5efee784ee69b1dada923c6ff04ee0edb,always,lu_hyper_sparse=true env:SANKHYA_TMP_HS_ALWAYS,2,optimal,-1435.178,-1435.178,0.0,0.0,0.1569,0.0781,611,d5b867df,"Chirag Intel64 Family 6 Model 140 Stepping 1, GenuineIntel Windows (shared, loaded)"
degen2,755cf6ca5f3a8ed1b8b68372e8d2d3b5efee784ee69b1dada923c6ff04ee0edb,auto,lu_hyper_sparse=true,2,optimal,-1435.178,-1435.178,0.0,0.0,0.1723,0.0781,611,d5b867df,"Chirag Intel64 Family 6 Model 140 Stepping 1, GenuineIntel Windows (shared, loaded)"
degen2,755cf6ca5f3a8ed1b8b68372e8d2d3b5efee784ee69b1dada923c6ff04ee0edb,off,,3,optimal,-1435.178,-1435.178,0.0,0.0,0.2091,0.0625,611,d5b867df,"Chirag Intel64 Family 6 Model 140 Stepping 1, GenuineIntel Windows (shared, loaded)"
degen2,755cf6ca5f3a8ed1b8b68372e8d2d3b5efee784ee69b1dada923c6ff04ee0edb,always,lu_hyper_sparse=true env:SANKHYA_TMP_HS_ALWAYS,3,optimal,-1435.178,-1435.178,0.0,0.0,0.2083,0.1094,611,d5b867df,"Chirag Intel64 Family 6 Model 140 Stepping 1, GenuineIntel Windows (shared, loaded)"
degen2,755cf6ca5f3a8ed1b8b68372e8d2d3b5efee784ee69b1dada923c6ff04ee0edb,auto,lu_hyper_sparse=true,3,optimal,-1435.178,-1435.178,0.0,0.0,0.1869,0.0938,611,d5b867df,"Chirag Intel64 Family 6 Model 140 Stepping 1, GenuineIntel Windows (shared, loaded)"
degen3,08d600688c524fea548e946af5551ef8c359c7a7e71b8841acc839b00eefadeb,off,,1,optimal,-987.2939999999999,-987.294,1.1368683772161603e-13,1.151499327673581e-16,1.1450,0.7344,3164,d5b867df,"Chirag Intel64 Family 6 Model 140 Stepping 1, GenuineIntel Windows (shared, loaded)"
degen3,08d600688c524fea548e946af5551ef8c359c7a7e71b8841acc839b00eefadeb,always,lu_hyper_sparse=true env:SANKHYA_TMP_HS_ALWAYS,1,optimal,-987.2939999999999,-987.294,1.1368683772161603e-13,1.151499327673581e-16,1.4079,0.8438,3164,d5b867df,"Chirag Intel64 Family 6 Model 140 Stepping 1, GenuineIntel Windows (shared, loaded)"
degen3,08d600688c524fea548e946af5551ef8c359c7a7e71b8841acc839b00eefadeb,auto,lu_hyper_sparse=true,1,optimal,-987.2939999999999,-987.294,1.1368683772161603e-13,1.151499327673581e-16,1.4511,0.8594,3164,d5b867df,"Chirag Intel64 Family 6 Model 140 Stepping 1, GenuineIntel Windows (shared, loaded)"
degen3,08d600688c524fea548e946af5551ef8c359c7a7e71b8841acc839b00eefadeb,off,,2,optimal,-987.2939999999999,-987.294,1.1368683772161603e-13,1.151499327673581e-16,1.4775,0.8438,3164,d5b867df,"Chirag Intel64 Family 6 Model 140 Stepping 1, GenuineIntel Windows (shared, loaded)"
degen3,08d600688c524fea548e946af5551ef8c359c7a7e71b8841acc839b00eefadeb,always,lu_hyper_sparse=true env:SANKHYA_TMP_HS_ALWAYS,2,optimal,-987.2939999999999,-987.294,1.1368683772161603e-13,1.151499327673581e-16,1.3505,0.8438,3164,d5b867df,"Chirag Intel64 Family 6 Model 140 Stepping 1, GenuineIntel Windows (shared, loaded)"
degen3,08d600688c524fea548e946af5551ef8c359c7a7e71b8841acc839b00eefadeb,auto,lu_hyper_sparse=true,2,optimal,-987.2939999999999,-987.294,1.1368683772161603e-13,1.151499327673581e-16,1.4804,0.8750,3164,d5b867df,"Chirag Intel64 Family 6 Model 140 Stepping 1, GenuineIntel Windows (shared, loaded)"
degen3,08d600688c524fea548e946af5551ef8c359c7a7e71b8841acc839b00eefadeb,off,,3,optimal,-987.2939999999999,-987.294,1.1368683772161603e-13,1.151499327673581e-16,1.5950,0.8281,3164,d5b867df,"Chirag Intel64 Family 6 Model 140 Stepping 1, GenuineIntel Windows (shared, loaded)"
degen3,08d600688c524fea548e946af5551ef8c359c7a7e71b8841acc839b00eefadeb,always,lu_hyper_sparse=true env:SANKHYA_TMP_HS_ALWAYS,3,optimal,-987.2939999999999,-987.294,1.1368683772161603e-13,1.151499327673581e-16,1.4332,0.9062,3164,d5b867df,"Chirag Intel64 Family 6 Model 140 Stepping 1, GenuineIntel Windows (shared, loaded)"
degen3,08d600688c524fea548e946af5551ef8c359c7a7e71b8841acc839b00eefadeb,auto,lu_hyper_sparse=true,3,optimal,-987.2939999999999,-987.294,1.1368683772161603e-13,1.151499327673581e-16,1.1499,0.8125,3164,d5b867df,"Chirag Intel64 Family 6 Model 140 Stepping 1, GenuineIntel Windows (shared, loaded)"
dfl001,85d47c5f8a5fc53772eabac1805b7a1af72431cad9e14d26d673043980952730,off,,1,optimal,11266396.0466714,11266400.0,3.953328600153327,3.508954590777291e-07,216.8825,117.1250,85012,d5b867df,"Chirag Intel64 Family 6 Model 140 Stepping 1, GenuineIntel Windows (shared, loaded)"
dfl001,85d47c5f8a5fc53772eabac1805b7a1af72431cad9e14d26d673043980952730,always,lu_hyper_sparse=true env:SANKHYA_TMP_HS_ALWAYS,1,optimal,11266396.0466714,11266400.0,3.953328600153327,3.508954590777291e-07,210.2058,125.4062,85012,d5b867df,"Chirag Intel64 Family 6 Model 140 Stepping 1, GenuineIntel Windows (shared, loaded)"
dfl001,85d47c5f8a5fc53772eabac1805b7a1af72431cad9e14d26d673043980952730,auto,lu_hyper_sparse=true,1,optimal,11266396.0466714,11266400.0,3.953328600153327,3.508954590777291e-07,207.3401,116.1250,85012,d5b867df,"Chirag Intel64 Family 6 Model 140 Stepping 1, GenuineIntel Windows (shared, loaded)"
dfl001,85d47c5f8a5fc53772eabac1805b7a1af72431cad9e14d26d673043980952730,off,,2,optimal,11266396.0466714,11266400.0,3.953328600153327,3.508954590777291e-07,144.2770,105.7656,85012,d5b867df,"Chirag Intel64 Family 6 Model 140 Stepping 1, GenuineIntel Windows (shared, loaded)"
dfl001,85d47c5f8a5fc53772eabac1805b7a1af72431cad9e14d26d673043980952730,always,lu_hyper_sparse=true env:SANKHYA_TMP_HS_ALWAYS,2,optimal,11266396.0466714,11266400.0,3.953328600153327,3.508954590777291e-07,166.4909,115.6719,85012,d5b867df,"Chirag Intel64 Family 6 Model 140 Stepping 1, GenuineIntel Windows (shared, loaded)"
dfl001,85d47c5f8a5fc53772eabac1805b7a1af72431cad9e14d26d673043980952730,auto,lu_hyper_sparse=true,2,optimal,11266396.0466714,11266400.0,3.953328600153327,3.508954590777291e-07,143.3827,109.1250,85012,d5b867df,"Chirag Intel64 Family 6 Model 140 Stepping 1, GenuineIntel Windows (shared, loaded)"
dfl001,85d47c5f8a5fc53772eabac1805b7a1af72431cad9e14d26d673043980952730,off,,3,optimal,11266396.0466714,11266400.0,3.953328600153327,3.508954590777291e-07,159.4327,104.0781,85012,d5b867df,"Chirag Intel64 Family 6 Model 140 Stepping 1, GenuineIntel Windows (shared, loaded)"
dfl001,85d47c5f8a5fc53772eabac1805b7a1af72431cad9e14d26d673043980952730,always,lu_hyper_sparse=true env:SANKHYA_TMP_HS_ALWAYS,3,optimal,11266396.0466714,11266400.0,3.953328600153327,3.508954590777291e-07,165.3975,114.6875,85012,d5b867df,"Chirag Intel64 Family 6 Model 140 Stepping 1, GenuineIntel Windows (shared, loaded)"
dfl001,85d47c5f8a5fc53772eabac1805b7a1af72431cad9e14d26d673043980952730,auto,lu_hyper_sparse=true,3,optimal,11266396.0466714,11266400.0,3.953328600153327,3.508954590777291e-07,150.7204,103.4688,85012,d5b867df,"Chirag Intel64 Family 6 Model 140 Stepping 1, GenuineIntel Windows (shared, loaded)"
e226,ddf56486daea52c8592b520aeb83d329223a1b45a3e5a269bd663ef9195bd8d8,off,,1,optimal,-11.638929066370528,-18.751929066,7.112999999629471,0.3793209741032129,1.4657,0.0156,435,d5b867df,"Chirag Intel64 Family 6 Model 140 Stepping 1, GenuineIntel Windows (shared, loaded)"
e226,ddf56486daea52c8592b520aeb83d329223a1b45a3e5a269bd663ef9195bd8d8,always,lu_hyper_sparse=true env:SANKHYA_TMP_HS_ALWAYS,1,optimal,-11.638929066370528,-18.751929066,7.112999999629471,0.3793209741032129,1.1287,0.0469,435,d5b867df,"Chirag Intel64 Family 6 Model 140 Stepping 1, GenuineIntel Windows (shared, loaded)"
e226,ddf56486daea52c8592b520aeb83d329223a1b45a3e5a269bd663ef9195bd8d8,auto,lu_hyper_sparse=true,1,optimal,-11.638929066370528,-18.751929066,7.112999999629471,0.3793209741032129,0.4293,0.0938,435,d5b867df,"Chirag Intel64 Family 6 Model 140 Stepping 1, GenuineIntel Windows (shared, loaded)"
e226,ddf56486daea52c8592b520aeb83d329223a1b45a3e5a269bd663ef9195bd8d8,off,,2,optimal,-11.638929066370528,-18.751929066,7.112999999629471,0.3793209741032129,0.6069,0.0781,435,d5b867df,"Chirag Intel64 Family 6 Model 140 Stepping 1, GenuineIntel Windows (shared, loaded)"
e226,ddf56486daea52c8592b520aeb83d329223a1b45a3e5a269bd663ef9195bd8d8,always,lu_hyper_sparse=true env:SANKHYA_TMP_HS_ALWAYS,2,optimal,-11.638929066370528,-18.751929066,7.112999999629471,0.3793209741032129,0.2369,0.0469,435,d5b867df,"Chirag Intel64 Family 6 Model 140 Stepping 1, GenuineIntel Windows (shared, loaded)"
e226,ddf56486daea52c8592b520aeb83d329223a1b45a3e5a269bd663ef9195bd8d8,auto,lu_hyper_sparse=true,2,optimal,-11.638929066370528,-18.751929066,7.112999999629471,0.3793209741032129,0.3532,0.0469,435,d5b867df,"Chirag Intel64 Family 6 Model 140 Stepping 1, GenuineIntel Windows (shared, loaded)"
e226,ddf56486daea52c8592b520aeb83d329223a1b45a3e5a269bd663ef9195bd8d8,off,,3,optimal,-11.638929066370528,-18.751929066,7.112999999629471,0.3793209741032129,0.2197,0.0469,435,d5b867df,"Chirag Intel64 Family 6 Model 140 Stepping 1, GenuineIntel Windows (shared, loaded)"
e226,ddf56486daea52c8592b520aeb83d329223a1b45a3e5a269bd663ef9195bd8d8,always,lu_hyper_sparse=true env:SANKHYA_TMP_HS_ALWAYS,3,optimal,-11.638929066370528,-18.751929066,7.112999999629471,0.3793209741032129,0.2770,0.0312,435,d5b867df,"Chirag Intel64 Family 6 Model 140 Stepping 1, GenuineIntel Windows (shared, loaded)"
e226,ddf56486daea52c8592b520aeb83d329223a1b45a3e5a269bd663ef9195bd8d8,auto,lu_hyper_sparse=true,3,optimal,-11.638929066370528,-18.751929066,7.112999999629471,0.3793209741032129,0.1200,0.0312,435,d5b867df,"Chirag Intel64 Family 6 Model 140 Stepping 1, GenuineIntel Windows (shared, loaded)"
etamacro,41701e1add7af2ed2b21a421ab7271bc867e6bc7ad98ac189748d6522e7d4926,off,,1,optimal,-755.7152333505866,-755.71521774,1.561058661536663e-05,2.0656705394990964e-08,0.5423,0.0469,779,d5b867df,"Chirag Intel64 Family 6 Model 140 Stepping 1, GenuineIntel Windows (shared, loaded)"
etamacro,41701e1add7af2ed2b21a421ab7271bc867e6bc7ad98ac189748d6522e7d4926,always,lu_hyper_sparse=true env:SANKHYA_TMP_HS_ALWAYS,1,optimal,-755.7152333505866,-755.71521774,1.561058661536663e-05,2.0656705394990964e-08,0.7649,0.0938,779,d5b867df,"Chirag Intel64 Family 6 Model 140 Stepping 1, GenuineIntel Windows (shared, loaded)"
etamacro,41701e1add7af2ed2b21a421ab7271bc867e6bc7ad98ac189748d6522e7d4926,auto,lu_hyper_sparse=true,1,optimal,-755.7152333505866,-755.71521774,1.561058661536663e-05,2.0656705394990964e-08,0.8231,0.1250,779,d5b867df,"Chirag Intel64 Family 6 Model 140 Stepping 1, GenuineIntel Windows (shared, loaded)"
etamacro,41701e1add7af2ed2b21a421ab7271bc867e6bc7ad98ac189748d6522e7d4926,off,,2,optimal,-755.7152333505866,-755.71521774,1.561058661536663e-05,2.0656705394990964e-08,2.3200,0.0781,779,d5b867df,"Chirag Intel64 Family 6 Model 140 Stepping 1, GenuineIntel Windows (shared, loaded)"
etamacro,41701e1add7af2ed2b21a421ab7271bc867e6bc7ad98ac189748d6522e7d4926,always,lu_hyper_sparse=true env:SANKHYA_TMP_HS_ALWAYS,2,optimal,-755.7152333505866,-755.71521774,1.561058661536663e-05,2.0656705394990964e-08,1.2287,0.0469,779,d5b867df,"Chirag Intel64 Family 6 Model 140 Stepping 1, GenuineIntel Windows (shared, loaded)"
etamacro,41701e1add7af2ed2b21a421ab7271bc867e6bc7ad98ac189748d6522e7d4926,auto,lu_hyper_sparse=true,2,optimal,-755.7152333505866,-755.71521774,1.561058661536663e-05,2.0656705394990964e-08,1.3136,0.0938,779,d5b867df,"Chirag Intel64 Family 6 Model 140 Stepping 1, GenuineIntel Windows (shared, loaded)"
etamacro,41701e1add7af2ed2b21a421ab7271bc867e6bc7ad98ac189748d6522e7d4926,off,,3,optimal,-755.7152333505866,-755.71521774,1.561058661536663e-05,2.0656705394990964e-08,1.0050,0.0781,779,d5b867df,"Chirag Intel64 Family 6 Model 140 Stepping 1, GenuineIntel Windows (shared, loaded)"
etamacro,41701e1add7af2ed2b21a421ab7271bc867e6bc7ad98ac189748d6522e7d4926,always,lu_hyper_sparse=true env:SANKHYA_TMP_HS_ALWAYS,3,optimal,-755.7152333505866,-755.71521774,1.561058661536663e-05,2.0656705394990964e-08,1.8825,0.0625,779,d5b867df,"Chirag Intel64 Family 6 Model 140 Stepping 1, GenuineIntel Windows (shared, loaded)"
etamacro,41701e1add7af2ed2b21a421ab7271bc867e6bc7ad98ac189748d6522e7d4926,auto,lu_hyper_sparse=true,3,optimal,-755.7152333505866,-755.71521774,1.561058661536663e-05,2.0656705394990964e-08,1.0537,0.0938,779,d5b867df,"Chirag Intel64 Family 6 Model 140 Stepping 1, GenuineIntel Windows (shared, loaded)"
fffff800,9d6695686c15d5f1b4f43b2ce8830c1d38df3a204717d8875f144aa21b33901e,off,,1,optimal,555679.5648174962,555679.61165,0.046832503750920296,8.427968701579461e-08,0.7257,0.0625,706,d5b867df,"Chirag Intel64 Family 6 Model 140 Stepping 1, GenuineIntel Windows (shared, loaded)"
fffff800,9d6695686c15d5f1b4f43b2ce8830c1d38df3a204717d8875f144aa21b33901e,always,lu_hyper_sparse=true env:SANKHYA_TMP_HS_ALWAYS,1,optimal,555679.5648174962,555679.61165,0.046832503750920296,8.427968701579461e-08,0.7362,0.1250,706,d5b867df,"Chirag Intel64 Family 6 Model 140 Stepping 1, GenuineIntel Windows (shared, loaded)"
fffff800,9d6695686c15d5f1b4f43b2ce8830c1d38df3a204717d8875f144aa21b33901e,auto,lu_hyper_sparse=true,1,optimal,555679.5648174962,555679.61165,0.046832503750920296,8.427968701579461e-08,0.2293,0.0781,706,d5b867df,"Chirag Intel64 Family 6 Model 140 Stepping 1, GenuineIntel Windows (shared, loaded)"
fffff800,9d6695686c15d5f1b4f43b2ce8830c1d38df3a204717d8875f144aa21b33901e,off,,2,optimal,555679.5648174962,555679.61165,0.046832503750920296,8.427968701579461e-08,0.2586,0.0781,706,d5b867df,"Chirag Intel64 Family 6 Model 140 Stepping 1, GenuineIntel Windows (shared, loaded)"
fffff800,9d6695686c15d5f1b4f43b2ce8830c1d38df3a204717d8875f144aa21b33901e,always,lu_hyper_sparse=true env:SANKHYA_TMP_HS_ALWAYS,2,optimal,555679.5648174962,555679.61165,0.046832503750920296,8.427968701579461e-08,0.7758,0.1094,706,d5b867df,"Chirag Intel64 Family 6 Model 140 Stepping 1, GenuineIntel Windows (shared, loaded)"
fffff800,9d6695686c15d5f1b4f43b2ce8830c1d38df3a204717d8875f144aa21b33901e,auto,lu_hyper_sparse=true,2,optimal,555679.5648174962,555679.61165,0.046832503750920296,8.427968701579461e-08,0.5696,0.0781,706,d5b867df,"Chirag Intel64 Family 6 Model 140 Stepping 1, GenuineIntel Windows (shared, loaded)"
fffff800,9d6695686c15d5f1b4f43b2ce8830c1d38df3a204717d8875f144aa21b33901e,off,,3,optimal,555679.5648174962,555679.61165,0.046832503750920296,8.427968701579461e-08,0.5755,0.0781,706,d5b867df,"Chirag Intel64 Family 6 Model 140 Stepping 1, GenuineIntel Windows (shared, loaded)"
fffff800,9d6695686c15d5f1b4f43b2ce8830c1d38df3a204717d8875f144aa21b33901e,always,lu_hyper_sparse=true env:SANKHYA_TMP_HS_ALWAYS,3,optimal,555679.5648174962,555679.61165,0.046832503750920296,8.427968701579461e-08,0.3993,0.0625,706,d5b867df,"Chirag Intel64 Family 6 Model 140 Stepping 1, GenuineIntel Windows (shared, loaded)"
fffff800,9d6695686c15d5f1b4f43b2ce8830c1d38df3a204717d8875f144aa21b33901e,auto,lu_hyper_sparse=true,3,optimal,555679.5648174962,555679.61165,0.046832503750920296,8.427968701579461e-08,0.2537,0.0938,706,d5b867df,"Chirag Intel64 Family 6 Model 140 Stepping 1, GenuineIntel Windows (shared, loaded)"
finnis,891821f24a8cd14af78b95bb460a56f0e0b5410a59ad01ab58d9daf3387e7546,off,,1,optimal,172791.06559561164,172790.96547,0.10012561164330691,5.794609189835839e-07,0.2552,0.0781,398,d5b867df,"Chirag Intel64 Family 6 Model 140 Stepping 1, GenuineIntel Windows (shared, loaded)"
finnis,891821f24a8cd14af78b95bb460a56f0e0b5410a59ad01ab58d9daf3387e7546,always,lu_hyper_sparse=true env:SANKHYA_TMP_HS_ALWAYS,1,optimal,172791.06559561164,172790.96547,0.10012561164330691,5.794609189835839e-07,0.1322,0.0469,398,d5b867df,"Chirag Intel64 Family 6 Model 140 Stepping 1, GenuineIntel Windows (shared, loaded)"
finnis,891821f24a8cd14af78b95bb460a56f0e0b5410a59ad01ab58d9daf3387e7546,auto,lu_hyper_sparse=true,1,optimal,172791.06559561164,172790.96547,0.10012561164330691,5.794609189835839e-07,1.1012,0.1406,398,d5b867df,"Chirag Intel64 Family 6 Model 140 Stepping 1, GenuineIntel Windows (shared, loaded)"
finnis,891821f24a8cd14af78b95bb460a56f0e0b5410a59ad01ab58d9daf3387e7546,off,,2,optimal,172791.06559561164,172790.96547,0.10012561164330691,5.794609189835839e-07,1.0639,0.0469,398,d5b867df,"Chirag Intel64 Family 6 Model 140 Stepping 1, GenuineIntel Windows (shared, loaded)"
finnis,891821f24a8cd14af78b95bb460a56f0e0b5410a59ad01ab58d9daf3387e7546,always,lu_hyper_sparse=true env:SANKHYA_TMP_HS_ALWAYS,2,optimal,172791.06559561164,172790.96547,0.10012561164330691,5.794609189835839e-07,0.6356,0.1094,398,d5b867df,"Chirag Intel64 Family 6 Model 140 Stepping 1, GenuineIntel Windows (shared, loaded)"
finnis,891821f24a8cd14af78b95bb460a56f0e0b5410a59ad01ab58d9daf3387e7546,auto,lu_hyper_sparse=true,2,optimal,172791.06559561164,172790.96547,0.10012561164330691,5.794609189835839e-07,0.2951,0.0938,398,d5b867df,"Chirag Intel64 Family 6 Model 140 Stepping 1, GenuineIntel Windows (shared, loaded)"
finnis,891821f24a8cd14af78b95bb460a56f0e0b5410a59ad01ab58d9daf3387e7546,off,,3,optimal,172791.06559561164,172790.96547,0.10012561164330691,5.794609189835839e-07,0.3057,0.0781,398,d5b867df,"Chirag Intel64 Family 6 Model 140 Stepping 1, GenuineIntel Windows (shared, loaded)"
finnis,891821f24a8cd14af78b95bb460a56f0e0b5410a59ad01ab58d9daf3387e7546,always,lu_hyper_sparse=true env:SANKHYA_TMP_HS_ALWAYS,3,optimal,172791.06559561164,172790.96547,0.10012561164330691,5.794609189835839e-07,2.1031,0.0938,398,d5b867df,"Chirag Intel64 Family 6 Model 140 Stepping 1, GenuineIntel Windows (shared, loaded)"
finnis,891821f24a8cd14af78b95bb460a56f0e0b5410a59ad01ab58d9daf3387e7546,auto,lu_hyper_sparse=true,3,optimal,172791.06559561164,172790.96547,0.10012561164330691,5.794609189835839e-07,1.4507,0.0781,398,d5b867df,"Chirag Intel64 Family 6 Model 140 Stepping 1, GenuineIntel Windows (shared, loaded)"
fit1d,59cee4fedd040a05c05d8410474ee014f42ef910e083689202be708491fe8717,off,,1,optimal,-9146.378092420928,-9146.3780924,2.092747308779508e-08,2.2880612277754342e-12,0.1960,0.1250,56,d5b867df,"Chirag Intel64 Family 6 Model 140 Stepping 1, GenuineIntel Windows (shared, loaded)"
fit1d,59cee4fedd040a05c05d8410474ee014f42ef910e083689202be708491fe8717,always,lu_hyper_sparse=true env:SANKHYA_TMP_HS_ALWAYS,1,optimal,-9146.378092420928,-9146.3780924,2.092747308779508e-08,2.2880612277754342e-12,0.1191,0.0781,56,d5b867df,"Chirag Intel64 Family 6 Model 140 Stepping 1, GenuineIntel Windows (shared, loaded)"
fit1d,59cee4fedd040a05c05d8410474ee014f42ef910e083689202be708491fe8717,auto,lu_hyper_sparse=true,1,optimal,-9146.378092420928,-9146.3780924,2.092747308779508e-08,2.2880612277754342e-12,0.2978,0.0625,56,d5b867df,"Chirag Intel64 Family 6 Model 140 Stepping 1, GenuineIntel Windows (shared, loaded)"
fit1d,59cee4fedd040a05c05d8410474ee014f42ef910e083689202be708491fe8717,off,,2,optimal,-9146.378092420928,-9146.3780924,2.092747308779508e-08,2.2880612277754342e-12,0.1977,0.0625,56,d5b867df,"Chirag Intel64 Family 6 Model 140 Stepping 1, GenuineIntel Windows (shared, loaded)"
fit1d,59cee4fedd040a05c05d8410474ee014f42ef910e083689202be708491fe8717,always,lu_hyper_sparse=true env:SANKHYA_TMP_HS_ALWAYS,2,optimal,-9146.378092420928,-9146.3780924,2.092747308779508e-08,2.2880612277754342e-12,0.2012,0.0469,56,d5b867df,"Chirag Intel64 Family 6 Model 140 Stepping 1, GenuineIntel Windows (shared, loaded)"
fit1d,59cee4fedd040a05c05d8410474ee014f42ef910e083689202be708491fe8717,auto,lu_hyper_sparse=true,2,optimal,-9146.378092420928,-9146.3780924,2.092747308779508e-08,2.2880612277754342e-12,0.2741,0.0625,56,d5b867df,"Chirag Intel64 Family 6 Model 140 Stepping 1, GenuineIntel Windows (shared, loaded)"
fit1d,59cee4fedd040a05c05d8410474ee014f42ef910e083689202be708491fe8717,off,,3,optimal,-9146.378092420928,-9146.3780924,2.092747308779508e-08,2.2880612277754342e-12,0.2932,0.0625,56,d5b867df,"Chirag Intel64 Family 6 Model 140 Stepping 1, GenuineIntel Windows (shared, loaded)"
fit1d,59cee4fedd040a05c05d8410474ee014f42ef910e083689202be708491fe8717,always,lu_hyper_sparse=true env:SANKHYA_TMP_HS_ALWAYS,3,optimal,-9146.378092420928,-9146.3780924,2.092747308779508e-08,2.2880612277754342e-12,0.3817,0.0625,56,d5b867df,"Chirag Intel64 Family 6 Model 140 Stepping 1, GenuineIntel Windows (shared, loaded)"
fit1d,59cee4fedd040a05c05d8410474ee014f42ef910e083689202be708491fe8717,auto,lu_hyper_sparse=true,3,optimal,-9146.378092420928,-9146.3780924,2.092747308779508e-08,2.2880612277754342e-12,0.2526,0.0469,56,d5b867df,"Chirag Intel64 Family 6 Model 140 Stepping 1, GenuineIntel Windows (shared, loaded)"
fit1p,416e77d83daf74dee5ec1d253b77f8e252ff3e27cd123459218b02ef2be0df17,off,,1,optimal,9146.378092420935,9146.3780924,2.0934749045409262e-08,2.288856729288785e-12,0.6955,0.1875,1088,d5b867df,"Chirag Intel64 Family 6 Model 140 Stepping 1, GenuineIntel Windows (shared, loaded)"
fit1p,416e77d83daf74dee5ec1d253b77f8e252ff3e27cd123459218b02ef2be0df17,always,lu_hyper_sparse=true env:SANKHYA_TMP_HS_ALWAYS,1,optimal,9146.378092420935,9146.3780924,2.0934749045409262e-08,2.288856729288785e-12,0.7079,0.1562,1088,d5b867df,"Chirag Intel64 Family 6 Model 140 Stepping 1, GenuineIntel Windows (shared, loaded)"
fit1p,416e77d83daf74dee5ec1d253b77f8e252ff3e27cd123459218b02ef2be0df17,auto,lu_hyper_sparse=true,1,optimal,9146.378092420935,9146.3780924,2.0934749045409262e-08,2.288856729288785e-12,0.5253,0.1562,1088,d5b867df,"Chirag Intel64 Family 6 Model 140 Stepping 1, GenuineIntel Windows (shared, loaded)"
fit1p,416e77d83daf74dee5ec1d253b77f8e252ff3e27cd123459218b02ef2be0df17,off,,2,optimal,9146.378092420935,9146.3780924,2.0934749045409262e-08,2.288856729288785e-12,1.2683,0.1250,1088,d5b867df,"Chirag Intel64 Family 6 Model 140 Stepping 1, GenuineIntel Windows (shared, loaded)"
fit1p,416e77d83daf74dee5ec1d253b77f8e252ff3e27cd123459218b02ef2be0df17,always,lu_hyper_sparse=true env:SANKHYA_TMP_HS_ALWAYS,2,optimal,9146.378092420935,9146.3780924,2.0934749045409262e-08,2.288856729288785e-12,0.7202,0.2031,1088,d5b867df,"Chirag Intel64 Family 6 Model 140 Stepping 1, GenuineIntel Windows (shared, loaded)"
fit1p,416e77d83daf74dee5ec1d253b77f8e252ff3e27cd123459218b02ef2be0df17,auto,lu_hyper_sparse=true,2,optimal,9146.378092420935,9146.3780924,2.0934749045409262e-08,2.288856729288785e-12,0.7431,0.1562,1088,d5b867df,"Chirag Intel64 Family 6 Model 140 Stepping 1, GenuineIntel Windows (shared, loaded)"
fit1p,416e77d83daf74dee5ec1d253b77f8e252ff3e27cd123459218b02ef2be0df17,off,,3,optimal,9146.378092420935,9146.3780924,2.0934749045409262e-08,2.288856729288785e-12,0.8743,0.1719,1088,d5b867df,"Chirag Intel64 Family 6 Model 140 Stepping 1, GenuineIntel Windows (shared, loaded)"
fit1p,416e77d83daf74dee5ec1d253b77f8e252ff3e27cd123459218b02ef2be0df17,always,lu_hyper_sparse=true env:SANKHYA_TMP_HS_ALWAYS,3,optimal,9146.378092420935,9146.3780924,2.0934749045409262e-08,2.288856729288785e-12,1.7091,0.1406,1088,d5b867df,"Chirag Intel64 Family 6 Model 140 Stepping 1, GenuineIntel Windows (shared, loaded)"
fit1p,416e77d83daf74dee5ec1d253b77f8e252ff3e27cd123459218b02ef2be0df17,auto,lu_hyper_sparse=true,3,optimal,9146.378092420935,9146.3780924,2.0934749045409262e-08,2.288856729288785e-12,1.1428,0.1875,1088,d5b867df,"Chirag Intel64 Family 6 Model 140 Stepping 1, GenuineIntel Windows (shared, loaded)"
fit2d,1c16c328c0358ab175596bdd6b9a2c5d1cb4bb53b099d5d1f2a208a889c7bafc,off,,1,optimal,-68464.2932938321,-68464.293294,1.6789999790489674e-07,2.4523731981559937e-12,1.7925,0.5312,226,d5b867df,"Chirag Intel64 Family 6 Model 140 Stepping 1, GenuineIntel Windows (shared, loaded)"
fit2d,1c16c328c0358ab175596bdd6b9a2c5d1cb4bb53b099d5d1f2a208a889c7bafc,always,lu_hyper_sparse=true env:SANKHYA_TMP_HS_ALWAYS,1,optimal,-68464.2932938321,-68464.293294,1.6789999790489674e-07,2.4523731981559937e-12,1.7597,0.4219,226,d5b867df,"Chirag Intel64 Family 6 Model 140 Stepping 1, GenuineIntel Windows (shared, loaded)"
fit2d,1c16c328c0358ab175596bdd6b9a2c5d1cb4bb53b099d5d1f2a208a889c7bafc,auto,lu_hyper_sparse=true,1,optimal,-68464.2932938321,-68464.293294,1.6789999790489674e-07,2.4523731981559937e-12,0.9863,0.4688,226,d5b867df,"Chirag Intel64 Family 6 Model 140 Stepping 1, GenuineIntel Windows (shared, loaded)"
fit2d,1c16c328c0358ab175596bdd6b9a2c5d1cb4bb53b099d5d1f2a208a889c7bafc,off,,2,optimal,-68464.2932938321,-68464.293294,1.6789999790489674e-07,2.4523731981559937e-12,0.8609,0.5156,226,d5b867df,"Chirag Intel64 Family 6 Model 140 Stepping 1, GenuineIntel Windows (shared, loaded)"
fit2d,1c16c328c0358ab175596bdd6b9a2c5d1cb4bb53b099d5d1f2a208a889c7bafc,always,lu_hyper_sparse=true env:SANKHYA_TMP_HS_ALWAYS,2,optimal,-68464.2932938321,-68464.293294,1.6789999790489674e-07,2.4523731981559937e-12,1.1754,0.4844,226,d5b867df,"Chirag Intel64 Family 6 Model 140 Stepping 1, GenuineIntel Windows (shared, loaded)"
fit2d,1c16c328c0358ab175596bdd6b9a2c5d1cb4bb53b099d5d1f2a208a889c7bafc,auto,lu_hyper_sparse=true,2,optimal,-68464.2932938321,-68464.293294,1.6789999790489674e-07,2.4523731981559937e-12,0.9313,0.4531,226,d5b867df,"Chirag Intel64 Family 6 Model 140 Stepping 1, GenuineIntel Windows (shared, loaded)"
fit2d,1c16c328c0358ab175596bdd6b9a2c5d1cb4bb53b099d5d1f2a208a889c7bafc,off,,3,optimal,-68464.2932938321,-68464.293294,1.6789999790489674e-07,2.4523731981559937e-12,1.0032,0.4219,226,d5b867df,"Chirag Intel64 Family 6 Model 140 Stepping 1, GenuineIntel Windows (shared, loaded)"
fit2d,1c16c328c0358ab175596bdd6b9a2c5d1cb4bb53b099d5d1f2a208a889c7bafc,always,lu_hyper_sparse=true env:SANKHYA_TMP_HS_ALWAYS,3,optimal,-68464.2932938321,-68464.293294,1.6789999790489674e-07,2.4523731981559937e-12,1.1407,0.5000,226,d5b867df,"Chirag Intel64 Family 6 Model 140 Stepping 1, GenuineIntel Windows (shared, loaded)"
fit2d,1c16c328c0358ab175596bdd6b9a2c5d1cb4bb53b099d5d1f2a208a889c7bafc,auto,lu_hyper_sparse=true,3,optimal,-68464.2932938321,-68464.293294,1.6789999790489674e-07,2.4523731981559937e-12,1.1284,0.5156,226,d5b867df,"Chirag Intel64 Family 6 Model 140 Stepping 1, GenuineIntel Windows (shared, loaded)"
fit2p,0f44de8ea974ed4cc04fb60ccd2707c2f887dc65f8b6b9bd1e9f01bb59dd4a4f,off,,1,optimal,68464.29329383219,68464.293232,6.183219375088811e-05,9.031305346476276e-10,11.1747,6.5469,10207,d5b867df,"Chirag Intel64 Family 6 Model 140 Stepping 1, GenuineIntel Windows (shared, loaded)"
fit2p,0f44de8ea974ed4cc04fb60ccd2707c2f887dc65f8b6b9bd1e9f01bb59dd4a4f,always,lu_hyper_sparse=true env:SANKHYA_TMP_HS_ALWAYS,1,optimal,68464.29329383219,68464.293232,6.183219375088811e-05,9.031305346476276e-10,21.8442,6.0938,10207,d5b867df,"Chirag Intel64 Family 6 Model 140 Stepping 1, GenuineIntel Windows (shared, loaded)"
fit2p,0f44de8ea974ed4cc04fb60ccd2707c2f887dc65f8b6b9bd1e9f01bb59dd4a4f,auto,lu_hyper_sparse=true,1,optimal,68464.29329383219,68464.293232,6.183219375088811e-05,9.031305346476276e-10,12.1371,6.4531,10207,d5b867df,"Chirag Intel64 Family 6 Model 140 Stepping 1, GenuineIntel Windows (shared, loaded)"
fit2p,0f44de8ea974ed4cc04fb60ccd2707c2f887dc65f8b6b9bd1e9f01bb59dd4a4f,off,,2,optimal,68464.29329383219,68464.293232,6.183219375088811e-05,9.031305346476276e-10,12.6254,6.0312,10207,d5b867df,"Chirag Intel64 Family 6 Model 140 Stepping 1, GenuineIntel Windows (shared, loaded)"
fit2p,0f44de8ea974ed4cc04fb60ccd2707c2f887dc65f8b6b9bd1e9f01bb59dd4a4f,always,lu_hyper_sparse=true env:SANKHYA_TMP_HS_ALWAYS,2,optimal,68464.29329383219,68464.293232,6.183219375088811e-05,9.031305346476276e-10,11.2010,6.2969,10207,d5b867df,"Chirag Intel64 Family 6 Model 140 Stepping 1, GenuineIntel Windows (shared, loaded)"
fit2p,0f44de8ea974ed4cc04fb60ccd2707c2f887dc65f8b6b9bd1e9f01bb59dd4a4f,auto,lu_hyper_sparse=true,2,optimal,68464.29329383219,68464.293232,6.183219375088811e-05,9.031305346476276e-10,11.8023,6.5312,10207,d5b867df,"Chirag Intel64 Family 6 Model 140 Stepping 1, GenuineIntel Windows (shared, loaded)"
fit2p,0f44de8ea974ed4cc04fb60ccd2707c2f887dc65f8b6b9bd1e9f01bb59dd4a4f,off,,3,optimal,68464.29329383219,68464.293232,6.183219375088811e-05,9.031305346476276e-10,9.9464,6.4062,10207,d5b867df,"Chirag Intel64 Family 6 Model 140 Stepping 1, GenuineIntel Windows (shared, loaded)"
fit2p,0f44de8ea974ed4cc04fb60ccd2707c2f887dc65f8b6b9bd1e9f01bb59dd4a4f,always,lu_hyper_sparse=true env:SANKHYA_TMP_HS_ALWAYS,3,optimal,68464.29329383219,68464.293232,6.183219375088811e-05,9.031305346476276e-10,12.2871,6.2969,10207,d5b867df,"Chirag Intel64 Family 6 Model 140 Stepping 1, GenuineIntel Windows (shared, loaded)"
fit2p,0f44de8ea974ed4cc04fb60ccd2707c2f887dc65f8b6b9bd1e9f01bb59dd4a4f,auto,lu_hyper_sparse=true,3,optimal,68464.29329383219,68464.293232,6.183219375088811e-05,9.031305346476276e-10,14.8605,6.7344,10207,d5b867df,"Chirag Intel64 Family 6 Model 140 Stepping 1, GenuineIntel Windows (shared, loaded)"
forplan,65ec816c0b3c58ec4d61574df130a3ce464abb42f3d49de21710a787bf3cfdc7,off,,1,optimal,-664.2189612722065,-664.21873953,0.00022174220646320464,3.3383913049503697e-07,2.3894,0.0312,298,d5b867df,"Chirag Intel64 Family 6 Model 140 Stepping 1, GenuineIntel Windows (shared, loaded)"
forplan,65ec816c0b3c58ec4d61574df130a3ce464abb42f3d49de21710a787bf3cfdc7,always,lu_hyper_sparse=true env:SANKHYA_TMP_HS_ALWAYS,1,optimal,-664.2189612722065,-664.21873953,0.00022174220646320464,3.3383913049503697e-07,0.4026,0.0469,298,d5b867df,"Chirag Intel64 Family 6 Model 140 Stepping 1, GenuineIntel Windows (shared, loaded)"
forplan,65ec816c0b3c58ec4d61574df130a3ce464abb42f3d49de21710a787bf3cfdc7,auto,lu_hyper_sparse=true,1,optimal,-664.2189612722065,-664.21873953,0.00022174220646320464,3.3383913049503697e-07,1.0947,0.0469,298,d5b867df,"Chirag Intel64 Family 6 Model 140 Stepping 1, GenuineIntel Windows (shared, loaded)"
forplan,65ec816c0b3c58ec4d61574df130a3ce464abb42f3d49de21710a787bf3cfdc7,off,,2,optimal,-664.2189612722065,-664.21873953,0.00022174220646320464,3.3383913049503697e-07,0.5474,0.0469,298,d5b867df,"Chirag Intel64 Family 6 Model 140 Stepping 1, GenuineIntel Windows (shared, loaded)"
forplan,65ec816c0b3c58ec4d61574df130a3ce464abb42f3d49de21710a787bf3cfdc7,always,lu_hyper_sparse=true env:SANKHYA_TMP_HS_ALWAYS,2,optimal,-664.2189612722065,-664.21873953,0.00022174220646320464,3.3383913049503697e-07,0.2251,0.0625,298,d5b867df,"Chirag Intel64 Family 6 Model 140 Stepping 1, GenuineIntel Windows (shared, loaded)"
forplan,65ec816c0b3c58ec4d61574df130a3ce464abb42f3d49de21710a787bf3cfdc7,auto,lu_hyper_sparse=true,2,optimal,-664.2189612722065,-664.21873953,0.00022174220646320464,3.3383913049503697e-07,0.4329,0.0625,298,d5b867df,"Chirag Intel64 Family 6 Model 140 Stepping 1, GenuineIntel Windows (shared, loaded)"
forplan,65ec816c0b3c58ec4d61574df130a3ce464abb42f3d49de21710a787bf3cfdc7,off,,3,optimal,-664.2189612722065,-664.21873953,0.00022174220646320464,3.3383913049503697e-07,0.4124,0.0625,298,d5b867df,"Chirag Intel64 Family 6 Model 140 Stepping 1, GenuineIntel Windows (shared, loaded)"
forplan,65ec816c0b3c58ec4d61574df130a3ce464abb42f3d49de21710a787bf3cfdc7,always,lu_hyper_sparse=true env:SANKHYA_TMP_HS_ALWAYS,3,optimal,-664.2189612722065,-664.21873953,0.00022174220646320464,3.3383913049503697e-07,0.3820,0.0469,298,d5b867df,"Chirag Intel64 Family 6 Model 140 Stepping 1, GenuineIntel Windows (shared, loaded)"
forplan,65ec816c0b3c58ec4d61574df130a3ce464abb42f3d49de21710a787bf3cfdc7,auto,lu_hyper_sparse=true,3,optimal,-664.2189612722065,-664.21873953,0.00022174220646320464,3.3383913049503697e-07,0.5222,0.0312,298,d5b867df,"Chirag Intel64 Family 6 Model 140 Stepping 1, GenuineIntel Windows (shared, loaded)"
ganges,f655f33ba979a59d659a8605acaf480c2fe5c610f3a50921bbcac7be40546067,off,,1,optimal,-109585.73612927819,-109586.36356,0.6274307218118338,5.72544522355929e-06,0.8227,0.1406,1183,d5b867df,"Chirag Intel64 Family 6 Model 140 Stepping 1, GenuineIntel Windows (shared, loaded)"
ganges,f655f33ba979a59d659a8605acaf480c2fe5c610f3a50921bbcac7be40546067,always,lu_hyper_sparse=true env:SANKHYA_TMP_HS_ALWAYS,1,optimal,-109585.73612927819,-109586.36356,0.6274307218118338,5.72544522355929e-06,0.2835,0.1406,1183,d5b867df,"Chirag Intel64 Family 6 Model 140 Stepping 1, GenuineIntel Windows (shared, loaded)"
ganges,f655f33ba979a59d659a8605acaf480c2fe5c610f3a50921bbcac7be40546067,auto,lu_hyper_sparse=true,1,optimal,-109585.73612927819,-109586.36356,0.6274307218118338,5.72544522355929e-06,0.2965,0.1250,1183,d5b867df,"Chirag Intel64 Family 6 Model 140 Stepping 1, GenuineIntel Windows (shared, loaded)"
ganges,f655f33ba979a59d659a8605acaf480c2fe5c610f3a50921bbcac7be40546067,off,,2,optimal,-109585.73612927819,-109586.36356,0.6274307218118338,5.72544522355929e-06,0.3968,0.0938,1183,d5b867df,"Chirag Intel64 Family 6 Model 140 Stepping 1, GenuineIntel Windows (shared, loaded)"
ganges,f655f33ba979a59d659a8605acaf480c2fe5c610f3a50921bbcac7be40546067,always,lu_hyper_sparse=true env:SANKHYA_TMP_HS_ALWAYS,2,optimal,-109585.73612927819,-109586.36356,0.6274307218118338,5.72544522355929e-06,0.3967,0.1250,1183,d5b867df,"Chirag Intel64 Family 6 Model 140 Stepping 1, GenuineIntel Windows (shared, loaded)"
ganges,f655f33ba979a59d659a8605acaf480c2fe5c610f3a50921bbcac7be40546067,auto,lu_hyper_sparse=true,2,optimal,-109585.73612927819,-109586.36356,0.6274307218118338,5.72544522355929e-06,0.4407,0.1719,1183,d5b867df,"Chirag Intel64 Family 6 Model 140 Stepping 1, GenuineIntel Windows (shared, loaded)"
ganges,f655f33ba979a59d659a8605acaf480c2fe5c610f3a50921bbcac7be40546067,off,,3,optimal,-109585.73612927819,-109586.36356,0.6274307218118338,5.72544522355929e-06,0.7624,0.1562,1183,d5b867df,"Chirag Intel64 Family 6 Model 140 Stepping 1, GenuineIntel Windows (shared, loaded)"
ganges,f655f33ba979a59d659a8605acaf480c2fe5c610f3a50921bbcac7be40546067,always,lu_hyper_sparse=true env:SANKHYA_TMP_HS_ALWAYS,3,optimal,-109585.73612927819,-109586.36356,0.6274307218118338,5.72544522355929e-06,0.6537,0.1250,1183,d5b867df,"Chirag Intel64 Family 6 Model 140 Stepping 1, GenuineIntel Windows (shared, loaded)"
ganges,f655f33ba979a59d659a8605acaf480c2fe5c610f3a50921bbcac7be40546067,auto,lu_hyper_sparse=true,3,optimal,-109585.73612927819,-109586.36356,0.6274307218118338,5.72544522355929e-06,0.2746,0.1406,1183,d5b867df,"Chirag Intel64 Family 6 Model 140 Stepping 1, GenuineIntel Windows (shared, loaded)"
gfrd-pnc,d66ea78a803e91e4f38dcd74ca4c575aa742e27e7120c1c3494d4d424ee5c936,off,,1,optimal,6902235.999548811,6902235.9995,4.8811547458171844e-05,7.071845625346303e-12,0.2781,0.0781,448,d5b867df,"Chirag Intel64 Family 6 Model 140 Stepping 1, GenuineIntel Windows (shared, loaded)"
gfrd-pnc,d66ea78a803e91e4f38dcd74ca4c575aa742e27e7120c1c3494d4d424ee5c936,always,lu_hyper_sparse=true env:SANKHYA_TMP_HS_ALWAYS,1,optimal,6902235.999548811,6902235.9995,4.8811547458171844e-05,7.071845625346303e-12,0.3844,0.0625,448,d5b867df,"Chirag Intel64 Family 6 Model 140 Stepping 1, GenuineIntel Windows (shared, loaded)"
gfrd-pnc,d66ea78a803e91e4f38dcd74ca4c575aa742e27e7120c1c3494d4d424ee5c936,auto,lu_hyper_sparse=true,1,optimal,6902235.999548811,6902235.9995,4.8811547458171844e-05,7.071845625346303e-12,0.3176,0.0625,448,d5b867df,"Chirag Intel64 Family 6 Model 140 Stepping 1, GenuineIntel Windows (shared, loaded)"
gfrd-pnc,d66ea78a803e91e4f38dcd74ca4c575aa742e27e7120c1c3494d4d424ee5c936,off,,2,optimal,6902235.999548811,6902235.9995,4.8811547458171844e-05,7.071845625346303e-12,0.4418,0.0781,448,d5b867df,"Chirag Intel64 Family 6 Model 140 Stepping 1, GenuineIntel Windows (shared, loaded)"
gfrd-pnc,d66ea78a803e91e4f38dcd74ca4c575aa742e27e7120c1c3494d4d424ee5c936,always,lu_hyper_sparse=true env:SANKHYA_TMP_HS_ALWAYS,2,optimal,6902235.999548811,6902235.9995,4.8811547458171844e-05,7.071845625346303e-12,0.5996,0.0156,448,d5b867df,"Chirag Intel64 Family 6 Model 140 Stepping 1, GenuineIntel Windows (shared, loaded)"
gfrd-pnc,d66ea78a803e91e4f38dcd74ca4c575aa742e27e7120c1c3494d4d424ee5c936,auto,lu_hyper_sparse=true,2,optimal,6902235.999548811,6902235.9995,4.8811547458171844e-05,7.071845625346303e-12,0.3633,0.0469,448,d5b867df,"Chirag Intel64 Family 6 Model 140 Stepping 1, GenuineIntel Windows (shared, loaded)"
gfrd-pnc,d66ea78a803e91e4f38dcd74ca4c575aa742e27e7120c1c3494d4d424ee5c936,off,,3,optimal,6902235.999548811,6902235.9995,4.8811547458171844e-05,7.071845625346303e-12,0.2730,0.0625,448,d5b867df,"Chirag Intel64 Family 6 Model 140 Stepping 1, GenuineIntel Windows (shared, loaded)"
gfrd-pnc,d66ea78a803e91e4f38dcd74ca4c575aa742e27e7120c1c3494d4d424ee5c936,always,lu_hyper_sparse=true env:SANKHYA_TMP_HS_ALWAYS,3,optimal,6902235.999548811,6902235.9995,4.8811547458171844e-05,7.071845625346303e-12,0.8140,0.0469,448,d5b867df,"Chirag Intel64 Family 6 Model 140 Stepping 1, GenuineIntel Windows (shared, loaded)"
gfrd-pnc,d66ea78a803e91e4f38dcd74ca4c575aa742e27e7120c1c3494d4d424ee5c936,auto,lu_hyper_sparse=true,3,optimal,6902235.999548811,6902235.9995,4.8811547458171844e-05,7.071845625346303e-12,0.3086,0.0469,448,d5b867df,"Chirag Intel64 Family 6 Model 140 Stepping 1, GenuineIntel Windows (shared, loaded)"
greenbea,cb701e3ba5153e385b8cb6426e34b5d23bad4b1b9c9a037802e351c24b0f653d,off,,1,optimal,-72555248.12984598,-72462405.908,92842.22184596956,0.0012812467469524025,7.2947,2.6562,8526,d5b867df,"Chirag Intel64 Family 6 Model 140 Stepping 1, GenuineIntel Windows (shared, loaded)"
greenbea,cb701e3ba5153e385b8cb6426e34b5d23bad4b1b9c9a037802e351c24b0f653d,always,lu_hyper_sparse=true env:SANKHYA_TMP_HS_ALWAYS,1,optimal,-72555248.12984598,-72462405.908,92842.22184596956,0.0012812467469524025,5.3786,2.5469,8526,d5b867df,"Chirag Intel64 Family 6 Model 140 Stepping 1, GenuineIntel Windows (shared, loaded)"
greenbea,cb701e3ba5153e385b8cb6426e34b5d23bad4b1b9c9a037802e351c24b0f653d,auto,lu_hyper_sparse=true,1,optimal,-72555248.12984598,-72462405.908,92842.22184596956,0.0012812467469524025,6.6924,2.6406,8526,d5b867df,"Chirag Intel64 Family 6 Model 140 Stepping 1, GenuineIntel Windows (shared, loaded)"
greenbea,cb701e3ba5153e385b8cb6426e34b5d23bad4b1b9c9a037802e351c24b0f653d,off,,2,optimal,-72555248.12984598,-72462405.908,92842.22184596956,0.0012812467469524025,4.5038,2.5312,8526,d5b867df,"Chirag Intel64 Family 6 Model 140 Stepping 1, GenuineIntel Windows (shared, loaded)"
greenbea,cb701e3ba5153e385b8cb6426e34b5d23bad4b1b9c9a037802e351c24b0f653d,always,lu_hyper_sparse=true env:SANKHYA_TMP_HS_ALWAYS,2,optimal,-72555248.12984598,-72462405.908,92842.22184596956,0.0012812467469524025,4.7109,2.5000,8526,d5b867df,"Chirag Intel64 Family 6 Model 140 Stepping 1, GenuineIntel Windows (shared, loaded)"
greenbea,cb701e3ba5153e385b8cb6426e34b5d23bad4b1b9c9a037802e351c24b0f653d,auto,lu_hyper_sparse=true,2,optimal,-72555248.12984598,-72462405.908,92842.22184596956,0.0012812467469524025,5.2998,2.6562,8526,d5b867df,"Chirag Intel64 Family 6 Model 140 Stepping 1, GenuineIntel Windows (shared, loaded)"
greenbea,cb701e3ba5153e385b8cb6426e34b5d23bad4b1b9c9a037802e351c24b0f653d,off,,3,optimal,-72555248.12984598,-72462405.908,92842.22184596956,0.0012812467469524025,4.2795,2.5312,8526,d5b867df,"Chirag Intel64 Family 6 Model 140 Stepping 1, GenuineIntel Windows (shared, loaded)"
greenbea,cb701e3ba5153e385b8cb6426e34b5d23bad4b1b9c9a037802e351c24b0f653d,always,lu_hyper_sparse=true env:SANKHYA_TMP_HS_ALWAYS,3,optimal,-72555248.12984598,-72462405.908,92842.22184596956,0.0012812467469524025,5.5374,2.3438,8526,d5b867df,"Chirag Intel64 Family 6 Model 140 Stepping 1, GenuineIntel Windows (shared, loaded)"
greenbea,cb701e3ba5153e385b8cb6426e34b5d23bad4b1b9c9a037802e351c24b0f653d,auto,lu_hyper_sparse=true,3,optimal,-72555248.12984598,-72462405.908,92842.22184596956,0.0012812467469524025,3.7359,2.6875,8526,d5b867df,"Chirag Intel64 Family 6 Model 140 Stepping 1, GenuineIntel Windows (shared, loaded)"
greenbeb,21f92f6a32f71ec72c8f693d6685e4a91ecb2debec732ec61302bc866f370865,off,,1,optimal,-4302260.261206586,-4302147.6065,112.65470658615232,2.6185690703858075e-05,7.1817,3.5000,10966,d5b867df,"Chirag Intel64 Family 6 Model 140 Stepping 1, GenuineIntel Windows (shared, loaded)"
greenbeb,21f92f6a32f71ec72c8f693d6685e4a91ecb2debec732ec61302bc866f370865,always,lu_hyper_sparse=true env:SANKHYA_TMP_HS_ALWAYS,1,optimal,-4302260.261206586,-4302147.6065,112.65470658615232,2.6185690703858075e-05,3.7875,3.1406,10966,d5b867df,"Chirag Intel64 Family 6 Model 140 Stepping 1, GenuineIntel Windows (shared, loaded)"
greenbeb,21f92f6a32f71ec72c8f693d6685e4a91ecb2debec732ec61302bc866f370865,auto,lu_hyper_sparse=true,1,optimal,-4302260.261206586,-4302147.6065,112.65470658615232,2.6185690703858075e-05,4.1592,3.1875,10966,d5b867df,"Chirag Intel64 Family 6 Model 140 Stepping 1, GenuineIntel Windows (shared, loaded)"
greenbeb,21f92f6a32f71ec72c8f693d6685e4a91ecb2debec732ec61302bc866f370865,off,,2,optimal,-4302260.261206586,-4302147.6065,112.65470658615232,2.6185690703858075e-05,4.4852,3.1562,10966,d5b867df,"Chirag Intel64 Family 6 Model 140 Stepping 1, GenuineIntel Windows (shared, loaded)"
greenbeb,21f92f6a32f71ec72c8f693d6685e4a91ecb2debec732ec61302bc866f370865,always,lu_hyper_sparse=true env:SANKHYA_TMP_HS_ALWAYS,2,optimal,-4302260.261206586,-4302147.6065,112.65470658615232,2.6185690703858075e-05,4.6847,3.3906,10966,d5b867df,"Chirag Intel64 Family 6 Model 140 Stepping 1, GenuineIntel Windows (shared, loaded)"
greenbeb,21f92f6a32f71ec72c8f693d6685e4a91ecb2debec732ec61302bc866f370865,auto,lu_hyper_sparse=true,2,optimal,-4302260.261206586,-4302147.6065,112.65470658615232,2.6185690703858075e-05,4.2131,3.1719,10966,d5b867df,"Chirag Intel64 Family 6 Model 140 Stepping 1, GenuineIntel Windows (shared, loaded)"
greenbeb,21f92f6a32f71ec72c8f693d6685e4a91ecb2debec732ec61302bc866f370865,off,,3,optimal,-4302260.261206586,-4302147.6065,112.65470658615232,2.6185690703858075e-05,5.0521,3.2656,10966,d5b867df,"Chirag Intel64 Family 6 Model 140 Stepping 1, GenuineIntel Windows (shared, loaded)"
greenbeb,21f92f6a32f71ec72c8f693d6685e4a91ecb2debec732ec61302bc866f370865,always,lu_hyper_sparse=true env:SANKHYA_TMP_HS_ALWAYS,3,optimal,-4302260.261206586,-4302147.6065,112.65470658615232,2.6185690703858075e-05,5.0607,3.5938,10966,d5b867df,"Chirag Intel64 Family 6 Model 140 Stepping 1, GenuineIntel Windows (shared, loaded)"
greenbeb,21f92f6a32f71ec72c8f693d6685e4a91ecb2debec732ec61302bc866f370865,auto,lu_hyper_sparse=true,3,optimal,-4302260.261206586,-4302147.6065,112.65470658615232,2.6185690703858075e-05,4.5549,3.1250,10966,d5b867df,"Chirag Intel64 Family 6 Model 140 Stepping 1, GenuineIntel Windows (shared, loaded)"
grow15,ab84e2f83d00c5bd26291e0505f23804b050bc96dc1e576d9da8f04e1f6ed51f,off,,1,optimal,-106870941.29357535,-106870941.29,0.003575339913368225,3.345474335878028e-11,0.2311,0.1719,1238,d5b867df,"Chirag Intel64 Family 6 Model 140 Stepping 1, GenuineIntel Windows (shared, loaded)"
grow15,ab84e2f83d00c5bd26291e0505f23804b050bc96dc1e576d9da8f04e1f6ed51f,always,lu_hyper_sparse=true env:SANKHYA_TMP_HS_ALWAYS,1,optimal,-106870941.29357535,-106870941.29,0.003575339913368225,3.345474335878028e-11,0.3788,0.1406,1238,d5b867df,"Chirag Intel64 Family 6 Model 140 Stepping 1, GenuineIntel Windows (shared, loaded)"
grow15,ab84e2f83d00c5bd26291e0505f23804b050bc96dc1e576d9da8f04e1f6ed51f,auto,lu_hyper_sparse=true,1,optimal,-106870941.29357535,-106870941.29,0.003575339913368225,3.345474335878028e-11,0.2075,0.1406,1238,d5b867df,"Chirag Intel64 Family 6 Model 140 Stepping 1, GenuineIntel Windows (shared, loaded)"
grow15,ab84e2f83d00c5bd26291e0505f23804b050bc96dc1e576d9da8f04e1f6ed51f,off,,2,optimal,-106870941.29357535,-106870941.29,0.003575339913368225,3.345474335878028e-11,0.2148,0.1250,1238,d5b867df,"Chirag Intel64 Family 6 Model 140 Stepping 1, GenuineIntel Windows (shared, loaded)"
grow15,ab84e2f83d00c5bd26291e0505f23804b050bc96dc1e576d9da8f04e1f6ed51f,always,lu_hyper_sparse=true env:SANKHYA_TMP_HS_ALWAYS,2,optimal,-106870941.29357535,-106870941.29,0.003575339913368225,3.345474335878028e-11,0.2178,0.1562,1238,d5b867df,"Chirag Intel64 Family 6 Model 140 Stepping 1, GenuineIntel Windows (shared, loaded)"
grow15,ab84e2f83d00c5bd26291e0505f23804b050bc96dc1e576d9da8f04e1f6ed51f,auto,lu_hyper_sparse=true,2,optimal,-106870941.29357535,-106870941.29,0.003575339913368225,3.345474335878028e-11,0.2930,0.0781,1238,d5b867df,"Chirag Intel64 Family 6 Model 140 Stepping 1, GenuineIntel Windows (shared, loaded)"
grow15,ab84e2f83d00c5bd26291e0505f23804b050bc96dc1e576d9da8f04e1f6ed51f,off,,3,optimal,-106870941.29357535,-106870941.29,0.003575339913368225,3.345474335878028e-11,0.2043,0.1406,1238,d5b867df,"Chirag Intel64 Family 6 Model 140 Stepping 1, GenuineIntel Windows (shared, loaded)"
grow15,ab84e2f83d00c5bd26291e0505f23804b050bc96dc1e576d9da8f04e1f6ed51f,always,lu_hyper_sparse=true env:SANKHYA_TMP_HS_ALWAYS,3,optimal,-106870941.29357535,-106870941.29,0.003575339913368225,3.345474335878028e-11,0.2295,0.1094,1238,d5b867df,"Chirag Intel64 Family 6 Model 140 Stepping 1, GenuineIntel Windows (shared, loaded)"
grow15,ab84e2f83d00c5bd26291e0505f23804b050bc96dc1e576d9da8f04e1f6ed51f,auto,lu_hyper_sparse=true,3,optimal,-106870941.29357535,-106870941.29,0.003575339913368225,3.345474335878028e-11,0.1739,0.1406,1238,d5b867df,"Chirag Intel64 Family 6 Model 140 Stepping 1, GenuineIntel Windows (shared, loaded)"
grow22,671111a1623539730f4caa9366c7eda43fb472137773cd9444dc96ed87f9810e,off,,1,optimal,-160834336.482563,-160834336.48,0.002562999725341797,1.5935650194077246e-11,0.4463,0.2969,2264,d5b867df,"Chirag Intel64 Family 6 Model 140 Stepping 1, GenuineIntel Windows (shared, loaded)"
grow22,671111a1623539730f4caa9366c7eda43fb472137773cd9444dc96ed87f9810e,always,lu_hyper_sparse=true env:SANKHYA_TMP_HS_ALWAYS,1,optimal,-160834336.482563,-160834336.48,0.002562999725341797,1.5935650194077246e-11,0.3948,0.3125,2264,d5b867df,"Chirag Intel64 Family 6 Model 140 Stepping 1, GenuineIntel Windows (shared, loaded)"
grow22,671111a1623539730f4caa9366c7eda43fb472137773cd9444dc96ed87f9810e,auto,lu_hyper_sparse=true,1,optimal,-160834336.482563,-160834336.48,0.002562999725341797,1.5935650194077246e-11,0.3759,0.2656,2264,d5b867df,"Chirag Intel64 Family 6 Model 140 Stepping 1, GenuineIntel Windows (shared, loaded)"
grow22,671111a1623539730f4caa9366c7eda43fb472137773cd9444dc96ed87f9810e,off,,2,optimal,-160834336.482563,-160834336.48,0.002562999725341797,1.5935650194077246e-11,0.4746,0.2812,2264,d5b867df,"Chirag Intel64 Family 6 Model 140 Stepping 1, GenuineIntel Windows (shared, loaded)"
grow22,671111a1623539730f4caa9366c7eda43fb472137773cd9444dc96ed87f9810e,always,lu_hyper_sparse=true env:SANKHYA_TMP_HS_ALWAYS,2,optimal,-160834336.482563,-160834336.48,0.002562999725341797,1.5935650194077246e-11,0.4443,0.3281,2264,d5b867df,"Chirag Intel64 Family 6 Model 140 Stepping 1, GenuineIntel Windows (shared, loaded)"
grow22,671111a1623539730f4caa9366c7eda43fb472137773cd9444dc96ed87f9810e,auto,lu_hyper_sparse=true,2,optimal,-160834336.482563,-160834336.48,0.002562999725341797,1.5935650194077246e-11,0.4949,0.3125,2264,d5b867df,"Chirag Intel64 Family 6 Model 140 Stepping 1, GenuineIntel Windows (shared, loaded)"
grow22,671111a1623539730f4caa9366c7eda43fb472137773cd9444dc96ed87f9810e,off,,3,optimal,-160834336.482563,-160834336.48,0.002562999725341797,1.5935650194077246e-11,0.5453,0.2656,2264,d5b867df,"Chirag Intel64 Family 6 Model 140 Stepping 1, GenuineIntel Windows (shared, loaded)"
grow22,671111a1623539730f4caa9366c7eda43fb472137773cd9444dc96ed87f9810e,always,lu_hyper_sparse=true env:SANKHYA_TMP_HS_ALWAYS,3,optimal,-160834336.482563,-160834336.48,0.002562999725341797,1.5935650194077246e-11,0.4466,0.2656,2264,d5b867df,"Chirag Intel64 Family 6 Model 140 Stepping 1, GenuineIntel Windows (shared, loaded)"
grow22,671111a1623539730f4caa9366c7eda43fb472137773cd9444dc96ed87f9810e,auto,lu_hyper_sparse=true,3,optimal,-160834336.482563,-160834336.48,0.002562999725341797,1.5935650194077246e-11,0.5549,0.2500,2264,d5b867df,"Chirag Intel64 Family 6 Model 140 Stepping 1, GenuineIntel Windows (shared, loaded)"
grow7,6b8734ffdf991a36f17cfddf306834a4a3ced3e17964cac9fa2983a043906cd4,off,,1,optimal,-47787811.8147115,-47787811.815,0.00028849393129348755,6.036977219428426e-12,0.0901,0.0469,337,d5b867df,"Chirag Intel64 Family 6 Model 140 Stepping 1, GenuineIntel Windows (shared, loaded)"
grow7,6b8734ffdf991a36f17cfddf306834a4a3ced3e17964cac9fa2983a043906cd4,always,lu_hyper_sparse=true env:SANKHYA_TMP_HS_ALWAYS,1,optimal,-47787811.8147115,-47787811.815,0.00028849393129348755,6.036977219428426e-12,0.0981,0.0625,337,d5b867df,"Chirag Intel64 Family 6 Model 140 Stepping 1, GenuineIntel Windows (shared, loaded)"
grow7,6b8734ffdf991a36f17cfddf306834a4a3ced3e17964cac9fa2983a043906cd4,auto,lu_hyper_sparse=true,1,optimal,-47787811.8147115,-47787811.815,0.00028849393129348755,6.036977219428426e-12,0.1475,0.0469,337,d5b867df,"Chirag Intel64 Family 6 Model 140 Stepping 1, GenuineIntel Windows (shared, loaded)"
grow7,6b8734ffdf991a36f17cfddf306834a4a3ced3e17964cac9fa2983a043906cd4,off,,2,optimal,-47787811.8147115,-47787811.815,0.00028849393129348755,6.036977219428426e-12,0.3048,0.0312,337,d5b867df,"Chirag Intel64 Family 6 Model 140 Stepping 1, GenuineIntel Windows (shared, loaded)"
grow7,6b8734ffdf991a36f17cfddf306834a4a3ced3e17964cac9fa2983a043906cd4,always,lu_hyper_sparse=true env:SANKHYA_TMP_HS_ALWAYS,2,optimal,-47787811.8147115,-47787811.815,0.00028849393129348755,6.036977219428426e-12,0.1707,0.0469,337,d5b867df,"Chirag Intel64 Family 6 Model 140 Stepping 1, GenuineIntel Windows (shared, loaded)"
grow7,6b8734ffdf991a36f17cfddf306834a4a3ced3e17964cac9fa2983a043906cd4,auto,lu_hyper_sparse=true,2,optimal,-47787811.8147115,-47787811.815,0.00028849393129348755,6.036977219428426e-12,0.3661,0.0312,337,d5b867df,"Chirag Intel64 Family 6 Model 140 Stepping 1, GenuineIntel Windows (shared, loaded)"
grow7,6b8734ffdf991a36f17cfddf306834a4a3ced3e17964cac9fa2983a043906cd4,off,,3,optimal,-47787811.8147115,-47787811.815,0.00028849393129348755,6.036977219428426e-12,0.1543,0.0625,337,d5b867df,"Chirag Intel64 Family 6 Model 140 Stepping 1, GenuineIntel Windows (shared, loaded)"
grow7,6b8734ffdf991a36f17cfddf306834a4a3ced3e17964cac9fa2983a043906cd4,always,lu_hyper_sparse=true env:SANKHYA_TMP_HS_ALWAYS,3,optimal,-47787811.8147115,-47787811.815,0.00028849393129348755,6.036977219428426e-12,0.0866,0.0469,337,d5b867df,"Chirag Intel64 Family 6 Model 140 Stepping 1, GenuineIntel Windows (shared, loaded)"
grow7,6b8734ffdf991a36f17cfddf306834a4a3ced3e17964cac9fa2983a043906cd4,auto,lu_hyper_sparse=true,3,optimal,-47787811.8147115,-47787811.815,0.00028849393129348755,6.036977219428426e-12,0.0683,0.0156,337,d5b867df,"Chirag Intel64 Family 6 Model 140 Stepping 1, GenuineIntel Windows (shared, loaded)"
israel,96564e1fddcbb6e3d46447fceb54b9d18260b95e95075c3a19f5812f9bf5ceeb,off,,1,optimal,-896644.821863046,-896644.82186,3.0460068956017494e-06,3.3971164739267804e-12,0.0789,0.0312,170,d5b867df,"Chirag Intel64 Family 6 Model 140 Stepping 1, GenuineIntel Windows (shared, loaded)"
israel,96564e1fddcbb6e3d46447fceb54b9d18260b95e95075c3a19f5812f9bf5ceeb,always,lu_hyper_sparse=true env:SANKHYA_TMP_HS_ALWAYS,1,optimal,-896644.821863046,-896644.82186,3.0460068956017494e-06,3.3971164739267804e-12,0.1140,0.0469,170,d5b867df,"Chirag Intel64 Family 6 Model 140 Stepping 1, GenuineIntel Windows (shared, loaded)"
israel,96564e1fddcbb6e3d46447fceb54b9d18260b95e95075c3a19f5812f9bf5ceeb,auto,lu_hyper_sparse=true,1,optimal,-896644.821863046,-896644.82186,3.0460068956017494e-06,3.3971164739267804e-12,0.1942,0.0469,170,d5b867df,"Chirag Intel64 Family 6 Model 140 Stepping 1, GenuineIntel Windows (shared, loaded)"
israel,96564e1fddcbb6e3d46447fceb54b9d18260b95e95075c3a19f5812f9bf5ceeb,off,,2,optimal,-896644.821863046,-896644.82186,3.0460068956017494e-06,3.3971164739267804e-12,0.1644,0.0625,170,d5b867df,"Chirag Intel64 Family 6 Model 140 Stepping 1, GenuineIntel Windows (shared, loaded)"
israel,96564e1fddcbb6e3d46447fceb54b9d18260b95e95075c3a19f5812f9bf5ceeb,always,lu_hyper_sparse=true env:SANKHYA_TMP_HS_ALWAYS,2,optimal,-896644.821863046,-896644.82186,3.0460068956017494e-06,3.3971164739267804e-12,0.0708,0.0625,170,d5b867df,"Chirag Intel64 Family 6 Model 140 Stepping 1, GenuineIntel Windows (shared, loaded)"
israel,96564e1fddcbb6e3d46447fceb54b9d18260b95e95075c3a19f5812f9bf5ceeb,auto,lu_hyper_sparse=true,2,optimal,-896644.821863046,-896644.82186,3.0460068956017494e-06,3.3971164739267804e-12,0.1419,0.0469,170,d5b867df,"Chirag Intel64 Family 6 Model 140 Stepping 1, GenuineIntel Windows (shared, loaded)"
israel,96564e1fddcbb6e3d46447fceb54b9d18260b95e95075c3a19f5812f9bf5ceeb,off,,3,optimal,-896644.821863046,-896644.82186,3.0460068956017494e-06,3.3971164739267804e-12,0.1228,0.0156,170,d5b867df,"Chirag Intel64 Family 6 Model 140 Stepping 1, GenuineIntel Windows (shared, loaded)"
israel,96564e1fddcbb6e3d46447fceb54b9d18260b95e95075c3a19f5812f9bf5ceeb,always,lu_hyper_sparse=true env:SANKHYA_TMP_HS_ALWAYS,3,optimal,-896644.821863046,-896644.82186,3.0460068956017494e-06,3.3971164739267804e-12,0.0681,0.0156,170,d5b867df,"Chirag Intel64 Family 6 Model 140 Stepping 1, GenuineIntel Windows (shared, loaded)"
israel,96564e1fddcbb6e3d46447fceb54b9d18260b95e95075c3a19f5812f9bf5ceeb,auto,lu_hyper_sparse=true,3,optimal,-896644.821863046,-896644.82186,3.0460068956017494e-06,3.3971164739267804e-12,0.0809,0.0312,170,d5b867df,"Chirag Intel64 Family 6 Model 140 Stepping 1, GenuineIntel Windows (shared, loaded)"
kb2,f0eb647d1d9aac84f49d88662b6b02c6cecc04496e5435be733eced36d7f48f2,off,,1,optimal,-1749.9001299062058,-1749.9001299,6.205937097547576e-09,3.5464521611883195e-12,0.1498,0.0469,51,d5b867df,"Chirag Intel64 Family 6 Model 140 Stepping 1, GenuineIntel Windows (shared, loaded)"
kb2,f0eb647d1d9aac84f49d88662b6b02c6cecc04496e5435be733eced36d7f48f2,always,lu_hyper_sparse=true env:SANKHYA_TMP_HS_ALWAYS,1,optimal,-1749.9001299062058,-1749.9001299,6.205937097547576e-09,3.5464521611883195e-12,0.0976,0.0312,51,d5b867df,"Chirag Intel64 Family 6 Model 140 Stepping 1, GenuineIntel Windows (shared, loaded)"
kb2,f0eb647d1d9aac84f49d88662b6b02c6cecc04496e5435be733eced36d7f48f2,auto,lu_hyper_sparse=true,1,optimal,-1749.9001299062058,-1749.9001299,6.205937097547576e-09,3.5464521611883195e-12,0.0446,0.0469,51,d5b867df,"Chirag Intel64 Family 6 Model 140 Stepping 1, GenuineIntel Windows (shared, loaded)"
kb2,f0eb647d1d9aac84f49d88662b6b02c6cecc04496e5435be733eced36d7f48f2,off,,2,optimal,-1749.9001299062058,-1749.9001299,6.205937097547576e-09,3.5464521611883195e-12,0.0401,0.0312,51,d5b867df,"Chirag Intel64 Family 6 Model 140 Stepping 1, GenuineIntel Windows (shared, loaded)"
kb2,f0eb647d1d9aac84f49d88662b6b02c6cecc04496e5435be733eced36d7f48f2,always,lu_hyper_sparse=true env:SANKHYA_TMP_HS_ALWAYS,2,optimal,-1749.9001299062058,-1749.9001299,6.205937097547576e-09,3.5464521611883195e-12,0.0520,0.0469,51,d5b867df,"Chirag Intel64 Family 6 Model 140 Stepping 1, GenuineIntel Windows (shared, loaded)"
kb2,f0eb647d1d9aac84f49d88662b6b02c6cecc04496e5435be733eced36d7f48f2,auto,lu_hyper_sparse=true,2,optimal,-1749.9001299062058,-1749.9001299,6.205937097547576e-09,3.5464521611883195e-12,0.0637,0.0625,51,d5b867df,"Chirag Intel64 Family 6 Model 140 Stepping 1, GenuineIntel Windows (shared, loaded)"
kb2,f0eb647d1d9aac84f49d88662b6b02c6cecc04496e5435be733eced36d7f48f2,off,,3,optimal,-1749.9001299062058,-1749.9001299,6.205937097547576e-09,3.5464521611883195e-12,0.0915,0.0156,51,d5b867df,"Chirag Intel64 Family 6 Model 140 Stepping 1, GenuineIntel Windows (shared, loaded)"
kb2,f0eb647d1d9aac84f49d88662b6b02c6cecc04496e5435be733eced36d7f48f2,always,lu_hyper_sparse=true env:SANKHYA_TMP_HS_ALWAYS,3,optimal,-1749.9001299062058,-1749.9001299,6.205937097547576e-09,3.5464521611883195e-12,0.0623,0.0312,51,d5b867df,"Chirag Intel64 Family 6 Model 140 Stepping 1, GenuineIntel Windows (shared, loaded)"
kb2,f0eb647d1d9aac84f49d88662b6b02c6cecc04496e5435be733eced36d7f48f2,auto,lu_hyper_sparse=true,3,optimal,-1749.9001299062058,-1749.9001299,6.205937097547576e-09,3.5464521611883195e-12,0.0510,0.0156,51,d5b867df,"Chirag Intel64 Family 6 Model 140 Stepping 1, GenuineIntel Windows (shared, loaded)"
lotfi,fcb90a1b5e02b2eae67adacd0937a073d420ca92ac6af514ee13a348d7f31623,off,,1,optimal,-25.264706061880016,-25.264706062,1.1998224636045052e-10,4.74900622496902e-12,0.0586,0.0469,200,d5b867df,"Chirag Intel64 Family 6 Model 140 Stepping 1, GenuineIntel Windows (shared, loaded)"
lotfi,fcb90a1b5e02b2eae67adacd0937a073d420ca92ac6af514ee13a348d7f31623,always,lu_hyper_sparse=true env:SANKHYA_TMP_HS_ALWAYS,1,optimal,-25.264706061880016,-25.264706062,1.1998224636045052e-10,4.74900622496902e-12,0.0669,0.0469,200,d5b867df,"Chirag Intel64 Family 6 Model 140 Stepping 1, GenuineIntel Windows (shared, loaded)"
lotfi,fcb90a1b5e02b2eae67adacd0937a073d420ca92ac6af514ee13a348d7f31623,auto,lu_hyper_sparse=true,1,optimal,-25.264706061880016,-25.264706062,1.1998224636045052e-10,4.74900622496902e-12,0.0831,0.0469,200,d5b867df,"Chirag Intel64 Family 6 Model 140 Stepping 1, GenuineIntel Windows (shared, loaded)"
lotfi,fcb90a1b5e02b2eae67adacd0937a073d420ca92ac6af514ee13a348d7f31623,off,,2,optimal,-25.264706061880016,-25.264706062,1.1998224636045052e-10,4.74900622496902e-12,0.0557,0.0312,200,d5b867df,"Chirag Intel64 Family 6 Model 140 Stepping 1, GenuineIntel Windows (shared, loaded)"
lotfi,fcb90a1b5e02b2eae67adacd0937a073d420ca92ac6af514ee13a348d7f31623,always,lu_hyper_sparse=true env:SANKHYA_TMP_HS_ALWAYS,2,optimal,-25.264706061880016,-25.264706062,1.1998224636045052e-10,4.74900622496902e-12,0.0631,0.0312,200,d5b867df,"Chirag Intel64 Family 6 Model 140 Stepping 1, GenuineIntel Windows (shared, loaded)"
lotfi,fcb90a1b5e02b2eae67adacd0937a073d420ca92ac6af514ee13a348d7f31623,auto,lu_hyper_sparse=true,2,optimal,-25.264706061880016,-25.264706062,1.1998224636045052e-10,4.74900622496902e-12,0.0565,0.0312,200,d5b867df,"Chirag Intel64 Family 6 Model 140 Stepping 1, GenuineIntel Windows (shared, loaded)"
lotfi,fcb90a1b5e02b2eae67adacd0937a073d420ca92ac6af514ee13a348d7f31623,off,,3,optimal,-25.264706061880016,-25.264706062,1.1998224636045052e-10,4.74900622496902e-12,0.0669,0.0312,200,d5b867df,"Chirag Intel64 Family 6 Model 140 Stepping 1, GenuineIntel Windows (shared, loaded)"
lotfi,fcb90a1b5e02b2eae67adacd0937a073d420ca92ac6af514ee13a348d7f31623,always,lu_hyper_sparse=true env:SANKHYA_TMP_HS_ALWAYS,3,optimal,-25.264706061880016,-25.264706062,1.1998224636045052e-10,4.74900622496902e-12,0.1163,0.0625,200,d5b867df,"Chirag Intel64 Family 6 Model 140 Stepping 1, GenuineIntel Windows (shared, loaded)"
lotfi,fcb90a1b5e02b2eae67adacd0937a073d420ca92ac6af514ee13a348d7f31623,auto,lu_hyper_sparse=true,3,optimal,-25.264706061880016,-25.264706062,1.1998224636045052e-10,4.74900622496902e-12,0.0663,0.0469,200,d5b867df,"Chirag Intel64 Family 6 Model 140 Stepping 1, GenuineIntel Windows (shared, loaded)"
maros,4910e97a363fca07d2fb72838fa26629329a9a8dcd6a4da186f560424bd67077,off,,1,optimal,-58063.743701125895,-58063.743701,1.2589589459821582e-07,2.1682359175205506e-12,0.3526,0.2500,1802,d5b867df,"Chirag Intel64 Family 6 Model 140 Stepping 1, GenuineIntel Windows (shared, loaded)"
maros,4910e97a363fca07d2fb72838fa26629329a9a8dcd6a4da186f560424bd67077,always,lu_hyper_sparse=true env:SANKHYA_TMP_HS_ALWAYS,1,optimal,-58063.743701125895,-58063.743701,1.2589589459821582e-07,2.1682359175205506e-12,0.3607,0.2656,1802,d5b867df,"Chirag Intel64 Family 6 Model 140 Stepping 1, GenuineIntel Windows (shared, loaded)"
maros,4910e97a363fca07d2fb72838fa26629329a9a8dcd6a4da186f560424bd67077,auto,lu_hyper_sparse=true,1,optimal,-58063.743701125895,-58063.743701,1.2589589459821582e-07,2.1682359175205506e-12,0.3207,0.2500,1802,d5b867df,"Chirag Intel64 Family 6 Model 140 Stepping 1, GenuineIntel Windows (shared, loaded)"
maros,4910e97a363fca07d2fb72838fa26629329a9a8dcd6a4da186f560424bd67077,off,,2,optimal,-58063.743701125895,-58063.743701,1.2589589459821582e-07,2.1682359175205506e-12,0.3923,0.2969,1802,d5b867df,"Chirag Intel64 Family 6 Model 140 Stepping 1, GenuineIntel Windows (shared, loaded)"
maros,4910e97a363fca07d2fb72838fa26629329a9a8dcd6a4da186f560424bd67077,always,lu_hyper_sparse=true env:SANKHYA_TMP_HS_ALWAYS,2,optimal,-58063.743701125895,-58063.743701,1.2589589459821582e-07,2.1682359175205506e-12,0.4996,0.3125,1802,d5b867df,"Chirag Intel64 Family 6 Model 140 Stepping 1, GenuineIntel Windows (shared, loaded)"
maros,4910e97a363fca07d2fb72838fa26629329a9a8dcd6a4da186f560424bd67077,auto,lu_hyper_sparse=true,2,optimal,-58063.743701125895,-58063.743701,1.2589589459821582e-07,2.1682359175205506e-12,0.3371,0.2500,1802,d5b867df,"Chirag Intel64 Family 6 Model 140 Stepping 1, GenuineIntel Windows (shared, loaded)"
maros,4910e97a363fca07d2fb72838fa26629329a9a8dcd6a4da186f560424bd67077,off,,3,optimal,-58063.743701125895,-58063.743701,1.2589589459821582e-07,2.1682359175205506e-12,0.3527,0.2500,1802,d5b867df,"Chirag Intel64 Family 6 Model 140 Stepping 1, GenuineIntel Windows (shared, loaded)"
maros,4910e97a363fca07d2fb72838fa26629329a9a8dcd6a4da186f560424bd67077,always,lu_hyper_sparse=true env:SANKHYA_TMP_HS_ALWAYS,3,optimal,-58063.743701125895,-58063.743701,1.2589589459821582e-07,2.1682359175205506e-12,0.3178,0.2656,1802,d5b867df,"Chirag Intel64 Family 6 Model 140 Stepping 1, GenuineIntel Windows (shared, loaded)"
maros,4910e97a363fca07d2fb72838fa26629329a9a8dcd6a4da186f560424bd67077,auto,lu_hyper_sparse=true,3,optimal,-58063.743701125895,-58063.743701,1.2589589459821582e-07,2.1682359175205506e-12,0.3506,0.2812,1802,d5b867df,"Chirag Intel64 Family 6 Model 140 Stepping 1, GenuineIntel Windows (shared, loaded)"
modszk1,af109be42aa6bd62fc307b623184c69f1030db2f8e1682c636b387a49fd8da43,off,,1,optimal,320.6197290642054,320.61972906,4.2053898141602986e-09,1.311644117001082e-11,0.1519,0.0781,662,d5b867df,"Chirag Intel64 Family 6 Model 140 Stepping 1, GenuineIntel Windows (shared, loaded)"
modszk1,af109be42aa6bd62fc307b623184c69f1030db2f8e1682c636b387a49fd8da43,always,lu_hyper_sparse=true env:SANKHYA_TMP_HS_ALWAYS,1,optimal,320.6197290642054,320.61972906,4.2053898141602986e-09,1.311644117001082e-11,0.1283,0.0938,662,d5b867df,"Chirag Intel64 Family 6 Model 140 Stepping 1, GenuineIntel Windows (shared, loaded)"
modszk1,af109be42aa6bd62fc307b623184c69f1030db2f8e1682c636b387a49fd8da43,auto,lu_hyper_sparse=true,1,optimal,320.6197290642054,320.61972906,4.2053898141602986e-09,1.311644117001082e-11,0.2762,0.0781,662,d5b867df,"Chirag Intel64 Family 6 Model 140 Stepping 1, GenuineIntel Windows (shared, loaded)"
modszk1,af109be42aa6bd62fc307b623184c69f1030db2f8e1682c636b387a49fd8da43,off,,2,optimal,320.6197290642054,320.61972906,4.2053898141602986e-09,1.311644117001082e-11,0.1446,0.0781,662,d5b867df,"Chirag Intel64 Family 6 Model 140 Stepping 1, GenuineIntel Windows (shared, loaded)"
modszk1,af109be42aa6bd62fc307b623184c69f1030db2f8e1682c636b387a49fd8da43,always,lu_hyper_sparse=true env:SANKHYA_TMP_HS_ALWAYS,2,optimal,320.6197290642054,320.61972906,4.2053898141602986e-09,1.311644117001082e-11,0.1431,0.0625,662,d5b867df,"Chirag Intel64 Family 6 Model 140 Stepping 1, GenuineIntel Windows (shared, loaded)"
modszk1,af109be42aa6bd62fc307b623184c69f1030db2f8e1682c636b387a49fd8da43,auto,lu_hyper_sparse=true,2,optimal,320.6197290642054,320.61972906,4.2053898141602986e-09,1.311644117001082e-11,0.1161,0.0781,662,d5b867df,"Chirag Intel64 Family 6 Model 140 Stepping 1, GenuineIntel Windows (shared, loaded)"
modszk1,af109be42aa6bd62fc307b623184c69f1030db2f8e1682c636b387a49fd8da43,off,,3,optimal,320.6197290642054,320.61972906,4.2053898141602986e-09,1.311644117001082e-11,0.1133,0.0781,662,d5b867df,"Chirag Intel64 Family 6 Model 140 Stepping 1, GenuineIntel Windows (shared, loaded)"
modszk1,af109be42aa6bd62fc307b623184c69f1030db2f8e1682c636b387a49fd8da43,always,lu_hyper_sparse=true env:SANKHYA_TMP_HS_ALWAYS,3,optimal,320.6197290642054,320.61972906,4.2053898141602986e-09,1.311644117001082e-11,0.0930,0.0625,662,d5b867df,"Chirag Intel64 Family 6 Model 140 Stepping 1, GenuineIntel Windows (shared, loaded)"
modszk1,af109be42aa6bd62fc307b623184c69f1030db2f8e1682c636b387a49fd8da43,auto,lu_hyper_sparse=true,3,optimal,320.6197290642054,320.61972906,4.2053898141602986e-09,1.311644117001082e-11,0.1494,0.0625,662,d5b867df,"Chirag Intel64 Family 6 Model 140 Stepping 1, GenuineIntel Windows (shared, loaded)"
nesm,20b55063a879a649ef5c7a1a701f81917717b414943f58dea37a1c30495bc5ba,off,,1,optimal,14076036.48756271,14076073.035,36.547437289729714,2.596422823244446e-06,0.5428,0.4062,3321,d5b867df,"Chirag Intel64 Family 6 Model 140 Stepping 1, GenuineIntel Windows (shared, loaded)"
nesm,20b55063a879a649ef5c7a1a701f81917717b414943f58dea37a1c30495bc5ba,always,lu_hyper_sparse=true env:SANKHYA_TMP_HS_ALWAYS,1,optimal,14076036.48756271,14076073.035,36.547437289729714,2.596422823244446e-06,0.5975,0.4375,3321,d5b867df,"Chirag Intel64 Family 6 Model 140 Stepping 1, GenuineIntel Windows (shared, loaded)"
nesm,20b55063a879a649ef5c7a1a701f81917717b414943f58dea37a1c30495bc5ba,auto,lu_hyper_sparse=true,1,optimal,14076036.48756271,14076073.035,36.547437289729714,2.596422823244446e-06,0.7613,0.3906,3321,d5b867df,"Chirag Intel64 Family 6 Model 140 Stepping 1, GenuineIntel Windows (shared, loaded)"
nesm,20b55063a879a649ef5c7a1a701f81917717b414943f58dea37a1c30495bc5ba,off,,2,optimal,14076036.48756271,14076073.035,36.547437289729714,2.596422823244446e-06,0.5397,0.3906,3321,d5b867df,"Chirag Intel64 Family 6 Model 140 Stepping 1, GenuineIntel Windows (shared, loaded)"
nesm,20b55063a879a649ef5c7a1a701f81917717b414943f58dea37a1c30495bc5ba,always,lu_hyper_sparse=true env:SANKHYA_TMP_HS_ALWAYS,2,optimal,14076036.48756271,14076073.035,36.547437289729714,2.596422823244446e-06,0.6258,0.4219,3321,d5b867df,"Chirag Intel64 Family 6 Model 140 Stepping 1, GenuineIntel Windows (shared, loaded)"
nesm,20b55063a879a649ef5c7a1a701f81917717b414943f58dea37a1c30495bc5ba,auto,lu_hyper_sparse=true,2,optimal,14076036.48756271,14076073.035,36.547437289729714,2.596422823244446e-06,0.4641,0.4375,3321,d5b867df,"Chirag Intel64 Family 6 Model 140 Stepping 1, GenuineIntel Windows (shared, loaded)"
nesm,20b55063a879a649ef5c7a1a701f81917717b414943f58dea37a1c30495bc5ba,off,,3,optimal,14076036.48756271,14076073.035,36.547437289729714,2.596422823244446e-06,1.6317,0.3281,3321,d5b867df,"Chirag Intel64 Family 6 Model 140 Stepping 1, GenuineIntel Windows (shared, loaded)"
nesm,20b55063a879a649ef5c7a1a701f81917717b414943f58dea37a1c30495bc5ba,always,lu_hyper_sparse=true env:SANKHYA_TMP_HS_ALWAYS,3,optimal,14076036.48756271,14076073.035,36.547437289729714,2.596422823244446e-06,0.9232,0.4531,3321,d5b867df,"Chirag Intel64 Family 6 Model 140 Stepping 1, GenuineIntel Windows (shared, loaded)"
nesm,20b55063a879a649ef5c7a1a701f81917717b414943f58dea37a1c30495bc5ba,auto,lu_hyper_sparse=true,3,optimal,14076036.48756271,14076073.035,36.547437289729714,2.596422823244446e-06,0.6080,0.3750,3321,d5b867df,"Chirag Intel64 Family 6 Model 140 Stepping 1, GenuineIntel Windows (shared, loaded)"
perold,040ed4572876366cd979b6811ee20d706abba6998616b0e53201ea1e043acacd,off,,1,optimal,-9380.755278235163,-9380.7580773,0.002799064837745391,2.9838365030633286e-07,0.6602,0.4062,2492,d5b867df,"Chirag Intel64 Family 6 Model 140 Stepping 1, GenuineIntel Windows (shared, loaded)"
perold,040ed4572876366cd979b6811ee20d706abba6998616b0e53201ea1e043acacd,always,lu_hyper_sparse=true env:SANKHYA_TMP_HS_ALWAYS,1,optimal,-9380.755278235163,-9380.7580773,0.002799064837745391,2.9838365030633286e-07,0.8537,0.4062,2492,d5b867df,"Chirag Intel64 Family 6 Model 140 Stepping 1, GenuineIntel Windows (shared, loaded)"
perold,040ed4572876366cd979b6811ee20d706abba6998616b0e53201ea1e043acacd,auto,lu_hyper_sparse=true,1,optimal,-9380.755278235163,-9380.7580773,0.002799064837745391,2.9838365030633286e-07,0.9365,0.3906,2492,d5b867df,"Chirag Intel64 Family 6 Model 140 Stepping 1, GenuineIntel Windows (shared, loaded)"
perold,040ed4572876366cd979b6811ee20d706abba6998616b0e53201ea1e043acacd,off,,2,optimal,-9380.755278235163,-9380.7580773,0.002799064837745391,2.9838365030633286e-07,1.0569,0.4688,2492,d5b867df,"Chirag Intel64 Family 6 Model 140 Stepping 1, GenuineIntel Windows (shared, loaded)"
perold,040ed4572876366cd979b6811ee20d706abba6998616b0e53201ea1e043acacd,always,lu_hyper_sparse=true env:SANKHYA_TMP_HS_ALWAYS,2,optimal,-9380.755278235163,-9380.7580773,0.002799064837745391,2.9838365030633286e-07,1.1673,0.4062,2492,d5b867df,"Chirag Intel64 Family 6 Model 140 Stepping 1, GenuineIntel Windows (shared, loaded)"
perold,040ed4572876366cd979b6811ee20d706abba6998616b0e53201ea1e043acacd,auto,lu_hyper_sparse=true,2,optimal,-9380.755278235163,-9380.7580773,0.002799064837745391,2.9838365030633286e-07,0.6154,0.4375,2492,d5b867df,"Chirag Intel64 Family 6 Model 140 Stepping 1, GenuineIntel Windows (shared, loaded)"
perold,040ed4572876366cd979b6811ee20d706abba6998616b0e53201ea1e043acacd,off,,3,optimal,-9380.755278235163,-9380.7580773,0.002799064837745391,2.9838365030633286e-07,0.6288,0.4062,2492,d5b867df,"Chirag Intel64 Family 6 Model 140 Stepping 1, GenuineIntel Windows (shared, loaded)"
perold,040ed4572876366cd979b6811ee20d706abba6998616b0e53201ea1e043acacd,always,lu_hyper_sparse=true env:SANKHYA_TMP_HS_ALWAYS,3,optimal,-9380.755278235163,-9380.7580773,0.002799064837745391,2.9838365030633286e-07,0.6335,0.3906,2492,d5b867df,"Chirag Intel64 Family 6 Model 140 Stepping 1, GenuineIntel Windows (shared, loaded)"
perold,040ed4572876366cd979b6811ee20d706abba6998616b0e53201ea1e043acacd,auto,lu_hyper_sparse=true,3,optimal,-9380.755278235163,-9380.7580773,0.002799064837745391,2.9838365030633286e-07,0.7180,0.4844,2492,d5b867df,"Chirag Intel64 Family 6 Model 140 Stepping 1, GenuineIntel Windows (shared, loaded)"
pilot,26916951225f695c68c474adb2e1e052e4c1b3479d6a11fbd579fd20d4e7d2eb,off,,1,optimal,-557.4897292893348,-557.40430007,0.08542921933485559,0.0001532625767761878,5.5449,3.9844,6226,d5b867df,"Chirag Intel64 Family 6 Model 140 Stepping 1, GenuineIntel Windows (shared, loaded)"
pilot,26916951225f695c68c474adb2e1e052e4c1b3479d6a11fbd579fd20d4e7d2eb,always,lu_hyper_sparse=true env:SANKHYA_TMP_HS_ALWAYS,1,optimal,-557.4897292893348,-557.40430007,0.08542921933485559,0.0001532625767761878,6.2574,4.3594,6226,d5b867df,"Chirag Intel64 Family 6 Model 140 Stepping 1, GenuineIntel Windows (shared, loaded)"
pilot,26916951225f695c68c474adb2e1e052e4c1b3479d6a11fbd579fd20d4e7d2eb,auto,lu_hyper_sparse=true,1,optimal,-557.4897292893348,-557.40430007,0.08542921933485559,0.0001532625767761878,4.9544,3.8281,6226,d5b867df,"Chirag Intel64 Family 6 Model 140 Stepping 1, GenuineIntel Windows (shared, loaded)"
pilot,26916951225f695c68c474adb2e1e052e4c1b3479d6a11fbd579fd20d4e7d2eb,off,,2,optimal,-557.4897292893348,-557.40430007,0.08542921933485559,0.0001532625767761878,4.8427,3.7188,6226,d5b867df,"Chirag Intel64 Family 6 Model 140 Stepping 1, GenuineIntel Windows (shared, loaded)"
pilot,26916951225f695c68c474adb2e1e052e4c1b3479d6a11fbd579fd20d4e7d2eb,always,lu_hyper_sparse=true env:SANKHYA_TMP_HS_ALWAYS,2,optimal,-557.4897292893348,-557.40430007,0.08542921933485559,0.0001532625767761878,5.8327,4.0469,6226,d5b867df,"Chirag Intel64 Family 6 Model 140 Stepping 1, GenuineIntel Windows (shared, loaded)"
pilot,26916951225f695c68c474adb2e1e052e4c1b3479d6a11fbd579fd20d4e7d2eb,auto,lu_hyper_sparse=true,2,optimal,-557.4897292893348,-557.40430007,0.08542921933485559,0.0001532625767761878,5.7673,3.9375,6226,d5b867df,"Chirag Intel64 Family 6 Model 140 Stepping 1, GenuineIntel Windows (shared, loaded)"
pilot,26916951225f695c68c474adb2e1e052e4c1b3479d6a11fbd579fd20d4e7d2eb,off,,3,optimal,-557.4897292893348,-557.40430007,0.08542921933485559,0.0001532625767761878,5.3339,4.0781,6226,d5b867df,"Chirag Intel64 Family 6 Model 140 Stepping 1, GenuineIntel Windows (shared, loaded)"
pilot,26916951225f695c68c474adb2e1e052e4c1b3479d6a11fbd579fd20d4e7d2eb,always,lu_hyper_sparse=true env:SANKHYA_TMP_HS_ALWAYS,3,optimal,-557.4897292893348,-557.40430007,0.08542921933485559,0.0001532625767761878,10.5500,4.2031,6226,d5b867df,"Chirag Intel64 Family 6 Model 140 Stepping 1, GenuineIntel Windows (shared, loaded)"
pilot,26916951225f695c68c474adb2e1e052e4c1b3479d6a11fbd579fd20d4e7d2eb,auto,lu_hyper_sparse=true,3,optimal,-557.4897292893348,-557.40430007,0.08542921933485559,0.0001532625767761878,9.8981,4.5000,6226,d5b867df,"Chirag Intel64 Family 6 Model 140 Stepping 1, GenuineIntel Windows (shared, loaded)"
pilot.ja,c0cea98ca60001558b561e3195b84b8d3fd33eeeb695ddba6836bfa29d06d50f,off,,1,optimal,-6113.136465581344,-6113.1344111,0.002054481344202941,3.360765862554062e-07,1.2114,0.6719,3220,d5b867df,"Chirag Intel64 Family 6 Model 140 Stepping 1, GenuineIntel Windows (shared, loaded)"
pilot.ja,c0cea98ca60001558b561e3195b84b8d3fd33eeeb695ddba6836bfa29d06d50f,always,lu_hyper_sparse=true env:SANKHYA_TMP_HS_ALWAYS,1,optimal,-6113.136465581344,-6113.1344111,0.002054481344202941,3.360765862554062e-07,1.7790,0.7656,3220,d5b867df,"Chirag Intel64 Family 6 Model 140 Stepping 1, GenuineIntel Windows (shared, loaded)"
pilot.ja,c0cea98ca60001558b561e3195b84b8d3fd33eeeb695ddba6836bfa29d06d50f,auto,lu_hyper_sparse=true,1,optimal,-6113.136465581344,-6113.1344111,0.002054481344202941,3.360765862554062e-07,2.0800,0.6875,3220,d5b867df,"Chirag Intel64 Family 6 Model 140 Stepping 1, GenuineIntel Windows (shared, loaded)"
pilot.ja,c0cea98ca60001558b561e3195b84b8d3fd33eeeb695ddba6836bfa29d06d50f,off,,2,optimal,-6113.136465581344,-6113.1344111,0.002054481344202941,3.360765862554062e-07,1.0807,0.6094,3220,d5b867df,"Chirag Intel64 Family 6 Model 140 Stepping 1, GenuineIntel Windows (shared, loaded)"
pilot.ja,c0cea98ca60001558b561e3195b84b8d3fd33eeeb695ddba6836bfa29d06d50f,always,lu_hyper_sparse=true env:SANKHYA_TMP_HS_ALWAYS,2,optimal,-6113.136465581344,-6113.1344111,0.002054481344202941,3.360765862554062e-07,1.1869,0.7656,3220,d5b867df,"Chirag Intel64 Family 6 Model 140 Stepping 1, GenuineIntel Windows (shared, loaded)"
pilot.ja,c0cea98ca60001558b561e3195b84b8d3fd33eeeb695ddba6836bfa29d06d50f,auto,lu_hyper_sparse=true,2,optimal,-6113.136465581344,-6113.1344111,0.002054481344202941,3.360765862554062e-07,1.3349,0.7344,3220,d5b867df,"Chirag Intel64 Family 6 Model 140 Stepping 1, GenuineIntel Windows (shared, loaded)"
pilot.ja,c0cea98ca60001558b561e3195b84b8d3fd33eeeb695ddba6836bfa29d06d50f,off,,3,optimal,-6113.136465581344,-6113.1344111,0.002054481344202941,3.360765862554062e-07,1.3253,0.6562,3220,d5b867df,"Chirag Intel64 Family 6 Model 140 Stepping 1, GenuineIntel Windows (shared, loaded)"
pilot.ja,c0cea98ca60001558b561e3195b84b8d3fd33eeeb695ddba6836bfa29d06d50f,always,lu_hyper_sparse=true env:SANKHYA_TMP_HS_ALWAYS,3,optimal,-6113.136465581344,-6113.1344111,0.002054481344202941,3.360765862554062e-07,1.8726,0.6250,3220,d5b867df,"Chirag Intel64 Family 6 Model 140 Stepping 1, GenuineIntel Windows (shared, loaded)"
pilot.ja,c0cea98ca60001558b561e3195b84b8d3fd33eeeb695ddba6836bfa29d06d50f,auto,lu_hyper_sparse=true,3,optimal,-6113.136465581344,-6113.1344111,0.002054481344202941,3.360765862554062e-07,1.3031,0.7031,3220,d5b867df,"Chirag Intel64 Family 6 Model 140 Stepping 1, GenuineIntel Windows (shared, loaded)"
pilot.we,5c3e8ed78a522c7df2cac39435efd0552273b8e942b03186997ee9011cd1015a,off,,1,optimal,-2720107.5328449644,-2720102.7439,4.788944964297116,1.7605750279237147e-06,1.2644,0.8438,5254,d5b867df,"Chirag Intel64 Family 6 Model 140 Stepping 1, GenuineIntel Windows (shared, loaded)"
pilot.we,5c3e8ed78a522c7df2cac39435efd0552273b8e942b03186997ee9011cd1015a,always,lu_hyper_sparse=true env:SANKHYA_TMP_HS_ALWAYS,1,optimal,-2720107.5328449644,-2720102.7439,4.788944964297116,1.7605750279237147e-06,2.1892,0.7031,5254,d5b867df,"Chirag Intel64 Family 6 Model 140 Stepping 1, GenuineIntel Windows (shared, loaded)"
pilot.we,5c3e8ed78a522c7df2cac39435efd0552273b8e942b03186997ee9011cd1015a,auto,lu_hyper_sparse=true,1,optimal,-2720107.5328449644,-2720102.7439,4.788944964297116,1.7605750279237147e-06,2.2871,0.6719,5254,d5b867df,"Chirag Intel64 Family 6 Model 140 Stepping 1, GenuineIntel Windows (shared, loaded)"
pilot.we,5c3e8ed78a522c7df2cac39435efd0552273b8e942b03186997ee9011cd1015a,off,,2,optimal,-2720107.5328449644,-2720102.7439,4.788944964297116,1.7605750279237147e-06,1.8043,0.5312,5254,d5b867df,"Chirag Intel64 Family 6 Model 140 Stepping 1, GenuineIntel Windows (shared, loaded)"
pilot.we,5c3e8ed78a522c7df2cac39435efd0552273b8e942b03186997ee9011cd1015a,always,lu_hyper_sparse=true env:SANKHYA_TMP_HS_ALWAYS,2,optimal,-2720107.5328449644,-2720102.7439,4.788944964297116,1.7605750279237147e-06,1.4520,0.8594,5254,d5b867df,"Chirag Intel64 Family 6 Model 140 Stepping 1, GenuineIntel Windows (shared, loaded)"
pilot.we,5c3e8ed78a522c7df2cac39435efd0552273b8e942b03186997ee9011cd1015a,auto,lu_hyper_sparse=true,2,optimal,-2720107.5328449644,-2720102.7439,4.788944964297116,1.7605750279237147e-06,1.4645,0.8438,5254,d5b867df,"Chirag Intel64 Family 6 Model 140 Stepping 1, GenuineIntel Windows (shared, loaded)"
pilot.we,5c3e8ed78a522c7df2cac39435efd0552273b8e942b03186997ee9011cd1015a,off,,3,optimal,-2720107.5328449644,-2720102.7439,4.788944964297116,1.7605750279237147e-06,1.3728,0.5469,5254,d5b867df,"Chirag Intel64 Family 6 Model 140 Stepping 1, GenuineIntel Windows (shared, loaded)"
pilot.we,5c3e8ed78a522c7df2cac39435efd0552273b8e942b03186997ee9011cd1015a,always,lu_hyper_sparse=true env:SANKHYA_TMP_HS_ALWAYS,3,optimal,-2720107.5328449644,-2720102.7439,4.788944964297116,1.7605750279237147e-06,1.3888,0.4688,5254,d5b867df,"Chirag Intel64 Family 6 Model 140 Stepping 1, GenuineIntel Windows (shared, loaded)"
pilot.we,5c3e8ed78a522c7df2cac39435efd0552273b8e942b03186997ee9011cd1015a,auto,lu_hyper_sparse=true,3,optimal,-2720107.5328449644,-2720102.7439,4.788944964297116,1.7605750279237147e-06,0.9565,0.4219,5254,d5b867df,"Chirag Intel64 Family 6 Model 140 Stepping 1, GenuineIntel Windows (shared, loaded)"
pilot4,67e872aae722a493f5c2c8f88e3d70d093eea116093874ea43852c864a687cba,off,,1,optimal,-2581.1392588847157,-2581.1392641,5.215284545556642e-06,2.0205358998229503e-09,1.1493,0.0781,4,d5b867df,"Chirag Intel64 Family 6 Model 140 Stepping 1, GenuineIntel Windows (shared, loaded)"
pilot4,67e872aae722a493f5c2c8f88e3d70d093eea116093874ea43852c864a687cba,always,lu_hyper_sparse=true env:SANKHYA_TMP_HS_ALWAYS,1,optimal,-2581.1392588847157,-2581.1392641,5.215284545556642e-06,2.0205358998229503e-09,0.9768,0.1094,4,d5b867df,"Chirag Intel64 Family 6 Model 140 Stepping 1, GenuineIntel Windows (shared, loaded)"
pilot4,67e872aae722a493f5c2c8f88e3d70d093eea116093874ea43852c864a687cba,auto,lu_hyper_sparse=true,1,optimal,-2581.1392588847157,-2581.1392641,5.215284545556642e-06,2.0205358998229503e-09,0.7955,0.0781,4,d5b867df,"Chirag Intel64 Family 6 Model 140 Stepping 1, GenuineIntel Windows (shared, loaded)"
pilot4,67e872aae722a493f5c2c8f88e3d70d093eea116093874ea43852c864a687cba,off,,2,optimal,-2581.1392588847157,-2581.1392641,5.215284545556642e-06,2.0205358998229503e-09,0.5654,0.1094,4,d5b867df,"Chirag Intel64 Family 6 Model 140 Stepping 1, GenuineIntel Windows (shared, loaded)"
pilot4,67e872aae722a493f5c2c8f88e3d70d093eea116093874ea43852c864a687cba,always,lu_hyper_sparse=true env:SANKHYA_TMP_HS_ALWAYS,2,optimal,-2581.1392588847157,-2581.1392641,5.215284545556642e-06,2.0205358998229503e-09,1.0474,0.2031,4,d5b867df,"Chirag Intel64 Family 6 Model 140 Stepping 1, GenuineIntel Windows (shared, loaded)"
pilot4,67e872aae722a493f5c2c8f88e3d70d093eea116093874ea43852c864a687cba,auto,lu_hyper_sparse=true,2,optimal,-2581.1392588847157,-2581.1392641,5.215284545556642e-06,2.0205358998229503e-09,0.8079,0.2188,4,d5b867df,"Chirag Intel64 Family 6 Model 140 Stepping 1, GenuineIntel Windows (shared, loaded)"
pilot4,67e872aae722a493f5c2c8f88e3d70d093eea116093874ea43852c864a687cba,off,,3,optimal,-2581.1392588847157,-2581.1392641,5.215284545556642e-06,2.0205358998229503e-09,0.3135,0.1562,4,d5b867df,"Chirag Intel64 Family 6 Model 140 Stepping 1, GenuineIntel Windows (shared, loaded)"
pilot4,67e872aae722a493f5c2c8f88e3d70d093eea116093874ea43852c864a687cba,always,lu_hyper_sparse=true env:SANKHYA_TMP_HS_ALWAYS,3,optimal,-2581.1392588847157,-2581.1392641,5.215284545556642e-06,2.0205358998229503e-09,0.7891,0.2031,4,d5b867df,"Chirag Intel64 Family 6 Model 140 Stepping 1, GenuineIntel Windows (shared, loaded)"
pilot4,67e872aae722a493f5c2c8f88e3d70d093eea116093874ea43852c864a687cba,auto,lu_hyper_sparse=true,3,optimal,-2581.1392588847157,-2581.1392641,5.215284545556642e-06,2.0205358998229503e-09,0.6107,0.1562,4,d5b867df,"Chirag Intel64 Family 6 Model 140 Stepping 1, GenuineIntel Windows (shared, loaded)"
pilot87,0ecfcc173d82c8a0252f58a99b2a529d8ad0155ee9212b8451cc25c0e387caa4,off,,1,optimal,301.7103476060874,301.71072827,0.00038066391260827004,1.2616850411352131e-06,110.0817,70.6406,23291,d5b867df,"Chirag Intel64 Family 6 Model 140 Stepping 1, GenuineIntel Windows (shared, loaded)"
pilot87,0ecfcc173d82c8a0252f58a99b2a529d8ad0155ee9212b8451cc25c0e387caa4,always,lu_hyper_sparse=true env:SANKHYA_TMP_HS_ALWAYS,1,optimal,301.7103476060874,301.71072827,0.00038066391260827004,1.2616850411352131e-06,123.5474,72.7188,23291,d5b867df,"Chirag Intel64 Family 6 Model 140 Stepping 1, GenuineIntel Windows (shared, loaded)"
pilot87,0ecfcc173d82c8a0252f58a99b2a529d8ad0155ee9212b8451cc25c0e387caa4,auto,lu_hyper_sparse=true,1,optimal,301.7103476060874,301.71072827,0.00038066391260827004,1.2616850411352131e-06,95.9917,64.1250,23291,d5b867df,"Chirag Intel64 Family 6 Model 140 Stepping 1, GenuineIntel Windows (shared, loaded)"
pilot87,0ecfcc173d82c8a0252f58a99b2a529d8ad0155ee9212b8451cc25c0e387caa4,off,,2,optimal,301.7103476060874,301.71072827,0.00038066391260827004,1.2616850411352131e-06,80.6691,62.8125,23291,d5b867df,"Chirag Intel64 Family 6 Model 140 Stepping 1, GenuineIntel Windows (shared, loaded)"
pilot87,0ecfcc173d82c8a0252f58a99b2a529d8ad0155ee9212b8451cc25c0e387caa4,always,lu_hyper_sparse=true env:SANKHYA_TMP_HS_ALWAYS,2,optimal,301.7103476060874,301.71072827,0.00038066391260827004,1.2616850411352131e-06,90.6346,60.3594,23291,d5b867df,"Chirag Intel64 Family 6 Model 140 Stepping 1, GenuineIntel Windows (shared, loaded)"
pilot87,0ecfcc173d82c8a0252f58a99b2a529d8ad0155ee9212b8451cc25c0e387caa4,auto,lu_hyper_sparse=true,2,optimal,301.7103476060874,301.71072827,0.00038066391260827004,1.2616850411352131e-06,102.4881,61.8594,23291,d5b867df,"Chirag Intel64 Family 6 Model 140 Stepping 1, GenuineIntel Windows (shared, loaded)"
pilot87,0ecfcc173d82c8a0252f58a99b2a529d8ad0155ee9212b8451cc25c0e387caa4,off,,3,optimal,301.7103476060874,301.71072827,0.00038066391260827004,1.2616850411352131e-06,1098.9422,58.8750,23291,d5b867df,"Chirag Intel64 Family 6 Model 140 Stepping 1, GenuineIntel Windows (shared, loaded)"
pilot87,0ecfcc173d82c8a0252f58a99b2a529d8ad0155ee9212b8451cc25c0e387caa4,always,lu_hyper_sparse=true env:SANKHYA_TMP_HS_ALWAYS,3,optimal,301.7103476060874,301.71072827,0.00038066391260827004,1.2616850411352131e-06,288.1569,30.9375,23291,d5b867df,"Chirag Intel64 Family 6 Model 140 Stepping 1, GenuineIntel Windows (shared, loaded)"
pilot87,0ecfcc173d82c8a0252f58a99b2a529d8ad0155ee9212b8451cc25c0e387caa4,auto,lu_hyper_sparse=true,3,optimal,301.7103476060874,301.71072827,0.00038066391260827004,1.2616850411352131e-06,106.3844,51.7031,23291,d5b867df,"Chirag Intel64 Family 6 Model 140 Stepping 1, GenuineIntel Windows (shared, loaded)"
pilotnov,2b000b6da9fb539e3303d5b81f00cc74f430e7ed52d7666ff1ef835bf060773d,off,,1,optimal,-4497.276188218868,-4497.2761882,1.8867467588279396e-08,4.195309960678878e-12,2.3936,0.5000,2311,d5b867df,"Chirag Intel64 Family 6 Model 140 Stepping 1, GenuineIntel Windows (shared, loaded)"
pilotnov,2b000b6da9fb539e3303d5b81f00cc74f430e7ed52d7666ff1ef835bf060773d,always,lu_hyper_sparse=true env:SANKHYA_TMP_HS_ALWAYS,1,optimal,-4497.276188218868,-4497.2761882,1.8867467588279396e-08,4.195309960678878e-12,3.2136,0.5156,2311,d5b867df,"Chirag Intel64 Family 6 Model 140 Stepping 1, GenuineIntel Windows (shared, loaded)"
pilotnov,2b000b6da9fb539e3303d5b81f00cc74f430e7ed52d7666ff1ef835bf060773d,auto,lu_hyper_sparse=true,1,optimal,-4497.276188218868,-4497.2761882,1.8867467588279396e-08,4.195309960678878e-12,5.9716,0.5469,2311,d5b867df,"Chirag Intel64 Family 6 Model 140 Stepping 1, GenuineIntel Windows (shared, loaded)"
pilotnov,2b000b6da9fb539e3303d5b81f00cc74f430e7ed52d7666ff1ef835bf060773d,off,,2,optimal,-4497.276188218868,-4497.2761882,1.8867467588279396e-08,4.195309960678878e-12,2.2268,0.5469,2311,d5b867df,"Chirag Intel64 Family 6 Model 140 Stepping 1, GenuineIntel Windows (shared, loaded)"
pilotnov,2b000b6da9fb539e3303d5b81f00cc74f430e7ed52d7666ff1ef835bf060773d,always,lu_hyper_sparse=true env:SANKHYA_TMP_HS_ALWAYS,2,optimal,-4497.276188218868,-4497.2761882,1.8867467588279396e-08,4.195309960678878e-12,7.9353,0.5312,2311,d5b867df,"Chirag Intel64 Family 6 Model 140 Stepping 1, GenuineIntel Windows (shared, loaded)"
pilotnov,2b000b6da9fb539e3303d5b81f00cc74f430e7ed52d7666ff1ef835bf060773d,auto,lu_hyper_sparse=true,2,optimal,-4497.276188218868,-4497.2761882,1.8867467588279396e-08,4.195309960678878e-12,2.1055,0.5000,2311,d5b867df,"Chirag Intel64 Family 6 Model 140 Stepping 1, GenuineIntel Windows (shared, loaded)"
pilotnov,2b000b6da9fb539e3303d5b81f00cc74f430e7ed52d7666ff1ef835bf060773d,off,,3,optimal,-4497.276188218868,-4497.2761882,1.8867467588279396e-08,4.195309960678878e-12,1.3547,0.4062,2311,d5b867df,"Chirag Intel64 Family 6 Model 140 Stepping 1, GenuineIntel Windows (shared, loaded)"
pilotnov,2b000b6da9fb539e3303d5b81f00cc74f430e7ed52d7666ff1ef835bf060773d,always,lu_hyper_sparse=true env:SANKHYA_TMP_HS_ALWAYS,3,optimal,-4497.276188218868,-4497.2761882,1.8867467588279396e-08,4.195309960678878e-12,1.3148,0.4688,2311,d5b867df,"Chirag Intel64 Family 6 Model 140 Stepping 1, GenuineIntel Windows (shared, loaded)"
pilotnov,2b000b6da9fb539e3303d5b81f00cc74f430e7ed52d7666ff1ef835bf060773d,auto,lu_hyper_sparse=true,3,optimal,-4497.276188218868,-4497.2761882,1.8867467588279396e-08,4.195309960678878e-12,1.7693,0.4844,2311,d5b867df,"Chirag Intel64 Family 6 Model 140 Stepping 1, GenuineIntel Windows (shared, loaded)"
recipe,277b34645cc89526db4a3365fa781ce28aa9768a65c4f301416a8a05c934af61,off,,1,optimal,-266.61600000000027,-266.616,2.8421709430404007e-13,1.0660166468030429e-15,0.3316,0.0156,40,d5b867df,"Chirag Intel64 Family 6 Model 140 Stepping 1, GenuineIntel Windows (shared, loaded)"
recipe,277b34645cc89526db4a3365fa781ce28aa9768a65c4f301416a8a05c934af61,always,lu_hyper_sparse=true env:SANKHYA_TMP_HS_ALWAYS,1,optimal,-266.61600000000027,-266.616,2.8421709430404007e-13,1.0660166468030429e-15,0.5750,0.0156,40,d5b867df,"Chirag Intel64 Family 6 Model 140 Stepping 1, GenuineIntel Windows (shared, loaded)"
recipe,277b34645cc89526db4a3365fa781ce28aa9768a65c4f301416a8a05c934af61,auto,lu_hyper_sparse=true,1,optimal,-266.61600000000027,-266.616,2.8421709430404007e-13,1.0660166468030429e-15,0.5750,0.0312,40,d5b867df,"Chirag Intel64 Family 6 Model 140 Stepping 1, GenuineIntel Windows (shared, loaded)"
recipe,277b34645cc89526db4a3365fa781ce28aa9768a65c4f301416a8a05c934af61,off,,2,optimal,-266.61600000000027,-266.616,2.8421709430404007e-13,1.0660166468030429e-15,0.5703,0.0469,40,d5b867df,"Chirag Intel64 Family 6 Model 140 Stepping 1, GenuineIntel Windows (shared, loaded)"
recipe,277b34645cc89526db4a3365fa781ce28aa9768a65c4f301416a8a05c934af61,always,lu_hyper_sparse=true env:SANKHYA_TMP_HS_ALWAYS,2,optimal,-266.61600000000027,-266.616,2.8421709430404007e-13,1.0660166468030429e-15,0.6816,0.0469,40,d5b867df,"Chirag Intel64 Family 6 Model 140 Stepping 1, GenuineIntel Windows (shared, loaded)"
recipe,277b34645cc89526db4a3365fa781ce28aa9768a65c4f301416a8a05c934af61,auto,lu_hyper_sparse=true,2,optimal,-266.61600000000027,-266.616,2.8421709430404007e-13,1.0660166468030429e-15,0.4782,0.0000,40,d5b867df,"Chirag Intel64 Family 6 Model 140 Stepping 1, GenuineIntel Windows (shared, loaded)"
recipe,277b34645cc89526db4a3365fa781ce28aa9768a65c4f301416a8a05c934af61,off,,3,optimal,-266.61600000000027,-266.616,2.8421709430404007e-13,1.0660166468030429e-15,0.6896,0.0469,40,d5b867df,"Chirag Intel64 Family 6 Model 140 Stepping 1, GenuineIntel Windows (shared, loaded)"
recipe,277b34645cc89526db4a3365fa781ce28aa9768a65c4f301416a8a05c934af61,always,lu_hyper_sparse=true env:SANKHYA_TMP_HS_ALWAYS,3,optimal,-266.61600000000027,-266.616,2.8421709430404007e-13,1.0660166468030429e-15,0.5952,0.0312,40,d5b867df,"Chirag Intel64 Family 6 Model 140 Stepping 1, GenuineIntel Windows (shared, loaded)"
recipe,277b34645cc89526db4a3365fa781ce28aa9768a65c4f301416a8a05c934af61,auto,lu_hyper_sparse=true,3,optimal,-266.61600000000027,-266.616,2.8421709430404007e-13,1.0660166468030429e-15,0.8409,0.0469,40,d5b867df,"Chirag Intel64 Family 6 Model 140 Stepping 1, GenuineIntel Windows (shared, loaded)"
sc105,062d034400be956757316a9bde8e6de3d221a88fb5dc502def743f1883e23ec3,off,,1,optimal,-52.20206121170722,-52.202061212,2.927791342699493e-10,5.608574210909634e-12,0.8045,0.0156,98,d5b867df,"Chirag Intel64 Family 6 Model 140 Stepping 1, GenuineIntel Windows (shared, loaded)"
sc105,062d034400be956757316a9bde8e6de3d221a88fb5dc502def743f1883e23ec3,always,lu_hyper_sparse=true env:SANKHYA_TMP_HS_ALWAYS,1,optimal,-52.20206121170722,-52.202061212,2.927791342699493e-10,5.608574210909634e-12,1.2764,0.0312,98,d5b867df,"Chirag Intel64 Family 6 Model 140 Stepping 1, GenuineIntel Windows (shared, loaded)"
sc105,062d034400be956757316a9bde8e6de3d221a88fb5dc502def743f1883e23ec3,auto,lu_hyper_sparse=true,1,optimal,-52.20206121170722,-52.202061212,2.927791342699493e-10,5.608574210909634e-12,0.9336,0.0156,98,d5b867df,"Chirag Intel64 Family 6 Model 140 Stepping 1, GenuineIntel Windows (shared, loaded)"
sc105,062d034400be956757316a9bde8e6de3d221a88fb5dc502def743f1883e23ec3,off,,2,optimal,-52.20206121170722,-52.202061212,2.927791342699493e-10,5.608574210909634e-12,0.5944,0.0156,98,d5b867df,"Chirag Intel64 Family 6 Model 140 Stepping 1, GenuineIntel Windows (shared, loaded)"
sc105,062d034400be956757316a9bde8e6de3d221a88fb5dc502def743f1883e23ec3,always,lu_hyper_sparse=true env:SANKHYA_TMP_HS_ALWAYS,2,optimal,-52.20206121170722,-52.202061212,2.927791342699493e-10,5.608574210909634e-12,0.5538,0.0312,98,d5b867df,"Chirag Intel64 Family 6 Model 140 Stepping 1, GenuineIntel Windows (shared, loaded)"
sc105,062d034400be956757316a9bde8e6de3d221a88fb5dc502def743f1883e23ec3,auto,lu_hyper_sparse=true,2,optimal,-52.20206121170722,-52.202061212,2.927791342699493e-10,5.608574210909634e-12,0.8846,0.0156,98,d5b867df,"Chirag Intel64 Family 6 Model 140 Stepping 1, GenuineIntel Windows (shared, loaded)"
sc105,062d034400be956757316a9bde8e6de3d221a88fb5dc502def743f1883e23ec3,off,,3,optimal,-52.20206121170722,-52.202061212,2.927791342699493e-10,5.608574210909634e-12,0.6612,0.0156,98,d5b867df,"Chirag Intel64 Family 6 Model 140 Stepping 1, GenuineIntel Windows (shared, loaded)"
sc105,062d034400be956757316a9bde8e6de3d221a88fb5dc502def743f1883e23ec3,always,lu_hyper_sparse=true env:SANKHYA_TMP_HS_ALWAYS,3,optimal,-52.20206121170722,-52.202061212,2.927791342699493e-10,5.608574210909634e-12,1.3174,0.0000,98,d5b867df,"Chirag Intel64 Family 6 Model 140 Stepping 1, GenuineIntel Windows (shared, loaded)"
sc105,062d034400be956757316a9bde8e6de3d221a88fb5dc502def743f1883e23ec3,auto,lu_hyper_sparse=true,3,optimal,-52.20206121170722,-52.202061212,2.927791342699493e-10,5.608574210909634e-12,0.7979,0.0156,98,d5b867df,"Chirag Intel64 Family 6 Model 140 Stepping 1, GenuineIntel Windows (shared, loaded)"
sc205,bcecc8d8cafd08c6d97cf8e39a740f5d777e317600bb9f6f158f2ceb550005f9,off,,1,optimal,-52.2020612117072,-52.202061212,2.927933451246645e-10,5.608846438756298e-12,1.0236,0.0469,232,d5b867df,"Chirag Intel64 Family 6 Model 140 Stepping 1, GenuineIntel Windows (shared, loaded)"
sc205,bcecc8d8cafd08c6d97cf8e39a740f5d777e317600bb9f6f158f2ceb550005f9,always,lu_hyper_sparse=true env:SANKHYA_TMP_HS_ALWAYS,1,optimal,-52.2020612117072,-52.202061212,2.927933451246645e-10,5.608846438756298e-12,0.7151,0.0469,232,d5b867df,"Chirag Intel64 Family 6 Model 140 Stepping 1, GenuineIntel Windows (shared, loaded)"
sc205,bcecc8d8cafd08c6d97cf8e39a740f5d777e317600bb9f6f158f2ceb550005f9,auto,lu_hyper_sparse=true,1,optimal,-52.2020612117072,-52.202061212,2.927933451246645e-10,5.608846438756298e-12,0.9355,0.0469,232,d5b867df,"Chirag Intel64 Family 6 Model 140 Stepping 1, GenuineIntel Windows (shared, loaded)"
sc205,bcecc8d8cafd08c6d97cf8e39a740f5d777e317600bb9f6f158f2ceb550005f9,off,,2,optimal,-52.2020612117072,-52.202061212,2.927933451246645e-10,5.608846438756298e-12,0.1947,0.0312,232,d5b867df,"Chirag Intel64 Family 6 Model 140 Stepping 1, GenuineIntel Windows (shared, loaded)"
sc205,bcecc8d8cafd08c6d97cf8e39a740f5d777e317600bb9f6f158f2ceb550005f9,always,lu_hyper_sparse=true env:SANKHYA_TMP_HS_ALWAYS,2,optimal,-52.2020612117072,-52.202061212,2.927933451246645e-10,5.608846438756298e-12,1.0024,0.0312,232,d5b867df,"Chirag Intel64 Family 6 Model 140 Stepping 1, GenuineIntel Windows (shared, loaded)"
sc205,bcecc8d8cafd08c6d97cf8e39a740f5d777e317600bb9f6f158f2ceb550005f9,auto,lu_hyper_sparse=true,2,optimal,-52.2020612117072,-52.202061212,2.927933451246645e-10,5.608846438756298e-12,1.3531,0.0625,232,d5b867df,"Chirag Intel64 Family 6 Model 140 Stepping 1, GenuineIntel Windows (shared, loaded)"
sc205,bcecc8d8cafd08c6d97cf8e39a740f5d777e317600bb9f6f158f2ceb550005f9,off,,3,optimal,-52.2020612117072,-52.202061212,2.927933451246645e-10,5.608846438756298e-12,0.7573,0.0469,232,d5b867df,"Chirag Intel64 Family 6 Model 140 Stepping 1, GenuineIntel Windows (shared, loaded)"
sc205,bcecc8d8cafd08c6d97cf8e39a740f5d777e317600bb9f6f158f2ceb550005f9,always,lu_hyper_sparse=true env:SANKHYA_TMP_HS_ALWAYS,3,optimal,-52.2020612117072,-52.202061212,2.927933451246645e-10,5.608846438756298e-12,1.1944,0.0312,232,d5b867df,"Chirag Intel64 Family 6 Model 140 Stepping 1, GenuineIntel Windows (shared, loaded)"
sc205,bcecc8d8cafd08c6d97cf8e39a740f5d777e317600bb9f6f158f2ceb550005f9,auto,lu_hyper_sparse=true,3,optimal,-52.2020612117072,-52.202061212,2.927933451246645e-10,5.608846438756298e-12,1.3391,0.0312,232,d5b867df,"Chirag Intel64 Family 6 Model 140 Stepping 1, GenuineIntel Windows (shared, loaded)"
sc50a,36bfce2f419555712bf1b9a8477541199073c7654475d933475cea6db0abe2f2,off,,1,optimal,-64.57507705856447,-64.575077059,4.355200644567958e-10,6.744398679677553e-12,0.7890,0.0625,42,d5b867df,"Chirag Intel64 Family 6 Model 140 Stepping 1, GenuineIntel Windows (shared, loaded)"
sc50a,36bfce2f419555712bf1b9a8477541199073c7654475d933475cea6db0abe2f2,always,lu_hyper_sparse=true env:SANKHYA_TMP_HS_ALWAYS,1,optimal,-64.57507705856447,-64.575077059,4.355200644567958e-10,6.744398679677553e-12,0.8104,0.0156,42,d5b867df,"Chirag Intel64 Family 6 Model 140 Stepping 1, GenuineIntel Windows (shared, loaded)"
sc50a,36bfce2f419555712bf1b9a8477541199073c7654475d933475cea6db0abe2f2,auto,lu_hyper_sparse=true,1,optimal,-64.57507705856447,-64.575077059,4.355200644567958e-10,6.744398679677553e-12,0.9190,0.0156,42,d5b867df,"Chirag Intel64 Family 6 Model 140 Stepping 1, GenuineIntel Windows (shared, loaded)"
sc50a,36bfce2f419555712bf1b9a8477541199073c7654475d933475cea6db0abe2f2,off,,2,optimal,-64.57507705856447,-64.575077059,4.355200644567958e-10,6.744398679677553e-12,0.7892,0.0469,42,d5b867df,"Chirag Intel64 Family 6 Model 140 Stepping 1, GenuineIntel Windows (shared, loaded)"
sc50a,36bfce2f419555712bf1b9a8477541199073c7654475d933475cea6db0abe2f2,always,lu_hyper_sparse=true env:SANKHYA_TMP_HS_ALWAYS,2,optimal,-64.57507705856447,-64.575077059,4.355200644567958e-10,6.744398679677553e-12,0.5840,0.0156,42,d5b867df,"Chirag Intel64 Family 6 Model 140 Stepping 1, GenuineIntel Windows (shared, loaded)"
sc50a,36bfce2f419555712bf1b9a8477541199073c7654475d933475cea6db0abe2f2,auto,lu_hyper_sparse=true,2,optimal,-64.57507705856447,-64.575077059,4.355200644567958e-10,6.744398679677553e-12,0.4045,0.0312,42,d5b867df,"Chirag Intel64 Family 6 Model 140 Stepping 1, GenuineIntel Windows (shared, loaded)"
sc50a,36bfce2f419555712bf1b9a8477541199073c7654475d933475cea6db0abe2f2,off,,3,optimal,-64.57507705856447,-64.575077059,4.355200644567958e-10,6.744398679677553e-12,1.0345,0.0469,42,d5b867df,"Chirag Intel64 Family 6 Model 140 Stepping 1, GenuineIntel Windows (shared, loaded)"
sc50a,36bfce2f419555712bf1b9a8477541199073c7654475d933475cea6db0abe2f2,always,lu_hyper_sparse=true env:SANKHYA_TMP_HS_ALWAYS,3,optimal,-64.57507705856447,-64.575077059,4.355200644567958e-10,6.744398679677553e-12,0.9305,0.0156,42,d5b867df,"Chirag Intel64 Family 6 Model 140 Stepping 1, GenuineIntel Windows (shared, loaded)"
sc50a,36bfce2f419555712bf1b9a8477541199073c7654475d933475cea6db0abe2f2,auto,lu_hyper_sparse=true,3,optimal,-64.57507705856447,-64.575077059,4.355200644567958e-10,6.744398679677553e-12,0.9841,0.0156,42,d5b867df,"Chirag Intel64 Family 6 Model 140 Stepping 1, GenuineIntel Windows (shared, loaded)"
sc50b,bfc47ffcf8f037552130a75142a203dc768d82d15c3b7b9f718c444ffa472f15,off,,1,optimal,-69.99999999999999,-70.0,1.4210854715202004e-14,2.0301221021717148e-16,0.8157,0.0156,42,d5b867df,"Chirag Intel64 Family 6 Model 140 Stepping 1, GenuineIntel Windows (shared, loaded)"
sc50b,bfc47ffcf8f037552130a75142a203dc768d82d15c3b7b9f718c444ffa472f15,always,lu_hyper_sparse=true env:SANKHYA_TMP_HS_ALWAYS,1,optimal,-69.99999999999999,-70.0,1.4210854715202004e-14,2.0301221021717148e-16,0.8925,0.0469,42,d5b867df,"Chirag Intel64 Family 6 Model 140 Stepping 1, GenuineIntel Windows (shared, loaded)"
sc50b,bfc47ffcf8f037552130a75142a203dc768d82d15c3b7b9f718c444ffa472f15,auto,lu_hyper_sparse=true,1,optimal,-69.99999999999999,-70.0,1.4210854715202004e-14,2.0301221021717148e-16,0.6192,0.0156,42,d5b867df,"Chirag Intel64 Family 6 Model 140 Stepping 1, GenuineIntel Windows (shared, loaded)"
sc50b,bfc47ffcf8f037552130a75142a203dc768d82d15c3b7b9f718c444ffa472f15,off,,2,optimal,-69.99999999999999,-70.0,1.4210854715202004e-14,2.0301221021717148e-16,0.5131,0.0312,42,d5b867df,"Chirag Intel64 Family 6 Model 140 Stepping 1, GenuineIntel Windows (shared, loaded)"
sc50b,bfc47ffcf8f037552130a75142a203dc768d82d15c3b7b9f718c444ffa472f15,always,lu_hyper_sparse=true env:SANKHYA_TMP_HS_ALWAYS,2,optimal,-69.99999999999999,-70.0,1.4210854715202004e-14,2.0301221021717148e-16,0.1215,0.0312,42,d5b867df,"Chirag Intel64 Family 6 Model 140 Stepping 1, GenuineIntel Windows (shared, loaded)"
sc50b,bfc47ffcf8f037552130a75142a203dc768d82d15c3b7b9f718c444ffa472f15,auto,lu_hyper_sparse=true,2,optimal,-69.99999999999999,-70.0,1.4210854715202004e-14,2.0301221021717148e-16,0.6354,0.0156,42,d5b867df,"Chirag Intel64 Family 6 Model 140 Stepping 1, GenuineIntel Windows (shared, loaded)"
sc50b,bfc47ffcf8f037552130a75142a203dc768d82d15c3b7b9f718c444ffa472f15,off,,3,optimal,-69.99999999999999,-70.0,1.4210854715202004e-14,2.0301221021717148e-16,0.3955,0.0312,42,d5b867df,"Chirag Intel64 Family 6 Model 140 Stepping 1, GenuineIntel Windows (shared, loaded)"
sc50b,bfc47ffcf8f037552130a75142a203dc768d82d15c3b7b9f718c444ffa472f15,always,lu_hyper_sparse=true env:SANKHYA_TMP_HS_ALWAYS,3,optimal,-69.99999999999999,-70.0,1.4210854715202004e-14,2.0301221021717148e-16,0.1722,0.0156,42,d5b867df,"Chirag Intel64 Family 6 Model 140 Stepping 1, GenuineIntel Windows (shared, loaded)"
sc50b,bfc47ffcf8f037552130a75142a203dc768d82d15c3b7b9f718c444ffa472f15,auto,lu_hyper_sparse=true,3,optimal,-69.99999999999999,-70.0,1.4210854715202004e-14,2.0301221021717148e-16,0.6487,0.0469,42,d5b867df,"Chirag Intel64 Family 6 Model 140 Stepping 1, GenuineIntel Windows (shared, loaded)"
scagr25,7bac79b91dec46966af26a236d593c823f1e61eb055597426365e4f6bc36df76,off,,1,optimal,-14753433.060768533,-14753433.061,0.00023146718740463257,1.5689039049257294e-11,1.0655,0.0625,457,d5b867df,"Chirag Intel64 Family 6 Model 140 Stepping 1, GenuineIntel Windows (shared, loaded)"
scagr25,7bac79b91dec46966af26a236d593c823f1e61eb055597426365e4f6bc36df76,always,lu_hyper_sparse=true env:SANKHYA_TMP_HS_ALWAYS,1,optimal,-14753433.060768533,-14753433.061,0.00023146718740463257,1.5689039049257294e-11,0.9786,0.0781,457,d5b867df,"Chirag Intel64 Family 6 Model 140 Stepping 1, GenuineIntel Windows (shared, loaded)"
scagr25,7bac79b91dec46966af26a236d593c823f1e61eb055597426365e4f6bc36df76,auto,lu_hyper_sparse=true,1,optimal,-14753433.060768533,-14753433.061,0.00023146718740463257,1.5689039049257294e-11,0.9647,0.0625,457,d5b867df,"Chirag Intel64 Family 6 Model 140 Stepping 1, GenuineIntel Windows (shared, loaded)"
scagr25,7bac79b91dec46966af26a236d593c823f1e61eb055597426365e4f6bc36df76,off,,2,optimal,-14753433.060768533,-14753433.061,0.00023146718740463257,1.5689039049257294e-11,2.8153,0.0156,457,d5b867df,"Chirag Intel64 Family 6 Model 140 Stepping 1, GenuineIntel Windows (shared, loaded)"
scagr25,7bac79b91dec46966af26a236d593c823f1e61eb055597426365e4f6bc36df76,always,lu_hyper_sparse=true env:SANKHYA_TMP_HS_ALWAYS,2,optimal,-14753433.060768533,-14753433.061,0.00023146718740463257,1.5689039049257294e-11,1.5723,0.0312,457,d5b867df,"Chirag Intel64 Family 6 Model 140 Stepping 1, GenuineIntel Windows (shared, loaded)"
scagr25,7bac79b91dec46966af26a236d593c823f1e61eb055597426365e4f6bc36df76,auto,lu_hyper_sparse=true,2,optimal,-14753433.060768533,-14753433.061,0.00023146718740463257,1.5689039049257294e-11,0.9583,0.0469,457,d5b867df,"Chirag Intel64 Family 6 Model 140 Stepping 1, GenuineIntel Windows (shared, loaded)"
scagr25,7bac79b91dec46966af26a236d593c823f1e61eb055597426365e4f6bc36df76,off,,3,optimal,-14753433.060768533,-14753433.061,0.00023146718740463257,1.5689039049257294e-11,1.0330,0.0625,457,d5b867df,"Chirag Intel64 Family 6 Model 140 Stepping 1, GenuineIntel Windows (shared, loaded)"
scagr25,7bac79b91dec46966af26a236d593c823f1e61eb055597426365e4f6bc36df76,always,lu_hyper_sparse=true env:SANKHYA_TMP_HS_ALWAYS,3,optimal,-14753433.060768533,-14753433.061,0.00023146718740463257,1.5689039049257294e-11,1.0051,0.0469,457,d5b867df,"Chirag Intel64 Family 6 Model 140 Stepping 1, GenuineIntel Windows (shared, loaded)"
scagr25,7bac79b91dec46966af26a236d593c823f1e61eb055597426365e4f6bc36df76,auto,lu_hyper_sparse=true,3,optimal,-14753433.060768533,-14753433.061,0.00023146718740463257,1.5689039049257294e-11,1.1043,0.0312,457,d5b867df,"Chirag Intel64 Family 6 Model 140 Stepping 1, GenuineIntel Windows (shared, loaded)"
scagr7,2170c16fd0cc04a823172c1564e89593e75aac5225e2c2f893a6837ba0b26085,off,,1,optimal,-2331389.824330984,-2331389.2548,0.5695309839211404,2.442882426212426e-07,1.0394,0.0625,111,d5b867df,"Chirag Intel64 Family 6 Model 140 Stepping 1, GenuineIntel Windows (shared, loaded)"
scagr7,2170c16fd0cc04a823172c1564e89593e75aac5225e2c2f893a6837ba0b26085,always,lu_hyper_sparse=true env:SANKHYA_TMP_HS_ALWAYS,1,optimal,-2331389.824330984,-2331389.2548,0.5695309839211404,2.442882426212426e-07,1.1152,0.0312,111,d5b867df,"Chirag Intel64 Family 6 Model 140 Stepping 1, GenuineIntel Windows (shared, loaded)"
scagr7,2170c16fd0cc04a823172c1564e89593e75aac5225e2c2f893a6837ba0b26085,auto,lu_hyper_sparse=true,1,optimal,-2331389.824330984,-2331389.2548,0.5695309839211404,2.442882426212426e-07,0.6882,0.0469,111,d5b867df,"Chirag Intel64 Family 6 Model 140 Stepping 1, GenuineIntel Windows (shared, loaded)"
scagr7,2170c16fd0cc04a823172c1564e89593e75aac5225e2c2f893a6837ba0b26085,off,,2,optimal,-2331389.824330984,-2331389.2548,0.5695309839211404,2.442882426212426e-07,0.2432,0.0312,111,d5b867df,"Chirag Intel64 Family 6 Model 140 Stepping 1, GenuineIntel Windows (shared, loaded)"
scagr7,2170c16fd0cc04a823172c1564e89593e75aac5225e2c2f893a6837ba0b26085,always,lu_hyper_sparse=true env:SANKHYA_TMP_HS_ALWAYS,2,optimal,-2331389.824330984,-2331389.2548,0.5695309839211404,2.442882426212426e-07,0.2308,0.0312,111,d5b867df,"Chirag Intel64 Family 6 Model 140 Stepping 1, GenuineIntel Windows (shared, loaded)"
scagr7,2170c16fd0cc04a823172c1564e89593e75aac5225e2c2f893a6837ba0b26085,auto,lu_hyper_sparse=true,2,optimal,-2331389.824330984,-2331389.2548,0.5695309839211404,2.442882426212426e-07,0.3429,0.0312,111,d5b867df,"Chirag Intel64 Family 6 Model 140 Stepping 1, GenuineIntel Windows (shared, loaded)"
scagr7,2170c16fd0cc04a823172c1564e89593e75aac5225e2c2f893a6837ba0b26085,off,,3,optimal,-2331389.824330984,-2331389.2548,0.5695309839211404,2.442882426212426e-07,0.1764,0.0156,111,d5b867df,"Chirag Intel64 Family 6 Model 140 Stepping 1, GenuineIntel Windows (shared, loaded)"
scagr7,2170c16fd0cc04a823172c1564e89593e75aac5225e2c2f893a6837ba0b26085,always,lu_hyper_sparse=true env:SANKHYA_TMP_HS_ALWAYS,3,optimal,-2331389.824330984,-2331389.2548,0.5695309839211404,2.442882426212426e-07,0.0696,0.0312,111,d5b867df,"Chirag Intel64 Family 6 Model 140 Stepping 1, GenuineIntel Windows (shared, loaded)"
scagr7,2170c16fd0cc04a823172c1564e89593e75aac5225e2c2f893a6837ba0b26085,auto,lu_hyper_sparse=true,3,optimal,-2331389.824330984,-2331389.2548,0.5695309839211404,2.442882426212426e-07,0.5248,0.0156,111,d5b867df,"Chirag Intel64 Family 6 Model 140 Stepping 1, GenuineIntel Windows (shared, loaded)"
scfxm1,3e602523ca64bb4fd7387da7eca577d964e08d7c04326c59937a0d58add7de25,off,,1,optimal,18416.759028348937,18416.759028,3.4893673728220165e-07,1.89466961451629e-11,0.8656,0.0938,433,d5b867df,"Chirag Intel64 Family 6 Model 140 Stepping 1, GenuineIntel Windows (shared, loaded)"
scfxm1,3e602523ca64bb4fd7387da7eca577d964e08d7c04326c59937a0d58add7de25,always,lu_hyper_sparse=true env:SANKHYA_TMP_HS_ALWAYS,1,optimal,18416.759028348937,18416.759028,3.4893673728220165e-07,1.89466961451629e-11,0.6375,0.0781,433,d5b867df,"Chirag Intel64 Family 6 Model 140 Stepping 1, GenuineIntel Windows (shared, loaded)"
scfxm1,3e602523ca64bb4fd7387da7eca577d964e08d7c04326c59937a0d58add7de25,auto,lu_hyper_sparse=true,1,optimal,18416.759028348937,18416.759028,3.4893673728220165e-07,1.89466961451629e-11,0.9478,0.0781,433,d5b867df,"Chirag Intel64 Family 6 Model 140 Stepping 1, GenuineIntel Windows (shared, loaded)"
scfxm1,3e602523ca64bb4fd7387da7eca577d964e08d7c04326c59937a0d58add7de25,off,,2,optimal,18416.759028348937,18416.759028,3.4893673728220165e-07,1.89466961451629e-11,1.7903,0.0625,433,d5b867df,"Chirag Intel64 Family 6 Model 140 Stepping 1, GenuineIntel Windows (shared, loaded)"
scfxm1,3e602523ca64bb4fd7387da7eca577d964e08d7c04326c59937a0d58add7de25,always,lu_hyper_sparse=true env:SANKHYA_TMP_HS_ALWAYS,2,optimal,18416.759028348937,18416.759028,3.4893673728220165e-07,1.89466961451629e-11,2.3837,0.0625,433,d5b867df,"Chirag Intel64 Family 6 Model 140 Stepping 1, GenuineIntel Windows (shared, loaded)"
scfxm1,3e602523ca64bb4fd7387da7eca577d964e08d7c04326c59937a0d58add7de25,auto,lu_hyper_sparse=true,2,optimal,18416.759028348937,18416.759028,3.4893673728220165e-07,1.89466961451629e-11,1.3518,0.0312,433,d5b867df,"Chirag Intel64 Family 6 Model 140 Stepping 1, GenuineIntel Windows (shared, loaded)"
scfxm1,3e602523ca64bb4fd7387da7eca577d964e08d7c04326c59937a0d58add7de25,off,,3,optimal,18416.759028348937,18416.759028,3.4893673728220165e-07,1.89466961451629e-11,1.6776,0.0625,433,d5b867df,"Chirag Intel64 Family 6 Model 140 Stepping 1, GenuineIntel Windows (shared, loaded)"
scfxm1,3e602523ca64bb4fd7387da7eca577d964e08d7c04326c59937a0d58add7de25,always,lu_hyper_sparse=true env:SANKHYA_TMP_HS_ALWAYS,3,optimal,18416.759028348937,18416.759028,3.4893673728220165e-07,1.89466961451629e-11,0.4304,0.0469,433,d5b867df,"Chirag Intel64 Family 6 Model 140 Stepping 1, GenuineIntel Windows (shared, loaded)"
scfxm1,3e602523ca64bb4fd7387da7eca577d964e08d7c04326c59937a0d58add7de25,auto,lu_hyper_sparse=true,3,optimal,18416.759028348937,18416.759028,3.4893673728220165e-07,1.89466961451629e-11,0.3065,0.0625,433,d5b867df,"Chirag Intel64 Family 6 Model 140 Stepping 1, GenuineIntel Windows (shared, loaded)"
scfxm2,64d44da9d2e6329705e73b1e083f52a7560124c13af4c67ff60d55b0a46b0f0e,off,,1,optimal,36660.26156499881,36660.261565,1.1932570487260818e-09,3.254905987537467e-14,1.4037,0.1094,937,d5b867df,"Chirag Intel64 Family 6 Model 140 Stepping 1, GenuineIntel Windows (shared, loaded)"
scfxm2,64d44da9d2e6329705e73b1e083f52a7560124c13af4c67ff60d55b0a46b0f0e,always,lu_hyper_sparse=true env:SANKHYA_TMP_HS_ALWAYS,1,optimal,36660.26156499881,36660.261565,1.1932570487260818e-09,3.254905987537467e-14,4.8024,0.1406,937,d5b867df,"Chirag Intel64 Family 6 Model 140 Stepping 1, GenuineIntel Windows (shared, loaded)"
scfxm2,64d44da9d2e6329705e73b1e083f52a7560124c13af4c67ff60d55b0a46b0f0e,auto,lu_hyper_sparse=true,1,optimal,36660.26156499881,36660.261565,1.1932570487260818e-09,3.254905987537467e-14,2.1744,0.1719,937,d5b867df,"Chirag Intel64 Family 6 Model 140 Stepping 1, GenuineIntel Windows (shared, loaded)"
scfxm2,64d44da9d2e6329705e73b1e083f52a7560124c13af4c67ff60d55b0a46b0f0e,off,,2,optimal,36660.26156499881,36660.261565,1.1932570487260818e-09,3.254905987537467e-14,0.8996,0.0625,937,d5b867df,"Chirag Intel64 Family 6 Model 140 Stepping 1, GenuineIntel Windows (shared, loaded)"
scfxm2,64d44da9d2e6329705e73b1e083f52a7560124c13af4c67ff60d55b0a46b0f0e,always,lu_hyper_sparse=true env:SANKHYA_TMP_HS_ALWAYS,2,optimal,36660.26156499881,36660.261565,1.1932570487260818e-09,3.254905987537467e-14,0.5678,0.1094,937,d5b867df,"Chirag Intel64 Family 6 Model 140 Stepping 1, GenuineIntel Windows (shared, loaded)"
scfxm2,64d44da9d2e6329705e73b1e083f52a7560124c13af4c67ff60d55b0a46b0f0e,auto,lu_hyper_sparse=true,2,optimal,36660.26156499881,36660.261565,1.1932570487260818e-09,3.254905987537467e-14,0.5280,0.0938,937,d5b867df,"Chirag Intel64 Family 6 Model 140 Stepping 1, GenuineIntel Windows (shared, loaded)"
scfxm2,64d44da9d2e6329705e73b1e083f52a7560124c13af4c67ff60d55b0a46b0f0e,off,,3,optimal,36660.26156499881,36660.261565,1.1932570487260818e-09,3.254905987537467e-14,0.8375,0.1094,937,d5b867df,"Chirag Intel64 Family 6 Model 140 Stepping 1, GenuineIntel Windows (shared, loaded)"
scfxm2,64d44da9d2e6329705e73b1e083f52a7560124c13af4c67ff60d55b0a46b0f0e,always,lu_hyper_sparse=true env:SANKHYA_TMP_HS_ALWAYS,3,optimal,36660.26156499881,36660.261565,1.1932570487260818e-09,3.254905987537467e-14,0.8207,0.0938,937,d5b867df,"Chirag Intel64 Family 6 Model 140 Stepping 1, GenuineIntel Windows (shared, loaded)"
scfxm2,64d44da9d2e6329705e73b1e083f52a7560124c13af4c67ff60d55b0a46b0f0e,auto,lu_hyper_sparse=true,3,optimal,36660.26156499881,36660.261565,1.1932570487260818e-09,3.254905987537467e-14,0.5168,0.1406,937,d5b867df,"Chirag Intel64 Family 6 Model 140 Stepping 1, GenuineIntel Windows (shared, loaded)"
scfxm3,515b442feba7cb583e03d4466da264782d898cc69093848052a7fa98ba4eac7b,off,,1,optimal,54901.25454975145,54901.25455,2.4854671210050583e-07,4.527159062898059e-12,1.6774,0.1562,1641,d5b867df,"Chirag Intel64 Family 6 Model 140 Stepping 1, GenuineIntel Windows (shared, loaded)"
scfxm3,515b442feba7cb583e03d4466da264782d898cc69093848052a7fa98ba4eac7b,always,lu_hyper_sparse=true env:SANKHYA_TMP_HS_ALWAYS,1,optimal,54901.25454975145,54901.25455,2.4854671210050583e-07,4.527159062898059e-12,0.7852,0.1875,1641,d5b867df,"Chirag Intel64 Family 6 Model 140 Stepping 1, GenuineIntel Windows (shared, loaded)"
scfxm3,515b442feba7cb583e03d4466da264782d898cc69093848052a7fa98ba4eac7b,auto,lu_hyper_sparse=true,1,optimal,54901.25454975145,54901.25455,2.4854671210050583e-07,4.527159062898059e-12,0.2425,0.1406,1641,d5b867df,"Chirag Intel64 Family 6 Model 140 Stepping 1, GenuineIntel Windows (shared, loaded)"
scfxm3,515b442feba7cb583e03d4466da264782d898cc69093848052a7fa98ba4eac7b,off,,2,optimal,54901.25454975145,54901.25455,2.4854671210050583e-07,4.527159062898059e-12,0.6548,0.1250,1641,d5b867df,"Chirag Intel64 Family 6 Model 140 Stepping 1, GenuineIntel Windows (shared, loaded)"
scfxm3,515b442feba7cb583e03d4466da264782d898cc69093848052a7fa98ba4eac7b,always,lu_hyper_sparse=true env:SANKHYA_TMP_HS_ALWAYS,2,optimal,54901.25454975145,54901.25455,2.4854671210050583e-07,4.527159062898059e-12,0.9186,0.2188,1641,d5b867df,"Chirag Intel64 Family 6 Model 140 Stepping 1, GenuineIntel Windows (shared, loaded)"
scfxm3,515b442feba7cb583e03d4466da264782d898cc69093848052a7fa98ba4eac7b,auto,lu_hyper_sparse=true,2,optimal,54901.25454975145,54901.25455,2.4854671210050583e-07,4.527159062898059e-12,0.4207,0.1250,1641,d5b867df,"Chirag Intel64 Family 6 Model 140 Stepping 1, GenuineIntel Windows (shared, loaded)"
scfxm3,515b442feba7cb583e03d4466da264782d898cc69093848052a7fa98ba4eac7b,off,,3,optimal,54901.25454975145,54901.25455,2.4854671210050583e-07,4.527159062898059e-12,0.4289,0.2031,1641,d5b867df,"Chirag Intel64 Family 6 Model 140 Stepping 1, GenuineIntel Windows (shared, loaded)"
scfxm3,515b442feba7cb583e03d4466da264782d898cc69093848052a7fa98ba4eac7b,always,lu_hyper_sparse=true env:SANKHYA_TMP_HS_ALWAYS,3,optimal,54901.25454975145,54901.25455,2.4854671210050583e-07,4.527159062898059e-12,0.7897,0.2500,1641,d5b867df,"Chirag Intel64 Family 6 Model 140 Stepping 1, GenuineIntel Windows (shared, loaded)"
scfxm3,515b442feba7cb583e03d4466da264782d898cc69093848052a7fa98ba4eac7b,auto,lu_hyper_sparse=true,3,optimal,54901.25454975145,54901.25455,2.4854671210050583e-07,4.527159062898059e-12,0.6903,0.2344,1641,d5b867df,"Chirag Intel64 Family 6 Model 140 Stepping 1, GenuineIntel Windows (shared, loaded)"
scorpion,39b61cae042ce4adffb441faec77f5cc003fa725baa25edfb1738aef93a83c5d,off,,1,optimal,1878.1248227381068,1878.1248227,3.810669113590848e-08,2.0289754267304842e-11,0.3895,0.0469,242,d5b867df,"Chirag Intel64 Family 6 Model 140 Stepping 1, GenuineIntel Windows (shared, loaded)"
scorpion,39b61cae042ce4adffb441faec77f5cc003fa725baa25edfb1738aef93a83c5d,always,lu_hyper_sparse=true env:SANKHYA_TMP_HS_ALWAYS,1,optimal,1878.1248227381068,1878.1248227,3.810669113590848e-08,2.0289754267304842e-11,1.4927,0.0156,242,d5b867df,"Chirag Intel64 Family 6 Model 140 Stepping 1, GenuineIntel Windows (shared, loaded)"
scorpion,39b61cae042ce4adffb441faec77f5cc003fa725baa25edfb1738aef93a83c5d,auto,lu_hyper_sparse=true,1,optimal,1878.1248227381068,1878.1248227,3.810669113590848e-08,2.0289754267304842e-11,0.2203,0.0156,242,d5b867df,"Chirag Intel64 Family 6 Model 140 Stepping 1, GenuineIntel Windows (shared, loaded)"
scorpion,39b61cae042ce4adffb441faec77f5cc003fa725baa25edfb1738aef93a83c5d,off,,2,optimal,1878.1248227381068,1878.1248227,3.810669113590848e-08,2.0289754267304842e-11,0.2921,0.0312,242,d5b867df,"Chirag Intel64 Family 6 Model 140 Stepping 1, GenuineIntel Windows (shared, loaded)"
scorpion,39b61cae042ce4adffb441faec77f5cc003fa725baa25edfb1738aef93a83c5d,always,lu_hyper_sparse=true env:SANKHYA_TMP_HS_ALWAYS,2,optimal,1878.1248227381068,1878.1248227,3.810669113590848e-08,2.0289754267304842e-11,0.3097,0.0312,242,d5b867df,"Chirag Intel64 Family 6 Model 140 Stepping 1, GenuineIntel Windows (shared, loaded)"
scorpion,39b61cae042ce4adffb441faec77f5cc003fa725baa25edfb1738aef93a83c5d,auto,lu_hyper_sparse=true,2,optimal,1878.1248227381068,1878.1248227,3.810669113590848e-08,2.0289754267304842e-11,0.2091,0.0312,242,d5b867df,"Chirag Intel64 Family 6 Model 140 Stepping 1, GenuineIntel Windows (shared, loaded)"
scorpion,39b61cae042ce4adffb441faec77f5cc003fa725baa25edfb1738aef93a83c5d,off,,3,optimal,1878.1248227381068,1878.1248227,3.810669113590848e-08,2.0289754267304842e-11,0.3593,0.0312,242,d5b867df,"Chirag Intel64 Family 6 Model 140 Stepping 1, GenuineIntel Windows (shared, loaded)"
scorpion,39b61cae042ce4adffb441faec77f5cc003fa725baa25edfb1738aef93a83c5d,always,lu_hyper_sparse=true env:SANKHYA_TMP_HS_ALWAYS,3,optimal,1878.1248227381068,1878.1248227,3.810669113590848e-08,2.0289754267304842e-11,0.3635,0.0156,242,d5b867df,"Chirag Intel64 Family 6 Model 140 Stepping 1, GenuineIntel Windows (shared, loaded)"
scorpion,39b61cae042ce4adffb441faec77f5cc003fa725baa25edfb1738aef93a83c5d,auto,lu_hyper_sparse=true,3,optimal,1878.1248227381068,1878.1248227,3.810669113590848e-08,2.0289754267304842e-11,0.4963,0.0469,242,d5b867df,"Chirag Intel64 Family 6 Model 140 Stepping 1, GenuineIntel Windows (shared, loaded)"
scrs8,33b12d5e3d07b47a8b837ab0bf445fbfb5980af5c825bf049c23e71fb3faf026,off,,1,optimal,904.2969538007919,904.29998619,0.003032389208101449,3.3533000712269414e-06,0.5147,0.0469,610,d5b867df,"Chirag Intel64 Family 6 Model 140 Stepping 1, GenuineIntel Windows (shared, loaded)"
scrs8,33b12d5e3d07b47a8b837ab0bf445fbfb5980af5c825bf049c23e71fb3faf026,always,lu_hyper_sparse=true env:SANKHYA_TMP_HS_ALWAYS,1,optimal,904.2969538007919,904.29998619,0.003032389208101449,3.3533000712269414e-06,2.3432,0.0938,610,d5b867df,"Chirag Intel64 Family 6 Model 140 Stepping 1, GenuineIntel Windows (shared, loaded)"
scrs8,33b12d5e3d07b47a8b837ab0bf445fbfb5980af5c825bf049c23e71fb3faf026,auto,lu_hyper_sparse=true,1,optimal,904.2969538007919,904.29998619,0.003032389208101449,3.3533000712269414e-06,1.4180,0.0781,610,d5b867df,"Chirag Intel64 Family 6 Model 140 Stepping 1, GenuineIntel Windows (shared, loaded)"
scrs8,33b12d5e3d07b47a8b837ab0bf445fbfb5980af5c825bf049c23e71fb3faf026,off,,2,optimal,904.2969538007919,904.29998619,0.003032389208101449,3.3533000712269414e-06,0.9386,0.0781,610,d5b867df,"Chirag Intel64 Family 6 Model 140 Stepping 1, GenuineIntel Windows (shared, loaded)"
scrs8,33b12d5e3d07b47a8b837ab0bf445fbfb5980af5c825bf049c23e71fb3faf026,always,lu_hyper_sparse=true env:SANKHYA_TMP_HS_ALWAYS,2,optimal,904.2969538007919,904.29998619,0.003032389208101449,3.3533000712269414e-06,0.4221,0.0625,610,d5b867df,"Chirag Intel64 Family 6 Model 140 Stepping 1, GenuineIntel Windows (shared, loaded)"
scrs8,33b12d5e3d07b47a8b837ab0bf445fbfb5980af5c825bf049c23e71fb3faf026,auto,lu_hyper_sparse=true,2,optimal,904.2969538007919,904.29998619,0.003032389208101449,3.3533000712269414e-06,0.2086,0.0625,610,d5b867df,"Chirag Intel64 Family 6 Model 140 Stepping 1, GenuineIntel Windows (shared, loaded)"
scrs8,33b12d5e3d07b47a8b837ab0bf445fbfb5980af5c825bf049c23e71fb3faf026,off,,3,optimal,904.2969538007919,904.29998619,0.003032389208101449,3.3533000712269414e-06,0.1345,0.1094,610,d5b867df,"Chirag Intel64 Family 6 Model 140 Stepping 1, GenuineIntel Windows (shared, loaded)"
scrs8,33b12d5e3d07b47a8b837ab0bf445fbfb5980af5c825bf049c23e71fb3faf026,always,lu_hyper_sparse=true env:SANKHYA_TMP_HS_ALWAYS,3,optimal,904.2969538007919,904.29998619,0.003032389208101449,3.3533000712269414e-06,0.2316,0.0781,610,d5b867df,"Chirag Intel64 Family 6 Model 140 Stepping 1, GenuineIntel Windows (shared, loaded)"
scrs8,33b12d5e3d07b47a8b837ab0bf445fbfb5980af5c825bf049c23e71fb3faf026,auto,lu_hyper_sparse=true,3,optimal,904.2969538007919,904.29998619,0.003032389208101449,3.3533000712269414e-06,0.1904,0.0312,610,d5b867df,"Chirag Intel64 Family 6 Model 140 Stepping 1, GenuineIntel Windows (shared, loaded)"
scsd1,8c4aac4987a81ef66715b5cb2debdb1993afe6cb5e2a29f32556a03802bf55f5,off,,1,optimal,8.666666674333365,8.6666666743,3.3365310514454904e-11,3.849843517507819e-12,0.2277,0.0312,98,d5b867df,"Chirag Intel64 Family 6 Model 140 Stepping 1, GenuineIntel Windows (shared, loaded)"
scsd1,8c4aac4987a81ef66715b5cb2debdb1993afe6cb5e2a29f32556a03802bf55f5,always,lu_hyper_sparse=true env:SANKHYA_TMP_HS_ALWAYS,1,optimal,8.666666674333365,8.6666666743,3.3365310514454904e-11,3.849843517507819e-12,0.7828,0.0312,98,d5b867df,"Chirag Intel64 Family 6 Model 140 Stepping 1, GenuineIntel Windows (shared, loaded)"
scsd1,8c4aac4987a81ef66715b5cb2debdb1993afe6cb5e2a29f32556a03802bf55f5,auto,lu_hyper_sparse=true,1,optimal,8.666666674333365,8.6666666743,3.3365310514454904e-11,3.849843517507819e-12,0.2018,0.0312,98,d5b867df,"Chirag Intel64 Family 6 Model 140 Stepping 1, GenuineIntel Windows (shared, loaded)"
scsd1,8c4aac4987a81ef66715b5cb2debdb1993afe6cb5e2a29f32556a03802bf55f5,off,,2,optimal,8.666666674333365,8.6666666743,3.3365310514454904e-11,3.849843517507819e-12,0.1549,0.0625,98,d5b867df,"Chirag Intel64 Family 6 Model 140 Stepping 1, GenuineIntel Windows (shared, loaded)"
scsd1,8c4aac4987a81ef66715b5cb2debdb1993afe6cb5e2a29f32556a03802bf55f5,always,lu_hyper_sparse=true env:SANKHYA_TMP_HS_ALWAYS,2,optimal,8.666666674333365,8.6666666743,3.3365310514454904e-11,3.849843517507819e-12,0.1313,0.0625,98,d5b867df,"Chirag Intel64 Family 6 Model 140 Stepping 1, GenuineIntel Windows (shared, loaded)"
scsd1,8c4aac4987a81ef66715b5cb2debdb1993afe6cb5e2a29f32556a03802bf55f5,auto,lu_hyper_sparse=true,2,optimal,8.666666674333365,8.6666666743,3.3365310514454904e-11,3.849843517507819e-12,0.1616,0.0312,98,d5b867df,"Chirag Intel64 Family 6 Model 140 Stepping 1, GenuineIntel Windows (shared, loaded)"
scsd1,8c4aac4987a81ef66715b5cb2debdb1993afe6cb5e2a29f32556a03802bf55f5,off,,3,optimal,8.666666674333365,8.6666666743,3.3365310514454904e-11,3.849843517507819e-12,0.1031,0.0469,98,d5b867df,"Chirag Intel64 Family 6 Model 140 Stepping 1, GenuineIntel Windows (shared, loaded)"
scsd1,8c4aac4987a81ef66715b5cb2debdb1993afe6cb5e2a29f32556a03802bf55f5,always,lu_hyper_sparse=true env:SANKHYA_TMP_HS_ALWAYS,3,optimal,8.666666674333365,8.6666666743,3.3365310514454904e-11,3.849843517507819e-12,0.0739,0.0156,98,d5b867df,"Chirag Intel64 Family 6 Model 140 Stepping 1, GenuineIntel Windows (shared, loaded)"
scsd1,8c4aac4987a81ef66715b5cb2debdb1993afe6cb5e2a29f32556a03802bf55f5,auto,lu_hyper_sparse=true,3,optimal,8.666666674333365,8.6666666743,3.3365310514454904e-11,3.849843517507819e-12,0.1328,0.0625,98,d5b867df,"Chirag Intel64 Family 6 Model 140 Stepping 1, GenuineIntel Windows (shared, loaded)"
scsd6,f3da742cfa24cfadb99d510847ea1f7a361ba61537d4c2900c09b674912a5891,off,,1,optimal,50.500000077641246,50.500000078,3.587530272852746e-10,7.104020331310119e-12,0.3457,0.0938,399,d5b867df,"Chirag Intel64 Family 6 Model 140 Stepping 1, GenuineIntel Windows (shared, loaded)"
scsd6,f3da742cfa24cfadb99d510847ea1f7a361ba61537d4c2900c09b674912a5891,always,lu_hyper_sparse=true env:SANKHYA_TMP_HS_ALWAYS,1,optimal,50.500000077641246,50.500000078,3.587530272852746e-10,7.104020331310119e-12,0.2608,0.0625,399,d5b867df,"Chirag Intel64 Family 6 Model 140 Stepping 1, GenuineIntel Windows (shared, loaded)"
scsd6,f3da742cfa24cfadb99d510847ea1f7a361ba61537d4c2900c09b674912a5891,auto,lu_hyper_sparse=true,1,optimal,50.500000077641246,50.500000078,3.587530272852746e-10,7.104020331310119e-12,1.2961,0.0625,399,d5b867df,"Chirag Intel64 Family 6 Model 140 Stepping 1, GenuineIntel Windows (shared, loaded)"
scsd6,f3da742cfa24cfadb99d510847ea1f7a361ba61537d4c2900c09b674912a5891,off,,2,optimal,50.500000077641246,50.500000078,3.587530272852746e-10,7.104020331310119e-12,1.2177,0.0625,399,d5b867df,"Chirag Intel64 Family 6 Model 140 Stepping 1, GenuineIntel Windows (shared, loaded)"
scsd6,f3da742cfa24cfadb99d510847ea1f7a361ba61537d4c2900c09b674912a5891,always,lu_hyper_sparse=true env:SANKHYA_TMP_HS_ALWAYS,2,optimal,50.500000077641246,50.500000078,3.587530272852746e-10,7.104020331310119e-12,1.0621,0.0312,399,d5b867df,"Chirag Intel64 Family 6 Model 140 Stepping 1, GenuineIntel Windows (shared, loaded)"
scsd6,f3da742cfa24cfadb99d510847ea1f7a361ba61537d4c2900c09b674912a5891,auto,lu_hyper_sparse=true,2,optimal,50.500000077641246,50.500000078,3.587530272852746e-10,7.104020331310119e-12,0.3074,0.0938,399,d5b867df,"Chirag Intel64 Family 6 Model 140 Stepping 1, GenuineIntel Windows (shared, loaded)"
scsd6,f3da742cfa24cfadb99d510847ea1f7a361ba61537d4c2900c09b674912a5891,off,,3,optimal,50.500000077641246,50.500000078,3.587530272852746e-10,7.104020331310119e-12,0.2328,0.0938,399,d5b867df,"Chirag Intel64 Family 6 Model 140 Stepping 1, GenuineIntel Windows (shared, loaded)"
scsd6,f3da742cfa24cfadb99d510847ea1f7a361ba61537d4c2900c09b674912a5891,always,lu_hyper_sparse=true env:SANKHYA_TMP_HS_ALWAYS,3,optimal,50.500000077641246,50.500000078,3.587530272852746e-10,7.104020331310119e-12,0.3120,0.0625,399,d5b867df,"Chirag Intel64 Family 6 Model 140 Stepping 1, GenuineIntel Windows (shared, loaded)"
scsd6,f3da742cfa24cfadb99d510847ea1f7a361ba61537d4c2900c09b674912a5891,auto,lu_hyper_sparse=true,3,optimal,50.500000077641246,50.500000078,3.587530272852746e-10,7.104020331310119e-12,0.4272,0.0625,399,d5b867df,"Chirag Intel64 Family 6 Model 140 Stepping 1, GenuineIntel Windows (shared, loaded)"
scsd8,2090a22840fe2c75730cd76336702ece7c27a739d58740926b67c4b2e57b8e5c,off,,1,optimal,904.9999999254642,904.99999993,4.535763764579315e-09,5.011893662906241e-12,0.7107,0.1562,1563,d5b867df,"Chirag Intel64 Family 6 Model 140 Stepping 1, GenuineIntel Windows (shared, loaded)"
scsd8,2090a22840fe2c75730cd76336702ece7c27a739d58740926b67c4b2e57b8e5c,always,lu_hyper_sparse=true env:SANKHYA_TMP_HS_ALWAYS,1,optimal,904.9999999254642,904.99999993,4.535763764579315e-09,5.011893662906241e-12,0.7282,0.2031,1563,d5b867df,"Chirag Intel64 Family 6 Model 140 Stepping 1, GenuineIntel Windows (shared, loaded)"
scsd8,2090a22840fe2c75730cd76336702ece7c27a739d58740926b67c4b2e57b8e5c,auto,lu_hyper_sparse=true,1,optimal,904.9999999254642,904.99999993,4.535763764579315e-09,5.011893662906241e-12,0.6115,0.1094,1563,d5b867df,"Chirag Intel64 Family 6 Model 140 Stepping 1, GenuineIntel Windows (shared, loaded)"
scsd8,2090a22840fe2c75730cd76336702ece7c27a739d58740926b67c4b2e57b8e5c,off,,2,optimal,904.9999999254642,904.99999993,4.535763764579315e-09,5.011893662906241e-12,0.7134,0.0938,1563,d5b867df,"Chirag Intel64 Family 6 Model 140 Stepping 1, GenuineIntel Windows (shared, loaded)"
scsd8,2090a22840fe2c75730cd76336702ece7c27a739d58740926b67c4b2e57b8e5c,always,lu_hyper_sparse=true env:SANKHYA_TMP_HS_ALWAYS,2,optimal,904.9999999254642,904.99999993,4.535763764579315e-09,5.011893662906241e-12,0.6061,0.2344,1563,d5b867df,"Chirag Intel64 Family 6 Model 140 Stepping 1, GenuineIntel Windows (shared, loaded)"
scsd8,2090a22840fe2c75730cd76336702ece7c27a739d58740926b67c4b2e57b8e5c,auto,lu_hyper_sparse=true,2,optimal,904.9999999254642,904.99999993,4.535763764579315e-09,5.011893662906241e-12,0.4462,0.1406,1563,d5b867df,"Chirag Intel64 Family 6 Model 140 Stepping 1, GenuineIntel Windows (shared, loaded)"
scsd8,2090a22840fe2c75730cd76336702ece7c27a739d58740926b67c4b2e57b8e5c,off,,3,optimal,904.9999999254642,904.99999993,4.535763764579315e-09,5.011893662906241e-12,0.6261,0.1719,1563,d5b867df,"Chirag Intel64 Family 6 Model 140 Stepping 1, GenuineIntel Windows (shared, loaded)"
scsd8,2090a22840fe2c75730cd76336702ece7c27a739d58740926b67c4b2e57b8e5c,always,lu_hyper_sparse=true env:SANKHYA_TMP_HS_ALWAYS,3,optimal,904.9999999254642,904.99999993,4.535763764579315e-09,5.011893662906241e-12,0.7806,0.2500,1563,d5b867df,"Chirag Intel64 Family 6 Model 140 Stepping 1, GenuineIntel Windows (shared, loaded)"
scsd8,2090a22840fe2c75730cd76336702ece7c27a739d58740926b67c4b2e57b8e5c,auto,lu_hyper_sparse=true,3,optimal,904.9999999254642,904.99999993,4.535763764579315e-09,5.011893662906241e-12,0.5078,0.2188,1563,d5b867df,"Chirag Intel64 Family 6 Model 140 Stepping 1, GenuineIntel Windows (shared, loaded)"
sctap1,2b1ab5950d3e37fd21327892e2bc830c5f0d8d3fc1f687c0f57a5cdefd9caa21,off,,1,optimal,1412.2499999999998,1412.25,2.2737367544323206e-13,1.6100100934199472e-16,0.2438,0.0312,278,d5b867df,"Chirag Intel64 Family 6 Model 140 Stepping 1, GenuineIntel Windows (shared, loaded)"
sctap1,2b1ab5950d3e37fd21327892e2bc830c5f0d8d3fc1f687c0f57a5cdefd9caa21,always,lu_hyper_sparse=true env:SANKHYA_TMP_HS_ALWAYS,1,optimal,1412.2499999999998,1412.25,2.2737367544323206e-13,1.6100100934199472e-16,0.1101,0.0156,278,d5b867df,"Chirag Intel64 Family 6 Model 140 Stepping 1, GenuineIntel Windows (shared, loaded)"
sctap1,2b1ab5950d3e37fd21327892e2bc830c5f0d8d3fc1f687c0f57a5cdefd9caa21,auto,lu_hyper_sparse=true,1,optimal,1412.2499999999998,1412.25,2.2737367544323206e-13,1.6100100934199472e-16,0.1127,0.0469,278,d5b867df,"Chirag Intel64 Family 6 Model 140 Stepping 1, GenuineIntel Windows (shared, loaded)"
sctap1,2b1ab5950d3e37fd21327892e2bc830c5f0d8d3fc1f687c0f57a5cdefd9caa21,off,,2,optimal,1412.2499999999998,1412.25,2.2737367544323206e-13,1.6100100934199472e-16,0.1082,0.0312,278,d5b867df,"Chirag Intel64 Family 6 Model 140 Stepping 1, GenuineIntel Windows (shared, loaded)"
sctap1,2b1ab5950d3e37fd21327892e2bc830c5f0d8d3fc1f687c0f57a5cdefd9caa21,always,lu_hyper_sparse=true env:SANKHYA_TMP_HS_ALWAYS,2,optimal,1412.2499999999998,1412.25,2.2737367544323206e-13,1.6100100934199472e-16,0.1235,0.0312,278,d5b867df,"Chirag Intel64 Family 6 Model 140 Stepping 1, GenuineIntel Windows (shared, loaded)"
sctap1,2b1ab5950d3e37fd21327892e2bc830c5f0d8d3fc1f687c0f57a5cdefd9caa21,auto,lu_hyper_sparse=true,2,optimal,1412.2499999999998,1412.25,2.2737367544323206e-13,1.6100100934199472e-16,0.1075,0.0312,278,d5b867df,"Chirag Intel64 Family 6 Model 140 Stepping 1, GenuineIntel Windows (shared, loaded)"
sctap1,2b1ab5950d3e37fd21327892e2bc830c5f0d8d3fc1f687c0f57a5cdefd9caa21,off,,3,optimal,1412.2499999999998,1412.25,2.2737367544323206e-13,1.6100100934199472e-16,0.1073,0.0156,278,d5b867df,"Chirag Intel64 Family 6 Model 140 Stepping 1, GenuineIntel Windows (shared, loaded)"
sctap1,2b1ab5950d3e37fd21327892e2bc830c5f0d8d3fc1f687c0f57a5cdefd9caa21,always,lu_hyper_sparse=true env:SANKHYA_TMP_HS_ALWAYS,3,optimal,1412.2499999999998,1412.25,2.2737367544323206e-13,1.6100100934199472e-16,0.1057,0.0312,278,d5b867df,"Chirag Intel64 Family 6 Model 140 Stepping 1, GenuineIntel Windows (shared, loaded)"
sctap1,2b1ab5950d3e37fd21327892e2bc830c5f0d8d3fc1f687c0f57a5cdefd9caa21,auto,lu_hyper_sparse=true,3,optimal,1412.2499999999998,1412.25,2.2737367544323206e-13,1.6100100934199472e-16,0.0982,0.0469,278,d5b867df,"Chirag Intel64 Family 6 Model 140 Stepping 1, GenuineIntel Windows (shared, loaded)"
sctap2,673d50e3b929f83b1719d28ee09500890294107099518161bcf2a4f452e95fb2,off,,1,optimal,1724.8071428571432,1724.8071429,4.285675458959304e-08,2.4847273369668418e-11,0.1874,0.0312,775,d5b867df,"Chirag Intel64 Family 6 Model 140 Stepping 1, GenuineIntel Windows (shared, loaded)"
sctap2,673d50e3b929f83b1719d28ee09500890294107099518161bcf2a4f452e95fb2,always,lu_hyper_sparse=true env:SANKHYA_TMP_HS_ALWAYS,1,optimal,1724.8071428571432,1724.8071429,4.285675458959304e-08,2.4847273369668418e-11,0.2724,0.0469,775,d5b867df,"Chirag Intel64 Family 6 Model 140 Stepping 1, GenuineIntel Windows (shared, loaded)"
sctap2,673d50e3b929f83b1719d28ee09500890294107099518161bcf2a4f452e95fb2,auto,lu_hyper_sparse=true,1,optimal,1724.8071428571432,1724.8071429,4.285675458959304e-08,2.4847273369668418e-11,0.1323,0.0469,775,d5b867df,"Chirag Intel64 Family 6 Model 140 Stepping 1, GenuineIntel Windows (shared, loaded)"
sctap2,673d50e3b929f83b1719d28ee09500890294107099518161bcf2a4f452e95fb2,off,,2,optimal,1724.8071428571432,1724.8071429,4.285675458959304e-08,2.4847273369668418e-11,0.1354,0.0469,775,d5b867df,"Chirag Intel64 Family 6 Model 140 Stepping 1, GenuineIntel Windows (shared, loaded)"
sctap2,673d50e3b929f83b1719d28ee09500890294107099518161bcf2a4f452e95fb2,always,lu_hyper_sparse=true env:SANKHYA_TMP_HS_ALWAYS,2,optimal,1724.8071428571432,1724.8071429,4.285675458959304e-08,2.4847273369668418e-11,0.1910,0.0469,775,d5b867df,"Chirag Intel64 Family 6 Model 140 Stepping 1, GenuineIntel Windows (shared, loaded)"
sctap2,673d50e3b929f83b1719d28ee09500890294107099518161bcf2a4f452e95fb2,auto,lu_hyper_sparse=true,2,optimal,1724.8071428571432,1724.8071429,4.285675458959304e-08,2.4847273369668418e-11,0.1795,0.1094,775,d5b867df,"Chirag Intel64 Family 6 Model 140 Stepping 1, GenuineIntel Windows (shared, loaded)"
sctap2,673d50e3b929f83b1719d28ee09500890294107099518161bcf2a4f452e95fb2,off,,3,optimal,1724.8071428571432,1724.8071429,4.285675458959304e-08,2.4847273369668418e-11,0.1659,0.0312,775,d5b867df,"Chirag Intel64 Family 6 Model 140 Stepping 1, GenuineIntel Windows (shared, loaded)"
sctap2,673d50e3b929f83b1719d28ee09500890294107099518161bcf2a4f452e95fb2,always,lu_hyper_sparse=true env:SANKHYA_TMP_HS_ALWAYS,3,optimal,1724.8071428571432,1724.8071429,4.285675458959304e-08,2.4847273369668418e-11,0.1290,0.0938,775,d5b867df,"Chirag Intel64 Family 6 Model 140 Stepping 1, GenuineIntel Windows (shared, loaded)"
sctap2,673d50e3b929f83b1719d28ee09500890294107099518161bcf2a4f452e95fb2,auto,lu_hyper_sparse=true,3,optimal,1724.8071428571432,1724.8071429,4.285675458959304e-08,2.4847273369668418e-11,0.2246,0.0312,775,d5b867df,"Chirag Intel64 Family 6 Model 140 Stepping 1, GenuineIntel Windows (shared, loaded)"
sctap3,44e105b02a722bf19292b8aeb4779480c4eb81f40da35d64d8f4534f85000168,off,,1,optimal,1424.0,1424.0,0.0,0.0,0.2295,0.0625,1111,d5b867df,"Chirag Intel64 Family 6 Model 140 Stepping 1, GenuineIntel Windows (shared, loaded)"
sctap3,44e105b02a722bf19292b8aeb4779480c4eb81f40da35d64d8f4534f85000168,always,lu_hyper_sparse=true env:SANKHYA_TMP_HS_ALWAYS,1,optimal,1424.0,1424.0,0.0,0.0,0.2009,0.0625,1111,d5b867df,"Chirag Intel64 Family 6 Model 140 Stepping 1, GenuineIntel Windows (shared, loaded)"
sctap3,44e105b02a722bf19292b8aeb4779480c4eb81f40da35d64d8f4534f85000168,auto,lu_hyper_sparse=true,1,optimal,1424.0,1424.0,0.0,0.0,0.2152,0.0781,1111,d5b867df,"Chirag Intel64 Family 6 Model 140 Stepping 1, GenuineIntel Windows (shared, loaded)"
sctap3,44e105b02a722bf19292b8aeb4779480c4eb81f40da35d64d8f4534f85000168,off,,2,optimal,1424.0,1424.0,0.0,0.0,0.1869,0.0781,1111,d5b867df,"Chirag Intel64 Family 6 Model 140 Stepping 1, GenuineIntel Windows (shared, loaded)"
sctap3,44e105b02a722bf19292b8aeb4779480c4eb81f40da35d64d8f4534f85000168,always,lu_hyper_sparse=true env:SANKHYA_TMP_HS_ALWAYS,2,optimal,1424.0,1424.0,0.0,0.0,0.1847,0.0625,1111,d5b867df,"Chirag Intel64 Family 6 Model 140 Stepping 1, GenuineIntel Windows (shared, loaded)"
sctap3,44e105b02a722bf19292b8aeb4779480c4eb81f40da35d64d8f4534f85000168,auto,lu_hyper_sparse=true,2,optimal,1424.0,1424.0,0.0,0.0,0.2659,0.0625,1111,d5b867df,"Chirag Intel64 Family 6 Model 140 Stepping 1, GenuineIntel Windows (shared, loaded)"
sctap3,44e105b02a722bf19292b8aeb4779480c4eb81f40da35d64d8f4534f85000168,off,,3,optimal,1424.0,1424.0,0.0,0.0,0.2251,0.0781,1111,d5b867df,"Chirag Intel64 Family 6 Model 140 Stepping 1, GenuineIntel Windows (shared, loaded)"
sctap3,44e105b02a722bf19292b8aeb4779480c4eb81f40da35d64d8f4534f85000168,always,lu_hyper_sparse=true env:SANKHYA_TMP_HS_ALWAYS,3,optimal,1424.0,1424.0,0.0,0.0,0.4736,0.0469,1111,d5b867df,"Chirag Intel64 Family 6 Model 140 Stepping 1, GenuineIntel Windows (shared, loaded)"
sctap3,44e105b02a722bf19292b8aeb4779480c4eb81f40da35d64d8f4534f85000168,auto,lu_hyper_sparse=true,3,optimal,1424.0,1424.0,0.0,0.0,0.5099,0.0781,1111,d5b867df,"Chirag Intel64 Family 6 Model 140 Stepping 1, GenuineIntel Windows (shared, loaded)"
seba,539733cdb036e2d2e8e80e7ea1666848b6b67a36a34b1c6cf9a883e1c868ef1e,off,,1,optimal,15711.599999999999,15711.6,1.8189894035458565e-12,1.1577365790536013e-16,0.1538,0.0469,439,d5b867df,"Chirag Intel64 Family 6 Model 140 Stepping 1, GenuineIntel Windows (shared, loaded)"
seba,539733cdb036e2d2e8e80e7ea1666848b6b67a36a34b1c6cf9a883e1c868ef1e,always,lu_hyper_sparse=true env:SANKHYA_TMP_HS_ALWAYS,1,optimal,15711.599999999999,15711.6,1.8189894035458565e-12,1.1577365790536013e-16,0.1184,0.0469,439,d5b867df,"Chirag Intel64 Family 6 Model 140 Stepping 1, GenuineIntel Windows (shared, loaded)"
seba,539733cdb036e2d2e8e80e7ea1666848b6b67a36a34b1c6cf9a883e1c868ef1e,auto,lu_hyper_sparse=true,1,optimal,15711.599999999999,15711.6,1.8189894035458565e-12,1.1577365790536013e-16,0.1923,0.0312,439,d5b867df,"Chirag Intel64 Family 6 Model 140 Stepping 1, GenuineIntel Windows (shared, loaded)"
seba,539733cdb036e2d2e8e80e7ea1666848b6b67a36a34b1c6cf9a883e1c868ef1e,off,,2,optimal,15711.599999999999,15711.6,1.8189894035458565e-12,1.1577365790536013e-16,0.2064,0.0312,439,d5b867df,"Chirag Intel64 Family 6 Model 140 Stepping 1, GenuineIntel Windows (shared, loaded)"
seba,539733cdb036e2d2e8e80e7ea1666848b6b67a36a34b1c6cf9a883e1c868ef1e,always,lu_hyper_sparse=true env:SANKHYA_TMP_HS_ALWAYS,2,optimal,15711.599999999999,15711.6,1.8189894035458565e-12,1.1577365790536013e-16,0.2497,0.0156,439,d5b867df,"Chirag Intel64 Family 6 Model 140 Stepping 1, GenuineIntel Windows (shared, loaded)"
seba,539733cdb036e2d2e8e80e7ea1666848b6b67a36a34b1c6cf9a883e1c868ef1e,auto,lu_hyper_sparse=true,2,optimal,15711.599999999999,15711.6,1.8189894035458565e-12,1.1577365790536013e-16,0.1792,0.0312,439,d5b867df,"Chirag Intel64 Family 6 Model 140 Stepping 1, GenuineIntel Windows (shared, loaded)"
seba,539733cdb036e2d2e8e80e7ea1666848b6b67a36a34b1c6cf9a883e1c868ef1e,off,,3,optimal,15711.599999999999,15711.6,1.8189894035458565e-12,1.1577365790536013e-16,0.1907,0.0625,439,d5b867df,"Chirag Intel64 Family 6 Model 140 Stepping 1, GenuineIntel Windows (shared, loaded)"
seba,539733cdb036e2d2e8e80e7ea1666848b6b67a36a34b1c6cf9a883e1c868ef1e,always,lu_hyper_sparse=true env:SANKHYA_TMP_HS_ALWAYS,3,optimal,15711.599999999999,15711.6,1.8189894035458565e-12,1.1577365790536013e-16,0.1751,0.0312,439,d5b867df,"Chirag Intel64 Family 6 Model 140 Stepping 1, GenuineIntel Windows (shared, loaded)"
seba,539733cdb036e2d2e8e80e7ea1666848b6b67a36a34b1c6cf9a883e1c868ef1e,auto,lu_hyper_sparse=true,3,optimal,15711.599999999999,15711.6,1.8189894035458565e-12,1.1577365790536013e-16,0.2862,0.0625,439,d5b867df,"Chirag Intel64 Family 6 Model 140 Stepping 1, GenuineIntel Windows (shared, loaded)"
share1b,fafdf8b5e3d50d27f5eff40e46eb104d1e614bf2721cb5be38081f1678dbd562,off,,1,optimal,-76589.31857918552,-76589.318579,1.85522367246449e-07,2.4223007945303396e-12,0.1190,0.0156,136,d5b867df,"Chirag Intel64 Family 6 Model 140 Stepping 1, GenuineIntel Windows (shared, loaded)"
share1b,fafdf8b5e3d50d27f5eff40e46eb104d1e614bf2721cb5be38081f1678dbd562,always,lu_hyper_sparse=true env:SANKHYA_TMP_HS_ALWAYS,1,optimal,-76589.31857918552,-76589.318579,1.85522367246449e-07,2.4223007945303396e-12,0.1073,0.0156,136,d5b867df,"Chirag Intel64 Family 6 Model 140 Stepping 1, GenuineIntel Windows (shared, loaded)"
share1b,fafdf8b5e3d50d27f5eff40e46eb104d1e614bf2721cb5be38081f1678dbd562,auto,lu_hyper_sparse=true,1,optimal,-76589.31857918552,-76589.318579,1.85522367246449e-07,2.4223007945303396e-12,0.0852,0.0312,136,d5b867df,"Chirag Intel64 Family 6 Model 140 Stepping 1, GenuineIntel Windows (shared, loaded)"
share1b,fafdf8b5e3d50d27f5eff40e46eb104d1e614bf2721cb5be38081f1678dbd562,off,,2,optimal,-76589.31857918552,-76589.318579,1.85522367246449e-07,2.4223007945303396e-12,0.0921,0.0312,136,d5b867df,"Chirag Intel64 Family 6 Model 140 Stepping 1, GenuineIntel Windows (shared, loaded)"
share1b,fafdf8b5e3d50d27f5eff40e46eb104d1e614bf2721cb5be38081f1678dbd562,always,lu_hyper_sparse=true env:SANKHYA_TMP_HS_ALWAYS,2,optimal,-76589.31857918552,-76589.318579,1.85522367246449e-07,2.4223007945303396e-12,0.1102,0.0156,136,d5b867df,"Chirag Intel64 Family 6 Model 140 Stepping 1, GenuineIntel Windows (shared, loaded)"
share1b,fafdf8b5e3d50d27f5eff40e46eb104d1e614bf2721cb5be38081f1678dbd562,auto,lu_hyper_sparse=true,2,optimal,-76589.31857918552,-76589.318579,1.85522367246449e-07,2.4223007945303396e-12,0.1619,0.0312,136,d5b867df,"Chirag Intel64 Family 6 Model 140 Stepping 1, GenuineIntel Windows (shared, loaded)"
share1b,fafdf8b5e3d50d27f5eff40e46eb104d1e614bf2721cb5be38081f1678dbd562,off,,3,optimal,-76589.31857918552,-76589.318579,1.85522367246449e-07,2.4223007945303396e-12,0.0958,0.0000,136,d5b867df,"Chirag Intel64 Family 6 Model 140 Stepping 1, GenuineIntel Windows (shared, loaded)"
share1b,fafdf8b5e3d50d27f5eff40e46eb104d1e614bf2721cb5be38081f1678dbd562,always,lu_hyper_sparse=true env:SANKHYA_TMP_HS_ALWAYS,3,optimal,-76589.31857918552,-76589.318579,1.85522367246449e-07,2.4223007945303396e-12,0.1018,0.0312,136,d5b867df,"Chirag Intel64 Family 6 Model 140 Stepping 1, GenuineIntel Windows (shared, loaded)"
share1b,fafdf8b5e3d50d27f5eff40e46eb104d1e614bf2721cb5be38081f1678dbd562,auto,lu_hyper_sparse=true,3,optimal,-76589.31857918552,-76589.318579,1.85522367246449e-07,2.4223007945303396e-12,0.1273,0.0312,136,d5b867df,"Chirag Intel64 Family 6 Model 140 Stepping 1, GenuineIntel Windows (shared, loaded)"
share2b,2816c0a71096acc08fd88f65c960366856802c074601e5fa544f9c3eab640c96,off,,1,optimal,-415.7322407414192,-415.73224074,1.4192096386977937e-09,3.4137589044612273e-12,0.1269,0.0156,124,d5b867df,"Chirag Intel64 Family 6 Model 140 Stepping 1, GenuineIntel Windows (shared, loaded)"
share2b,2816c0a71096acc08fd88f65c960366856802c074601e5fa544f9c3eab640c96,always,lu_hyper_sparse=true env:SANKHYA_TMP_HS_ALWAYS,1,optimal,-415.7322407414192,-415.73224074,1.4192096386977937e-09,3.4137589044612273e-12,0.1517,0.0312,124,d5b867df,"Chirag Intel64 Family 6 Model 140 Stepping 1, GenuineIntel Windows (shared, loaded)"
share2b,2816c0a71096acc08fd88f65c960366856802c074601e5fa544f9c3eab640c96,auto,lu_hyper_sparse=true,1,optimal,-415.7322407414192,-415.73224074,1.4192096386977937e-09,3.4137589044612273e-12,0.1103,0.0156,124,d5b867df,"Chirag Intel64 Family 6 Model 140 Stepping 1, GenuineIntel Windows (shared, loaded)"
share2b,2816c0a71096acc08fd88f65c960366856802c074601e5fa544f9c3eab640c96,off,,2,optimal,-415.7322407414192,-415.73224074,1.4192096386977937e-09,3.4137589044612273e-12,0.0973,0.0156,124,d5b867df,"Chirag Intel64 Family 6 Model 140 Stepping 1, GenuineIntel Windows (shared, loaded)"
share2b,2816c0a71096acc08fd88f65c960366856802c074601e5fa544f9c3eab640c96,always,lu_hyper_sparse=true env:SANKHYA_TMP_HS_ALWAYS,2,optimal,-415.7322407414192,-415.73224074,1.4192096386977937e-09,3.4137589044612273e-12,0.1084,0.0156,124,d5b867df,"Chirag Intel64 Family 6 Model 140 Stepping 1, GenuineIntel Windows (shared, loaded)"
share2b,2816c0a71096acc08fd88f65c960366856802c074601e5fa544f9c3eab640c96,auto,lu_hyper_sparse=true,2,optimal,-415.7322407414192,-415.73224074,1.4192096386977937e-09,3.4137589044612273e-12,0.1072,0.0312,124,d5b867df,"Chirag Intel64 Family 6 Model 140 Stepping 1, GenuineIntel Windows (shared, loaded)"
share2b,2816c0a71096acc08fd88f65c960366856802c074601e5fa544f9c3eab640c96,off,,3,optimal,-415.7322407414192,-415.73224074,1.4192096386977937e-09,3.4137589044612273e-12,0.1489,0.0469,124,d5b867df,"Chirag Intel64 Family 6 Model 140 Stepping 1, GenuineIntel Windows (shared, loaded)"
share2b,2816c0a71096acc08fd88f65c960366856802c074601e5fa544f9c3eab640c96,always,lu_hyper_sparse=true env:SANKHYA_TMP_HS_ALWAYS,3,optimal,-415.7322407414192,-415.73224074,1.4192096386977937e-09,3.4137589044612273e-12,0.1135,0.0156,124,d5b867df,"Chirag Intel64 Family 6 Model 140 Stepping 1, GenuineIntel Windows (shared, loaded)"
share2b,2816c0a71096acc08fd88f65c960366856802c074601e5fa544f9c3eab640c96,auto,lu_hyper_sparse=true,3,optimal,-415.7322407414192,-415.73224074,1.4192096386977937e-09,3.4137589044612273e-12,0.1258,0.0469,124,d5b867df,"Chirag Intel64 Family 6 Model 140 Stepping 1, GenuineIntel Windows (shared, loaded)"
shell,e21331e8282f8d8616cbee27e093e50d140ea03f9bc3fd0b6da0ccff638d2f91,off,,1,optimal,1208825346.0,1208825346.0,0.0,0.0,0.2613,0.0625,461,d5b867df,"Chirag Intel64 Family 6 Model 140 Stepping 1, GenuineIntel Windows (shared, loaded)"
shell,e21331e8282f8d8616cbee27e093e50d140ea03f9bc3fd0b6da0ccff638d2f91,always,lu_hyper_sparse=true env:SANKHYA_TMP_HS_ALWAYS,1,optimal,1208825346.0,1208825346.0,0.0,0.0,0.2581,0.0625,461,d5b867df,"Chirag Intel64 Family 6 Model 140 Stepping 1, GenuineIntel Windows (shared, loaded)"
shell,e21331e8282f8d8616cbee27e093e50d140ea03f9bc3fd0b6da0ccff638d2f91,auto,lu_hyper_sparse=true,1,optimal,1208825346.0,1208825346.0,0.0,0.0,0.1671,0.0469,461,d5b867df,"Chirag Intel64 Family 6 Model 140 Stepping 1, GenuineIntel Windows (shared, loaded)"
shell,e21331e8282f8d8616cbee27e093e50d140ea03f9bc3fd0b6da0ccff638d2f91,off,,2,optimal,1208825346.0,1208825346.0,0.0,0.0,0.1646,0.0156,461,d5b867df,"Chirag Intel64 Family 6 Model 140 Stepping 1, GenuineIntel Windows (shared, loaded)"
shell,e21331e8282f8d8616cbee27e093e50d140ea03f9bc3fd0b6da0ccff638d2f91,always,lu_hyper_sparse=true env:SANKHYA_TMP_HS_ALWAYS,2,optimal,1208825346.0,1208825346.0,0.0,0.0,0.2878,0.0312,461,d5b867df,"Chirag Intel64 Family 6 Model 140 Stepping 1, GenuineIntel Windows (shared, loaded)"
shell,e21331e8282f8d8616cbee27e093e50d140ea03f9bc3fd0b6da0ccff638d2f91,auto,lu_hyper_sparse=true,2,optimal,1208825346.0,1208825346.0,0.0,0.0,0.1625,0.0625,461,d5b867df,"Chirag Intel64 Family 6 Model 140 Stepping 1, GenuineIntel Windows (shared, loaded)"
shell,e21331e8282f8d8616cbee27e093e50d140ea03f9bc3fd0b6da0ccff638d2f91,off,,3,optimal,1208825346.0,1208825346.0,0.0,0.0,0.1434,0.0625,461,d5b867df,"Chirag Intel64 Family 6 Model 140 Stepping 1, GenuineIntel Windows (shared, loaded)"
shell,e21331e8282f8d8616cbee27e093e50d140ea03f9bc3fd0b6da0ccff638d2f91,always,lu_hyper_sparse=true env:SANKHYA_TMP_HS_ALWAYS,3,optimal,1208825346.0,1208825346.0,0.0,0.0,0.1870,0.0625,461,d5b867df,"Chirag Intel64 Family 6 Model 140 Stepping 1, GenuineIntel Windows (shared, loaded)"
shell,e21331e8282f8d8616cbee27e093e50d140ea03f9bc3fd0b6da0ccff638d2f91,auto,lu_hyper_sparse=true,3,optimal,1208825346.0,1208825346.0,0.0,0.0,0.1910,0.0312,461,d5b867df,"Chirag Intel64 Family 6 Model 140 Stepping 1, GenuineIntel Windows (shared, loaded)"
ship04l,e7c46bfd6492a400220cf1f5f093f264901fd0e8534dd8cbb060d491612dc881,off,,1,optimal,1793324.5379703562,1793324.538,2.9643764719367027e-05,1.6530061397825488e-11,0.1509,0.0469,447,d5b867df,"Chirag Intel64 Family 6 Model 140 Stepping 1, GenuineIntel Windows (shared, loaded)"
ship04l,e7c46bfd6492a400220cf1f5f093f264901fd0e8534dd8cbb060d491612dc881,always,lu_hyper_sparse=true env:SANKHYA_TMP_HS_ALWAYS,1,optimal,1793324.5379703562,1793324.538,2.9643764719367027e-05,1.6530061397825488e-11,0.2679,0.0469,447,d5b867df,"Chirag Intel64 Family 6 Model 140 Stepping 1, GenuineIntel Windows (shared, loaded)"
ship04l,e7c46bfd6492a400220cf1f5f093f264901fd0e8534dd8cbb060d491612dc881,auto,lu_hyper_sparse=true,1,optimal,1793324.5379703562,1793324.538,2.9643764719367027e-05,1.6530061397825488e-11,0.1951,0.0156,447,d5b867df,"Chirag Intel64 Family 6 Model 140 Stepping 1, GenuineIntel Windows (shared, loaded)"
ship04l,e7c46bfd6492a400220cf1f5f093f264901fd0e8534dd8cbb060d491612dc881,off,,2,optimal,1793324.5379703562,1793324.538,2.9643764719367027e-05,1.6530061397825488e-11,0.1421,0.0156,447,d5b867df,"Chirag Intel64 Family 6 Model 140 Stepping 1, GenuineIntel Windows (shared, loaded)"
ship04l,e7c46bfd6492a400220cf1f5f093f264901fd0e8534dd8cbb060d491612dc881,always,lu_hyper_sparse=true env:SANKHYA_TMP_HS_ALWAYS,2,optimal,1793324.5379703562,1793324.538,2.9643764719367027e-05,1.6530061397825488e-11,0.2766,0.0781,447,d5b867df,"Chirag Intel64 Family 6 Model 140 Stepping 1, GenuineIntel Windows (shared, loaded)"
ship04l,e7c46bfd6492a400220cf1f5f093f264901fd0e8534dd8cbb060d491612dc881,auto,lu_hyper_sparse=true,2,optimal,1793324.5379703562,1793324.538,2.9643764719367027e-05,1.6530061397825488e-11,0.3740,0.0469,447,d5b867df,"Chirag Intel64 Family 6 Model 140 Stepping 1, GenuineIntel Windows (shared, loaded)"
ship04l,e7c46bfd6492a400220cf1f5f093f264901fd0e8534dd8cbb060d491612dc881,off,,3,optimal,1793324.5379703562,1793324.538,2.9643764719367027e-05,1.6530061397825488e-11,0.4129,0.0625,447,d5b867df,"Chirag Intel64 Family 6 Model 140 Stepping 1, GenuineIntel Windows (shared, loaded)"
ship04l,e7c46bfd6492a400220cf1f5f093f264901fd0e8534dd8cbb060d491612dc881,always,lu_hyper_sparse=true env:SANKHYA_TMP_HS_ALWAYS,3,optimal,1793324.5379703562,1793324.538,2.9643764719367027e-05,1.6530061397825488e-11,0.3004,0.0312,447,d5b867df,"Chirag Intel64 Family 6 Model 140 Stepping 1, GenuineIntel Windows (shared, loaded)"
ship04l,e7c46bfd6492a400220cf1f5f093f264901fd0e8534dd8cbb060d491612dc881,auto,lu_hyper_sparse=true,3,optimal,1793324.5379703562,1793324.538,2.9643764719367027e-05,1.6530061397825488e-11,0.3470,0.0156,447,d5b867df,"Chirag Intel64 Family 6 Model 140 Stepping 1, GenuineIntel Windows (shared, loaded)"
ship04s,2ed2828b251173a05004349121cd9a271a3434bf2efe4e1b70d7e0bdf2d76f94,off,,1,optimal,1798714.7004453922,1798714.7004,4.5392196625471115e-05,2.5235906848026957e-11,0.1546,0.0156,296,d5b867df,"Chirag Intel64 Family 6 Model 140 Stepping 1, GenuineIntel Windows (shared, loaded)"
ship04s,2ed2828b251173a05004349121cd9a271a3434bf2efe4e1b70d7e0bdf2d76f94,always,lu_hyper_sparse=true env:SANKHYA_TMP_HS_ALWAYS,1,optimal,1798714.7004453922,1798714.7004,4.5392196625471115e-05,2.5235906848026957e-11,0.1661,0.0312,296,d5b867df,"Chirag Intel64 Family 6 Model 140 Stepping 1, GenuineIntel Windows (shared, loaded)"
ship04s,2ed2828b251173a05004349121cd9a271a3434bf2efe4e1b70d7e0bdf2d76f94,auto,lu_hyper_sparse=true,1,optimal,1798714.7004453922,1798714.7004,4.5392196625471115e-05,2.5235906848026957e-11,0.1655,0.0156,296,d5b867df,"Chirag Intel64 Family 6 Model 140 Stepping 1, GenuineIntel Windows (shared, loaded)"
ship04s,2ed2828b251173a05004349121cd9a271a3434bf2efe4e1b70d7e0bdf2d76f94,off,,2,optimal,1798714.7004453922,1798714.7004,4.5392196625471115e-05,2.5235906848026957e-11,0.1589,0.0312,296,d5b867df,"Chirag Intel64 Family 6 Model 140 Stepping 1, GenuineIntel Windows (shared, loaded)"
ship04s,2ed2828b251173a05004349121cd9a271a3434bf2efe4e1b70d7e0bdf2d76f94,always,lu_hyper_sparse=true env:SANKHYA_TMP_HS_ALWAYS,2,optimal,1798714.7004453922,1798714.7004,4.5392196625471115e-05,2.5235906848026957e-11,0.1251,0.0469,296,d5b867df,"Chirag Intel64 Family 6 Model 140 Stepping 1, GenuineIntel Windows (shared, loaded)"
ship04s,2ed2828b251173a05004349121cd9a271a3434bf2efe4e1b70d7e0bdf2d76f94,auto,lu_hyper_sparse=true,2,optimal,1798714.7004453922,1798714.7004,4.5392196625471115e-05,2.5235906848026957e-11,0.1409,0.0312,296,d5b867df,"Chirag Intel64 Family 6 Model 140 Stepping 1, GenuineIntel Windows (shared, loaded)"
ship04s,2ed2828b251173a05004349121cd9a271a3434bf2efe4e1b70d7e0bdf2d76f94,off,,3,optimal,1798714.7004453922,1798714.7004,4.5392196625471115e-05,2.5235906848026957e-11,0.1087,0.0469,296,d5b867df,"Chirag Intel64 Family 6 Model 140 Stepping 1, GenuineIntel Windows (shared, loaded)"
ship04s,2ed2828b251173a05004349121cd9a271a3434bf2efe4e1b70d7e0bdf2d76f94,always,lu_hyper_sparse=true env:SANKHYA_TMP_HS_ALWAYS,3,optimal,1798714.7004453922,1798714.7004,4.5392196625471115e-05,2.5235906848026957e-11,0.1443,0.0156,296,d5b867df,"Chirag Intel64 Family 6 Model 140 Stepping 1, GenuineIntel Windows (shared, loaded)"
ship04s,2ed2828b251173a05004349121cd9a271a3434bf2efe4e1b70d7e0bdf2d76f94,auto,lu_hyper_sparse=true,3,optimal,1798714.7004453922,1798714.7004,4.5392196625471115e-05,2.5235906848026957e-11,0.1710,0.0156,296,d5b867df,"Chirag Intel64 Family 6 Model 140 Stepping 1, GenuineIntel Windows (shared, loaded)"
ship08l,58b6142628facaa1b056f32f9f47167097db66825f0c6b42c6f65e4da1b5da07,off,,1,optimal,1909055.211389131,1909055.2114,1.0869000107049942e-05,5.6933922299078996e-12,0.3183,0.0938,743,d5b867df,"Chirag Intel64 Family 6 Model 140 Stepping 1, GenuineIntel Windows (shared, loaded)"
ship08l,58b6142628facaa1b056f32f9f47167097db66825f0c6b42c6f65e4da1b5da07,always,lu_hyper_sparse=true env:SANKHYA_TMP_HS_ALWAYS,1,optimal,1909055.211389131,1909055.2114,1.0869000107049942e-05,5.6933922299078996e-12,0.3277,0.0938,743,d5b867df,"Chirag Intel64 Family 6 Model 140 Stepping 1, GenuineIntel Windows (shared, loaded)"
ship08l,58b6142628facaa1b056f32f9f47167097db66825f0c6b42c6f65e4da1b5da07,auto,lu_hyper_sparse=true,1,optimal,1909055.211389131,1909055.2114,1.0869000107049942e-05,5.6933922299078996e-12,0.2233,0.1094,743,d5b867df,"Chirag Intel64 Family 6 Model 140 Stepping 1, GenuineIntel Windows (shared, loaded)"
ship08l,58b6142628facaa1b056f32f9f47167097db66825f0c6b42c6f65e4da1b5da07,off,,2,optimal,1909055.211389131,1909055.2114,1.0869000107049942e-05,5.6933922299078996e-12,0.4083,0.1719,743,d5b867df,"Chirag Intel64 Family 6 Model 140 Stepping 1, GenuineIntel Windows (shared, loaded)"
ship08l,58b6142628facaa1b056f32f9f47167097db66825f0c6b42c6f65e4da1b5da07,always,lu_hyper_sparse=true env:SANKHYA_TMP_HS_ALWAYS,2,optimal,1909055.211389131,1909055.2114,1.0869000107049942e-05,5.6933922299078996e-12,0.4525,0.1094,743,d5b867df,"Chirag Intel64 Family 6 Model 140 Stepping 1, GenuineIntel Windows (shared, loaded)"
ship08l,58b6142628facaa1b056f32f9f47167097db66825f0c6b42c6f65e4da1b5da07,auto,lu_hyper_sparse=true,2,optimal,1909055.211389131,1909055.2114,1.0869000107049942e-05,5.6933922299078996e-12,0.4242,0.0781,743,d5b867df,"Chirag Intel64 Family 6 Model 140 Stepping 1, GenuineIntel Windows (shared, loaded)"
ship08l,58b6142628facaa1b056f32f9f47167097db66825f0c6b42c6f65e4da1b5da07,off,,3,optimal,1909055.211389131,1909055.2114,1.0869000107049942e-05,5.6933922299078996e-12,0.4162,0.1094,743,d5b867df,"Chirag Intel64 Family 6 Model 140 Stepping 1, GenuineIntel Windows (shared, loaded)"
ship08l,58b6142628facaa1b056f32f9f47167097db66825f0c6b42c6f65e4da1b5da07,always,lu_hyper_sparse=true env:SANKHYA_TMP_HS_ALWAYS,3,optimal,1909055.211389131,1909055.2114,1.0869000107049942e-05,5.6933922299078996e-12,0.3434,0.0625,743,d5b867df,"Chirag Intel64 Family 6 Model 140 Stepping 1, GenuineIntel Windows (shared, loaded)"
ship08l,58b6142628facaa1b056f32f9f47167097db66825f0c6b42c6f65e4da1b5da07,auto,lu_hyper_sparse=true,3,optimal,1909055.211389131,1909055.2114,1.0869000107049942e-05,5.6933922299078996e-12,0.3406,0.1562,743,d5b867df,"Chirag Intel64 Family 6 Model 140 Stepping 1, GenuineIntel Windows (shared, loaded)"
ship08s,bdf5671548dde27b0d83c244914036e58081c4683786b2fd132277f577c9a7d8,off,,1,optimal,1920098.2105346182,1920098.2105,3.461819142103195e-05,1.8029385805227774e-11,0.1863,0.0625,422,d5b867df,"Chirag Intel64 Family 6 Model 140 Stepping 1, GenuineIntel Windows (shared, loaded)"
ship08s,bdf5671548dde27b0d83c244914036e58081c4683786b2fd132277f577c9a7d8,always,lu_hyper_sparse=true env:SANKHYA_TMP_HS_ALWAYS,1,optimal,1920098.2105346182,1920098.2105,3.461819142103195e-05,1.8029385805227774e-11,0.1944,0.0312,422,d5b867df,"Chirag Intel64 Family 6 Model 140 Stepping 1, GenuineIntel Windows (shared, loaded)"
ship08s,bdf5671548dde27b0d83c244914036e58081c4683786b2fd132277f577c9a7d8,auto,lu_hyper_sparse=true,1,optimal,1920098.2105346182,1920098.2105,3.461819142103195e-05,1.8029385805227774e-11,0.1943,0.0938,422,d5b867df,"Chirag Intel64 Family 6 Model 140 Stepping 1, GenuineIntel Windows (shared, loaded)"
ship08s,bdf5671548dde27b0d83c244914036e58081c4683786b2fd132277f577c9a7d8,off,,2,optimal,1920098.2105346182,1920098.2105,3.461819142103195e-05,1.8029385805227774e-11,0.2589,0.0469,422,d5b867df,"Chirag Intel64 Family 6 Model 140 Stepping 1, GenuineIntel Windows (shared, loaded)"
ship08s,bdf5671548dde27b0d83c244914036e58081c4683786b2fd132277f577c9a7d8,always,lu_hyper_sparse=true env:SANKHYA_TMP_HS_ALWAYS,2,optimal,1920098.2105346182,1920098.2105,3.461819142103195e-05,1.8029385805227774e-11,0.3557,0.0469,422,d5b867df,"Chirag Intel64 Family 6 Model 140 Stepping 1, GenuineIntel Windows (shared, loaded)"
ship08s,bdf5671548dde27b0d83c244914036e58081c4683786b2fd132277f577c9a7d8,auto,lu_hyper_sparse=true,2,optimal,1920098.2105346182,1920098.2105,3.461819142103195e-05,1.8029385805227774e-11,0.2457,0.0312,422,d5b867df,"Chirag Intel64 Family 6 Model 140 Stepping 1, GenuineIntel Windows (shared, loaded)"
ship08s,bdf5671548dde27b0d83c244914036e58081c4683786b2fd132277f577c9a7d8,off,,3,optimal,1920098.2105346182,1920098.2105,3.461819142103195e-05,1.8029385805227774e-11,0.2485,0.0469,422,d5b867df,"Chirag Intel64 Family 6 Model 140 Stepping 1, GenuineIntel Windows (shared, loaded)"
ship08s,bdf5671548dde27b0d83c244914036e58081c4683786b2fd132277f577c9a7d8,always,lu_hyper_sparse=true env:SANKHYA_TMP_HS_ALWAYS,3,optimal,1920098.2105346182,1920098.2105,3.461819142103195e-05,1.8029385805227774e-11,0.1836,0.0469,422,d5b867df,"Chirag Intel64 Family 6 Model 140 Stepping 1, GenuineIntel Windows (shared, loaded)"
ship08s,bdf5671548dde27b0d83c244914036e58081c4683786b2fd132277f577c9a7d8,auto,lu_hyper_sparse=true,3,optimal,1920098.2105346182,1920098.2105,3.461819142103195e-05,1.8029385805227774e-11,0.1840,0.0312,422,d5b867df,"Chirag Intel64 Family 6 Model 140 Stepping 1, GenuineIntel Windows (shared, loaded)"
ship12l,87bf21f83ae0c5a87aa73ee2d8e2bd4a6a72b3c6cbdc603853dbb7b43b824911,off,,1,optimal,1470187.919329266,1470187.9193,2.926611341536045e-05,1.9906375934101617e-11,0.2735,0.0938,1063,d5b867df,"Chirag Intel64 Family 6 Model 140 Stepping 1, GenuineIntel Windows (shared, loaded)"
ship12l,87bf21f83ae0c5a87aa73ee2d8e2bd4a6a72b3c6cbdc603853dbb7b43b824911,always,lu_hyper_sparse=true env:SANKHYA_TMP_HS_ALWAYS,1,optimal,1470187.919329266,1470187.9193,2.926611341536045e-05,1.9906375934101617e-11,0.2565,0.1406,1063,d5b867df,"Chirag Intel64 Family 6 Model 140 Stepping 1, GenuineIntel Windows (shared, loaded)"
ship12l,87bf21f83ae0c5a87aa73ee2d8e2bd4a6a72b3c6cbdc603853dbb7b43b824911,auto,lu_hyper_sparse=true,1,optimal,1470187.919329266,1470187.9193,2.926611341536045e-05,1.9906375934101617e-11,0.1983,0.1250,1063,d5b867df,"Chirag Intel64 Family 6 Model 140 Stepping 1, GenuineIntel Windows (shared, loaded)"
ship12l,87bf21f83ae0c5a87aa73ee2d8e2bd4a6a72b3c6cbdc603853dbb7b43b824911,off,,2,optimal,1470187.919329266,1470187.9193,2.926611341536045e-05,1.9906375934101617e-11,0.2094,0.0938,1063,d5b867df,"Chirag Intel64 Family 6 Model 140 Stepping 1, GenuineIntel Windows (shared, loaded)"
ship12l,87bf21f83ae0c5a87aa73ee2d8e2bd4a6a72b3c6cbdc603853dbb7b43b824911,always,lu_hyper_sparse=true env:SANKHYA_TMP_HS_ALWAYS,2,optimal,1470187.919329266,1470187.9193,2.926611341536045e-05,1.9906375934101617e-11,0.2391,0.0938,1063,d5b867df,"Chirag Intel64 Family 6 Model 140 Stepping 1, GenuineIntel Windows (shared, loaded)"
ship12l,87bf21f83ae0c5a87aa73ee2d8e2bd4a6a72b3c6cbdc603853dbb7b43b824911,auto,lu_hyper_sparse=true,2,optimal,1470187.919329266,1470187.9193,2.926611341536045e-05,1.9906375934101617e-11,0.2004,0.0938,1063,d5b867df,"Chirag Intel64 Family 6 Model 140 Stepping 1, GenuineIntel Windows (shared, loaded)"
ship12l,87bf21f83ae0c5a87aa73ee2d8e2bd4a6a72b3c6cbdc603853dbb7b43b824911,off,,3,optimal,1470187.919329266,1470187.9193,2.926611341536045e-05,1.9906375934101617e-11,0.3060,0.0469,1063,d5b867df,"Chirag Intel64 Family 6 Model 140 Stepping 1, GenuineIntel Windows (shared, loaded)"
ship12l,87bf21f83ae0c5a87aa73ee2d8e2bd4a6a72b3c6cbdc603853dbb7b43b824911,always,lu_hyper_sparse=true env:SANKHYA_TMP_HS_ALWAYS,3,optimal,1470187.919329266,1470187.9193,2.926611341536045e-05,1.9906375934101617e-11,0.2819,0.0781,1063,d5b867df,"Chirag Intel64 Family 6 Model 140 Stepping 1, GenuineIntel Windows (shared, loaded)"
ship12l,87bf21f83ae0c5a87aa73ee2d8e2bd4a6a72b3c6cbdc603853dbb7b43b824911,auto,lu_hyper_sparse=true,3,optimal,1470187.919329266,1470187.9193,2.926611341536045e-05,1.9906375934101617e-11,0.2570,0.1094,1063,d5b867df,"Chirag Intel64 Family 6 Model 140 Stepping 1, GenuineIntel Windows (shared, loaded)"
ship12s,43bacbc026b0b5588ed9bec06b11fadfbff8beb19b4e84881370a57cc6540e5d,off,,1,optimal,1489236.1344061326,1489236.1344,6.132526323199272e-06,4.1179005676423585e-12,0.3772,0.0938,590,d5b867df,"Chirag Intel64 Family 6 Model 140 Stepping 1, GenuineIntel Windows (shared, loaded)"
ship12s,43bacbc026b0b5588ed9bec06b11fadfbff8beb19b4e84881370a57cc6540e5d,always,lu_hyper_sparse=true env:SANKHYA_TMP_HS_ALWAYS,1,optimal,1489236.1344061326,1489236.1344,6.132526323199272e-06,4.1179005676423585e-12,0.3044,0.0781,590,d5b867df,"Chirag Intel64 Family 6 Model 140 Stepping 1, GenuineIntel Windows (shared, loaded)"
ship12s,43bacbc026b0b5588ed9bec06b11fadfbff8beb19b4e84881370a57cc6540e5d,auto,lu_hyper_sparse=true,1,optimal,1489236.1344061326,1489236.1344,6.132526323199272e-06,4.1179005676423585e-12,0.1973,0.0625,590,d5b867df,"Chirag Intel64 Family 6 Model 140 Stepping 1, GenuineIntel Windows (shared, loaded)"
ship12s,43bacbc026b0b5588ed9bec06b11fadfbff8beb19b4e84881370a57cc6540e5d,off,,2,optimal,1489236.1344061326,1489236.1344,6.132526323199272e-06,4.1179005676423585e-12,0.1487,0.0469,590,d5b867df,"Chirag Intel64 Family 6 Model 140 Stepping 1, GenuineIntel Windows (shared, loaded)"
ship12s,43bacbc026b0b5588ed9bec06b11fadfbff8beb19b4e84881370a57cc6540e5d,always,lu_hyper_sparse=true env:SANKHYA_TMP_HS_ALWAYS,2,optimal,1489236.1344061326,1489236.1344,6.132526323199272e-06,4.1179005676423585e-12,0.1300,0.0156,590,d5b867df,"Chirag Intel64 Family 6 Model 140 Stepping 1, GenuineIntel Windows (shared, loaded)"
ship12s,43bacbc026b0b5588ed9bec06b11fadfbff8beb19b4e84881370a57cc6540e5d,auto,lu_hyper_sparse=true,2,optimal,1489236.1344061326,1489236.1344,6.132526323199272e-06,4.1179005676423585e-12,0.1944,0.0312,590,d5b867df,"Chirag Intel64 Family 6 Model 140 Stepping 1, GenuineIntel Windows (shared, loaded)"
ship12s,43bacbc026b0b5588ed9bec06b11fadfbff8beb19b4e84881370a57cc6540e5d,off,,3,optimal,1489236.1344061326,1489236.1344,6.132526323199272e-06,4.1179005676423585e-12,0.1969,0.0156,590,d5b867df,"Chirag Intel64 Family 6 Model 140 Stepping 1, GenuineIntel Windows (shared, loaded)"
ship12s,43bacbc026b0b5588ed9bec06b11fadfbff8beb19b4e84881370a57cc6540e5d,always,lu_hyper_sparse=true env:SANKHYA_TMP_HS_ALWAYS,3,optimal,1489236.1344061326,1489236.1344,6.132526323199272e-06,4.1179005676423585e-12,0.1852,0.0781,590,d5b867df,"Chirag Intel64 Family 6 Model 140 Stepping 1, GenuineIntel Windows (shared, loaded)"
ship12s,43bacbc026b0b5588ed9bec06b11fadfbff8beb19b4e84881370a57cc6540e5d,auto,lu_hyper_sparse=true,3,optimal,1489236.1344061326,1489236.1344,6.132526323199272e-06,4.1179005676423585e-12,0.1733,0.0312,590,d5b867df,"Chirag Intel64 Family 6 Model 140 Stepping 1, GenuineIntel Windows (shared, loaded)"
sierra,dbabb4bb56b9de7efbca7df842922c7c1ef620bcbee2aeb28f4bf3c5a3868cc9,off,,1,optimal,15394362.183631925,15394362.184,0.0003680754452943802,2.3909756110385417e-11,0.2161,0.0625,550,d5b867df,"Chirag Intel64 Family 6 Model 140 Stepping 1, GenuineIntel Windows (shared, loaded)"
sierra,dbabb4bb56b9de7efbca7df842922c7c1ef620bcbee2aeb28f4bf3c5a3868cc9,always,lu_hyper_sparse=true env:SANKHYA_TMP_HS_ALWAYS,1,optimal,15394362.183631925,15394362.184,0.0003680754452943802,2.3909756110385417e-11,0.2783,0.0312,550,d5b867df,"Chirag Intel64 Family 6 Model 140 Stepping 1, GenuineIntel Windows (shared, loaded)"
sierra,dbabb4bb56b9de7efbca7df842922c7c1ef620bcbee2aeb28f4bf3c5a3868cc9,auto,lu_hyper_sparse=true,1,optimal,15394362.183631925,15394362.184,0.0003680754452943802,2.3909756110385417e-11,0.2927,0.0625,550,d5b867df,"Chirag Intel64 Family 6 Model 140 Stepping 1, GenuineIntel Windows (shared, loaded)"
sierra,dbabb4bb56b9de7efbca7df842922c7c1ef620bcbee2aeb28f4bf3c5a3868cc9,off,,2,optimal,15394362.183631925,15394362.184,0.0003680754452943802,2.3909756110385417e-11,0.3403,0.0312,550,d5b867df,"Chirag Intel64 Family 6 Model 140 Stepping 1, GenuineIntel Windows (shared, loaded)"
sierra,dbabb4bb56b9de7efbca7df842922c7c1ef620bcbee2aeb28f4bf3c5a3868cc9,always,lu_hyper_sparse=true env:SANKHYA_TMP_HS_ALWAYS,2,optimal,15394362.183631925,15394362.184,0.0003680754452943802,2.3909756110385417e-11,0.2074,0.0312,550,d5b867df,"Chirag Intel64 Family 6 Model 140 Stepping 1, GenuineIntel Windows (shared, loaded)"
sierra,dbabb4bb56b9de7efbca7df842922c7c1ef620bcbee2aeb28f4bf3c5a3868cc9,auto,lu_hyper_sparse=true,2,optimal,15394362.183631925,15394362.184,0.0003680754452943802,2.3909756110385417e-11,0.1939,0.0625,550,d5b867df,"Chirag Intel64 Family 6 Model 140 Stepping 1, GenuineIntel Windows (shared, loaded)"
sierra,dbabb4bb56b9de7efbca7df842922c7c1ef620bcbee2aeb28f4bf3c5a3868cc9,off,,3,optimal,15394362.183631925,15394362.184,0.0003680754452943802,2.3909756110385417e-11,0.2169,0.0469,550,d5b867df,"Chirag Intel64 Family 6 Model 140 Stepping 1, GenuineIntel Windows (shared, loaded)"
sierra,dbabb4bb56b9de7efbca7df842922c7c1ef620bcbee2aeb28f4bf3c5a3868cc9,always,lu_hyper_sparse=true env:SANKHYA_TMP_HS_ALWAYS,3,optimal,15394362.183631925,15394362.184,0.0003680754452943802,2.3909756110385417e-11,0.2612,0.0625,550,d5b867df,"Chirag Intel64 Family 6 Model 140 Stepping 1, GenuineIntel Windows (shared, loaded)"
sierra,dbabb4bb56b9de7efbca7df842922c7c1ef620bcbee2aeb28f4bf3c5a3868cc9,auto,lu_hyper_sparse=true,3,optimal,15394362.183631925,15394362.184,0.0003680754452943802,2.3909756110385417e-11,0.2413,0.0469,550,d5b867df,"Chirag Intel64 Family 6 Model 140 Stepping 1, GenuineIntel Windows (shared, loaded)"
stair,30a16ec0d02cf6c490495340d2a718f533d8e5d88f839693eb4bc06671bd8649,off,,1,optimal,-251.2669511929633,-251.26695119,2.9633042686327826e-09,1.17934501716146e-11,0.2513,0.0312,445,d5b867df,"Chirag Intel64 Family 6 Model 140 Stepping 1, GenuineIntel Windows (shared, loaded)"
stair,30a16ec0d02cf6c490495340d2a718f533d8e5d88f839693eb4bc06671bd8649,always,lu_hyper_sparse=true env:SANKHYA_TMP_HS_ALWAYS,1,optimal,-251.2669511929633,-251.26695119,2.9633042686327826e-09,1.17934501716146e-11,0.1618,0.0781,445,d5b867df,"Chirag Intel64 Family 6 Model 140 Stepping 1, GenuineIntel Windows (shared, loaded)"
stair,30a16ec0d02cf6c490495340d2a718f533d8e5d88f839693eb4bc06671bd8649,auto,lu_hyper_sparse=true,1,optimal,-251.2669511929633,-251.26695119,2.9633042686327826e-09,1.17934501716146e-11,0.1857,0.0781,445,d5b867df,"Chirag Intel64 Family 6 Model 140 Stepping 1, GenuineIntel Windows (shared, loaded)"
stair,30a16ec0d02cf6c490495340d2a718f533d8e5d88f839693eb4bc06671bd8649,off,,2,optimal,-251.2669511929633,-251.26695119,2.9633042686327826e-09,1.17934501716146e-11,0.1738,0.0469,445,d5b867df,"Chirag Intel64 Family 6 Model 140 Stepping 1, GenuineIntel Windows (shared, loaded)"
stair,30a16ec0d02cf6c490495340d2a718f533d8e5d88f839693eb4bc06671bd8649,always,lu_hyper_sparse=true env:SANKHYA_TMP_HS_ALWAYS,2,optimal,-251.2669511929633,-251.26695119,2.9633042686327826e-09,1.17934501716146e-11,0.2167,0.0469,445,d5b867df,"Chirag Intel64 Family 6 Model 140 Stepping 1, GenuineIntel Windows (shared, loaded)"
stair,30a16ec0d02cf6c490495340d2a718f533d8e5d88f839693eb4bc06671bd8649,auto,lu_hyper_sparse=true,2,optimal,-251.2669511929633,-251.26695119,2.9633042686327826e-09,1.17934501716146e-11,0.1500,0.0469,445,d5b867df,"Chirag Intel64 Family 6 Model 140 Stepping 1, GenuineIntel Windows (shared, loaded)"
stair,30a16ec0d02cf6c490495340d2a718f533d8e5d88f839693eb4bc06671bd8649,off,,3,optimal,-251.2669511929633,-251.26695119,2.9633042686327826e-09,1.17934501716146e-11,0.2184,0.0469,445,d5b867df,"Chirag Intel64 Family 6 Model 140 Stepping 1, GenuineIntel Windows (shared, loaded)"
stair,30a16ec0d02cf6c490495340d2a718f533d8e5d88f839693eb4bc06671bd8649,always,lu_hyper_sparse=true env:SANKHYA_TMP_HS_ALWAYS,3,optimal,-251.2669511929633,-251.26695119,2.9633042686327826e-09,1.17934501716146e-11,0.2653,0.0781,445,d5b867df,"Chirag Intel64 Family 6 Model 140 Stepping 1, GenuineIntel Windows (shared, loaded)"
stair,30a16ec0d02cf6c490495340d2a718f533d8e5d88f839693eb4bc06671bd8649,auto,lu_hyper_sparse=true,3,optimal,-251.2669511929633,-251.26695119,2.9633042686327826e-09,1.17934501716146e-11,0.1836,0.0625,445,d5b867df,"Chirag Intel64 Family 6 Model 140 Stepping 1, GenuineIntel Windows (shared, loaded)"
standata,a513e8587cb8d72ac1f6fb07b33642a212f55646fb2c04521cdfd04b959c6fb1,off,,1,optimal,1257.6995000000002,1257.6995,2.2737367544323206e-13,1.8078537476021266e-16,0.1645,0.0469,51,d5b867df,"Chirag Intel64 Family 6 Model 140 Stepping 1, GenuineIntel Windows (shared, loaded)"
standata,a513e8587cb8d72ac1f6fb07b33642a212f55646fb2c04521cdfd04b959c6fb1,always,lu_hyper_sparse=true env:SANKHYA_TMP_HS_ALWAYS,1,optimal,1257.6995000000002,1257.6995,2.2737367544323206e-13,1.8078537476021266e-16,0.2177,0.0312,51,d5b867df,"Chirag Intel64 Family 6 Model 140 Stepping 1, GenuineIntel Windows (shared, loaded)"
standata,a513e8587cb8d72ac1f6fb07b33642a212f55646fb2c04521cdfd04b959c6fb1,auto,lu_hyper_sparse=true,1,optimal,1257.6995000000002,1257.6995,2.2737367544323206e-13,1.8078537476021266e-16,0.3210,0.0469,51,d5b867df,"Chirag Intel64 Family 6 Model 140 Stepping 1, GenuineIntel Windows (shared, loaded)"
standata,a513e8587cb8d72ac1f6fb07b33642a212f55646fb2c04521cdfd04b959c6fb1,off,,2,optimal,1257.6995000000002,1257.6995,2.2737367544323206e-13,1.8078537476021266e-16,0.3174,0.0469,51,d5b867df,"Chirag Intel64 Family 6 Model 140 Stepping 1, GenuineIntel Windows (shared, loaded)"
standata,a513e8587cb8d72ac1f6fb07b33642a212f55646fb2c04521cdfd04b959c6fb1,always,lu_hyper_sparse=true env:SANKHYA_TMP_HS_ALWAYS,2,optimal,1257.6995000000002,1257.6995,2.2737367544323206e-13,1.8078537476021266e-16,0.2074,0.0312,51,d5b867df,"Chirag Intel64 Family 6 Model 140 Stepping 1, GenuineIntel Windows (shared, loaded)"
standata,a513e8587cb8d72ac1f6fb07b33642a212f55646fb2c04521cdfd04b959c6fb1,auto,lu_hyper_sparse=true,2,optimal,1257.6995000000002,1257.6995,2.2737367544323206e-13,1.8078537476021266e-16,0.2925,0.0156,51,d5b867df,"Chirag Intel64 Family 6 Model 140 Stepping 1, GenuineIntel Windows (shared, loaded)"
standata,a513e8587cb8d72ac1f6fb07b33642a212f55646fb2c04521cdfd04b959c6fb1,off,,3,optimal,1257.6995000000002,1257.6995,2.2737367544323206e-13,1.8078537476021266e-16,0.2844,0.0156,51,d5b867df,"Chirag Intel64 Family 6 Model 140 Stepping 1, GenuineIntel Windows (shared, loaded)"
standata,a513e8587cb8d72ac1f6fb07b33642a212f55646fb2c04521cdfd04b959c6fb1,always,lu_hyper_sparse=true env:SANKHYA_TMP_HS_ALWAYS,3,optimal,1257.6995000000002,1257.6995,2.2737367544323206e-13,1.8078537476021266e-16,0.3747,0.0312,51,d5b867df,"Chirag Intel64 Family 6 Model 140 Stepping 1, GenuineIntel Windows (shared, loaded)"
standata,a513e8587cb8d72ac1f6fb07b33642a212f55646fb2c04521cdfd04b959c6fb1,auto,lu_hyper_sparse=true,3,optimal,1257.6995000000002,1257.6995,2.2737367544323206e-13,1.8078537476021266e-16,0.3128,0.0469,51,d5b867df,"Chirag Intel64 Family 6 Model 140 Stepping 1, GenuineIntel Windows (shared, loaded)"
standmps,93bd6bc6251b7fee0f943e1c69a7b7e836b4b34e4c011c1a871be66a1cb7e00d,off,,1,optimal,1406.0175000000002,1406.0175,2.2737367544323206e-13,1.617146838095771e-16,0.2958,0.0156,197,d5b867df,"Chirag Intel64 Family 6 Model 140 Stepping 1, GenuineIntel Windows (shared, loaded)"
standmps,93bd6bc6251b7fee0f943e1c69a7b7e836b4b34e4c011c1a871be66a1cb7e00d,always,lu_hyper_sparse=true env:SANKHYA_TMP_HS_ALWAYS,1,optimal,1406.0175000000002,1406.0175,2.2737367544323206e-13,1.617146838095771e-16,0.2271,0.0469,197,d5b867df,"Chirag Intel64 Family 6 Model 140 Stepping 1, GenuineIntel Windows (shared, loaded)"
standmps,93bd6bc6251b7fee0f943e1c69a7b7e836b4b34e4c011c1a871be66a1cb7e00d,auto,lu_hyper_sparse=true,1,optimal,1406.0175000000002,1406.0175,2.2737367544323206e-13,1.617146838095771e-16,0.1985,0.0469,197,d5b867df,"Chirag Intel64 Family 6 Model 140 Stepping 1, GenuineIntel Windows (shared, loaded)"
standmps,93bd6bc6251b7fee0f943e1c69a7b7e836b4b34e4c011c1a871be66a1cb7e00d,off,,2,optimal,1406.0175000000002,1406.0175,2.2737367544323206e-13,1.617146838095771e-16,0.1975,0.0312,197,d5b867df,"Chirag Intel64 Family 6 Model 140 Stepping 1, GenuineIntel Windows (shared, loaded)"
standmps,93bd6bc6251b7fee0f943e1c69a7b7e836b4b34e4c011c1a871be66a1cb7e00d,always,lu_hyper_sparse=true env:SANKHYA_TMP_HS_ALWAYS,2,optimal,1406.0175000000002,1406.0175,2.2737367544323206e-13,1.617146838095771e-16,0.1774,0.0312,197,d5b867df,"Chirag Intel64 Family 6 Model 140 Stepping 1, GenuineIntel Windows (shared, loaded)"
standmps,93bd6bc6251b7fee0f943e1c69a7b7e836b4b34e4c011c1a871be66a1cb7e00d,auto,lu_hyper_sparse=true,2,optimal,1406.0175000000002,1406.0175,2.2737367544323206e-13,1.617146838095771e-16,0.1831,0.0156,197,d5b867df,"Chirag Intel64 Family 6 Model 140 Stepping 1, GenuineIntel Windows (shared, loaded)"
standmps,93bd6bc6251b7fee0f943e1c69a7b7e836b4b34e4c011c1a871be66a1cb7e00d,off,,3,optimal,1406.0175000000002,1406.0175,2.2737367544323206e-13,1.617146838095771e-16,0.1123,0.0312,197,d5b867df,"Chirag Intel64 Family 6 Model 140 Stepping 1, GenuineIntel Windows (shared, loaded)"
standmps,93bd6bc6251b7fee0f943e1c69a7b7e836b4b34e4c011c1a871be66a1cb7e00d,always,lu_hyper_sparse=true env:SANKHYA_TMP_HS_ALWAYS,3,optimal,1406.0175000000002,1406.0175,2.2737367544323206e-13,1.617146838095771e-16,0.1224,0.0312,197,d5b867df,"Chirag Intel64 Family 6 Model 140 Stepping 1, GenuineIntel Windows (shared, loaded)"
standmps,93bd6bc6251b7fee0f943e1c69a7b7e836b4b34e4c011c1a871be66a1cb7e00d,auto,lu_hyper_sparse=true,3,optimal,1406.0175000000002,1406.0175,2.2737367544323206e-13,1.617146838095771e-16,0.1494,0.0312,197,d5b867df,"Chirag Intel64 Family 6 Model 140 Stepping 1, GenuineIntel Windows (shared, loaded)"
stocfor1,98e1cb3940233e044e3d0e50869539087acdf8f0862916f777e553afc705ba90,off,,1,optimal,-41131.97621943643,-41131.976219,4.3643376557156444e-07,1.0610571280306333e-11,0.1687,0.0156,104,d5b867df,"Chirag Intel64 Family 6 Model 140 Stepping 1, GenuineIntel Windows (shared, loaded)"
stocfor1,98e1cb3940233e044e3d0e50869539087acdf8f0862916f777e553afc705ba90,always,lu_hyper_sparse=true env:SANKHYA_TMP_HS_ALWAYS,1,optimal,-41131.97621943643,-41131.976219,4.3643376557156444e-07,1.0610571280306333e-11,0.1847,0.0000,104,d5b867df,"Chirag Intel64 Family 6 Model 140 Stepping 1, GenuineIntel Windows (shared, loaded)"
stocfor1,98e1cb3940233e044e3d0e50869539087acdf8f0862916f777e553afc705ba90,auto,lu_hyper_sparse=true,1,optimal,-41131.97621943643,-41131.976219,4.3643376557156444e-07,1.0610571280306333e-11,0.0965,0.0156,104,d5b867df,"Chirag Intel64 Family 6 Model 140 Stepping 1, GenuineIntel Windows (shared, loaded)"
stocfor1,98e1cb3940233e044e3d0e50869539087acdf8f0862916f777e553afc705ba90,off,,2,optimal,-41131.97621943643,-41131.976219,4.3643376557156444e-07,1.0610571280306333e-11,0.1106,0.0000,104,d5b867df,"Chirag Intel64 Family 6 Model 140 Stepping 1, GenuineIntel Windows (shared, loaded)"
stocfor1,98e1cb3940233e044e3d0e50869539087acdf8f0862916f777e553afc705ba90,always,lu_hyper_sparse=true env:SANKHYA_TMP_HS_ALWAYS,2,optimal,-41131.97621943643,-41131.976219,4.3643376557156444e-07,1.0610571280306333e-11,0.1250,0.0156,104,d5b867df,"Chirag Intel64 Family 6 Model 140 Stepping 1, GenuineIntel Windows (shared, loaded)"
stocfor1,98e1cb3940233e044e3d0e50869539087acdf8f0862916f777e553afc705ba90,auto,lu_hyper_sparse=true,2,optimal,-41131.97621943643,-41131.976219,4.3643376557156444e-07,1.0610571280306333e-11,0.0947,0.0156,104,d5b867df,"Chirag Intel64 Family 6 Model 140 Stepping 1, GenuineIntel Windows (shared, loaded)"
stocfor1,98e1cb3940233e044e3d0e50869539087acdf8f0862916f777e553afc705ba90,off,,3,optimal,-41131.97621943643,-41131.976219,4.3643376557156444e-07,1.0610571280306333e-11,0.0971,0.0469,104,d5b867df,"Chirag Intel64 Family 6 Model 140 Stepping 1, GenuineIntel Windows (shared, loaded)"
stocfor1,98e1cb3940233e044e3d0e50869539087acdf8f0862916f777e553afc705ba90,always,lu_hyper_sparse=true env:SANKHYA_TMP_HS_ALWAYS,3,optimal,-41131.97621943643,-41131.976219,4.3643376557156444e-07,1.0610571280306333e-11,0.0873,0.0156,104,d5b867df,"Chirag Intel64 Family 6 Model 140 Stepping 1, GenuineIntel Windows (shared, loaded)"
stocfor1,98e1cb3940233e044e3d0e50869539087acdf8f0862916f777e553afc705ba90,auto,lu_hyper_sparse=true,3,optimal,-41131.97621943643,-41131.976219,4.3643376557156444e-07,1.0610571280306333e-11,0.0888,0.0469,104,d5b867df,"Chirag Intel64 Family 6 Model 140 Stepping 1, GenuineIntel Windows (shared, loaded)"
stocfor2,d54988bc39e9c48d13c8a3248913e9b6b77c2f8e9b9f4c3e4c76b060f6096b50,off,,1,optimal,-39024.4085378821,-39024.408538,1.1790689313784242e-07,3.021362720283912e-12,0.3394,0.1875,1877,d5b867df,"Chirag Intel64 Family 6 Model 140 Stepping 1, GenuineIntel Windows (shared, loaded)"
stocfor2,d54988bc39e9c48d13c8a3248913e9b6b77c2f8e9b9f4c3e4c76b060f6096b50,always,lu_hyper_sparse=true env:SANKHYA_TMP_HS_ALWAYS,1,optimal,-39024.4085378821,-39024.408538,1.1790689313784242e-07,3.021362720283912e-12,0.3992,0.1094,1877,d5b867df,"Chirag Intel64 Family 6 Model 140 Stepping 1, GenuineIntel Windows (shared, loaded)"
stocfor2,d54988bc39e9c48d13c8a3248913e9b6b77c2f8e9b9f4c3e4c76b060f6096b50,auto,lu_hyper_sparse=true,1,optimal,-39024.4085378821,-39024.408538,1.1790689313784242e-07,3.021362720283912e-12,0.2832,0.1719,1877,d5b867df,"Chirag Intel64 Family 6 Model 140 Stepping 1, GenuineIntel Windows (shared, loaded)"
stocfor2,d54988bc39e9c48d13c8a3248913e9b6b77c2f8e9b9f4c3e4c76b060f6096b50,off,,2,optimal,-39024.4085378821,-39024.408538,1.1790689313784242e-07,3.021362720283912e-12,0.3965,0.2344,1877,d5b867df,"Chirag Intel64 Family 6 Model 140 Stepping 1, GenuineIntel Windows (shared, loaded)"
stocfor2,d54988bc39e9c48d13c8a3248913e9b6b77c2f8e9b9f4c3e4c76b060f6096b50,always,lu_hyper_sparse=true env:SANKHYA_TMP_HS_ALWAYS,2,optimal,-39024.4085378821,-39024.408538,1.1790689313784242e-07,3.021362720283912e-12,0.6496,0.1719,1877,d5b867df,"Chirag Intel64 Family 6 Model 140 Stepping 1, GenuineIntel Windows (shared, loaded)"
stocfor2,d54988bc39e9c48d13c8a3248913e9b6b77c2f8e9b9f4c3e4c76b060f6096b50,auto,lu_hyper_sparse=true,2,optimal,-39024.4085378821,-39024.408538,1.1790689313784242e-07,3.021362720283912e-12,1.1860,0.1875,1877,d5b867df,"Chirag Intel64 Family 6 Model 140 Stepping 1, GenuineIntel Windows (shared, loaded)"
stocfor2,d54988bc39e9c48d13c8a3248913e9b6b77c2f8e9b9f4c3e4c76b060f6096b50,off,,3,optimal,-39024.4085378821,-39024.408538,1.1790689313784242e-07,3.021362720283912e-12,0.7321,0.1719,1877,d5b867df,"Chirag Intel64 Family 6 Model 140 Stepping 1, GenuineIntel Windows (shared, loaded)"
stocfor2,d54988bc39e9c48d13c8a3248913e9b6b77c2f8e9b9f4c3e4c76b060f6096b50,always,lu_hyper_sparse=true env:SANKHYA_TMP_HS_ALWAYS,3,optimal,-39024.4085378821,-39024.408538,1.1790689313784242e-07,3.021362720283912e-12,0.4581,0.2500,1877,d5b867df,"Chirag Intel64 Family 6 Model 140 Stepping 1, GenuineIntel Windows (shared, loaded)"
stocfor2,d54988bc39e9c48d13c8a3248913e9b6b77c2f8e9b9f4c3e4c76b060f6096b50,auto,lu_hyper_sparse=true,3,optimal,-39024.4085378821,-39024.408538,1.1790689313784242e-07,3.021362720283912e-12,0.4015,0.1562,1877,d5b867df,"Chirag Intel64 Family 6 Model 140 Stepping 1, GenuineIntel Windows (shared, loaded)"
stocfor3,be37b15c7a6f0751476f4a940af74c9fb2876fdc0887b5c820c49277db0e20b1,off,,1,optimal,-39976.78394364947,-39976.661576,0.1223676494701067,3.0609771963442328e-06,23.3710,15.4531,14487,d5b867df,"Chirag Intel64 Family 6 Model 140 Stepping 1, GenuineIntel Windows (shared, loaded)"
stocfor3,be37b15c7a6f0751476f4a940af74c9fb2876fdc0887b5c820c49277db0e20b1,always,lu_hyper_sparse=true env:SANKHYA_TMP_HS_ALWAYS,1,optimal,-39976.78394364947,-39976.661576,0.1223676494701067,3.0609771963442328e-06,22.1119,10.1719,14487,d5b867df,"Chirag Intel64 Family 6 Model 140 Stepping 1, GenuineIntel Windows (shared, loaded)"
stocfor3,be37b15c7a6f0751476f4a940af74c9fb2876fdc0887b5c820c49277db0e20b1,auto,lu_hyper_sparse=true,1,optimal,-39976.78394364947,-39976.661576,0.1223676494701067,3.0609771963442328e-06,18.5292,12.2344,14487,d5b867df,"Chirag Intel64 Family 6 Model 140 Stepping 1, GenuineIntel Windows (shared, loaded)"
stocfor3,be37b15c7a6f0751476f4a940af74c9fb2876fdc0887b5c820c49277db0e20b1,off,,2,optimal,-39976.78394364947,-39976.661576,0.1223676494701067,3.0609771963442328e-06,26.1742,17.4531,14487,d5b867df,"Chirag Intel64 Family 6 Model 140 Stepping 1, GenuineIntel Windows (shared, loaded)"
stocfor3,be37b15c7a6f0751476f4a940af74c9fb2876fdc0887b5c820c49277db0e20b1,always,lu_hyper_sparse=true env:SANKHYA_TMP_HS_ALWAYS,2,optimal,-39976.78394364947,-39976.661576,0.1223676494701067,3.0609771963442328e-06,15.1007,12.2812,14487,d5b867df,"Chirag Intel64 Family 6 Model 140 Stepping 1, GenuineIntel Windows (shared, loaded)"
stocfor3,be37b15c7a6f0751476f4a940af74c9fb2876fdc0887b5c820c49277db0e20b1,auto,lu_hyper_sparse=true,2,optimal,-39976.78394364947,-39976.661576,0.1223676494701067,3.0609771963442328e-06,18.0225,11.5938,14487,d5b867df,"Chirag Intel64 Family 6 Model 140 Stepping 1, GenuineIntel Windows (shared, loaded)"
stocfor3,be37b15c7a6f0751476f4a940af74c9fb2876fdc0887b5c820c49277db0e20b1,off,,3,optimal,-39976.78394364947,-39976.661576,0.1223676494701067,3.0609771963442328e-06,27.8995,17.1250,14487,d5b867df,"Chirag Intel64 Family 6 Model 140 Stepping 1, GenuineIntel Windows (shared, loaded)"
stocfor3,be37b15c7a6f0751476f4a940af74c9fb2876fdc0887b5c820c49277db0e20b1,always,lu_hyper_sparse=true env:SANKHYA_TMP_HS_ALWAYS,3,optimal,-39976.78394364947,-39976.661576,0.1223676494701067,3.0609771963442328e-06,17.5951,12.6250,14487,d5b867df,"Chirag Intel64 Family 6 Model 140 Stepping 1, GenuineIntel Windows (shared, loaded)"
stocfor3,be37b15c7a6f0751476f4a940af74c9fb2876fdc0887b5c820c49277db0e20b1,auto,lu_hyper_sparse=true,3,optimal,-39976.78394364947,-39976.661576,0.1223676494701067,3.0609771963442328e-06,21.5779,11.6250,14487,d5b867df,"Chirag Intel64 Family 6 Model 140 Stepping 1, GenuineIntel Windows (shared, loaded)"
truss,fcabea737e4cdd5cf70e70918632f6be7a7c93a4941c176bc2d5e1fd75170547,off,,1,optimal,458815.84718561673,458815.84719,4.38326969742775e-06,9.55344006592823e-12,6.1123,4.7969,14279,d5b867df,"Chirag Intel64 Family 6 Model 140 Stepping 1, GenuineIntel Windows (shared, loaded)"
truss,fcabea737e4cdd5cf70e70918632f6be7a7c93a4941c176bc2d5e1fd75170547,always,lu_hyper_sparse=true env:SANKHYA_TMP_HS_ALWAYS,1,optimal,458815.84718561673,458815.84719,4.38326969742775e-06,9.55344006592823e-12,12.8435,5.5469,14279,d5b867df,"Chirag Intel64 Family 6 Model 140 Stepping 1, GenuineIntel Windows (shared, loaded)"
truss,fcabea737e4cdd5cf70e70918632f6be7a7c93a4941c176bc2d5e1fd75170547,auto,lu_hyper_sparse=true,1,optimal,458815.84718561673,458815.84719,4.38326969742775e-06,9.55344006592823e-12,8.8113,5.5781,14279,d5b867df,"Chirag Intel64 Family 6 Model 140 Stepping 1, GenuineIntel Windows (shared, loaded)"
truss,fcabea737e4cdd5cf70e70918632f6be7a7c93a4941c176bc2d5e1fd75170547,off,,2,optimal,458815.84718561673,458815.84719,4.38326969742775e-06,9.55344006592823e-12,8.8390,5.6719,14279,d5b867df,"Chirag Intel64 Family 6 Model 140 Stepping 1, GenuineIntel Windows (shared, loaded)"
truss,fcabea737e4cdd5cf70e70918632f6be7a7c93a4941c176bc2d5e1fd75170547,always,lu_hyper_sparse=true env:SANKHYA_TMP_HS_ALWAYS,2,optimal,458815.84718561673,458815.84719,4.38326969742775e-06,9.55344006592823e-12,8.3005,6.2656,14279,d5b867df,"Chirag Intel64 Family 6 Model 140 Stepping 1, GenuineIntel Windows (shared, loaded)"
truss,fcabea737e4cdd5cf70e70918632f6be7a7c93a4941c176bc2d5e1fd75170547,auto,lu_hyper_sparse=true,2,optimal,458815.84718561673,458815.84719,4.38326969742775e-06,9.55344006592823e-12,9.7421,6.5000,14279,d5b867df,"Chirag Intel64 Family 6 Model 140 Stepping 1, GenuineIntel Windows (shared, loaded)"
truss,fcabea737e4cdd5cf70e70918632f6be7a7c93a4941c176bc2d5e1fd75170547,off,,3,optimal,458815.84718561673,458815.84719,4.38326969742775e-06,9.55344006592823e-12,15.7768,6.1875,14279,d5b867df,"Chirag Intel64 Family 6 Model 140 Stepping 1, GenuineIntel Windows (shared, loaded)"
truss,fcabea737e4cdd5cf70e70918632f6be7a7c93a4941c176bc2d5e1fd75170547,always,lu_hyper_sparse=true env:SANKHYA_TMP_HS_ALWAYS,3,optimal,458815.84718561673,458815.84719,4.38326969742775e-06,9.55344006592823e-12,10.9364,5.8906,14279,d5b867df,"Chirag Intel64 Family 6 Model 140 Stepping 1, GenuineIntel Windows (shared, loaded)"
truss,fcabea737e4cdd5cf70e70918632f6be7a7c93a4941c176bc2d5e1fd75170547,auto,lu_hyper_sparse=true,3,optimal,458815.84718561673,458815.84719,4.38326969742775e-06,9.55344006592823e-12,13.1199,5.8594,14279,d5b867df,"Chirag Intel64 Family 6 Model 140 Stepping 1, GenuineIntel Windows (shared, loaded)"
tuff,768782d2ab2d7d044061f56ba54ddd53cf5ea0666a965edd33d48803098e15e2,off,,1,optimal,0.29214776509361284,0.29214776509,3.612832255583953e-12,3.612832255583953e-12,0.2042,0.0469,242,d5b867df,"Chirag Intel64 Family 6 Model 140 Stepping 1, GenuineIntel Windows (shared, loaded)"
tuff,768782d2ab2d7d044061f56ba54ddd53cf5ea0666a965edd33d48803098e15e2,always,lu_hyper_sparse=true env:SANKHYA_TMP_HS_ALWAYS,1,optimal,0.29214776509361284,0.29214776509,3.612832255583953e-12,3.612832255583953e-12,0.2092,0.0469,242,d5b867df,"Chirag Intel64 Family 6 Model 140 Stepping 1, GenuineIntel Windows (shared, loaded)"
tuff,768782d2ab2d7d044061f56ba54ddd53cf5ea0666a965edd33d48803098e15e2,auto,lu_hyper_sparse=true,1,optimal,0.29214776509361284,0.29214776509,3.612832255583953e-12,3.612832255583953e-12,0.1482,0.0625,242,d5b867df,"Chirag Intel64 Family 6 Model 140 Stepping 1, GenuineIntel Windows (shared, loaded)"
tuff,768782d2ab2d7d044061f56ba54ddd53cf5ea0666a965edd33d48803098e15e2,off,,2,optimal,0.29214776509361284,0.29214776509,3.612832255583953e-12,3.612832255583953e-12,0.1431,0.0469,242,d5b867df,"Chirag Intel64 Family 6 Model 140 Stepping 1, GenuineIntel Windows (shared, loaded)"
tuff,768782d2ab2d7d044061f56ba54ddd53cf5ea0666a965edd33d48803098e15e2,always,lu_hyper_sparse=true env:SANKHYA_TMP_HS_ALWAYS,2,optimal,0.29214776509361284,0.29214776509,3.612832255583953e-12,3.612832255583953e-12,0.1880,0.0469,242,d5b867df,"Chirag Intel64 Family 6 Model 140 Stepping 1, GenuineIntel Windows (shared, loaded)"
tuff,768782d2ab2d7d044061f56ba54ddd53cf5ea0666a965edd33d48803098e15e2,auto,lu_hyper_sparse=true,2,optimal,0.29214776509361284,0.29214776509,3.612832255583953e-12,3.612832255583953e-12,0.1605,0.0312,242,d5b867df,"Chirag Intel64 Family 6 Model 140 Stepping 1, GenuineIntel Windows (shared, loaded)"
tuff,768782d2ab2d7d044061f56ba54ddd53cf5ea0666a965edd33d48803098e15e2,off,,3,optimal,0.29214776509361284,0.29214776509,3.612832255583953e-12,3.612832255583953e-12,0.2140,0.0625,242,d5b867df,"Chirag Intel64 Family 6 Model 140 Stepping 1, GenuineIntel Windows (shared, loaded)"
tuff,768782d2ab2d7d044061f56ba54ddd53cf5ea0666a965edd33d48803098e15e2,always,lu_hyper_sparse=true env:SANKHYA_TMP_HS_ALWAYS,3,optimal,0.29214776509361284,0.29214776509,3.612832255583953e-12,3.612832255583953e-12,0.2707,0.0156,242,d5b867df,"Chirag Intel64 Family 6 Model 140 Stepping 1, GenuineIntel Windows (shared, loaded)"
tuff,768782d2ab2d7d044061f56ba54ddd53cf5ea0666a965edd33d48803098e15e2,auto,lu_hyper_sparse=true,3,optimal,0.29214776509361284,0.29214776509,3.612832255583953e-12,3.612832255583953e-12,0.2083,0.0469,242,d5b867df,"Chirag Intel64 Family 6 Model 140 Stepping 1, GenuineIntel Windows (shared, loaded)"
vtp.base,7c34b37d7714796bc0fe30d920f3ecf9866c018a018ee0349ceb85350581dc68,off,,1,optimal,129831.46246136139,129831.46246,1.3613898772746325e-06,1.0485824094402891e-11,0.1917,0.0312,162,d5b867df,"Chirag Intel64 Family 6 Model 140 Stepping 1, GenuineIntel Windows (shared, loaded)"
vtp.base,7c34b37d7714796bc0fe30d920f3ecf9866c018a018ee0349ceb85350581dc68,always,lu_hyper_sparse=true env:SANKHYA_TMP_HS_ALWAYS,1,optimal,129831.46246136139,129831.46246,1.3613898772746325e-06,1.0485824094402891e-11,0.1830,0.0000,162,d5b867df,"Chirag Intel64 Family 6 Model 140 Stepping 1, GenuineIntel Windows (shared, loaded)"
vtp.base,7c34b37d7714796bc0fe30d920f3ecf9866c018a018ee0349ceb85350581dc68,auto,lu_hyper_sparse=true,1,optimal,129831.46246136139,129831.46246,1.3613898772746325e-06,1.0485824094402891e-11,0.2101,0.0156,162,d5b867df,"Chirag Intel64 Family 6 Model 140 Stepping 1, GenuineIntel Windows (shared, loaded)"
vtp.base,7c34b37d7714796bc0fe30d920f3ecf9866c018a018ee0349ceb85350581dc68,off,,2,optimal,129831.46246136139,129831.46246,1.3613898772746325e-06,1.0485824094402891e-11,0.3183,0.0156,162,d5b867df,"Chirag Intel64 Family 6 Model 140 Stepping 1, GenuineIntel Windows (shared, loaded)"
vtp.base,7c34b37d7714796bc0fe30d920f3ecf9866c018a018ee0349ceb85350581dc68,always,lu_hyper_sparse=true env:SANKHYA_TMP_HS_ALWAYS,2,optimal,129831.46246136139,129831.46246,1.3613898772746325e-06,1.0485824094402891e-11,0.2452,0.0156,162,d5b867df,"Chirag Intel64 Family 6 Model 140 Stepping 1, GenuineIntel Windows (shared, loaded)"
vtp.base,7c34b37d7714796bc0fe30d920f3ecf9866c018a018ee0349ceb85350581dc68,auto,lu_hyper_sparse=true,2,optimal,129831.46246136139,129831.46246,1.3613898772746325e-06,1.0485824094402891e-11,0.2777,0.0000,162,d5b867df,"Chirag Intel64 Family 6 Model 140 Stepping 1, GenuineIntel Windows (shared, loaded)"
vtp.base,7c34b37d7714796bc0fe30d920f3ecf9866c018a018ee0349ceb85350581dc68,off,,3,optimal,129831.46246136139,129831.46246,1.3613898772746325e-06,1.0485824094402891e-11,0.2892,0.0312,162,d5b867df,"Chirag Intel64 Family 6 Model 140 Stepping 1, GenuineIntel Windows (shared, loaded)"
vtp.base,7c34b37d7714796bc0fe30d920f3ecf9866c018a018ee0349ceb85350581dc68,always,lu_hyper_sparse=true env:SANKHYA_TMP_HS_ALWAYS,3,optimal,129831.46246136139,129831.46246,1.3613898772746325e-06,1.0485824094402891e-11,0.2776,0.0000,162,d5b867df,"Chirag Intel64 Family 6 Model 140 Stepping 1, GenuineIntel Windows (shared, loaded)"
vtp.base,7c34b37d7714796bc0fe30d920f3ecf9866c018a018ee0349ceb85350581dc68,auto,lu_hyper_sparse=true,3,optimal,129831.46246136139,129831.46246,1.3613898772746325e-06,1.0485824094402891e-11,0.3137,0.0156,162,d5b867df,"Chirag Intel64 Family 6 Model 140 Stepping 1, GenuineIntel Windows (shared, loaded)"
wood1p,af3cac48f0727f1d9e1f1ecfa6de30168678800b39e38a808b5df90a48d61330,off,,1,optimal,1.4429024115734101,1.4429024116,2.65898414397725e-11,1.8428024810276435e-11,0.4242,0.2031,219,d5b867df,"Chirag Intel64 Family 6 Model 140 Stepping 1, GenuineIntel Windows (shared, loaded)"
wood1p,af3cac48f0727f1d9e1f1ecfa6de30168678800b39e38a808b5df90a48d61330,always,lu_hyper_sparse=true env:SANKHYA_TMP_HS_ALWAYS,1,optimal,1.4429024115734101,1.4429024116,2.65898414397725e-11,1.8428024810276435e-11,0.4640,0.1875,219,d5b867df,"Chirag Intel64 Family 6 Model 140 Stepping 1, GenuineIntel Windows (shared, loaded)"
wood1p,af3cac48f0727f1d9e1f1ecfa6de30168678800b39e38a808b5df90a48d61330,auto,lu_hyper_sparse=true,1,optimal,1.4429024115734101,1.4429024116,2.65898414397725e-11,1.8428024810276435e-11,0.4696,0.1719,219,d5b867df,"Chirag Intel64 Family 6 Model 140 Stepping 1, GenuineIntel Windows (shared, loaded)"
wood1p,af3cac48f0727f1d9e1f1ecfa6de30168678800b39e38a808b5df90a48d61330,off,,2,optimal,1.4429024115734101,1.4429024116,2.65898414397725e-11,1.8428024810276435e-11,0.3585,0.2500,219,d5b867df,"Chirag Intel64 Family 6 Model 140 Stepping 1, GenuineIntel Windows (shared, loaded)"
wood1p,af3cac48f0727f1d9e1f1ecfa6de30168678800b39e38a808b5df90a48d61330,always,lu_hyper_sparse=true env:SANKHYA_TMP_HS_ALWAYS,2,optimal,1.4429024115734101,1.4429024116,2.65898414397725e-11,1.8428024810276435e-11,0.3668,0.2344,219,d5b867df,"Chirag Intel64 Family 6 Model 140 Stepping 1, GenuineIntel Windows (shared, loaded)"
wood1p,af3cac48f0727f1d9e1f1ecfa6de30168678800b39e38a808b5df90a48d61330,auto,lu_hyper_sparse=true,2,optimal,1.4429024115734101,1.4429024116,2.65898414397725e-11,1.8428024810276435e-11,0.4074,0.2500,219,d5b867df,"Chirag Intel64 Family 6 Model 140 Stepping 1, GenuineIntel Windows (shared, loaded)"
wood1p,af3cac48f0727f1d9e1f1ecfa6de30168678800b39e38a808b5df90a48d61330,off,,3,optimal,1.4429024115734101,1.4429024116,2.65898414397725e-11,1.8428024810276435e-11,0.3117,0.2031,219,d5b867df,"Chirag Intel64 Family 6 Model 140 Stepping 1, GenuineIntel Windows (shared, loaded)"
wood1p,af3cac48f0727f1d9e1f1ecfa6de30168678800b39e38a808b5df90a48d61330,always,lu_hyper_sparse=true env:SANKHYA_TMP_HS_ALWAYS,3,optimal,1.4429024115734101,1.4429024116,2.65898414397725e-11,1.8428024810276435e-11,0.3278,0.1875,219,d5b867df,"Chirag Intel64 Family 6 Model 140 Stepping 1, GenuineIntel Windows (shared, loaded)"
wood1p,af3cac48f0727f1d9e1f1ecfa6de30168678800b39e38a808b5df90a48d61330,auto,lu_hyper_sparse=true,3,optimal,1.4429024115734101,1.4429024116,2.65898414397725e-11,1.8428024810276435e-11,0.3688,0.2188,219,d5b867df,"Chirag Intel64 Family 6 Model 140 Stepping 1, GenuineIntel Windows (shared, loaded)"
woodw,01450b5407d3bb282595e2874e78c26dd7cdde87d70d663065e58bd3e6c288b0,off,,1,optimal,1.3044763330842293,1.3044763331,1.577071806480035e-11,1.2089692748447418e-11,0.8875,0.5000,2495,d5b867df,"Chirag Intel64 Family 6 Model 140 Stepping 1, GenuineIntel Windows (shared, loaded)"
woodw,01450b5407d3bb282595e2874e78c26dd7cdde87d70d663065e58bd3e6c288b0,always,lu_hyper_sparse=true env:SANKHYA_TMP_HS_ALWAYS,1,optimal,1.3044763330842293,1.3044763331,1.577071806480035e-11,1.2089692748447418e-11,0.9654,0.5156,2495,d5b867df,"Chirag Intel64 Family 6 Model 140 Stepping 1, GenuineIntel Windows (shared, loaded)"
woodw,01450b5407d3bb282595e2874e78c26dd7cdde87d70d663065e58bd3e6c288b0,auto,lu_hyper_sparse=true,1,optimal,1.3044763330842293,1.3044763331,1.577071806480035e-11,1.2089692748447418e-11,2.4167,0.6406,2495,d5b867df,"Chirag Intel64 Family 6 Model 140 Stepping 1, GenuineIntel Windows (shared, loaded)"
woodw,01450b5407d3bb282595e2874e78c26dd7cdde87d70d663065e58bd3e6c288b0,off,,2,optimal,1.3044763330842293,1.3044763331,1.577071806480035e-11,1.2089692748447418e-11,1.9367,0.7188,2495,d5b867df,"Chirag Intel64 Family 6 Model 140 Stepping 1, GenuineIntel Windows (shared, loaded)"
woodw,01450b5407d3bb282595e2874e78c26dd7cdde87d70d663065e58bd3e6c288b0,always,lu_hyper_sparse=true env:SANKHYA_TMP_HS_ALWAYS,2,optimal,1.3044763330842293,1.3044763331,1.577071806480035e-11,1.2089692748447418e-11,1.4157,0.5938,2495,d5b867df,"Chirag Intel64 Family 6 Model 140 Stepping 1, GenuineIntel Windows (shared, loaded)"
woodw,01450b5407d3bb282595e2874e78c26dd7cdde87d70d663065e58bd3e6c288b0,auto,lu_hyper_sparse=true,2,optimal,1.3044763330842293,1.3044763331,1.577071806480035e-11,1.2089692748447418e-11,1.0696,0.5469,2495,d5b867df,"Chirag Intel64 Family 6 Model 140 Stepping 1, GenuineIntel Windows (shared, loaded)"
woodw,01450b5407d3bb282595e2874e78c26dd7cdde87d70d663065e58bd3e6c288b0,off,,3,optimal,1.3044763330842293,1.3044763331,1.577071806480035e-11,1.2089692748447418e-11,0.9695,0.5781,2495,d5b867df,"Chirag Intel64 Family 6 Model 140 Stepping 1, GenuineIntel Windows (shared, loaded)"
woodw,01450b5407d3bb282595e2874e78c26dd7cdde87d70d663065e58bd3e6c288b0,always,lu_hyper_sparse=true env:SANKHYA_TMP_HS_ALWAYS,3,optimal,1.3044763330842293,1.3044763331,1.577071806480035e-11,1.2089692748447418e-11,1.7474,0.6406,2495,d5b867df,"Chirag Intel64 Family 6 Model 140 Stepping 1, GenuineIntel Windows (shared, loaded)"
woodw,01450b5407d3bb282595e2874e78c26dd7cdde87d70d663065e58bd3e6c288b0,auto,lu_hyper_sparse=true,3,optimal,1.3044763330842293,1.3044763331,1.577071806480035e-11,1.2089692748447418e-11,1.1785,0.5625,2495,d5b867df,"Chirag Intel64 Family 6 Model 140 Stepping 1, GenuineIntel Windows (shared, loaded)"
