instance,instance_sha256,rows,columns,nonzeros,integer_columns,status,message,our_objective,published_objective,dual_bound,absolute_gap,relative_gap,matched_published,proved_optimal,independently_verified,nodes,cuts_applied,cut_filter,root_bound,root_bound_after_cuts,root_gap_closed,wall_seconds,solver_seconds,git_commit,machine,timestamp_utc,solver_options,threads,restarts,reduced_cost_fixings,seed,permuted_sha256,time_to_first_feasible,primal_integral,incumbents,incumbent_trace_recorded,certificate,certificate_check_seconds,certificate_bytes,certificate_dual_leaves,certificate_batch_leaves,branching_seconds,batch_strong_branching_seconds,batch_node_bounds_seconds,safe_bound_nodes,safe_bound_infinite,safe_bound_refusals,safe_bound_max_gap,safe_bound_max_rel_gap,conflicts_analysed,conflicts_learned,conflicts_learned_cutoff,conflict_nodes_pruned,conflict_tightenings,cut_rows_aged_out,cuts_reactivated,cut_rows_removed,cut_rows_readded,node_lp_rows_mean,node_lp_rows_max,probing_fixings,probing_tightenings,probing_implications,probing_cliques,clique_cuts_generated
50v-10,9e64ce8962b8152e48b617cf7ec9e1abd8efeee8dcb317d4c06d817e5644192c,233,2013,2745,1647,feasible,,4779.219991385928,3311.1799841,3164.1158282035035,1615.1041631824241,0.3379430463744063,0,0,1,151382,159,gomory 29: 29 accepted; mir 7: 7 accepted,2879.065686853671,3147.2556216421567,0.1411,300.096789,300.000684224,e7c0c60,"E2E TIR C3 container, 16 vCPU 32 GB plan (C3.32GB; corrected after the run, the label first read the host), AMD EPYC 9555 64-Core Processor host, nothing else running; AMD EPYC 9555 64-Core Processor; 256 cores; 1512 GiB RAM; Linux-x86_64",2026-10-02T21:56:47+00:00,,1,0,0,0,,1.313442,99.565781,4,1,,,,,,,,,0,0,0,nan,nan,0,0,0,0,0,144,0,0,0,391.9989496769761,392,0,0,0,0,0
50v-10,9e64ce8962b8152e48b617cf7ec9e1abd8efeee8dcb317d4c06d817e5644192c,233,2013,2745,1647,feasible,,5300.81998735666,3311.1799841,3179.0958159071947,2121.7241714494653,0.40026338877949663,0,0,1,109749,233,gomory 29: 29 accepted; mir 17: 17 accepted,2879.0656868536707,3165.300844341747,0.1182,300.057779,300.000901985,e7c0c60,"E2E TIR C3 container, 16 vCPU 32 GB plan (C3.32GB; corrected after the run, the label first read the host), AMD EPYC 9555 64-Core Processor host, nothing else running; AMD EPYC 9555 64-Core Processor; 256 cores; 1512 GiB RAM; Linux-x86_64",2026-10-02T21:56:47+00:00,,1,0,0,1,14f1039ae7851aa4276f28f47fe249baa5204df108d1955b70e0308712155ab1,1.920258,126.002720,14,1,,,,,,,,,0,0,0,nan,nan,0,0,0,0,0,216,0,0,0,465.9978769738221,466,0,0,0,0,0
50v-10,9e64ce8962b8152e48b617cf7ec9e1abd8efeee8dcb317d4c06d817e5644192c,233,2013,2745,1647,feasible,,4996.939992398022,3311.1799841,3172.7928910009236,1824.1471013970981,0.3650528331683434,0,0,1,106574,233,gomory 29: 29 accepted; mir 10: 10 accepted,2879.0656868536707,3158.4750181469954,0.1319,300.064769,300.000330323,e7c0c60,"E2E TIR C3 container, 16 vCPU 32 GB plan (C3.32GB; corrected after the run, the label first read the host), AMD EPYC 9555 64-Core Processor host, nothing else running; AMD EPYC 9555 64-Core Processor; 256 cores; 1512 GiB RAM; Linux-x86_64",2026-10-02T21:56:47+00:00,,1,0,0,2,01935c4a837952bd885f5d24e1b65e2fb912efd128f3726400cc56823135974a,1.711963,105.734012,10,1,,,,,,,,,0,0,0,nan,nan,0,0,0,0,0,210,0,0,0,465.9978137256742,466,0,0,0,0,0
assign1-5-8,305c26c9eee8da7242f2f42504cb0988c9503f65972859ad5f26d9615086cde3,161,156,3720,130,feasible,,212.0,211.999999999998,197.4226507018265,14.577349298173488,0.06876108159515797,1,0,1,334555,10,"gomory 106: 10 accepted, 96 too_dense; zero_half 7: 7 accepted",183.362554973822,184.84691182273383,0.0518,300.110432,300.000909425,e7c0c60,"E2E TIR C3 container, 16 vCPU 32 GB plan (C3.32GB; corrected after the run, the label first read the host), AMD EPYC 9555 64-Core Processor host, nothing else running; AMD EPYC 9555 64-Core Processor; 256 cores; 1512 GiB RAM; Linux-x86_64",2026-10-02T21:56:47+00:00,,1,0,0,0,,0.517981,0.775581,6,1,,,,,,,,,0,0,0,nan,nan,0,0,0,0,0,10,0,0,0,182.9999701095485,183,0,0,0,0,0
assign1-5-8,305c26c9eee8da7242f2f42504cb0988c9503f65972859ad5f26d9615086cde3,161,156,3720,130,feasible,,212.0,211.999999999998,197.64451964028353,14.355480359716466,0.06771452999866258,1,0,1,289280,14,"gomory 100: 10 accepted, 90 too_dense; zero_half 10: 9 accepted, 1 duplicate",183.362554973822,184.31726560814576,0.0333,300.090468,300.000927086,e7c0c60,"E2E TIR C3 container, 16 vCPU 32 GB plan (C3.32GB; corrected after the run, the label first read the host), AMD EPYC 9555 64-Core Processor host, nothing else running; AMD EPYC 9555 64-Core Processor; 256 cores; 1512 GiB RAM; Linux-x86_64",2026-10-02T21:56:47+00:00,,1,0,0,1,b410b8e5a9e52dfac6283913e34c39abf2c5fe0c3f80a1a6030615147daef75e,0.615822,1.171196,7,1,,,,,,,,,0,0,0,nan,nan,0,0,0,0,0,14,0,0,0,190.99995054279285,191,0,0,0,0,0
assign1-5-8,305c26c9eee8da7242f2f42504cb0988c9503f65972859ad5f26d9615086cde3,161,156,3720,130,feasible,"stopped at the time limit of 300s after 300.00s, 0 iterations, 327221 nodes",212.0,211.999999999998,197.03257962711564,14.967420372884362,0.07060103949473756,1,0,1,327221,9,"gomory 90: 10 accepted, 80 too_dense; zero_half 4: 4 accepted",183.362554973822,184.12815381322525,0.0267,300.108682,300.000844727,e7c0c60,"E2E TIR C3 container, 16 vCPU 32 GB plan (C3.32GB; corrected after the run, the label first read the host), AMD EPYC 9555 64-Core Processor host, nothing else running; AMD EPYC 9555 64-Core Processor; 256 cores; 1512 GiB RAM; Linux-x86_64",2026-10-02T21:56:47+00:00,,1,0,0,2,b87fd4205c6dbff4ce221ba342600c4bd892fd7bfd9d6eaca431681ebf114649,0.479059,0.561907,7,1,,,,,,,,,0,0,0,nan,nan,0,0,0,0,0,9,0,0,0,181.9999723666152,182,0,0,0,0,0
b1c1s1,3ad5eb7edd4a86889fbdaedc086444a93ebe07e54a743b5e19d2a5908340ad46,3904,3872,11408,288,feasible,,49114.43,24544.25,10813.941063757678,38300.48893624232,0.7798215094065496,0,0,1,64592,563,gomory 266: 266 accepted,2866.8562499999994,10813.941063757678,0.1718,300.072552,300.001118772,e7c0c60,"E2E TIR C3 container, 16 vCPU 32 GB plan (C3.32GB; corrected after the run, the label first read the host), AMD EPYC 9555 64-Core Processor host, nothing else running; AMD EPYC 9555 64-Core Processor; 256 cores; 1512 GiB RAM; Linux-x86_64",2026-10-02T21:56:47+00:00,,1,0,0,0,,16.237881,164.823953,13,1,,,,,,,,,0,0,0,nan,nan,0,0,0,0,0,508,0,0,0,4450.9912834804145,4451,0,0,0,0,0
b1c1s1,3ad5eb7edd4a86889fbdaedc086444a93ebe07e54a743b5e19d2a5908340ad46,3904,3872,11408,288,feasible,,58592.20000000001,24544.25,11480.216728246134,47111.98327175388,0.8040657847248247,0,0,1,50798,510,gomory 266: 266 accepted; mir 193: 193 accepted,2866.856249999999,11480.216728246134,0.1546,300.053759,300.000279068,e7c0c60,"E2E TIR C3 container, 16 vCPU 32 GB plan (C3.32GB; corrected after the run, the label first read the host), AMD EPYC 9555 64-Core Processor host, nothing else running; AMD EPYC 9555 64-Core Processor; 256 cores; 1512 GiB RAM; Linux-x86_64",2026-10-02T21:56:47+00:00,,1,0,0,1,cf7bcda4cad2c736fd8b1bfabadb7fba38a905e3b1b0e34045a479239b884a97,20.954335,185.991847,15,1,,,,,,,,,0,0,0,nan,nan,0,0,0,0,0,453,0,0,0,4397.989960234655,4398,0,0,0,0,0
b1c1s1,3ad5eb7edd4a86889fbdaedc086444a93ebe07e54a743b5e19d2a5908340ad46,3904,3872,11408,288,feasible,,53741.32,24544.25,10976.641505407972,42764.67849459203,0.7957504299223024,0,0,1,48556,592,gomory 266: 266 accepted; mir 195: 195 accepted,2866.8562500000007,10976.641505407972,0.1594,300.048433,300.001473089,e7c0c60,"E2E TIR C3 container, 16 vCPU 32 GB plan (C3.32GB; corrected after the run, the label first read the host), AMD EPYC 9555 64-Core Processor host, nothing else running; AMD EPYC 9555 64-Core Processor; 256 cores; 1512 GiB RAM; Linux-x86_64",2026-10-02T21:56:47+00:00,,1,0,0,2,95b1759fdfe2a4dc5789bc956336bc8dffdff8161ba62383e4e36cd271e0114b,23.466946,180.500911,17,1,,,,,,,,,0,0,0,nan,nan,0,0,0,0,0,533,0,0,0,4479.987807891918,4480,0,0,0,0,0
beasleyC3,37350bc46bdb84a6373e9044eb3d0d65202427fe2bcba64ed282f894699d75dd,1750,2500,5000,1250,feasible,,793.0,753.9999999999128,524.0,269.0,0.33921815889029006,0,0,1,74091,600,"gomory 147: 147 accepted; mir 106: 100 accepted, 6 duplicate",211.31707317073167,523.2381283311257,0.5362,300.043734,300.000630428,e7c0c60,"E2E TIR C3 container, 16 vCPU 32 GB plan (C3.32GB; corrected after the run, the label first read the host), AMD EPYC 9555 64-Core Processor host, nothing else running; AMD EPYC 9555 64-Core Processor; 256 cores; 1512 GiB RAM; Linux-x86_64",2026-10-02T21:56:47+00:00,,1,0,0,0,,12.534182,28.461376,9,1,,,,,,,,,0,0,0,nan,nan,0,0,0,0,0,570,0,0,0,2191.991901850427,2192,0,0,0,0,0
beasleyC3,37350bc46bdb84a6373e9044eb3d0d65202427fe2bcba64ed282f894699d75dd,1750,2500,5000,1250,feasible,,805.0,753.9999999999128,550.0,255.0,0.3167701863354037,0,0,1,65638,600,"gomory 151: 151 accepted; mir 99: 95 accepted, 4 duplicate",211.31707317073182,549.3527942391113,0.5694,300.045737,300.000452747,e7c0c60,"E2E TIR C3 container, 16 vCPU 32 GB plan (C3.32GB; corrected after the run, the label first read the host), AMD EPYC 9555 64-Core Processor host, nothing else running; AMD EPYC 9555 64-Core Processor; 256 cores; 1512 GiB RAM; Linux-x86_64",2026-10-02T21:56:47+00:00,,1,0,0,1,950ec4b77ed30d045eb54219c2643d1e0047253ea81ea45e3fc1e9ff96491ef6,12.980127,34.466892,8,1,,,,,,,,,0,0,0,nan,nan,0,0,0,0,0,564,0,0,0,2192.990858953655,2193,0,0,0,0,0
beasleyC3,37350bc46bdb84a6373e9044eb3d0d65202427fe2bcba64ed282f894699d75dd,1750,2500,5000,1250,feasible,,772.0,753.9999999999128,512.0,260.0,0.33678756476683935,0,0,1,62086,600,"gomory 152: 152 accepted; mir 103: 93 accepted, 10 duplicate",211.3170731707318,511.8994341629823,0.5361,300.048895,300.00137014,e7c0c60,"E2E TIR C3 container, 16 vCPU 32 GB plan (C3.32GB; corrected after the run, the label first read the host), AMD EPYC 9555 64-Core Processor host, nothing else running; AMD EPYC 9555 64-Core Processor; 256 cores; 1512 GiB RAM; Linux-x86_64",2026-10-02T21:56:47+00:00,,1,0,0,2,3a7225b1af1662f03575e458ec2ce6e927b1edf6c90dcf58fd43f449ce74822d,13.137050,20.540479,6,1,,,,,,,,,0,0,0,nan,nan,0,0,0,0,0,564,0,0,0,2192.9903359855684,2193,0,0,0,0,0
binkar10_1,94282c38edd6c83bb6c2d788d823fd82f218218e8e07c98d1d1ab42c1e91039e,1026,2298,4496,170,feasible,,7005.930016000005,6742.1998835,6710.537037221093,295.39297877891204,0.0421632785517839,0,0,1,132283,73,"gomory 38: 16 accepted, 22 too_dense; mir 10: 10 accepted",6637.188026943753,6702.985335038151,0.1784,300.082244,300.000599333,e7c0c60,"E2E TIR C3 container, 16 vCPU 32 GB plan (C3.32GB; corrected after the run, the label first read the host), AMD EPYC 9555 64-Core Processor host, nothing else running; AMD EPYC 9555 64-Core Processor; 256 cores; 1512 GiB RAM; Linux-x86_64",2026-10-02T21:56:47+00:00,,1,0,0,0,,5.096195,16.288167,4,1,,,,,,,,,0,0,0,nan,nan,0,0,0,0,0,70,0,0,0,914.9994340076138,915,0,0,0,0,0
binkar10_1,94282c38edd6c83bb6c2d788d823fd82f218218e8e07c98d1d1ab42c1e91039e,1026,2298,4496,170,feasible,,6895.36001,6742.1998835,6715.929374105031,179.43063589496978,0.0260219387580562,0,0,1,107989,85,"gomory 36: 17 accepted, 19 too_dense; mir 10: 10 accepted",6637.188026943752,6706.142202041502,0.2671,300.053907,300.000603739,e7c0c60,"E2E TIR C3 container, 16 vCPU 32 GB plan (C3.32GB; corrected after the run, the label first read the host), AMD EPYC 9555 64-Core Processor host, nothing else running; AMD EPYC 9555 64-Core Processor; 256 cores; 1512 GiB RAM; Linux-x86_64",2026-10-02T21:56:47+00:00,,1,0,0,1,1d738daa12402f1df55604742d11cd6d8643628fa5323065b75de7cd55de79c6,7.523618,14.020134,1,1,,,,,,,,,0,0,0,nan,nan,0,0,0,0,0,83,0,0,0,926.9991897122048,927,0,0,0,0,0
binkar10_1,94282c38edd6c83bb6c2d788d823fd82f218218e8e07c98d1d1ab42c1e91039e,1026,2298,4496,170,feasible,,6873.870022000001,6742.1998835,6714.211417177898,159.65860482210337,0.023226887373650043,0,0,1,107330,90,"gomory 35: 17 accepted, 18 too_dense; mir 10: 10 accepted",6637.188026943754,6706.089916112016,0.2911,300.049562,300.000471492,e7c0c60,"E2E TIR C3 container, 16 vCPU 32 GB plan (C3.32GB; corrected after the run, the label first read the host), AMD EPYC 9555 64-Core Processor host, nothing else running; AMD EPYC 9555 64-Core Processor; 256 cores; 1512 GiB RAM; Linux-x86_64",2026-10-02T21:56:47+00:00,,1,0,0,2,4737354dffef016bc86a29e74c597c343dec2ef60da0dfbe5d09b390776626f5,10.733899,16.281377,2,1,,,,,,,,,0,0,0,nan,nan,0,0,0,0,0,86,0,0,0,930.9991306867574,931,0,0,0,0,0
bppc4-08,f7441940af00d8a1a68b889f95dcabbe0185b68f53598cb70595fab23eca1cec,111,1456,23964,1454,feasible,,56.99999999999999,53.0,52.0,4.999999999999993,0.08771929824561392,0,0,1,25607,4,"gomory 5: 1 accepted, 4 too_dense",51.589999999999975,51.58999999999998,0.0000,300.020180,299.999756354,e7c0c60,"E2E TIR C3 container, 16 vCPU 32 GB plan (C3.32GB; corrected after the run, the label first read the host), AMD EPYC 9555 64-Core Processor host, nothing else running; AMD EPYC 9555 64-Core Processor; 256 cores; 1512 GiB RAM; Linux-x86_64",2026-10-02T21:56:47+00:00,,1,0,0,0,,0.487513,30.844231,5,1,,,,,,,,,0,0,0,nan,nan,0,0,0,0,0,4,0,0,0,114.99984379271292,115,0,0,0,0,0
bppc4-08,f7441940af00d8a1a68b889f95dcabbe0185b68f53598cb70595fab23eca1cec,111,1456,23964,1454,feasible,,58.00000000000002,53.0,52.0,6.000000000000021,0.1034482758620693,0,0,1,20008,3,gomory 5: 5 accepted,51.589999999999975,51.59,0.0000,300.018046,300.000684549,e7c0c60,"E2E TIR C3 container, 16 vCPU 32 GB plan (C3.32GB; corrected after the run, the label first read the host), AMD EPYC 9555 64-Core Processor host, nothing else running; AMD EPYC 9555 64-Core Processor; 256 cores; 1512 GiB RAM; Linux-x86_64",2026-10-02T21:56:47+00:00,,1,0,0,1,c5fbfc0468be3ca6539de8d9b64d567d47f4ca2e244797ba419f84b07855fc6e,0.534362,31.260781,3,1,,,,,,,,,0,0,0,nan,nan,0,0,0,0,0,3,0,0,0,113.99985005997601,114,0,0,0,0,0
bppc4-08,f7441940af00d8a1a68b889f95dcabbe0185b68f53598cb70595fab23eca1cec,111,1456,23964,1454,feasible,,58.000000000000014,53.0,52.0,6.000000000000014,0.10344827586206919,0,0,1,20764,1,gomory 1: 1 accepted,51.589999999999975,51.589999999999996,0.0000,300.017868,299.999693714,e7c0c60,"E2E TIR C3 container, 16 vCPU 32 GB plan (C3.32GB; corrected after the run, the label first read the host), AMD EPYC 9555 64-Core Processor host, nothing else running; AMD EPYC 9555 64-Core Processor; 256 cores; 1512 GiB RAM; Linux-x86_64",2026-10-02T21:56:47+00:00,,1,0,0,2,183ee6141e87b19b64e0b4d1e6e5f3aaa9e075a49ac3c92851e8201bf9a64c18,0.668216,31.449954,7,1,,,,,,,,,0,0,0,nan,nan,0,0,0,0,0,1,0,0,0,111.9999518397226,112,0,0,0,0,0
cost266-UUE,a6048c81daa7c992ff5c3f6b954e2fd4d77048c9b9c3e49b76380a3c3e73fa7d,1446,4161,12312,171,feasible,,31445308.16000002,25148940.55999998,23024894.885223668,8420413.27477635,0.26777963923684905,0,0,1,29564,256,"gomory 56: 56 accepted; mir 46: 42 accepted, 4 duplicate",20161515.663928594,22047203.260547154,0.1671,300.049442,300.004120294,e7c0c60,"E2E TIR C3 container, 16 vCPU 32 GB plan (C3.32GB; corrected after the run, the label first read the host), AMD EPYC 9555 64-Core Processor host, nothing else running; AMD EPYC 9555 64-Core Processor; 256 cores; 1512 GiB RAM; Linux-x86_64",2026-10-02T21:56:47+00:00,,1,0,0,0,,9.560615,71.179539,14,1,,,,,,,,,0,0,0,nan,nan,0,0,0,0,0,227,0,0,0,1692.991327913279,1693,0,0,0,0,0
cost266-UUE,a6048c81daa7c992ff5c3f6b954e2fd4d77048c9b9c3e49b76380a3c3e73fa7d,1446,4161,12312,171,feasible,,33939770.68000004,25148940.55999998,22816460.880401243,11123309.799598794,0.3277367400173248,0,0,1,27508,245,"gomory 56: 56 accepted; mir 49: 47 accepted, 2 duplicate",20161515.663928553,22004573.111534424,0.1338,300.039951,300.001377306,e7c0c60,"E2E TIR C3 container, 16 vCPU 32 GB plan (C3.32GB; corrected after the run, the label first read the host), AMD EPYC 9555 64-Core Processor host, nothing else running; AMD EPYC 9555 64-Core Processor; 256 cores; 1512 GiB RAM; Linux-x86_64",2026-10-02T21:56:47+00:00,,1,0,0,1,00df1cf090bb3f0a49078a229086a1cdb9fe43d3100d424bb0dc4c00e06e84d2,17.079039,92.697972,9,1,,,,,,,,,0,0,0,nan,nan,0,0,0,0,0,217,0,0,0,1681.9910931762824,1682,0,0,0,0,0
cost266-UUE,a6048c81daa7c992ff5c3f6b954e2fd4d77048c9b9c3e49b76380a3c3e73fa7d,1446,4161,12312,171,feasible,,33936785.31999999,25148940.55999998,22758424.210649222,11178361.10935077,0.32938774264995035,0,0,1,26376,265,"gomory 56: 56 accepted; mir 45: 43 accepted, 2 duplicate",20161515.663928576,21980877.671290874,0.1321,300.038107,299.999919707,e7c0c60,"E2E TIR C3 container, 16 vCPU 32 GB plan (C3.32GB; corrected after the run, the label first read the host), AMD EPYC 9555 64-Core Processor host, nothing else running; AMD EPYC 9555 64-Core Processor; 256 cores; 1512 GiB RAM; Linux-x86_64",2026-10-02T21:56:47+00:00,,1,0,0,2,e1f3b47975dd76f6b4535efe4426a6b8c18fa038bf762bda31881d6597b82f16,11.370475,89.158527,14,1,,,,,,,,,0,0,0,nan,nan,0,0,0,0,0,230,0,0,0,1701.9899381098835,1702,0,0,0,0,0
csched007,7d9ffe638f906498f432519c66db4570704070afdb88435a4bb75e5641f09973,351,1758,6379,1457,time_limit,"; no feasible point had been found when the limit stopped the search, so none is reported (the objective is the worst representable value, not a solution)",inf,350.9999999999955,298.8496812762983,inf,inf,0,0,,41824,273,"gomory 7: 6 accepted, 1 duplicate; mir 66: 61 accepted, 5 duplicate",269.2515873015871,292.1295657559512,,300.020437,300.000015212,e7c0c60,"E2E TIR C3 container, 16 vCPU 32 GB plan (C3.32GB; corrected after the run, the label first read the host), AMD EPYC 9555 64-Core Processor host, nothing else running; AMD EPYC 9555 64-Core Processor; 256 cores; 1512 GiB RAM; Linux-x86_64",2026-10-02T21:56:47+00:00,,1,0,0,0,,,300.000015,0,0,,,,,,,,,0,0,0,nan,nan,0,0,0,0,0,256,0,0,0,621.9934726472839,622,0,0,0,0,0
csched007,7d9ffe638f906498f432519c66db4570704070afdb88435a4bb75e5641f09973,351,1758,6379,1457,time_limit,"; no feasible point had been found when the limit stopped the search, so none is reported (the objective is the worst representable value, not a solution)",inf,350.9999999999955,301.39991467076663,inf,inf,0,0,,35036,293,"gomory 2: 2 accepted; mir 66: 60 accepted, 6 duplicate",269.2515873015871,292.8462569702685,,300.019254,300.001344435,e7c0c60,"E2E TIR C3 container, 16 vCPU 32 GB plan (C3.32GB; corrected after the run, the label first read the host), AMD EPYC 9555 64-Core Processor host, nothing else running; AMD EPYC 9555 64-Core Processor; 256 cores; 1512 GiB RAM; Linux-x86_64",2026-10-02T21:56:47+00:00,,1,0,0,1,28464ecddf7b97d8a8afa3e6c3069c7955ed9f54d69a8c2b0a1d8a47784f114f,,300.001344,0,0,,,,,,,,,0,0,0,nan,nan,0,0,0,0,0,271,0,0,0,641.9916371731933,642,0,0,0,0,0
csched007,7d9ffe638f906498f432519c66db4570704070afdb88435a4bb75e5641f09973,351,1758,6379,1457,time_limit,"; no feasible point had been found when the limit stopped the search, so none is reported (the objective is the worst representable value, not a solution)",inf,350.9999999999955,299.52526079412627,inf,inf,0,0,,31774,349,"gomory 2: 2 accepted; mir 66: 61 accepted, 5 duplicate",269.25158730158734,294.55678296863914,,300.017427,299.999968833,e7c0c60,"E2E TIR C3 container, 16 vCPU 32 GB plan (C3.32GB; corrected after the run, the label first read the host), AMD EPYC 9555 64-Core Processor host, nothing else running; AMD EPYC 9555 64-Core Processor; 256 cores; 1512 GiB RAM; Linux-x86_64",2026-10-02T21:56:47+00:00,,1,0,0,2,56893ba34b5777fe18b907544c2e2ad51ef52ae3d6b552b0d858151e79983d28,,299.999969,0,0,,,,,,,,,0,0,0,nan,nan,0,0,0,0,0,336,0,0,0,697.9890161767482,698,0,0,0,0,0
csched008,5b121b09142ea4cb9da7a7a355a738fc58195343e7cc53227aaeddd52cb8d9e7,351,1536,5687,1284,feasible,,184.99999999999994,173.0,171.0,13.999999999999943,0.07567567567567539,0,0,1,51927,90,"gomory 12: 12 accepted; mir 80: 54 accepted, 26 duplicate",171.0,171.0,0.0000,300.021394,300.000011826,e7c0c60,"E2E TIR C3 container, 16 vCPU 32 GB plan (C3.32GB; corrected after the run, the label first read the host), AMD EPYC 9555 64-Core Processor host, nothing else running; AMD EPYC 9555 64-Core Processor; 256 cores; 1512 GiB RAM; Linux-x86_64",2026-10-02T21:56:47+00:00,,1,0,0,0,,81.361998,96.679994,3,1,,,,,,,,,0,0,0,nan,nan,0,0,0,0,0,90,0,0,0,433.9981804949054,434,0,0,0,0,0
csched008,5b121b09142ea4cb9da7a7a355a738fc58195343e7cc53227aaeddd52cb8d9e7,351,1536,5687,1284,time_limit,"; no feasible point had been found when the limit stopped the search, so none is reported (the objective is the worst representable value, not a solution)",inf,173.0,171.00000000000003,inf,inf,0,0,,37143,90,"gomory 12: 11 accepted, 1 duplicate; mir 122: 86 accepted, 36 duplicate",171.0,171.00000000000003,,300.018387,300.000218352,e7c0c60,"E2E TIR C3 container, 16 vCPU 32 GB plan (C3.32GB; corrected after the run, the label first read the host), AMD EPYC 9555 64-Core Processor host, nothing else running; AMD EPYC 9555 64-Core Processor; 256 cores; 1512 GiB RAM; Linux-x86_64",2026-10-02T21:56:47+00:00,,1,0,0,1,c7f9f3e74d02d11640a341497bdcd8268683f1d0f9229a2bec9f52c4285a7978,,300.000218,0,0,,,,,,,,,0,0,0,nan,nan,0,0,0,0,0,90,0,0,0,433.99757693239644,434,0,0,0,0,0
csched008,5b121b09142ea4cb9da7a7a355a738fc58195343e7cc53227aaeddd52cb8d9e7,351,1536,5687,1284,feasible,,189.0,173.0,171.00000000000003,17.99999999999997,0.0952380952380951,0,0,1,33699,90,"gomory 41: 17 accepted, 21 too_dense, 3 duplicate; mir 96: 75 accepted, 21 duplicate",171.0,171.00000000000003,0.0000,300.017021,299.999915631,e7c0c60,"E2E TIR C3 container, 16 vCPU 32 GB plan (C3.32GB; corrected after the run, the label first read the host), AMD EPYC 9555 64-Core Processor host, nothing else running; AMD EPYC 9555 64-Core Processor; 256 cores; 1512 GiB RAM; Linux-x86_64",2026-10-02T21:56:47+00:00,,1,0,0,2,a9a7d23f722d47d74d2f71183defa5d57d94acd75bb8ff5cf607e0fb3f6be777,216.917994,223.951384,1,1,,,,,,,,,0,0,0,nan,nan,0,0,0,0,0,90,0,0,0,434.9973292976053,435,0,0,0,0,0
cvs16r128-89,13500ea3846f62a738b3c00f504a84f2ccf0a48cc1519183299aeccb36ca4049,4633,3472,12528,3472,feasible,"stopped at the time limit of 299.999s after 300.02s, 0 iterations, 1013 nodes",-93.0,-97.0,-124.0,31.0,0.3333333333333333,0,0,1,1013,1,"gomory 2982: 9 accepted, 2973 too_dense",-127.99999999999758,-127.99999999999869,0.0000,300.063735,300.020230838,e7c0c60,"E2E TIR C3 container, 16 vCPU 32 GB plan (C3.32GB; corrected after the run, the label first read the host), AMD EPYC 9555 64-Core Processor host, nothing else running; AMD EPYC 9555 64-Core Processor; 256 cores; 1512 GiB RAM; Linux-x86_64",2026-10-02T21:56:47+00:00,,1,0,0,0,,17.714675,36.694778,25,1,,,,,,,,,0,0,0,nan,nan,0,0,0,0,0,0,0,0,0,4634.999011857708,4635,0,0,0,0,0
cvs16r128-89,13500ea3846f62a738b3c00f504a84f2ccf0a48cc1519183299aeccb36ca4049,4633,3472,12528,3472,feasible,"stopped at the time limit of 299.999s after 300.01s, 0 iterations, 970 nodes",-92.0,-97.0,-124.0,32.0,0.34782608695652173,0,0,1,970,3,"gomory 2855: 9 accepted, 2839 too_dense, 7 coefficient_ratio; zero_half 1: 1 accepted",-127.99999999999758,-127.89467344492584,0.0029,300.047776,300.005484643,e7c0c60,"E2E TIR C3 container, 16 vCPU 32 GB plan (C3.32GB; corrected after the run, the label first read the host), AMD EPYC 9555 64-Core Processor host, nothing else running; AMD EPYC 9555 64-Core Processor; 256 cores; 1512 GiB RAM; Linux-x86_64",2026-10-02T21:56:47+00:00,,1,0,0,1,4f34acdfb3f97c1e1488c216f8fb98f710ec9805cd49cdfa3bbdd933097ea338,4.835872,27.253927,24,1,,,,,,,,,0,0,0,nan,nan,0,0,0,0,0,2,0,0,0,4641.996907216495,4642,0,0,0,0,0
cvs16r128-89,13500ea3846f62a738b3c00f504a84f2ccf0a48cc1519183299aeccb36ca4049,4633,3472,12528,3472,time_limit,"; no feasible point had been found when the limit stopped the search, so none is reported (the objective is the worst representable value, not a solution)",inf,-97.0,-inf,inf,inf,0,0,,1,0,,nan,nan,,300.013194,300.001218779,e7c0c60,"E2E TIR C3 container, 16 vCPU 32 GB plan (C3.32GB; corrected after the run, the label first read the host), AMD EPYC 9555 64-Core Processor host, nothing else running; AMD EPYC 9555 64-Core Processor; 256 cores; 1512 GiB RAM; Linux-x86_64",2026-10-02T21:56:47+00:00,,1,0,0,2,34f500d1a164c633d67acc738f862741dd28830e3e9b7e114c34d9951ac72017,,300.001219,0,0,,,,,,,,,0,0,0,nan,nan,0,0,0,0,0,0,0,0,0,4635.0,4635,0,0,0,0,0
enlight_hard,942168c2126a2a91ae3ec1ededea59bc1af0cad55f94223edf4c03d20e831f66,100,200,560,200,time_limit,"; no feasible point had been found when the limit stopped the search, so none is reported (the objective is the worst representable value, not a solution)",inf,37.0,29.0,inf,inf,0,0,,1005703,100,"gomory 48: 40 accepted, 8 duplicate; mir 70: 70 accepted; zero_half 267: 267 accepted",15.5,19.33738921646525,,300.244522,300.004794522,e7c0c60,"E2E TIR C3 container, 16 vCPU 32 GB plan (C3.32GB; corrected after the run, the label first read the host), AMD EPYC 9555 64-Core Processor host, nothing else running; AMD EPYC 9555 64-Core Processor; 256 cores; 1512 GiB RAM; Linux-x86_64",2026-10-02T21:56:47+00:00,,1,0,0,0,,,300.004795,0,0,,,,,,,,,0,0,0,nan,nan,0,0,0,0,0,100,0,0,0,199.99988534542558,200,0,0,0,0,0
enlight_hard,942168c2126a2a91ae3ec1ededea59bc1af0cad55f94223edf4c03d20e831f66,100,200,560,200,time_limit,"; no feasible point had been found when the limit stopped the search, so none is reported (the objective is the worst representable value, not a solution)",inf,37.0,28.0,inf,inf,0,0,,988693,100,"gomory 42: 36 accepted, 6 duplicate; mir 58: 58 accepted; zero_half 228: 228 accepted",15.5,19.29054392097489,,300.306604,300.005354251,e7c0c60,"E2E TIR C3 container, 16 vCPU 32 GB plan (C3.32GB; corrected after the run, the label first read the host), AMD EPYC 9555 64-Core Processor host, nothing else running; AMD EPYC 9555 64-Core Processor; 256 cores; 1512 GiB RAM; Linux-x86_64",2026-10-02T21:56:47+00:00,,1,0,0,1,c763ce931eea52495c6f6486080d3ab1879ba8f65f783e619824f59f2c9ee6e9,,300.005354,0,0,,,,,,,,,0,0,0,nan,nan,0,0,0,0,0,100,0,0,0,199.99988622167203,200,0,0,0,0,0
enlight_hard,942168c2126a2a91ae3ec1ededea59bc1af0cad55f94223edf4c03d20e831f66,100,200,560,200,time_limit,"; no feasible point had been found when the limit stopped the search, so none is reported (the objective is the worst representable value, not a solution)",inf,37.0,27.0,inf,inf,0,0,,1025153,100,"gomory 46: 40 accepted, 6 duplicate; mir 70: 70 accepted; zero_half 228: 228 accepted",15.5,19.432265224025524,,300.315487,300.005620426,e7c0c60,"E2E TIR C3 container, 16 vCPU 32 GB plan (C3.32GB; corrected after the run, the label first read the host), AMD EPYC 9555 64-Core Processor host, nothing else running; AMD EPYC 9555 64-Core Processor; 256 cores; 1512 GiB RAM; Linux-x86_64",2026-10-02T21:56:47+00:00,,1,0,0,2,641ae95917822d738ee3b6d132cda4a0504950a52763da2340da40948e467146,,300.005620,0,0,,,,,,,,,0,0,0,nan,nan,0,0,0,0,0,100,0,0,0,199.99988928892492,200,0,0,0,0,0
exp-1-500-5-5,6e00da7741d808d331ff37bfcaf498bcc4c57ac24f32622f01047b6bbc7d870f,550,990,1980,250,feasible,"stopped at the time limit of 300s after 300.00s, 0 iterations, 90564 nodes",90756.0,65887.0,63637.285633730484,27118.714366269516,0.2988090524733298,0,0,1,90564,550,gomory 121: 121 accepted; mir 114: 114 accepted,28427.048404552137,62237.08537244654,0.5424,300.040100,300.000353057,e7c0c60,"E2E TIR C3 container, 16 vCPU 32 GB plan (C3.32GB; corrected after the run, the label first read the host), AMD EPYC 9555 64-Core Processor host, nothing else running; AMD EPYC 9555 64-Core Processor; 256 cores; 1512 GiB RAM; Linux-x86_64",2026-10-02T21:56:47+00:00,,1,0,0,0,,5.212427,91.415910,9,1,,,,,,,,,0,0,0,nan,nan,0,0,0,0,0,429,0,0,0,1099.9939269466897,1100,0,0,0,0,0
exp-1-500-5-5,6e00da7741d808d331ff37bfcaf498bcc4c57ac24f32622f01047b6bbc7d870f,550,990,1980,250,feasible,"stopped at the time limit of 300s after 300.00s, 0 iterations, 94621 nodes",82436.00000000001,65887.0,63893.48603857903,18542.513961420984,0.22493223787448421,0,0,1,94621,550,gomory 122: 122 accepted; mir 114: 114 accepted,28427.04840455214,62894.92365834591,0.6382,300.043386,300.000174723,e7c0c60,"E2E TIR C3 container, 16 vCPU 32 GB plan (C3.32GB; corrected after the run, the label first read the host), AMD EPYC 9555 64-Core Processor host, nothing else running; AMD EPYC 9555 64-Core Processor; 256 cores; 1512 GiB RAM; Linux-x86_64",2026-10-02T21:56:47+00:00,,1,0,0,1,c1099ff222c2480afc4e69a1c76617ddb058ed88ca7975381078c217998c0846,3.944309,65.251921,5,1,,,,,,,,,0,0,0,nan,nan,0,0,0,0,0,442,0,0,0,1099.994187336849,1100,0,0,0,0,0
exp-1-500-5-5,6e00da7741d808d331ff37bfcaf498bcc4c57ac24f32622f01047b6bbc7d870f,550,990,1980,250,feasible,"stopped at the time limit of 300s after 300.00s, 0 iterations, 97773 nodes",95257.0,65887.0,63900.80329863512,31356.196701364883,0.3291747241815812,0,0,1,97773,550,gomory 121: 121 accepted; mir 114: 114 accepted,28427.048404552126,62652.683505094705,0.5121,300.044583,300.000425444,e7c0c60,"E2E TIR C3 container, 16 vCPU 32 GB plan (C3.32GB; corrected after the run, the label first read the host), AMD EPYC 9555 64-Core Processor host, nothing else running; AMD EPYC 9555 64-Core Processor; 256 cores; 1512 GiB RAM; Linux-x86_64",2026-10-02T21:56:47+00:00,,1,0,0,2,baf028a502d37aa5c673c345ad88eb2968079a0e5fd67c9eaf861dd8e51c6a18,3.894679,102.346494,10,1,,,,,,,,,0,0,0,nan,nan,0,0,0,0,0,483,0,0,0,1099.9943747251286,1100,0,0,0,0,0
fastxgemm-n2r6s0t2,e034ce428ac1bf325a15ae70aeff8c548854635a781a27f8b80cbb9c0af06246,5998,784,19376,48,feasible,,526.9999999999999,230.0,27.000000000000014,499.9999999999999,0.9487666034155597,0,0,1,2877,38,"gomory 22: 10 accepted, 12 too_dense",26.99999999999996,27.000000000000014,0.0000,300.024284,299.999907943,e7c0c60,"E2E TIR C3 container, 16 vCPU 32 GB plan (C3.32GB; corrected after the run, the label first read the host), AMD EPYC 9555 64-Core Processor host, nothing else running; AMD EPYC 9555 64-Core Processor; 256 cores; 1512 GiB RAM; Linux-x86_64",2026-10-02T21:56:47+00:00,,1,0,0,0,,5.792839,171.598341,1,1,,,,,,,,,0,0,0,nan,nan,0,0,0,0,0,38,0,0,0,6040.986423722758,6041,0,0,0,0,0
fastxgemm-n2r6s0t2,e034ce428ac1bf325a15ae70aeff8c548854635a781a27f8b80cbb9c0af06246,5998,784,19376,48,feasible,,854.0000000000009,230.0,27.00000000000003,827.0000000000009,0.9683840749414521,0,0,1,2594,35,"gomory 16: 10 accepted, 6 too_dense",26.999999999999996,27.00000000000003,0.0000,300.020794,299.999990076,e7c0c60,"E2E TIR C3 container, 16 vCPU 32 GB plan (C3.32GB; corrected after the run, the label first read the host), AMD EPYC 9555 64-Core Processor host, nothing else running; AMD EPYC 9555 64-Core Processor; 256 cores; 1512 GiB RAM; Linux-x86_64",2026-10-02T21:56:47+00:00,,1,0,0,1,1de652c7f9653183193a974824848b43b079ab26aae903b686a808d6cd89a478,27.656215,226.754673,4,1,,,,,,,,,0,0,0,nan,nan,0,0,0,0,0,35,0,0,0,6037.98639720171,6038,0,0,0,0,0
fastxgemm-n2r6s0t2,e034ce428ac1bf325a15ae70aeff8c548854635a781a27f8b80cbb9c0af06246,5998,784,19376,48,feasible,,838.9999999999991,230.0,27.000000000000014,811.9999999999991,0.967818831942789,0,0,1,3421,59,gomory 20: 20 accepted,26.999999999999975,26.99999999999998,0.0000,300.022285,300.000034878,e7c0c60,"E2E TIR C3 container, 16 vCPU 32 GB plan (C3.32GB; corrected after the run, the label first read the host), AMD EPYC 9555 64-Core Processor host, nothing else running; AMD EPYC 9555 64-Core Processor; 256 cores; 1512 GiB RAM; Linux-x86_64",2026-10-02T21:56:47+00:00,,1,0,0,2,3eaf55e96b3e808c3bed9b112278f44a94bf2847d0f9fe649de5738e951ab73f,6.813409,221.197685,6,1,,,,,,,,,0,0,0,nan,nan,0,0,0,0,0,59,0,0,0,6061.982077764277,6062,0,0,0,0,0
fhnw-binpack4-48,91134a0cb48050ef0a248362d2e3fdff1bfc0dc4011c59e9b5e3991caef0cfd5,4480,3710,17290,3605,time_limit,"; no feasible point had been found when the limit stopped the search, so none is reported (the objective is the worst representable value, not a solution)",inf,0.0,0.0,inf,inf,0,0,,53918,90,"gomory 2890: 2890 accepted; mir 2890: 640 accepted, 2250 duplicate",0.0,0.0,,300.057203,300.00073044,e7c0c60,"E2E TIR C3 container, 16 vCPU 32 GB plan (C3.32GB; corrected after the run, the label first read the host), AMD EPYC 9555 64-Core Processor host, nothing else running; AMD EPYC 9555 64-Core Processor; 256 cores; 1512 GiB RAM; Linux-x86_64",2026-10-02T21:56:47+00:00,,1,0,0,0,,,300.000730,0,0,,,,,,,,,0,0,0,nan,nan,0,0,0,0,0,90,0,0,0,4569.998327852405,4570,0,0,0,0,0
fhnw-binpack4-48,91134a0cb48050ef0a248362d2e3fdff1bfc0dc4011c59e9b5e3991caef0cfd5,4480,3710,17290,3605,time_limit,"stopped at the time limit of 299.999s after 300.00s, 0 iterations, 29653 nodes; no feasible point had been found when the limit stopped the search, so none is reported (the objective is the worst representable value, not a solution)",inf,0.0,0.0,inf,inf,0,0,,29653,90,"gomory 2910: 2910 accepted; mir 2874: 1253 accepted, 1621 duplicate",0.0,0.0,,300.053072,299.999493474,e7c0c60,"E2E TIR C3 container, 16 vCPU 32 GB plan (C3.32GB; corrected after the run, the label first read the host), AMD EPYC 9555 64-Core Processor host, nothing else running; AMD EPYC 9555 64-Core Processor; 256 cores; 1512 GiB RAM; Linux-x86_64",2026-10-02T21:56:47+00:00,,1,0,0,1,a6e572dc7734df52c215d7ca206388705264c4ac7f06a2c91dae05a226b53020,,299.999493,0,0,,,,,,,,,0,0,0,nan,nan,0,0,0,0,0,89,0,0,0,4569.996964791582,4570,0,0,0,0,0
fhnw-binpack4-48,91134a0cb48050ef0a248362d2e3fdff1bfc0dc4011c59e9b5e3991caef0cfd5,4480,3710,17290,3605,time_limit,"; no feasible point had been found when the limit stopped the search, so none is reported (the objective is the worst representable value, not a solution)",inf,0.0,0.0,inf,inf,0,0,,25622,90,"gomory 2855: 2855 accepted; mir 2967: 1772 accepted, 1195 duplicate",0.0,0.0,,300.052781,300.000249951,e7c0c60,"E2E TIR C3 container, 16 vCPU 32 GB plan (C3.32GB; corrected after the run, the label first read the host), AMD EPYC 9555 64-Core Processor host, nothing else running; AMD EPYC 9555 64-Core Processor; 256 cores; 1512 GiB RAM; Linux-x86_64",2026-10-02T21:56:47+00:00,,1,0,0,2,3ff0b178ba9ce938f1e5644095efc9ef7013930a8c281270595f7015f7e7fcc7,,300.000250,0,0,,,,,,,,,0,0,0,nan,nan,0,0,0,0,0,90,0,0,0,4569.996486296556,4570,0,0,0,0,0
gen-ip002,cb37e723fa2187947981215bf9c8ba40d452984d7b9be3467e9f9d18f0343f78,24,41,922,41,feasible,,-4783.733391600001,-4783.733392,-4793.3160853744785,9.582693774477775,0.0020031830769048527,1,0,1,2412991,3,gomory 18: 18 accepted,-4840.541961300889,-4839.186475030237,0.0239,300.560945,300.004248502,e7c0c60,"E2E TIR C3 container, 16 vCPU 32 GB plan (C3.32GB; corrected after the run, the label first read the host), AMD EPYC 9555 64-Core Processor host, nothing else running; AMD EPYC 9555 64-Core Processor; 256 cores; 1512 GiB RAM; Linux-x86_64",2026-10-02T21:56:47+00:00,,1,0,0,0,,0.007136,0.054944,13,1,,,,,,,,,0,0,0,nan,nan,0,0,0,0,0,3,0,0,0,26.999998756681283,27,0,0,0,0,0
gen-ip002,cb37e723fa2187947981215bf9c8ba40d452984d7b9be3467e9f9d18f0343f78,24,41,922,41,feasible,,-4783.733391600001,-4783.733392,-4793.420607898789,9.687216298788371,0.002025032648307417,1,0,1,2379626,3,gomory 18: 18 accepted,-4840.541961300889,-4839.186475030237,0.0239,300.612417,300.004490192,e7c0c60,"E2E TIR C3 container, 16 vCPU 32 GB plan (C3.32GB; corrected after the run, the label first read the host), AMD EPYC 9555 64-Core Processor host, nothing else running; AMD EPYC 9555 64-Core Processor; 256 cores; 1512 GiB RAM; Linux-x86_64",2026-10-02T21:56:47+00:00,,1,0,0,1,8c8484e24ebba10a4897abbeca67035789501e7fc890016324e418e5ed4d6f16,0.005769,0.053346,13,1,,,,,,,,,0,0,0,nan,nan,0,0,0,0,0,3,0,0,0,26.999998739246298,27,0,0,0,0,0
gen-ip002,cb37e723fa2187947981215bf9c8ba40d452984d7b9be3467e9f9d18f0343f78,24,41,922,41,feasible,,-4783.733391600001,-4783.733392,-4793.347978779054,9.61458717905316,0.002009850130012659,1,0,1,2402871,3,gomory 18: 18 accepted,-4840.541961300888,-4839.186475030236,0.0239,300.549825,300.004370522,e7c0c60,"E2E TIR C3 container, 16 vCPU 32 GB plan (C3.32GB; corrected after the run, the label first read the host), AMD EPYC 9555 64-Core Processor host, nothing else running; AMD EPYC 9555 64-Core Processor; 256 cores; 1512 GiB RAM; Linux-x86_64",2026-10-02T21:56:47+00:00,,1,0,0,2,44a18083927f8428b61ed0f6a8c542b60a420c3af89891f2815d3aca1f272ada,0.005769,0.053091,13,1,,,,,,,,,0,0,0,nan,nan,0,0,0,0,0,3,0,0,0,26.999998751443123,27,0,0,0,0,0
gen-ip054,b5089ebc97c43bd583fcadf30955b8800861044d632d747c0b7ac73f19b9e6f3,27,30,532,30,feasible,,6840.965641792,6840.96564179,6821.314206510905,19.651435281094564,0.002872611311046849,1,0,1,2609555,5,gomory 15: 15 accepted; mir 1: 1 accepted,6765.2090427101575,6766.95958412342,0.0231,300.547685,300.004811129,e7c0c60,"E2E TIR C3 container, 16 vCPU 32 GB plan (C3.32GB; corrected after the run, the label first read the host), AMD EPYC 9555 64-Core Processor host, nothing else running; AMD EPYC 9555 64-Core Processor; 256 cores; 1512 GiB RAM; Linux-x86_64",2026-10-02T21:56:47+00:00,,1,0,0,0,,0.028480,0.154233,15,1,,,,,,,,,0,0,0,nan,nan,0,0,0,0,0,5,0,0,0,31.99999808334314,32,0,0,0,0,0
gen-ip054,b5089ebc97c43bd583fcadf30955b8800861044d632d747c0b7ac73f19b9e6f3,27,30,532,30,feasible,"stopped at the time limit of 300s after 300.00s, 0 iterations, 2613127 nodes",6840.9656417920005,6840.96564179,6821.3348788701,19.630762921900896,0.0028695894629224583,1,0,1,2613127,5,gomory 15: 15 accepted; mir 1: 1 accepted,6765.2090427101575,6766.959584123419,0.0231,300.546489,300.004577398,e7c0c60,"E2E TIR C3 container, 16 vCPU 32 GB plan (C3.32GB; corrected after the run, the label first read the host), AMD EPYC 9555 64-Core Processor host, nothing else running; AMD EPYC 9555 64-Core Processor; 256 cores; 1512 GiB RAM; Linux-x86_64",2026-10-02T21:56:47+00:00,,1,0,0,1,a05bfcfe90917083231ff695c360202d87ae41d730c8a4c810d346715f5392df,0.028560,0.153961,15,1,,,,,,,,,0,0,0,nan,nan,0,0,0,0,0,5,0,0,0,31.99999808596322,32,0,0,0,0,0
gen-ip054,b5089ebc97c43bd583fcadf30955b8800861044d632d747c0b7ac73f19b9e6f3,27,30,532,30,feasible,,6840.9656417920005,6840.96564179,6821.449953349806,19.515688442194914,0.002852768083349524,1,0,1,2633717,5,gomory 15: 15 accepted; mir 1: 1 accepted,6765.209042710156,6766.95958412342,0.0231,300.553815,300.005259438,e7c0c60,"E2E TIR C3 container, 16 vCPU 32 GB plan (C3.32GB; corrected after the run, the label first read the host), AMD EPYC 9555 64-Core Processor host, nothing else running; AMD EPYC 9555 64-Core Processor; 256 cores; 1512 GiB RAM; Linux-x86_64",2026-10-02T21:56:47+00:00,,1,0,0,2,57e5a595597df7087e3778fa046c2d5030030de75d7e67ade103dc909de22cf9,0.028054,0.154172,15,1,,,,,,,,,0,0,0,nan,nan,0,0,0,0,0,5,0,0,0,31.99999810092519,32,0,0,0,0,0
glass4,0d6e6ceaf921e5d5489b9926fdfed2ce0aa25fd9acfa9deb6794669b56b59591,396,322,1815,302,feasible,,3000028200.0000114,1200012599.972384,800004500.0,2200023700.0000114,0.7333343399905384,0,0,1,474261,90,"gomory 72: 36 accepted, 36 duplicate; mir 71: 35 accepted, 36 duplicate",800002400.0,800002400.0,0.0000,300.159855,300.001292142,e7c0c60,"E2E TIR C3 container, 16 vCPU 32 GB plan (C3.32GB; corrected after the run, the label first read the host), AMD EPYC 9555 64-Core Processor host, nothing else running; AMD EPYC 9555 64-Core Processor; 256 cores; 1512 GiB RAM; Linux-x86_64",2026-10-02T21:56:47+00:00,,1,0,0,0,,3.565769,198.594997,6,1,,,,,,,,,0,0,0,nan,nan,0,0,0,0,0,90,0,0,0,486.9998100748938,487,0,0,0,0,0
glass4,0d6e6ceaf921e5d5489b9926fdfed2ce0aa25fd9acfa9deb6794669b56b59591,396,322,1815,302,feasible,,2950027633.333331,1200012599.972384,800005600.0,2150022033.333331,0.7288142012771426,0,0,1,431635,90,"gomory 72: 36 accepted, 36 duplicate; mir 70: 35 accepted, 35 duplicate",800002400.0,800002400.0,0.0000,300.137371,300.001185368,e7c0c60,"E2E TIR C3 container, 16 vCPU 32 GB plan (C3.32GB; corrected after the run, the label first read the host), AMD EPYC 9555 64-Core Processor host, nothing else running; AMD EPYC 9555 64-Core Processor; 256 cores; 1512 GiB RAM; Linux-x86_64",2026-10-02T21:56:47+00:00,,1,0,0,1,ab29ce52ae8e302bec03d2f84f8b894cfd9609756e261ebc5894a0acf8507ff8,7.625009,186.934595,7,1,,,,,,,,,0,0,0,nan,nan,0,0,0,0,0,89,0,0,0,486.99979149049545,487,0,0,0,0,0
glass4,0d6e6ceaf921e5d5489b9926fdfed2ce0aa25fd9acfa9deb6794669b56b59591,396,322,1815,302,feasible,"stopped at the time limit of 300s after 300.00s, 0 iterations, 434626 nodes",3200022400.000008,1200012599.972384,800005400.0,2400017000.000008,0.7500000624995632,0,0,1,434626,90,"gomory 72: 36 accepted, 36 duplicate; mir 65: 30 accepted, 35 duplicate",800002400.0,800002400.0,0.0000,300.152261,300.001013131,e7c0c60,"E2E TIR C3 container, 16 vCPU 32 GB plan (C3.32GB; corrected after the run, the label first read the host), AMD EPYC 9555 64-Core Processor host, nothing else running; AMD EPYC 9555 64-Core Processor; 256 cores; 1512 GiB RAM; Linux-x86_64",2026-10-02T21:56:47+00:00,,1,0,0,2,41e3891ca6ee984dbe251cbebd1364d38cbce4719262d3111b942563d916d5e4,12.425561,200.326520,3,1,,,,,,,,,0,0,0,nan,nan,0,0,0,0,0,89,0,0,0,486.99979187623575,487,0,0,0,0,0
gmu-35-40,0c91e71117164becea8109a414127a2223be82215498f243767a7f5f51b1f11d,424,1205,4843,1200,feasible,"stopped at the time limit of 300s after 300.00s, 0 iterations, 322343 nodes",-2390134.7857999997,-2406733.3688,-2406796.0325395223,16661.246739522554,0.006970839819791119,0,0,1,322343,16,gomory 3: 3 accepted; mir 5: 5 accepted,-2406943.5563428816,-2406930.9393302067,0.0008,300.102200,300.000720297,e7c0c60,"E2E TIR C3 container, 16 vCPU 32 GB plan (C3.32GB; corrected after the run, the label first read the host), AMD EPYC 9555 64-Core Processor host, nothing else running; AMD EPYC 9555 64-Core Processor; 256 cores; 1512 GiB RAM; Linux-x86_64",2026-10-02T21:56:47+00:00,,1,0,0,0,,234.126545,234.865927,3,1,,,,,,,,,0,0,0,nan,nan,0,0,0,0,0,16,0,0,0,444.99994861501403,445,0,0,0,0,0
gmu-35-40,0c91e71117164becea8109a414127a2223be82215498f243767a7f5f51b1f11d,424,1205,4843,1200,time_limit,"stopped at the time limit of 300s after 300.00s, 0 iterations, 335647 nodes; no feasible point had been found when the limit stopped the search, so none is reported (the objective is the worst representable value, not a solution)",inf,-2406733.3688,-2406796.030146399,inf,inf,0,0,,335647,14,gomory 1: 1 accepted; mir 4: 4 accepted,-2406943.556342881,-2406930.9393449887,,300.107351,300.000644441,e7c0c60,"E2E TIR C3 container, 16 vCPU 32 GB plan (C3.32GB; corrected after the run, the label first read the host), AMD EPYC 9555 64-Core Processor host, nothing else running; AMD EPYC 9555 64-Core Processor; 256 cores; 1512 GiB RAM; Linux-x86_64",2026-10-02T21:56:47+00:00,,1,0,0,1,6618865a8f7b3bd0c1336692536459a51dd56914cf5fb52bc20dc78f94b05bed,,300.000644,0,0,,,,,,,,,0,0,0,nan,nan,0,0,0,0,0,14,0,0,0,442.99995261513675,443,0,0,0,0,0
gmu-35-40,0c91e71117164becea8109a414127a2223be82215498f243767a7f5f51b1f11d,424,1205,4843,1200,time_limit,"; no feasible point had been found when the limit stopped the search, so none is reported (the objective is the worst representable value, not a solution)",inf,-2406733.3688,-2406920.2049481114,inf,inf,0,0,,330824,9,gomory 1: 1 accepted; mir 1: 1 accepted,-2406943.5563428835,-2406943.0328437653,,300.145048,300.000767133,e7c0c60,"E2E TIR C3 container, 16 vCPU 32 GB plan (C3.32GB; corrected after the run, the label first read the host), AMD EPYC 9555 64-Core Processor host, nothing else running; AMD EPYC 9555 64-Core Processor; 256 cores; 1512 GiB RAM; Linux-x86_64",2026-10-02T21:56:47+00:00,,1,0,0,2,93dc0dd861d0e551f3f32f3576b5b3587c7677491d1f000bc830f29ec895c7d8,,300.000767,0,0,,,,,,,,,0,0,0,nan,nan,0,0,0,0,0,9,0,0,0,437.99997258713483,438,0,0,0,0,0
gmu-35-50,5652e6ad8889e874bc88356d3f717677793457dc6afe76c934b3603bc3adb8d1,435,1919,8643,1914,time_limit,"; no feasible point had been found when the limit stopped the search, so none is reported (the objective is the worst representable value, not a solution)",inf,-2607958.33,-2608063.61757398,inf,inf,0,0,,203397,13,gomory 1: 1 accepted; mir 5: 5 accepted,-2608070.3157430077,-2608070.3145599766,,300.071454,300.00064893,e7c0c60,"E2E TIR C3 container, 16 vCPU 32 GB plan (C3.32GB; corrected after the run, the label first read the host), AMD EPYC 9555 64-Core Processor host, nothing else running; AMD EPYC 9555 64-Core Processor; 256 cores; 1512 GiB RAM; Linux-x86_64",2026-10-02T21:56:47+00:00,,1,0,0,0,,,300.000649,0,0,,,,,,,,,0,0,0,nan,nan,0,0,0,0,0,13,0,0,0,452.99993564929855,453,0,0,0,0,0
gmu-35-50,5652e6ad8889e874bc88356d3f717677793457dc6afe76c934b3603bc3adb8d1,435,1919,8643,1914,time_limit,"; no feasible point had been found when the limit stopped the search, so none is reported (the objective is the worst representable value, not a solution)",inf,-2607958.33,-2608070.217006935,inf,inf,0,0,,200875,13,gomory 1: 1 accepted; mir 5: 5 accepted,-2608070.315743008,-2608070.3148312527,,300.091324,300.000386965,e7c0c60,"E2E TIR C3 container, 16 vCPU 32 GB plan (C3.32GB; corrected after the run, the label first read the host), AMD EPYC 9555 64-Core Processor host, nothing else running; AMD EPYC 9555 64-Core Processor; 256 cores; 1512 GiB RAM; Linux-x86_64",2026-10-02T21:56:47+00:00,,1,0,0,1,fac099dfa4c371d75250a367a988a2e97ff03e799b8d699395014966d1e400bf,,300.000387,0,0,,,,,,,,,0,0,0,nan,nan,0,0,0,0,0,13,0,0,0,452.999935038652,453,0,0,0,0,0
gmu-35-50,5652e6ad8889e874bc88356d3f717677793457dc6afe76c934b3603bc3adb8d1,435,1919,8643,1914,time_limit,"; no feasible point had been found when the limit stopped the search, so none is reported (the objective is the worst representable value, not a solution)",inf,-2607958.33,-2608070.2923958916,inf,inf,0,0,,234866,6,gomory 1: 1 accepted; mir 1: 1 accepted,-2608070.3157430086,-2608070.3150712457,,300.107666,300.000462392,e7c0c60,"E2E TIR C3 container, 16 vCPU 32 GB plan (C3.32GB; corrected after the run, the label first read the host), AMD EPYC 9555 64-Core Processor host, nothing else running; AMD EPYC 9555 64-Core Processor; 256 cores; 1512 GiB RAM; Linux-x86_64",2026-10-02T21:56:47+00:00,,1,0,0,2,600d73b53f61140f8ac04a52e4ab700843cdabfb87625a1674bc428378fc484f,,300.000462,0,0,,,,,,,,,0,0,0,nan,nan,0,0,0,0,0,6,0,0,0,445.9999743879794,446,0,0,0,0,0
graphdraw-domain,b34048178c8856db760e87b62d22a11dda8690103a2c51540e578ab16644e80c,865,254,2600,200,feasible,,23451.000000000004,19685.99997550038,14627.672161172166,8823.327838827838,0.3762452705141715,0,0,1,103884,150,"gomory 101: 62 accepted, 39 duplicate; mir 37: 29 accepted, 8 duplicate; zero_half 210: 210 accepted",12672.0,12717.020910973082,0.0042,300.039158,300.001031362,e7c0c60,"E2E TIR C3 container, 16 vCPU 32 GB plan (C3.32GB; corrected after the run, the label first read the host), AMD EPYC 9555 64-Core Processor host, nothing else running; AMD EPYC 9555 64-Core Processor; 256 cores; 1512 GiB RAM; Linux-x86_64",2026-10-02T21:56:47+00:00,,1,0,0,0,,8.207315,60.397383,8,1,,,,,,,,,0,0,0,nan,nan,0,0,0,0,0,146,0,0,0,1014.9985477359203,1015,0,0,0,0,0
graphdraw-domain,b34048178c8856db760e87b62d22a11dda8690103a2c51540e578ab16644e80c,865,254,2600,200,feasible,,22807.0,19685.99997550038,13926.91233193647,8880.08766806353,0.3893579895673929,0,0,1,117607,90,"gomory 85: 56 accepted, 29 duplicate; mir 28: 22 accepted, 6 duplicate; zero_half 213: 213 accepted",12671.999999999998,12672.0,0.0000,300.041515,300.000455698,e7c0c60,"E2E TIR C3 container, 16 vCPU 32 GB plan (C3.32GB; corrected after the run, the label first read the host), AMD EPYC 9555 64-Core Processor host, nothing else running; AMD EPYC 9555 64-Core Processor; 256 cores; 1512 GiB RAM; Linux-x86_64",2026-10-02T21:56:47+00:00,,1,0,0,1,64f737341f91e0faaac97c1058e2be81bf3f0d4bc35ed78fdbbd02aa956f7647,2.148859,55.134355,8,1,,,,,,,,,0,0,0,nan,nan,0,0,0,0,0,90,0,0,0,954.9992289833717,955,0,0,0,0,0
graphdraw-domain,b34048178c8856db760e87b62d22a11dda8690103a2c51540e578ab16644e80c,865,254,2600,200,feasible,,22349.00000000001,19685.99997550038,14285.302424786707,8063.697575213304,0.36080798135099107,0,0,1,90488,180,"gomory 92: 62 accepted, 30 duplicate; mir 26: 21 accepted, 5 duplicate; zero_half 240: 240 accepted",12672.0,12726.615179747789,0.0056,300.031714,300.000311943,e7c0c60,"E2E TIR C3 container, 16 vCPU 32 GB plan (C3.32GB; corrected after the run, the label first read the host), AMD EPYC 9555 64-Core Processor host, nothing else running; AMD EPYC 9555 64-Core Processor; 256 cores; 1512 GiB RAM; Linux-x86_64",2026-10-02T21:56:47+00:00,,1,0,0,2,3e3b1ccd062799d0106b5e19235a84f0a453133327f6cfc2948d2e99c4afc295,10.112220,49.745134,12,1,,,,,,,,,0,0,0,nan,nan,0,0,0,0,0,179,0,0,0,1044.997997441175,1045,0,0,0,0,0
ic97_potential,db709f9ca628323d2ebcad02cb681e135a7638dfb1e6bdef4853b5366b6faa92,1046,728,3138,523,time_limit,"; no feasible point had been found when the limit stopped the search, so none is reported (the objective is the worst representable value, not a solution)",inf,3941.99993090225,3874.0,inf,inf,0,0,,131672,90,"gomory 354: 354 accepted; mir 580: 371 accepted, 209 duplicate",3868.0,3868.000000000001,,300.116546,300.011870912,e7c0c60,"E2E TIR C3 container, 16 vCPU 32 GB plan (C3.32GB; corrected after the run, the label first read the host), AMD EPYC 9555 64-Core Processor host, nothing else running; AMD EPYC 9555 64-Core Processor; 256 cores; 1512 GiB RAM; Linux-x86_64",2026-10-02T21:56:47+00:00,,1,0,0,0,,,300.011871,0,0,,,,,,,,,0,0,0,nan,nan,0,0,0,0,0,89,0,0,0,1135.9992748835784,1136,0,0,0,0,0
ic97_potential,db709f9ca628323d2ebcad02cb681e135a7638dfb1e6bdef4853b5366b6faa92,1046,728,3138,523,time_limit,"stopped at the time limit of 300s after 300.00s, 0 iterations, 124216 nodes; no feasible point had been found when the limit stopped the search, so none is reported (the objective is the worst representable value, not a solution)",inf,3941.99993090225,3873.0,inf,inf,0,0,,124216,90,"gomory 352: 352 accepted; mir 577: 347 accepted, 230 duplicate",3868.0,3868.0000000000005,,300.050935,300.000566971,e7c0c60,"E2E TIR C3 container, 16 vCPU 32 GB plan (C3.32GB; corrected after the run, the label first read the host), AMD EPYC 9555 64-Core Processor host, nothing else running; AMD EPYC 9555 64-Core Processor; 256 cores; 1512 GiB RAM; Linux-x86_64",2026-10-02T21:56:47+00:00,,1,0,0,1,0fad8d92257e1a46e58096ad61818253fee344be7ba9c826a4959bbacfff3c06,,300.000567,0,0,,,,,,,,,0,0,0,nan,nan,0,0,0,0,0,88,0,0,0,1135.9992363562312,1136,0,0,0,0,0
ic97_potential,db709f9ca628323d2ebcad02cb681e135a7638dfb1e6bdef4853b5366b6faa92,1046,728,3138,523,time_limit,"stopped at the time limit of 300s after 300.00s, 0 iterations, 130999 nodes; no feasible point had been found when the limit stopped the search, so none is reported (the objective is the worst representable value, not a solution)",inf,3941.99993090225,3872.0,inf,inf,0,0,,130999,90,"gomory 334: 334 accepted; mir 564: 355 accepted, 209 duplicate",3868.0,3868.0000000000005,,300.055981,300.000389604,e7c0c60,"E2E TIR C3 container, 16 vCPU 32 GB plan (C3.32GB; corrected after the run, the label first read the host), AMD EPYC 9555 64-Core Processor host, nothing else running; AMD EPYC 9555 64-Core Processor; 256 cores; 1512 GiB RAM; Linux-x86_64",2026-10-02T21:56:47+00:00,,1,0,0,2,04a134fd97b94394bfb6bdd720c18592829ee7d1baa4176b81d7e6c3ebd4c4a0,,300.000390,0,0,,,,,,,,,0,0,0,nan,nan,0,0,0,0,0,89,0,0,0,1135.9992277064598,1136,0,0,0,0,0
icir97_tension,b900d1eacbb02a57253f4bac839e0c1f3464a18a4686f8a621610d5d735e92ff,1203,2494,22333,835,time_limit,"; no feasible point had been found when the limit stopped the search, so none is reported (the objective is the worst representable value, not a solution)",inf,6375.0,6338.0,inf,inf,0,0,,74314,90,"gomory 620: 620 accepted; mir 1240: 1230 accepted, 10 duplicate",6302.0,6302.0,,300.046855,299.999441427,e7c0c60,"E2E TIR C3 container, 16 vCPU 32 GB plan (C3.32GB; corrected after the run, the label first read the host), AMD EPYC 9555 64-Core Processor host, nothing else running; AMD EPYC 9555 64-Core Processor; 256 cores; 1512 GiB RAM; Linux-x86_64",2026-10-02T21:56:47+00:00,,1,0,0,0,,,299.999441,0,0,,,,,,,,,0,0,0,nan,nan,0,0,0,0,0,72,0,0,0,1177.9987402544687,1178,0,0,0,0,0
icir97_tension,b900d1eacbb02a57253f4bac839e0c1f3464a18a4686f8a621610d5d735e92ff,1203,2494,22333,835,time_limit,"; no feasible point had been found when the limit stopped the search, so none is reported (the objective is the worst representable value, not a solution)",inf,6375.0,6331.0,inf,inf,0,0,,69704,90,"gomory 615: 615 accepted; mir 1230: 1227 accepted, 3 duplicate",6302.0,6302.0,,300.047191,299.999286657,e7c0c60,"E2E TIR C3 container, 16 vCPU 32 GB plan (C3.32GB; corrected after the run, the label first read the host), AMD EPYC 9555 64-Core Processor host, nothing else running; AMD EPYC 9555 64-Core Processor; 256 cores; 1512 GiB RAM; Linux-x86_64",2026-10-02T21:56:47+00:00,,1,0,0,1,3f847384b557ea8b6a68b882bc13ecc53c306fd9b5378353bacb3264b25033cf,,299.999287,0,0,,,,,,,,,0,0,0,nan,nan,0,0,0,0,0,74,0,0,0,1177.998691251745,1178,0,0,0,0,0
icir97_tension,b900d1eacbb02a57253f4bac839e0c1f3464a18a4686f8a621610d5d735e92ff,1203,2494,22333,835,time_limit,"; no feasible point had been found when the limit stopped the search, so none is reported (the objective is the worst representable value, not a solution)",inf,6375.0,6343.0,inf,inf,0,0,,74254,90,"gomory 619: 619 accepted; mir 1226: 1223 accepted, 3 duplicate",6302.0,6302.0,,300.104439,299.999320756,e7c0c60,"E2E TIR C3 container, 16 vCPU 32 GB plan (C3.32GB; corrected after the run, the label first read the host), AMD EPYC 9555 64-Core Processor host, nothing else running; AMD EPYC 9555 64-Core Processor; 256 cores; 1512 GiB RAM; Linux-x86_64",2026-10-02T21:56:47+00:00,,1,0,0,2,aa3cc34ae9d793174ec9394194a7c8a278f8c3a9298b94778263e5be1297c965,,299.999321,0,0,,,,,,,,,0,0,0,nan,nan,0,0,0,0,0,66,0,0,0,1177.998773390757,1178,0,0,0,0,0
lotsize,14702c1793474b78a30b91512a12917790ba860f7abe765b01b296fb86835902,1920,2985,6565,1195,time_limit,"stopped at the time limit of 300s after 300.00s, 0 iterations, 90602 nodes; no feasible point had been found when the limit stopped the search, so none is reported (the objective is the worst representable value, not a solution)",inf,1480195.0,530069.1464565315,inf,inf,0,0,,90602,600,gomory 526: 526 accepted; mir 385: 385 accepted,348385.3465507298,530069.1464565315,,300.062826,299.999950357,e7c0c60,"E2E TIR C3 container, 16 vCPU 32 GB plan (C3.32GB; corrected after the run, the label first read the host), AMD EPYC 9555 64-Core Processor host, nothing else running; AMD EPYC 9555 64-Core Processor; 256 cores; 1512 GiB RAM; Linux-x86_64",2026-10-02T21:56:47+00:00,,1,0,0,0,,,299.999950,0,0,,,,,,,,,0,0,0,nan,nan,0,0,0,0,0,524,0,0,0,2519.993375289831,2520,0,0,0,0,0
lotsize,14702c1793474b78a30b91512a12917790ba860f7abe765b01b296fb86835902,1920,2985,6565,1195,time_limit,"; no feasible point had been found when the limit stopped the search, so none is reported (the objective is the worst representable value, not a solution)",inf,1480195.0,530458.4836411113,inf,inf,0,0,,74036,600,"gomory 527: 526 accepted, 1 coefficient_ratio; mir 384: 384 accepted",348385.34655072977,530458.4836411113,,300.049193,300.000448817,e7c0c60,"E2E TIR C3 container, 16 vCPU 32 GB plan (C3.32GB; corrected after the run, the label first read the host), AMD EPYC 9555 64-Core Processor host, nothing else running; AMD EPYC 9555 64-Core Processor; 256 cores; 1512 GiB RAM; Linux-x86_64",2026-10-02T21:56:47+00:00,,1,0,0,1,f9bd0b1cf07509abc3d44d690fb27199b43c78b40eefa4b31aab133749374e64,,300.000449,0,0,,,,,,,,,0,0,0,nan,nan,0,0,0,0,0,446,0,0,0,2519.9918946301923,2520,0,0,0,0,0
lotsize,14702c1793474b78a30b91512a12917790ba860f7abe765b01b296fb86835902,1920,2985,6565,1195,time_limit,"; no feasible point had been found when the limit stopped the search, so none is reported (the objective is the worst representable value, not a solution)",inf,1480195.0,532763.9614283142,inf,inf,0,0,,74852,600,"gomory 527: 526 accepted, 1 coefficient_ratio; mir 396: 396 accepted",348385.3465507297,532763.9614283142,,300.052441,300.000418932,e7c0c60,"E2E TIR C3 container, 16 vCPU 32 GB plan (C3.32GB; corrected after the run, the label first read the host), AMD EPYC 9555 64-Core Processor host, nothing else running; AMD EPYC 9555 64-Core Processor; 256 cores; 1512 GiB RAM; Linux-x86_64",2026-10-02T21:56:47+00:00,,1,0,0,2,84199a8fcbf9a9fde7ed7193c586a625a0906aa5637c201640c7554e1706bd35,,300.000419,0,0,,,,,,,,,0,0,0,nan,nan,0,0,0,0,0,522,0,0,0,2519.991977108015,2520,0,0,0,0,0
mad,0109c5aefd23dbe6d46dd84ab4ad451eab329904249b7acaa38e9a0c94a6bc7a,51,220,2808,200,feasible,,0.5111999999999994,0.0268,0.0,0.5111999999999994,0.5111999999999994,0,0,1,630095,28,"gomory 9: 4 accepted, 4 too_dense, 1 coefficient_ratio; mir 18: 16 accepted, 2 too_dense",0.0,0.0,0.0000,300.137857,300.001168611,e7c0c60,"E2E TIR C3 container, 16 vCPU 32 GB plan (C3.32GB; corrected after the run, the label first read the host), AMD EPYC 9555 64-Core Processor host, nothing else running; AMD EPYC 9555 64-Core Processor; 256 cores; 1512 GiB RAM; Linux-x86_64",2026-10-02T21:56:47+00:00,,1,0,0,0,,0.087948,287.006050,23,1,,,,,,,,,0,0,0,nan,nan,0,0,0,0,0,28,0,0,0,67.99995556225649,68,0,0,0,0,0
mad,0109c5aefd23dbe6d46dd84ab4ad451eab329904249b7acaa38e9a0c94a6bc7a,51,220,2808,200,feasible,"stopped at the time limit of 300s after 300.00s, 0 iterations, 665296 nodes",0.5359999999999995,0.0268,0.0,0.5359999999999995,0.5359999999999995,0,0,1,665296,27,"gomory 12: 4 accepted, 6 too_dense, 2 duplicate; mir 20: 13 accepted, 7 too_dense",0.0,0.0,0.0000,300.169740,300.001407711,e7c0c60,"E2E TIR C3 container, 16 vCPU 32 GB plan (C3.32GB; corrected after the run, the label first read the host), AMD EPYC 9555 64-Core Processor host, nothing else running; AMD EPYC 9555 64-Core Processor; 256 cores; 1512 GiB RAM; Linux-x86_64",2026-10-02T21:56:47+00:00,,1,0,0,1,ebd4bb641246022107142ec6f837255e5c9410fc6494836d154028506cb7e49a,0.062802,288.614259,15,1,,,,,,,,,0,0,0,nan,nan,0,0,0,0,0,27,0,0,0,66.99995941656044,67,0,0,0,0,0
mad,0109c5aefd23dbe6d46dd84ab4ad451eab329904249b7acaa38e9a0c94a6bc7a,51,220,2808,200,feasible,"stopped at the time limit of 300s after 300.00s, 0 iterations, 727813 nodes",0.5744,0.0268,0.0,0.5744,0.5744,0,0,1,727813,26,"gomory 10: 8 too_dense, 2 coefficient_ratio; mir 12: 12 accepted",0.0,0.0,0.0000,300.187391,300.00147456,e7c0c60,"E2E TIR C3 container, 16 vCPU 32 GB plan (C3.32GB; corrected after the run, the label first read the host), AMD EPYC 9555 64-Core Processor host, nothing else running; AMD EPYC 9555 64-Core Processor; 256 cores; 1512 GiB RAM; Linux-x86_64",2026-10-02T21:56:47+00:00,,1,0,0,2,346e99a60dcd864b72628a14b04cc800cb51331fdab32656d025488ad45cb329,0.077872,288.865651,18,1,,,,,,,,,0,0,0,nan,nan,0,0,0,0,0,26,0,0,0,65.99996427653807,66,0,0,0,0,0
markshare2,8b1ea0bee5d89f3247cfbf6fd5fbd1234ea48e1d7081a8b7fbd827602b4b8914,7,74,434,60,feasible,,47.00000000000087,1.0,0.0,47.00000000000087,1.0,0,0,1,1417429,64,gomory 7: 7 accepted; mir 14: 14 accepted,0.0,0.0,0.0000,300.446976,300.003822757,e7c0c60,"E2E TIR C3 container, 16 vCPU 32 GB plan (C3.32GB; corrected after the run, the label first read the host), AMD EPYC 9555 64-Core Processor host, nothing else running; AMD EPYC 9555 64-Core Processor; 256 cores; 1512 GiB RAM; Linux-x86_64",2026-10-02T21:56:47+00:00,,1,0,0,0,,0.052247,294.985492,18,1,,,,,,,,,0,0,0,nan,nan,0,0,0,0,0,64,0,0,0,70.99995484782659,71,0,0,0,0,0
markshare2,8b1ea0bee5d89f3247cfbf6fd5fbd1234ea48e1d7081a8b7fbd827602b4b8914,7,74,434,60,feasible,"stopped at the time limit of 300s after 300.00s, 0 iterations, 1736029 nodes",49.999999999999474,1.0,0.0,49.999999999999474,1.0,0,0,1,1736029,48,gomory 7: 7 accepted; mir 14: 14 accepted,0.0,0.0,0.0000,300.570871,300.004486049,e7c0c60,"E2E TIR C3 container, 16 vCPU 32 GB plan (C3.32GB; corrected after the run, the label first read the host), AMD EPYC 9555 64-Core Processor host, nothing else running; AMD EPYC 9555 64-Core Processor; 256 cores; 1512 GiB RAM; Linux-x86_64",2026-10-02T21:56:47+00:00,,1,0,0,1,6c1f31b394d0e6c3ada22c33f629080842e3010701e1869db8f06dd7d950991c,0.045409,294.479049,18,1,,,,,,,,,0,0,0,nan,nan,0,0,0,0,0,48,0,0,0,54.999972350692296,55,0,0,0,0,0
markshare2,8b1ea0bee5d89f3247cfbf6fd5fbd1234ea48e1d7081a8b7fbd827602b4b8914,7,74,434,60,feasible,,36.000000000000014,1.0,0.0,36.000000000000014,1.0,0,0,1,1475638,61,gomory 7: 7 accepted; mir 14: 14 accepted,0.0,0.0,0.0000,300.462356,300.003805106,e7c0c60,"E2E TIR C3 container, 16 vCPU 32 GB plan (C3.32GB; corrected after the run, the label first read the host), AMD EPYC 9555 64-Core Processor host, nothing else running; AMD EPYC 9555 64-Core Processor; 256 cores; 1512 GiB RAM; Linux-x86_64",2026-10-02T21:56:47+00:00,,1,0,0,2,89fe99f1a58620e3f6953ef00f5eb53065da2f23118647d8a86ac9fcc4380e72,0.047922,292.805781,11,1,,,,,,,,,0,0,0,nan,nan,0,0,0,0,0,61,0,0,0,67.99995866194826,68,0,0,0,0,0
markshare_4_0,1a1feb04f5637db9f69be53bd6224fcd9fe5b8d750870d9b2002b535d25f4353,4,34,123,30,optimal,"optimal within the relative gap target (7.132e-05 absolute, 7.132e-05 relative) after 2230950 nodes; the bound is the best open node's, the tree was not exhausted",1.0000000000000693,1.0,0.9999286766155268,7.132338454252096e-05,7.132338454251602e-05,1,1,1,2230950,37,gomory 4: 4 accepted; mir 8: 8 accepted,0.0,0.0,0.0000,188.281577,188.225396865,e7c0c60,"E2E TIR C3 container, 16 vCPU 32 GB plan (C3.32GB; corrected after the run, the label first read the host), AMD EPYC 9555 64-Core Processor host, nothing else running; AMD EPYC 9555 64-Core Processor; 256 cores; 1512 GiB RAM; Linux-x86_64",2026-10-02T21:56:47+00:00,,1,0,0,0,,0.002989,51.008455,10,1,,,,,,,,,0,0,0,nan,nan,0,0,0,0,0,37,0,0,0,40.99998341513705,41,0,0,0,0,0
markshare_4_0,1a1feb04f5637db9f69be53bd6224fcd9fe5b8d750870d9b2002b535d25f4353,4,34,123,30,optimal,"optimal within the relative gap target (9.157e-05 absolute, 9.157e-05 relative) after 1502963 nodes; the bound is the best open node's, the tree was not exhausted",1.0000000000000786,1.0,0.999908430032941,9.156996713755028e-05,9.156996713754308e-05,1,1,1,1502963,36,gomory 4: 4 accepted; mir 8: 8 accepted,0.0,0.0,0.0000,116.631117,116.590226543,e7c0c60,"E2E TIR C3 container, 16 vCPU 32 GB plan (C3.32GB; corrected after the run, the label first read the host), AMD EPYC 9555 64-Core Processor host, nothing else running; AMD EPYC 9555 64-Core Processor; 256 cores; 1512 GiB RAM; Linux-x86_64",2026-10-02T21:56:47+00:00,,1,0,0,1,59577af2b3d0e7b91707a5334d210b6def439f853f238602de4a9dc37659eece,0.002881,57.180949,12,1,,,,,,,,,0,0,0,nan,nan,0,0,0,0,0,36,0,0,0,39.99997604731454,40,0,0,0,0,0
markshare_4_0,1a1feb04f5637db9f69be53bd6224fcd9fe5b8d750870d9b2002b535d25f4353,4,34,123,30,optimal,"optimal within the relative gap target (9.702e-05 absolute, 9.702e-05 relative) after 2073303 nodes; the bound is the best open node's, the tree was not exhausted",0.9999999999999103,1.0,0.9999029755855405,9.702441436976184e-05,9.702441436976184e-05,1,1,1,2073303,38,gomory 4: 4 accepted; mir 8: 8 accepted,0.0,0.0,0.0000,169.825805,169.772545364,e7c0c60,"E2E TIR C3 container, 16 vCPU 32 GB plan (C3.32GB; corrected after the run, the label first read the host), AMD EPYC 9555 64-Core Processor host, nothing else running; AMD EPYC 9555 64-Core Processor; 256 cores; 1512 GiB RAM; Linux-x86_64",2026-10-02T21:56:47+00:00,,1,0,0,2,98e94db9a95670fe0a7edc81a890a47a41fe6cf52a873a1ee28e5fcf43f326dc,0.009782,72.169491,15,1,,,,,,,,,0,0,0,nan,nan,0,0,0,0,0,38,0,0,0,41.999981671757574,42,0,0,0,0,0
mas74,019a9ca2dac800342a887cd07e326526b463dca9646ba16ad955a16fa4b6ecc1,13,151,1706,150,feasible,,12604.076616015625,11801.18572,11494.035287043074,1110.0413289725511,0.08807002391290249,0,0,1,2311582,1,"gomory 12: 10 accepted, 2 too_dense",10482.795280331206,10526.70038083149,0.0207,300.766933,300.005931602,e7c0c60,"E2E TIR C3 container, 16 vCPU 32 GB plan (C3.32GB; corrected after the run, the label first read the host), AMD EPYC 9555 64-Core Processor host, nothing else running; AMD EPYC 9555 64-Core Processor; 256 cores; 1512 GiB RAM; Linux-x86_64",2026-10-02T21:56:47+00:00,,1,0,0,0,,0.032052,24.201042,12,1,,,,,,,,,0,0,0,nan,nan,0,0,0,0,0,1,0,0,0,15.999999567395836,16,0,0,0,0,0
mas74,019a9ca2dac800342a887cd07e326526b463dca9646ba16ad955a16fa4b6ecc1,13,151,1706,150,feasible,,12996.39582988281,11801.18572,11471.052477816498,1525.3433520663111,0.11736664318572586,0,0,1,2306125,1,"gomory 12: 10 accepted, 2 too_dense",10482.795280331215,10526.700380831498,0.0175,300.795518,300.006684247,e7c0c60,"E2E TIR C3 container, 16 vCPU 32 GB plan (C3.32GB; corrected after the run, the label first read the host), AMD EPYC 9555 64-Core Processor host, nothing else running; AMD EPYC 9555 64-Core Processor; 256 cores; 1512 GiB RAM; Linux-x86_64",2026-10-02T21:56:47+00:00,,1,0,0,1,6d569447b14afcba3bdebc45c0fb82c2e20bc8156b2becf6dd1ac0b1729c5501,0.032447,31.296115,7,1,,,,,,,,,0,0,0,nan,nan,0,0,0,0,0,1,0,0,0,15.99999956637216,16,0,0,0,0,0
mas74,019a9ca2dac800342a887cd07e326526b463dca9646ba16ad955a16fa4b6ecc1,13,151,1706,150,feasible,"stopped at the time limit of 300s after 300.00s, 0 iterations, 2354071 nodes",13235.188125000002,11801.18572,11469.159237372429,1766.0288876275736,0.13343436231871267,0,0,1,2354071,1,"gomory 12: 10 accepted, 2 too_dense",10482.7952803312,10526.700380831488,0.0160,300.817163,300.006310824,e7c0c60,"E2E TIR C3 container, 16 vCPU 32 GB plan (C3.32GB; corrected after the run, the label first read the host), AMD EPYC 9555 64-Core Processor host, nothing else running; AMD EPYC 9555 64-Core Processor; 256 cores; 1512 GiB RAM; Linux-x86_64",2026-10-02T21:56:47+00:00,,1,0,0,2,238cd7a9bfbd235a6044b7a4dd4b6df871238366bd3a0817c639c707e27f5c31,0.031829,35.853848,16,1,,,,,,,,,0,0,0,nan,nan,0,0,0,0,0,1,0,0,0,15.999999575203976,16,0,0,0,0,0
mas76,91f624659e181538020e0c627910f02ffa6b355d6df708ef324e697a69485a74,12,151,1640,150,optimal,"optimal within the relative gap target (3.843e-03 absolute, 9.607e-08 relative) after 853888 nodes; the bound is the best open node's, the tree was not exhausted",40005.054142000015,40005.05398999999,40005.05029879903,0.0038432009823736735,9.606788604089954e-08,1,1,1,853888,2,"gomory 11: 10 accepted, 1 too_dense",38893.903640522665,38952.21646326429,0.0525,91.076712,90.982814558,e7c0c60,"E2E TIR C3 container, 16 vCPU 32 GB plan (C3.32GB; corrected after the run, the label first read the host), AMD EPYC 9555 64-Core Processor host, nothing else running; AMD EPYC 9555 64-Core Processor; 256 cores; 1512 GiB RAM; Linux-x86_64",2026-10-02T21:56:47+00:00,,1,0,0,0,,0.023502,0.948207,13,1,,,,,,,,,0,0,0,nan,nan,0,0,0,0,0,2,0,0,0,15.999997657766961,16,0,0,0,0,0
mas76,91f624659e181538020e0c627910f02ffa6b355d6df708ef324e697a69485a74,12,151,1640,150,optimal,"optimal within the relative gap target (3.843e-03 absolute, 9.607e-08 relative) after 853888 nodes; the bound is the best open node's, the tree was not exhausted",40005.05414200003,40005.05398999999,40005.05029879904,0.003843200989649631,9.606788622277546e-08,1,1,1,853888,2,"gomory 11: 10 accepted, 1 too_dense",38893.90364052268,38952.216463264296,0.0525,92.290817,92.193130281,e7c0c60,"E2E TIR C3 container, 16 vCPU 32 GB plan (C3.32GB; corrected after the run, the label first read the host), AMD EPYC 9555 64-Core Processor host, nothing else running; AMD EPYC 9555 64-Core Processor; 256 cores; 1512 GiB RAM; Linux-x86_64",2026-10-02T21:56:47+00:00,,1,0,0,1,e59989a3eb86d59784986c0e7ea49ed4f5e5d813138bf331146a5287cae8d394,0.023463,0.957054,13,1,,,,,,,,,0,0,0,nan,nan,0,0,0,0,0,2,0,0,0,15.999997657766961,16,0,0,0,0,0
mas76,91f624659e181538020e0c627910f02ffa6b355d6df708ef324e697a69485a74,12,151,1640,150,optimal,"optimal within the relative gap target (3.843e-03 absolute, 9.607e-08 relative) after 853888 nodes; the bound is the best open node's, the tree was not exhausted",40005.05414200002,40005.05398999999,40005.050298799055,0.0038432009678217582,9.60678856771476e-08,1,1,1,853888,2,"gomory 11: 10 accepted, 1 too_dense",38893.90364052265,38952.2164632643,0.0525,93.888837,93.786320332,e7c0c60,"E2E TIR C3 container, 16 vCPU 32 GB plan (C3.32GB; corrected after the run, the label first read the host), AMD EPYC 9555 64-Core Processor host, nothing else running; AMD EPYC 9555 64-Core Processor; 256 cores; 1512 GiB RAM; Linux-x86_64",2026-10-02T21:56:47+00:00,,1,0,0,2,3935c2d9d34505f32f3927fe5c6beab875d056b9ff00fcd8f658acaa1dc2901a,0.023278,0.962782,13,1,,,,,,,,,0,0,0,nan,nan,0,0,0,0,0,2,0,0,0,15.999997657766961,16,0,0,0,0,0
mc11,55f4d9c9d2022cffeb3e07cd7398753f5aab720f16fa49ab17223375bab83874,1920,3040,6080,1520,feasible,,12021.0,11688.99999999966,7990.0,4031.0,0.3353298394476333,0,0,1,48024,600,"gomory 363: 363 accepted; mir 72: 60 accepted, 12 duplicate",608.8443396226415,7989.082154724712,0.6467,300.044803,300.000633784,e7c0c60,"E2E TIR C3 container, 16 vCPU 32 GB plan (C3.32GB; corrected after the run, the label first read the host), AMD EPYC 9555 64-Core Processor host, nothing else running; AMD EPYC 9555 64-Core Processor; 256 cores; 1512 GiB RAM; Linux-x86_64",2026-10-02T21:56:47+00:00,,1,0,0,0,,23.834519,34.488448,7,1,,,,,,,,,0,0,0,nan,nan,0,0,0,0,0,504,0,0,0,2519.9875062468764,2520,0,0,0,0,0
mc11,55f4d9c9d2022cffeb3e07cd7398753f5aab720f16fa49ab17223375bab83874,1920,3040,6080,1520,feasible,,12249.0,11688.99999999966,7457.0,4792.0,0.3912156094375051,0,0,1,45431,600,"gomory 363: 363 accepted; mir 60: 53 accepted, 7 duplicate",608.8443396226414,7456.800597831441,0.5883,300.048487,300.000382998,e7c0c60,"E2E TIR C3 container, 16 vCPU 32 GB plan (C3.32GB; corrected after the run, the label first read the host), AMD EPYC 9555 64-Core Processor host, nothing else running; AMD EPYC 9555 64-Core Processor; 256 cores; 1512 GiB RAM; Linux-x86_64",2026-10-02T21:56:47+00:00,,1,0,0,1,c6391b510039d35aae997025d064ab92d2cb7c76b95bec2e8e810db605f0c836,22.914512,37.103988,6,1,,,,,,,,,0,0,0,nan,nan,0,0,0,0,0,522,0,0,0,2519.9867931588565,2520,0,0,0,0,0
mc11,55f4d9c9d2022cffeb3e07cd7398753f5aab720f16fa49ab17223375bab83874,1920,3040,6080,1520,feasible,,12168.0,11688.99999999966,7182.0,4986.0,0.40976331360946744,0,0,1,36490,600,"gomory 363: 363 accepted; mir 48: 44 accepted, 4 duplicate",608.8443396226414,7181.287168439041,0.5686,300.032263,300.000529973,e7c0c60,"E2E TIR C3 container, 16 vCPU 32 GB plan (C3.32GB; corrected after the run, the label first read the host), AMD EPYC 9555 64-Core Processor host, nothing else running; AMD EPYC 9555 64-Core Processor; 256 cores; 1512 GiB RAM; Linux-x86_64",2026-10-02T21:56:47+00:00,,1,0,0,2,797d69949ce8f76f419309b8fe06ea5b7c94847cc8b3925e0dc510185f715c59,23.496854,34.381573,1,1,,,,,,,,,0,0,0,nan,nan,0,0,0,0,0,522,0,0,0,2519.983557138942,2520,0,0,0,0,0
mcsched,49deeb8c67d5ab6eec17c5e60019b93150773688271dc53510c31945dabed192,2107,1747,8088,1745,optimal,"optimal within the relative gap target (2.600e+01 absolute, 9.883e-05 relative) after 20542 nodes; the bound is the best open node's, the tree was not exhausted",211913.0,211913.0,211887.0,26.0,0.00012269185939512914,1,1,0,20542,2,"gomory 1394: 10 accepted, 1384 too_dense",193774.75370662217,193779.78239117668,0.0003,264.009187,263.984323352,e7c0c60,"E2E TIR C3 container, 16 vCPU 32 GB plan (C3.32GB; corrected after the run, the label first read the host), AMD EPYC 9555 64-Core Processor host, nothing else running; AMD EPYC 9555 64-Core Processor; 256 cores; 1512 GiB RAM; Linux-x86_64",2026-10-02T21:56:47+00:00,,1,0,0,0,,2.620893,4.252690,9,1,,,,,,,,,0,0,0,nan,nan,0,0,0,0,0,2,0,0,0,2041.9999026384967,2042,0,0,0,0,0
mcsched,49deeb8c67d5ab6eec17c5e60019b93150773688271dc53510c31945dabed192,2107,1747,8088,1745,optimal,"optimal within the relative gap target (2.600e+01 absolute, 9.883e-05 relative) after 17379 nodes; the bound is the best open node's, the tree was not exhausted",211913.0,211913.0,211887.0,26.0,0.00012269185939512914,1,1,0,17379,3,"gomory 1394: 10 accepted, 1384 too_dense",193774.75370662223,193779.80583106203,0.0003,262.714053,262.689619109,e7c0c60,"E2E TIR C3 container, 16 vCPU 32 GB plan (C3.32GB; corrected after the run, the label first read the host), AMD EPYC 9555 64-Core Processor host, nothing else running; AMD EPYC 9555 64-Core Processor; 256 cores; 1512 GiB RAM; Linux-x86_64",2026-10-02T21:56:47+00:00,,1,0,0,1,d201b87a7fe29fdb91e0e83a57d5023b1e6af753fae494acf1600ab0b4779efb,2.188576,4.331878,12,1,,,,,,,,,0,0,0,nan,nan,0,0,0,0,0,3,0,0,0,2042.99982737787,2043,0,0,0,0,0
mcsched,49deeb8c67d5ab6eec17c5e60019b93150773688271dc53510c31945dabed192,2107,1747,8088,1745,optimal,"optimal within the relative gap target (2.600e+01 absolute, 9.883e-05 relative) after 20010 nodes; the bound is the best open node's, the tree was not exhausted",211913.0,211913.0,211887.0,26.0,0.00012269185939512914,1,1,0,20010,3,"gomory 1397: 10 accepted, 1387 too_dense",193774.75370662252,193779.8058310629,0.0003,289.244124,289.217746172,e7c0c60,"E2E TIR C3 container, 16 vCPU 32 GB plan (C3.32GB; corrected after the run, the label first read the host), AMD EPYC 9555 64-Core Processor host, nothing else running; AMD EPYC 9555 64-Core Processor; 256 cores; 1512 GiB RAM; Linux-x86_64",2026-10-02T21:56:47+00:00,,1,0,0,2,9792a820c977a4ed681865d8696ba1e01024b1aa5d35fff793c87500349a14f6,2.822630,4.821781,12,1,,,,,,,,,0,0,0,nan,nan,0,0,0,0,0,3,0,0,0,2042.9998500749625,2043,0,0,0,0,0
mik-250-20-75-4,1fa6126895fa59d1c613787ad19bb10e6080a39207224b018a43b95440dca4ef,195,270,9270,250,feasible,,-52286.99999999994,-52301.0,-55849.098321893376,3562.0983218934343,0.06812588830671942,0,0,1,704160,100,"gomory 74: 74 accepted; mir 75: 60 accepted, 15 duplicate",-61651.2270975332,-55849.098321893376,0.6196,300.310945,300.002490679,e7c0c60,"E2E TIR C3 container, 16 vCPU 32 GB plan (C3.32GB; corrected after the run, the label first read the host), AMD EPYC 9555 64-Core Processor host, nothing else running; AMD EPYC 9555 64-Core Processor; 256 cores; 1512 GiB RAM; Linux-x86_64",2026-10-02T21:56:47+00:00,,1,0,0,0,,0.626750,0.859218,7,1,,,,,,,,,0,0,0,nan,nan,0,0,0,0,0,100,0,0,0,174.99985798682118,175,0,0,0,0,0
mik-250-20-75-4,1fa6126895fa59d1c613787ad19bb10e6080a39207224b018a43b95440dca4ef,195,270,9270,250,feasible,,-51974.000000000015,-52301.0,-55767.71383239019,3793.7138323901745,0.07299253150402459,0,0,1,715897,100,"gomory 74: 74 accepted; mir 75: 59 accepted, 16 duplicate",-61651.2270975332,-55767.71383239019,0.6080,300.318682,300.002282485,e7c0c60,"E2E TIR C3 container, 16 vCPU 32 GB plan (C3.32GB; corrected after the run, the label first read the host), AMD EPYC 9555 64-Core Processor host, nothing else running; AMD EPYC 9555 64-Core Processor; 256 cores; 1512 GiB RAM; Linux-x86_64",2026-10-02T21:56:47+00:00,,1,0,0,1,13269bf1f05e694a7888c478d29903df42f26f4ad7488c19487a74a49c14a79d,0.671120,2.672447,8,1,,,,,,,,,0,0,0,nan,nan,0,0,0,0,0,100,0,0,0,174.9998603151012,175,0,0,0,0,0
mik-250-20-75-4,1fa6126895fa59d1c613787ad19bb10e6080a39207224b018a43b95440dca4ef,195,270,9270,250,feasible,,-51974.000000000015,-52301.0,-55851.550844276906,3877.5508442768914,0.07460558826099377,0,0,1,734262,100,"gomory 74: 74 accepted; mir 75: 57 accepted, 18 duplicate",-61651.22709753319,-55851.550844276906,0.5993,300.330713,300.002449887,e7c0c60,"E2E TIR C3 container, 16 vCPU 32 GB plan (C3.32GB; corrected after the run, the label first read the host), AMD EPYC 9555 64-Core Processor host, nothing else running; AMD EPYC 9555 64-Core Processor; 256 cores; 1512 GiB RAM; Linux-x86_64",2026-10-02T21:56:47+00:00,,1,0,0,2,31293315e4af932d898440614034f27acd4d5f8b2882752758b69cf472e93d92,0.646241,2.653373,5,1,,,,,,,,,0,0,0,nan,nan,0,0,0,0,0,100,0,0,0,174.99986380883118,175,0,0,0,0,0
milo-v12-6-r2-40-1,a9fdc6d2cbcc4dcd8596f09e45c5ee729ed29a3d0ed93cce4d1f9d683ac8f1b7,5628,2688,14604,840,feasible,"stopped at the time limit of 299.999s after 300.01s, 0 iterations, 30946 nodes",343052.3203180517,326481.14282799,237399.75680045653,105652.56351759515,0.3079779883711098,0,0,1,30946,57,mir 48: 48 accepted,205532.32226507497,205659.15407830948,0.0009,300.050530,300.013482063,e7c0c60,"E2E TIR C3 container, 16 vCPU 32 GB plan (C3.32GB; corrected after the run, the label first read the host), AMD EPYC 9555 64-Core Processor host, nothing else running; AMD EPYC 9555 64-Core Processor; 256 cores; 1512 GiB RAM; Linux-x86_64",2026-10-02T21:56:47+00:00,,1,0,0,0,,13.557923,27.395188,1,1,,,,,,,,,0,0,0,nan,nan,0,0,0,0,0,37,0,0,0,5260.99815808182,5261,0,0,0,0,0
milo-v12-6-r2-40-1,a9fdc6d2cbcc4dcd8596f09e45c5ee729ed29a3d0ed93cce4d1f9d683ac8f1b7,5628,2688,14604,840,feasible,"stopped at the time limit of 299.999s after 300.00s, 0 iterations, 16204 nodes",331802.32031805126,326481.14282799,226906.80282998248,104895.51748806878,0.316138589348985,0,0,1,16204,41,mir 37: 37 accepted,205532.32226507508,205623.2968198383,0.0007,300.031012,299.999418583,e7c0c60,"E2E TIR C3 container, 16 vCPU 32 GB plan (C3.32GB; corrected after the run, the label first read the host), AMD EPYC 9555 64-Core Processor host, nothing else running; AMD EPYC 9555 64-Core Processor; 256 cores; 1512 GiB RAM; Linux-x86_64",2026-10-02T21:56:47+00:00,,1,0,0,1,6fdfdcd85bb694b211bc9bbab2798cad1b7c17a8f11019adb0ef5335da49ac9c,24.262040,32.465375,2,1,,,,,,,,,0,0,0,nan,nan,0,0,0,0,0,25,0,0,0,5318.997469760553,5319,0,0,0,0,0
milo-v12-6-r2-40-1,a9fdc6d2cbcc4dcd8596f09e45c5ee729ed29a3d0ed93cce4d1f9d683ac8f1b7,5628,2688,14604,840,feasible,,328802.32031805144,326481.14282799,230532.09636554302,98270.22395250842,0.2988732678572686,0,0,1,18532,36,mir 31: 31 accepted,205532.32226507497,205618.51835608066,0.0007,300.039816,299.999245911,e7c0c60,"E2E TIR C3 container, 16 vCPU 32 GB plan (C3.32GB; corrected after the run, the label first read the host), AMD EPYC 9555 64-Core Processor host, nothing else running; AMD EPYC 9555 64-Core Processor; 256 cores; 1512 GiB RAM; Linux-x86_64",2026-10-02T21:56:47+00:00,,1,0,0,2,d8ae63706ad52abdd308e364aec6aa1b9e562a49e6fa03fddc24dbe895c0934d,23.350571,31.628800,3,1,,,,,,,,,0,0,0,nan,nan,0,0,0,0,0,18,0,0,0,5308.998057414203,5309,0,0,0,0,0
n5-3,48efedf21c4057851a4ef7efc79fbbcbd292b68ee5f6b6a16e904d11ab11bacc,1062,2550,9900,150,feasible,,8860.0,8104.999999993999,7073.583285981222,1786.4167140187783,0.20162716862514427,0,0,1,49793,383,"gomory 41: 41 accepted; mir 67: 32 accepted, 35 duplicate",2883.8235294117662,6105.905480416045,0.5392,300.050295,300.000009125,e7c0c60,"E2E TIR C3 container, 16 vCPU 32 GB plan (C3.32GB; corrected after the run, the label first read the host), AMD EPYC 9555 64-Core Processor host, nothing else running; AMD EPYC 9555 64-Core Processor; 256 cores; 1512 GiB RAM; Linux-x86_64",2026-10-02T21:56:47+00:00,,1,0,0,0,,4.712591,32.333935,9,1,,,,,,,,,0,0,0,nan,nan,0,0,0,0,0,368,0,0,0,1303.992308155765,1304,0,0,0,0,0
n5-3,48efedf21c4057851a4ef7efc79fbbcbd292b68ee5f6b6a16e904d11ab11bacc,1062,2550,9900,150,feasible,,9260.00000000008,8104.999999993999,6864.297082374126,2395.702917625954,0.2587152178861699,0,0,1,3156,246,"gomory 39: 39 accepted; mir 40: 28 accepted, 12 duplicate",2883.823529411765,6008.344633612043,0.4900,300.017785,300.004872315,e7c0c60,"E2E TIR C3 container, 16 vCPU 32 GB plan (C3.32GB; corrected after the run, the label first read the host), AMD EPYC 9555 64-Core Processor host, nothing else running; AMD EPYC 9555 64-Core Processor; 256 cores; 1512 GiB RAM; Linux-x86_64",2026-10-02T21:56:47+00:00,,1,0,0,1,258706bfaf51dfb215cd5c85f25c5c8fa4ae1b20ba231432ad4be1bed2c36a14,3.811954,40.932162,2,1,,,,,,,,,0,0,0,nan,nan,0,0,0,0,0,198,0,0,0,1165.9220532319391,1166,0,0,0,0,0
n5-3,48efedf21c4057851a4ef7efc79fbbcbd292b68ee5f6b6a16e904d11ab11bacc,1062,2550,9900,150,feasible,,8644.99999999999,8104.999999993999,7470.476083680501,1174.5239163194901,0.13586164445569593,0,0,1,52645,157,"gomory 41: 41 accepted; mir 35: 25 accepted, 10 duplicate",2883.8235294117662,5950.883114489141,0.5324,300.034324,299.99999164,e7c0c60,"E2E TIR C3 container, 16 vCPU 32 GB plan (C3.32GB; corrected after the run, the label first read the host), AMD EPYC 9555 64-Core Processor host, nothing else running; AMD EPYC 9555 64-Core Processor; 256 cores; 1512 GiB RAM; Linux-x86_64",2026-10-02T21:56:47+00:00,,1,0,0,2,d894cd44e35099daa202f7c205c456fc69d9af8459af3c3404fb71aee174e5cc,3.953952,25.326804,12,1,,,,,,,,,0,0,0,nan,nan,0,0,0,0,0,130,0,0,0,1076.9970177604712,1077,0,0,0,0,0
neos-2657525-crna,447ffaafa253582984b35bb6f16b44ec5d8692ef4f5b84ffb389c2d84b938983,342,524,1690,524,time_limit,"; no feasible point had been found when the limit stopped the search, so none is reported (the objective is the worst representable value, not a solution)",inf,1.810748,0.0,inf,inf,0,0,,83704,71,"gomory 83: 28 accepted, 31 too_dense, 24 duplicate; mir 22: 19 accepted, 3 duplicate; clique 2: 2 duplicate; zero_half 5: 5 accepted",0.0,0.0,,300.025177,300.000300612,e7c0c60,"E2E TIR C3 container, 16 vCPU 32 GB plan (C3.32GB; corrected after the run, the label first read the host), AMD EPYC 9555 64-Core Processor host, nothing else running; AMD EPYC 9555 64-Core Processor; 256 cores; 1512 GiB RAM; Linux-x86_64",2026-10-02T21:56:47+00:00,,1,0,0,0,,,300.000301,0,0,,,,,,,,,0,0,0,nan,nan,0,0,0,0,0,70,0,0,0,412.9991485585456,413,0,0,0,0,2
neos-2657525-crna,447ffaafa253582984b35bb6f16b44ec5d8692ef4f5b84ffb389c2d84b938983,342,524,1690,524,time_limit,"; no feasible point had been found when the limit stopped the search, so none is reported (the objective is the worst representable value, not a solution)",inf,1.810748,0.0,inf,inf,0,0,,129567,68,"gomory 57: 22 accepted, 18 too_dense, 17 duplicate; mir 24: 22 accepted, 2 duplicate; clique 2: 2 duplicate; zero_half 109: 109 accepted",0.0,0.0,,300.029081,300.000212493,e7c0c60,"E2E TIR C3 container, 16 vCPU 32 GB plan (C3.32GB; corrected after the run, the label first read the host), AMD EPYC 9555 64-Core Processor host, nothing else running; AMD EPYC 9555 64-Core Processor; 256 cores; 1512 GiB RAM; Linux-x86_64",2026-10-02T21:56:47+00:00,,1,0,0,1,bc0408090ce1b136fb5b4a5db04132facb42bb412ac1cdbc7175b47923a76eb3,,300.000212,0,0,,,,,,,,,0,0,0,nan,nan,0,0,0,0,0,68,0,0,0,409.99947164357695,410,0,0,0,0,2
neos-2657525-crna,447ffaafa253582984b35bb6f16b44ec5d8692ef4f5b84ffb389c2d84b938983,342,524,1690,524,time_limit,"; no feasible point had been found when the limit stopped the search, so none is reported (the objective is the worst representable value, not a solution)",inf,1.810748,0.0,inf,inf,0,0,,101026,61,"gomory 49: 18 accepted, 17 too_dense, 14 duplicate; mir 17: 14 accepted, 3 duplicate; clique 1: 1 duplicate; zero_half 93: 93 accepted",0.0,0.0,,300.027201,300.00024665,e7c0c60,"E2E TIR C3 container, 16 vCPU 32 GB plan (C3.32GB; corrected after the run, the label first read the host), AMD EPYC 9555 64-Core Processor host, nothing else running; AMD EPYC 9555 64-Core Processor; 256 cores; 1512 GiB RAM; Linux-x86_64",2026-10-02T21:56:47+00:00,,1,0,0,2,80602b99f8ef8880be7b8704561134c62b9bc36cc85d3a98fe43cc35a85ccc10,,300.000247,0,0,,,,,,,,,0,0,0,nan,nan,0,0,0,0,0,58,0,0,0,402.99939561473906,403,0,0,0,0,1
neos-3024952-loue,6c5f4b9dcb2bf75ce068fb2eea1a2ce911b028390e0fe6b98bd6ddb8690be5cb,3705,3255,17310,3255,time_limit,"; no feasible point had been found when the limit stopped the search, so none is reported (the objective is the worst representable value, not a solution)",inf,26756.0,23507.0,inf,inf,0,0,,10053,480,"gomory 437: 387 accepted, 50 too_dense; mir 254: 254 accepted; zero_half 1089: 1089 accepted",22881.999999999993,23506.575832816252,,300.027735,300.002018211,e7c0c60,"E2E TIR C3 container, 16 vCPU 32 GB plan (C3.32GB; corrected after the run, the label first read the host), AMD EPYC 9555 64-Core Processor host, nothing else running; AMD EPYC 9555 64-Core Processor; 256 cores; 1512 GiB RAM; Linux-x86_64",2026-10-02T21:56:47+00:00,,1,0,0,0,,,300.002018,0,0,,,,,,,,,0,0,0,nan,nan,0,0,0,0,0,480,0,0,0,4184.952253058788,4185,0,0,0,0,0
neos-3024952-loue,6c5f4b9dcb2bf75ce068fb2eea1a2ce911b028390e0fe6b98bd6ddb8690be5cb,3705,3255,17310,3255,time_limit,"; no feasible point had been found when the limit stopped the search, so none is reported (the objective is the worst representable value, not a solution)",inf,26756.0,23550.0,inf,inf,0,0,,3767,600,"gomory 384: 335 accepted, 40 too_dense, 9 duplicate; mir 252: 251 accepted, 1 duplicate; zero_half 4163: 4163 accepted",22882.000000000004,23549.64520303741,,300.041400,300.003135124,e7c0c60,"E2E TIR C3 container, 16 vCPU 32 GB plan (C3.32GB; corrected after the run, the label first read the host), AMD EPYC 9555 64-Core Processor host, nothing else running; AMD EPYC 9555 64-Core Processor; 256 cores; 1512 GiB RAM; Linux-x86_64",2026-10-02T21:56:47+00:00,,1,0,0,1,337725d8c6f36351be1024909ff11237fd58f985f303a153af2368ad2014eb2a,,300.003135,0,0,,,,,,,,,0,0,0,nan,nan,0,0,0,0,0,600,0,0,0,4304.840722059995,4305,0,0,0,0,0
neos-3024952-loue,6c5f4b9dcb2bf75ce068fb2eea1a2ce911b028390e0fe6b98bd6ddb8690be5cb,3705,3255,17310,3255,time_limit,"; no feasible point had been found when the limit stopped the search, so none is reported (the objective is the worst representable value, not a solution)",inf,26756.0,23549.0,inf,inf,0,0,,3927,540,"gomory 404: 371 accepted, 33 too_dense; mir 252: 252 accepted; zero_half 4122: 4122 accepted",22881.999999999993,23548.42461859097,,300.047725,300.000143127,e7c0c60,"E2E TIR C3 container, 16 vCPU 32 GB plan (C3.32GB; corrected after the run, the label first read the host), AMD EPYC 9555 64-Core Processor host, nothing else running; AMD EPYC 9555 64-Core Processor; 256 cores; 1512 GiB RAM; Linux-x86_64",2026-10-02T21:56:47+00:00,,1,0,0,2,a699202da435ed1b132d45e8bd93253f49029da18d663ef6718db2a268857ad9,,300.000143,0,0,,,,,,,,,0,0,0,nan,nan,0,0,0,0,0,540,0,0,0,4244.862490450726,4245,0,0,0,0,0
neos-3046615-murg,07d98d3032b201c023a7628a75974093c945987119a19803bcc69f0476956e19,498,274,1266,256,time_limit,"stopped at the time limit of 300s after 300.00s, 0 iterations, 97499 nodes; no feasible point had been found when the limit stopped the search, so none is reported (the objective is the worst representable value, not a solution)",inf,1600.0,495.0000000000199,inf,inf,0,0,,97499,496,"gomory 152: 76 accepted, 76 duplicate; zero_half 307: 307 accepted",192.0,324.4797957264183,,300.048934,300.003062099,e7c0c60,"E2E TIR C3 container, 16 vCPU 32 GB plan (C3.32GB; corrected after the run, the label first read the host), AMD EPYC 9555 64-Core Processor host, nothing else running; AMD EPYC 9555 64-Core Processor; 256 cores; 1512 GiB RAM; Linux-x86_64",2026-10-02T21:56:47+00:00,,1,0,0,0,,,300.003062,0,0,,,,,,,,,0,0,0,nan,nan,0,0,0,0,0,496,0,0,0,991.9949127683361,992,0,0,0,0,0
neos-3046615-murg,07d98d3032b201c023a7628a75974093c945987119a19803bcc69f0476956e19,498,274,1266,256,time_limit,"; no feasible point had been found when the limit stopped the search, so none is reported (the objective is the worst representable value, not a solution)",inf,1600.0,517.0000000000728,inf,inf,0,0,,127217,410,"gomory 174: 87 accepted, 87 duplicate; zero_half 191: 191 accepted",192.0,311.5788645529294,,300.035625,300.000399206,e7c0c60,"E2E TIR C3 container, 16 vCPU 32 GB plan (C3.32GB; corrected after the run, the label first read the host), AMD EPYC 9555 64-Core Processor host, nothing else running; AMD EPYC 9555 64-Core Processor; 256 cores; 1512 GiB RAM; Linux-x86_64",2026-10-02T21:56:47+00:00,,1,0,0,1,9f85516c8c8ee569eaeb733170310de3592864415fa6f675d0f1fb69b93a9f60,,300.000399,0,0,,,,,,,,,0,0,0,nan,nan,0,0,0,0,0,409,0,0,0,905.9967751069721,906,0,0,0,0,0
neos-3046615-murg,07d98d3032b201c023a7628a75974093c945987119a19803bcc69f0476956e19,498,274,1266,256,time_limit,"; no feasible point had been found when the limit stopped the search, so none is reported (the objective is the worst representable value, not a solution)",inf,1600.0,489.0000000000143,inf,inf,0,0,,103131,459,"gomory 166: 83 accepted, 83 duplicate; zero_half 179: 179 accepted",192.0,314.16073075191287,,300.031148,300.001190215,e7c0c60,"E2E TIR C3 container, 16 vCPU 32 GB plan (C3.32GB; corrected after the run, the label first read the host), AMD EPYC 9555 64-Core Processor host, nothing else running; AMD EPYC 9555 64-Core Processor; 256 cores; 1512 GiB RAM; Linux-x86_64",2026-10-02T21:56:47+00:00,,1,0,0,2,0a7b55730e7813e2af6d8bf2f385af422a60d7c9557e15c9c4e6b0cdd9c2e095,,300.001190,0,0,,,,,,,,,0,0,0,nan,nan,0,0,0,0,0,457,0,0,0,954.9955489182611,955,0,0,0,0,0
neos-3381206-awhea,58d33361a14a26ae1c497a9c8726fb33a699205a9dfad4f6c90e18ba7994db56,479,2375,4275,2375,time_limit,"; no feasible point had been found when the limit stopped the search, so none is reported (the objective is the worst representable value, not a solution)",inf,453.0,416.0,inf,inf,0,0,,268965,90,"gomory 473: 472 accepted, 1 too_dense; mir 471: 100 accepted, 371 duplicate",415.24000000000206,415.24000000000143,,300.172206,300.001721602,e7c0c60,"E2E TIR C3 container, 16 vCPU 32 GB plan (C3.32GB; corrected after the run, the label first read the host), AMD EPYC 9555 64-Core Processor host, nothing else running; AMD EPYC 9555 64-Core Processor; 256 cores; 1512 GiB RAM; Linux-x86_64",2026-10-02T21:56:47+00:00,,1,0,0,0,,,300.001722,0,0,,,,,,,,,0,0,0,nan,nan,0,0,0,0,0,90,0,0,0,569.9996648968255,570,0,0,0,0,0
neos-3381206-awhea,58d33361a14a26ae1c497a9c8726fb33a699205a9dfad4f6c90e18ba7994db56,479,2375,4275,2375,time_limit,"stopped at the time limit of 300s after 300.00s, 0 iterations, 228228 nodes; no feasible point had been found when the limit stopped the search, so none is reported (the objective is the worst representable value, not a solution)",inf,453.0,416.0,inf,inf,0,0,,228228,90,"gomory 461: 459 accepted, 2 too_dense; mir 458: 143 accepted, 315 duplicate",415.24000000000166,415.24000000000245,,300.124191,300.001661365,e7c0c60,"E2E TIR C3 container, 16 vCPU 32 GB plan (C3.32GB; corrected after the run, the label first read the host), AMD EPYC 9555 64-Core Processor host, nothing else running; AMD EPYC 9555 64-Core Processor; 256 cores; 1512 GiB RAM; Linux-x86_64",2026-10-02T21:56:47+00:00,,1,0,0,1,de56ac70c2277d68c1f0727032241d7462fc3d0c70ad28111c8cd7dcba0900c7,,300.001661,0,0,,,,,,,,,0,0,0,nan,nan,0,0,0,0,0,90,0,0,0,569.9996056557726,570,0,0,0,0,0
neos-3381206-awhea,58d33361a14a26ae1c497a9c8726fb33a699205a9dfad4f6c90e18ba7994db56,479,2375,4275,2375,feasible,"stopped at the time limit of 300s after 300.00s, 0 iterations, 229026 nodes",475.0,453.0,416.0,59.0,0.12421052631578948,0,0,1,229026,90,"gomory 444: 442 accepted, 2 too_dense; mir 440: 155 accepted, 285 duplicate",415.24000000000143,415.24000000000103,0.0000,300.122400,300.001618046,e7c0c60,"E2E TIR C3 container, 16 vCPU 32 GB plan (C3.32GB; corrected after the run, the label first read the host), AMD EPYC 9555 64-Core Processor host, nothing else running; AMD EPYC 9555 64-Core Processor; 256 cores; 1512 GiB RAM; Linux-x86_64",2026-10-02T21:56:47+00:00,,1,0,0,2,cc66bd48da19756380b60fad56f1425a9d2856300ba75f7326fd10ee06abbc9e,12.096659,25.431204,1,1,,,,,,,,,0,0,0,nan,nan,0,0,0,0,0,90,0,0,0,569.9996068924851,570,0,0,0,0,0
neos-3627168-kasai,adf4a013825ad2932531128132c387eab68470ca087e23ea5cca4d2930954d7e,1655,1462,5158,535,feasible,"stopped at the time limit of 300s after 300.00s, 0 iterations, 137838 nodes",989393.7199999997,988585.6199999998,980396.2688888881,8997.451111111674,0.009093903598975417,0,0,1,137838,600,"gomory 153: 113 accepted, 5 too_dense, 35 coefficient_ratio; mir 117: 117 accepted",945808.0955555561,964913.2311712545,0.4383,300.153135,300.000355107,e7c0c60,"E2E TIR C3 container, 16 vCPU 32 GB plan (C3.32GB; corrected after the run, the label first read the host), AMD EPYC 9555 64-Core Processor host, nothing else running; AMD EPYC 9555 64-Core Processor; 256 cores; 1512 GiB RAM; Linux-x86_64",2026-10-02T21:56:47+00:00,,1,0,0,0,,6.095573,6.365927,8,1,,,,,,,,,0,0,0,nan,nan,0,0,0,0,0,595,0,0,0,2253.9956383620597,2254,0,0,0,0,0
neos-3627168-kasai,adf4a013825ad2932531128132c387eab68470ca087e23ea5cca4d2930954d7e,1655,1462,5158,535,feasible,"stopped at the time limit of 300s after 300.00s, 0 iterations, 86360 nodes",989582.1799999997,988585.6199999998,971926.8007407401,17655.379259259556,0.017841246150228335,0,0,1,86360,600,"gomory 143: 105 accepted, 5 too_dense, 33 coefficient_ratio; mir 172: 172 accepted",945808.0955555551,957800.4485922947,0.2740,300.063071,300.000649957,e7c0c60,"E2E TIR C3 container, 16 vCPU 32 GB plan (C3.32GB; corrected after the run, the label first read the host), AMD EPYC 9555 64-Core Processor host, nothing else running; AMD EPYC 9555 64-Core Processor; 256 cores; 1512 GiB RAM; Linux-x86_64",2026-10-02T21:56:47+00:00,,1,0,0,1,50f9900e22b6c309d232f3a90a50d8638b52102193c9aca28cfebbc8f56273c5,11.072482,11.434307,9,1,,,,,,,,,0,0,0,nan,nan,0,0,0,0,0,600,0,0,0,2252.9930200093067,2253,0,0,0,0,0
neos-3627168-kasai,adf4a013825ad2932531128132c387eab68470ca087e23ea5cca4d2930954d7e,1655,1462,5158,535,feasible,,989555.3399999996,988585.6199999998,972359.1951851846,17196.144814815023,0.01737764844441649,0,0,1,112191,600,"gomory 136: 103 accepted, 6 too_dense, 27 coefficient_ratio; mir 202: 202 accepted",945808.0955555554,958633.0305155079,0.2932,300.075005,300.000580682,e7c0c60,"E2E TIR C3 container, 16 vCPU 32 GB plan (C3.32GB; corrected after the run, the label first read the host), AMD EPYC 9555 64-Core Processor host, nothing else running; AMD EPYC 9555 64-Core Processor; 256 cores; 1512 GiB RAM; Linux-x86_64",2026-10-02T21:56:47+00:00,,1,0,0,2,7653e2db7d0770d4afcde73e5a3f44771c6dd0a1905a5a50dd1a734ada412c70,7.329741,7.631933,3,1,,,,,,,,,0,0,0,nan,nan,0,0,0,0,0,600,0,0,0,2253.994644865318,2254,0,0,0,0,0
neos-3754480-nidda,63f322dd9be49acf31f7579d8f04e3bb578bdd7ca7d3525683384190c9a8bf7f,402,253,1488,50,feasible,"stopped at the time limit of 300s after 300.00s, 0 iterations, 273036 nodes",13500.680113818271,12941.73838561778,-323475.8322966318,336976.5124104501,24.95996568836162,0,0,1,273036,0,gomory 41: 41 coefficient_ratio,-1216923.270104403,-1216923.270104403,0.0000,300.109126,300.016398197,e7c0c60,"E2E TIR C3 container, 16 vCPU 32 GB plan (C3.32GB; corrected after the run, the label first read the host), AMD EPYC 9555 64-Core Processor host, nothing else running; AMD EPYC 9555 64-Core Processor; 256 cores; 1512 GiB RAM; Linux-x86_64",2026-10-02T21:56:47+00:00,,1,0,0,0,,0.363929,26.183589,16,1,,,,,,,,,0,0,0,nan,nan,0,0,0,0,0,0,0,0,0,402.0,402,0,0,0,0,0
neos-3754480-nidda,63f322dd9be49acf31f7579d8f04e3bb578bdd7ca7d3525683384190c9a8bf7f,402,253,1488,50,feasible,,13500.680113818255,12941.73838561778,-329271.2734606181,342771.95357443637,25.389236000310934,0,0,1,247623,0,gomory 41: 41 coefficient_ratio,-1216923.2701044024,-1216923.2701044024,0.0000,300.092099,300.000866354,e7c0c60,"E2E TIR C3 container, 16 vCPU 32 GB plan (C3.32GB; corrected after the run, the label first read the host), AMD EPYC 9555 64-Core Processor host, nothing else running; AMD EPYC 9555 64-Core Processor; 256 cores; 1512 GiB RAM; Linux-x86_64",2026-10-02T21:56:47+00:00,,1,0,0,1,20386700b010ed329303c88828d5f782f077134e907a94ae142e65504bd8b00d,0.393986,27.703998,16,1,,,,,,,,,0,0,0,nan,nan,0,0,0,0,0,0,0,0,0,402.0,402,0,0,0,0,0
neos-3754480-nidda,63f322dd9be49acf31f7579d8f04e3bb578bdd7ca7d3525683384190c9a8bf7f,402,253,1488,50,feasible,,13464.65673085601,12941.73838561778,-328336.16754492244,341800.82427577843,25.38503811185156,0,0,1,249183,0,gomory 41: 41 coefficient_ratio,-1216923.2701044022,-1216923.2701044022,0.0000,300.086542,300.000947044,e7c0c60,"E2E TIR C3 container, 16 vCPU 32 GB plan (C3.32GB; corrected after the run, the label first read the host), AMD EPYC 9555 64-Core Processor host, nothing else running; AMD EPYC 9555 64-Core Processor; 256 cores; 1512 GiB RAM; Linux-x86_64",2026-10-02T21:56:47+00:00,,1,0,0,2,4d1119abf93f8d5c48811e17ec6c0b9e4323f7143a06d6c5b7941d4287bd9d40,0.395484,25.129786,18,1,,,,,,,,,0,0,0,nan,nan,0,0,0,0,0,0,0,0,0,402.0,402,0,0,0,0,0
neos-4338804-snowy,a8111bbb59ae6b28be2253e0532c9e628749e7c7cc7d1a1603992ec079f7eb04,1701,1344,6342,1302,feasible,,4831.999999999251,1471.0,1447.0,3384.9999999992506,0.7005380794701522,0,0,1,62486,90,gomory 420: 420 accepted; zero_half 499: 499 accepted,1447.0,1447.0,0.0000,300.035034,300.000319425,e7c0c60,"E2E TIR C3 container, 16 vCPU 32 GB plan (C3.32GB; corrected after the run, the label first read the host), AMD EPYC 9555 64-Core Processor host, nothing else running; AMD EPYC 9555 64-Core Processor; 256 cores; 1512 GiB RAM; Linux-x86_64",2026-10-02T21:56:47+00:00,,1,0,0,0,,33.060206,218.736059,1,1,,,,,,,,,0,0,0,nan,nan,0,0,0,0,0,90,0,0,0,1790.9985555163228,1791,0,0,0,0,0
neos-4338804-snowy,a8111bbb59ae6b28be2253e0532c9e628749e7c7cc7d1a1603992ec079f7eb04,1701,1344,6342,1302,time_limit,"; no feasible point had been found when the limit stopped the search, so none is reported (the objective is the worst representable value, not a solution)",inf,1471.0,1447.0,inf,inf,0,0,,54863,90,gomory 420: 420 accepted; zero_half 143: 143 accepted,1447.0,1447.0,,300.033875,300.000131524,e7c0c60,"E2E TIR C3 container, 16 vCPU 32 GB plan (C3.32GB; corrected after the run, the label first read the host), AMD EPYC 9555 64-Core Processor host, nothing else running; AMD EPYC 9555 64-Core Processor; 256 cores; 1512 GiB RAM; Linux-x86_64",2026-10-02T21:56:47+00:00,,1,0,0,1,866de2038ee37251b66f9e77ffd02ee5c137e99a8aed5cf497785d2de0d792cb,,300.000132,0,0,,,,,,,,,0,0,0,nan,nan,0,0,0,0,0,77,0,0,0,1790.9983595501521,1791,0,0,0,0,0
neos-4338804-snowy,a8111bbb59ae6b28be2253e0532c9e628749e7c7cc7d1a1603992ec079f7eb04,1701,1344,6342,1302,time_limit,"; no feasible point had been found when the limit stopped the search, so none is reported (the objective is the worst representable value, not a solution)",inf,1471.0,1447.0,inf,inf,0,0,,50927,90,gomory 420: 420 accepted; zero_half 133: 133 accepted,1447.0,1447.0,,300.032743,300.001532973,e7c0c60,"E2E TIR C3 container, 16 vCPU 32 GB plan (C3.32GB; corrected after the run, the label first read the host), AMD EPYC 9555 64-Core Processor host, nothing else running; AMD EPYC 9555 64-Core Processor; 256 cores; 1512 GiB RAM; Linux-x86_64",2026-10-02T21:56:47+00:00,,1,0,0,2,1f5053a6cd79abacd67e657542d0190e7824d21793ed7123dd39f621ead7c71c,,300.001533,0,0,,,,,,,,,0,0,0,nan,nan,0,0,0,0,0,66,0,0,0,1790.9982323133127,1791,0,0,0,0,0
neos-4738912-atrato,bd85cacd7a28e99106d75d411d09e73005c818cf36b9a53e3ed01f00c09ff422,1947,6216,19521,6216,feasible,,559842229.1711298,283627956.595,213722807.98066425,346119421.19046557,0.6182445752670535,0,0,1,45537,600,"gomory 382: 296 accepted, 5 too_dense, 62 coefficient_ratio, 19 duplicate; mir 157: 154 accepted, 3 duplicate; zero_half 6: 6 accepted",65143485.99418827,73802469.82106657,0.0175,300.075383,300.000451614,e7c0c60,"E2E TIR C3 container, 16 vCPU 32 GB plan (C3.32GB; corrected after the run, the label first read the host), AMD EPYC 9555 64-Core Processor host, nothing else running; AMD EPYC 9555 64-Core Processor; 256 cores; 1512 GiB RAM; Linux-x86_64",2026-10-02T21:56:47+00:00,,1,0,0,0,,113.296592,205.412313,2,1,,,,,,,,,0,0,0,nan,nan,0,0,0,0,0,488,0,0,0,2548.9866292285064,2549,0,0,0,0,0
neos-4738912-atrato,bd85cacd7a28e99106d75d411d09e73005c818cf36b9a53e3ed01f00c09ff422,1947,6216,19521,6216,feasible,,596748004.2424802,283627956.595,211130776.86409226,385617227.3783879,0.6461977662881262,0,0,1,38347,600,"gomory 378: 295 accepted, 5 too_dense, 60 coefficient_ratio, 18 duplicate; mir 155: 149 accepted, 6 duplicate; zero_half 12: 12 accepted",65143485.99418828,73703212.23488873,0.0161,300.049552,299.999971971,e7c0c60,"E2E TIR C3 container, 16 vCPU 32 GB plan (C3.32GB; corrected after the run, the label first read the host), AMD EPYC 9555 64-Core Processor host, nothing else running; AMD EPYC 9555 64-Core Processor; 256 cores; 1512 GiB RAM; Linux-x86_64",2026-10-02T21:56:47+00:00,,1,0,0,1,920628dd704cd53a05fe934560da7e48a4afdc2f5f5eaa39a37123d1d532d65f,131.528927,220.912072,8,1,,,,,,,,,0,0,0,nan,nan,0,0,0,0,0,571,0,0,0,2548.9837058360263,2549,0,0,0,0,0
neos-4738912-atrato,bd85cacd7a28e99106d75d411d09e73005c818cf36b9a53e3ed01f00c09ff422,1947,6216,19521,6216,feasible,"stopped at the time limit of 299.999s after 300.00s, 0 iterations, 46073 nodes",527119807.2348003,283627956.595,212795579.3105543,314324227.92424595,0.5963050972664993,0,0,1,46073,600,"gomory 379: 287 accepted, 5 too_dense, 65 coefficient_ratio, 22 duplicate; mir 156: 152 accepted, 4 duplicate; zero_half 10: 10 accepted",65143485.994188294,73684974.24487972,0.0185,300.059734,300.00012332,e7c0c60,"E2E TIR C3 container, 16 vCPU 32 GB plan (C3.32GB; corrected after the run, the label first read the host), AMD EPYC 9555 64-Core Processor host, nothing else running; AMD EPYC 9555 64-Core Processor; 256 cores; 1512 GiB RAM; Linux-x86_64",2026-10-02T21:56:47+00:00,,1,0,0,2,7bdffb3143cb4e437ffb29587a3bc915a77940fd5fbbf7ff6548a50e328efc85,72.408208,185.626143,9,1,,,,,,,,,0,0,0,nan,nan,0,0,0,0,0,567,0,0,0,2548.986664295875,2549,0,0,0,0,0
neos-4954672-berkel,634fa369d5100ae7a9c3d5e872f8c58af74d2873f6642291be899362322c1e6c,1848,1533,8007,630,feasible,"stopped at the time limit of 300s after 300.00s, 0 iterations, 52261 nodes",4389461.0,2612710.0,1266617.1529411774,3122843.8470588224,0.7114413015763945,0,0,1,52261,90,"gomory 217: 217 accepted; mir 356: 177 accepted, 179 duplicate",1150229.1752941173,1150436.8343590319,0.0001,300.032981,299.99998173,e7c0c60,"E2E TIR C3 container, 16 vCPU 32 GB plan (C3.32GB; corrected after the run, the label first read the host), AMD EPYC 9555 64-Core Processor host, nothing else running; AMD EPYC 9555 64-Core Processor; 256 cores; 1512 GiB RAM; Linux-x86_64",2026-10-02T21:56:47+00:00,,1,0,0,0,,12.869338,130.384773,5,1,,,,,,,,,0,0,0,nan,nan,0,0,0,0,0,81,0,0,0,1919.9982778745145,1920,0,0,0,0,0
neos-4954672-berkel,634fa369d5100ae7a9c3d5e872f8c58af74d2873f6642291be899362322c1e6c,1848,1533,8007,630,feasible,,4419530.0,2612710.0,1284740.9547058828,3134789.045294117,0.7093037144886712,0,0,1,46588,90,"gomory 218: 218 accepted; mir 366: 175 accepted, 191 duplicate",1150229.1752941175,1150229.1752941178,0.0000,300.028932,300.00014871,e7c0c60,"E2E TIR C3 container, 16 vCPU 32 GB plan (C3.32GB; corrected after the run, the label first read the host), AMD EPYC 9555 64-Core Processor host, nothing else running; AMD EPYC 9555 64-Core Processor; 256 cores; 1512 GiB RAM; Linux-x86_64",2026-10-02T21:56:47+00:00,,1,0,0,1,5bfe99090b6c394de6e99fd570c0c98a7b133af8f3b746e173d8857190aafa53,11.612539,129.512972,1,1,,,,,,,,,0,0,0,nan,nan,0,0,0,0,0,82,0,0,0,1919.9980681720615,1920,0,0,0,0,0
neos-4954672-berkel,634fa369d5100ae7a9c3d5e872f8c58af74d2873f6642291be899362322c1e6c,1848,1533,8007,630,feasible,,3780170.0,2612710.0,1267502.9282352943,2512667.0717647057,0.6646968447886485,0,0,1,46971,90,"gomory 213: 213 accepted; mir 340: 163 accepted, 177 duplicate",1150229.175294117,1150748.2000244888,0.0002,300.033475,300.000386442,e7c0c60,"E2E TIR C3 container, 16 vCPU 32 GB plan (C3.32GB; corrected after the run, the label first read the host), AMD EPYC 9555 64-Core Processor host, nothing else running; AMD EPYC 9555 64-Core Processor; 256 cores; 1512 GiB RAM; Linux-x86_64",2026-10-02T21:56:47+00:00,,1,0,0,2,79c36bb858fb4d948afeacc405b8c69dff2e9d11f2529e4c6bcc319281e9e127,13.960644,118.330371,18,1,,,,,,,,,0,0,0,nan,nan,0,0,0,0,0,86,0,0,0,1919.9980839241234,1920,0,0,0,0,0
neos-911970,cf9ad35ade0015d140f33ce83a593d76672c09fd8cc30c0539213be7e4a65ebb,107,888,3408,840,feasible,,62.32,54.76,50.63811842833425,11.681881571665748,0.18744996103443112,0,0,1,477315,90,"gomory 37: 26 accepted, 11 duplicate; mir 33: 32 accepted, 1 duplicate",23.259999999999984,23.259999999999984,0.0000,300.084780,300.000678101,e7c0c60,"E2E TIR C3 container, 16 vCPU 32 GB plan (C3.32GB; corrected after the run, the label first read the host), AMD EPYC 9555 64-Core Processor host, nothing else running; AMD EPYC 9555 64-Core Processor; 256 cores; 1512 GiB RAM; Linux-x86_64",2026-10-02T21:56:47+00:00,,1,0,0,0,,0.530084,80.912865,18,1,,,,,,,,,0,0,0,nan,nan,0,0,0,0,0,90,0,0,0,213.999811445272,214,0,0,0,0,0
neos-911970,cf9ad35ade0015d140f33ce83a593d76672c09fd8cc30c0539213be7e4a65ebb,107,888,3408,840,feasible,"stopped at the time limit of 300s after 300.00s, 0 iterations, 184652 nodes",84.24999999999993,54.76,44.106428571428545,40.143571428571384,0.47648155998304353,0,0,1,184652,90,"gomory 63: 34 accepted, 18 too_dense, 11 duplicate; mir 38: 38 accepted; zero_half 14: 14 accepted",23.25999999999999,23.25999999999998,0.0000,300.049394,300.000276704,e7c0c60,"E2E TIR C3 container, 16 vCPU 32 GB plan (C3.32GB; corrected after the run, the label first read the host), AMD EPYC 9555 64-Core Processor host, nothing else running; AMD EPYC 9555 64-Core Processor; 256 cores; 1512 GiB RAM; Linux-x86_64",2026-10-02T21:56:47+00:00,,1,0,0,1,878aece2cf2bfea2481ca54363dd6ee7da9ce065fe8b0f3d9856b99afeb60dd3,0.721270,129.896739,7,1,,,,,,,,,0,0,0,nan,nan,0,0,0,0,0,81,0,0,0,220.99948915591528,221,0,0,0,0,0
neos-911970,cf9ad35ade0015d140f33ce83a593d76672c09fd8cc30c0539213be7e4a65ebb,107,888,3408,840,feasible,,105.32000000000008,54.76,42.73499999999997,62.58500000000011,0.5942366122293967,0,0,1,176460,90,"gomory 62: 17 accepted, 43 too_dense, 1 coefficient_ratio, 1 duplicate; mir 36: 36 accepted; zero_half 10: 10 accepted",23.25999999999999,23.25999999999998,0.0000,300.055940,300.00041654,e7c0c60,"E2E TIR C3 container, 16 vCPU 32 GB plan (C3.32GB; corrected after the run, the label first read the host), AMD EPYC 9555 64-Core Processor host, nothing else running; AMD EPYC 9555 64-Core Processor; 256 cores; 1512 GiB RAM; Linux-x86_64",2026-10-02T21:56:47+00:00,,1,0,0,2,642938cb0f2290e406d2f551e04507bd3147519c2c90c8af02334c0bace545b2,0.807916,164.345224,11,1,,,,,,,,,0,0,0,nan,nan,0,0,0,0,0,87,0,0,0,221.9994704729853,222,0,0,0,0,0
neos17,1d50d129c3cbee9e409399314e5a77626811a46c301a2cf2fa2a2e64f65a8ba9,486,535,4931,300,feasible,,0.16079058941059007,0.1500025774,0.0824632867132874,0.07832730269730268,0.07832730269730268,0,0,1,147305,213,gomory 83: 83 accepted,0.0006814985014984976,0.023473560061728044,0.1424,300.065001,300.000443929,e7c0c60,"E2E TIR C3 container, 16 vCPU 32 GB plan (C3.32GB; corrected after the run, the label first read the host), AMD EPYC 9555 64-Core Processor host, nothing else running; AMD EPYC 9555 64-Core Processor; 256 cores; 1512 GiB RAM; Linux-x86_64",2026-10-02T21:56:47+00:00,,1,0,0,0,,5.468419,41.192452,13,1,,,,,,,,,0,0,0,nan,nan,0,0,0,0,0,212,0,0,0,698.9985540205696,699,0,0,0,0,0
neos17,1d50d129c3cbee9e409399314e5a77626811a46c301a2cf2fa2a2e64f65a8ba9,486,535,4931,300,feasible,,0.15686324675324706,0.1500025774,0.1089584301412873,0.047904816611959763,0.047904816611959763,0,0,1,119185,317,gomory 67: 67 accepted,0.0006814985014984994,0.02074803430215799,0.1285,300.059902,300.000460908,e7c0c60,"E2E TIR C3 container, 16 vCPU 32 GB plan (C3.32GB; corrected after the run, the label first read the host), AMD EPYC 9555 64-Core Processor host, nothing else running; AMD EPYC 9555 64-Core Processor; 256 cores; 1512 GiB RAM; Linux-x86_64",2026-10-02T21:56:47+00:00,,1,0,0,1,26ba2ff1ad9cc369852a159104b4b3d14d84fa23bdfa8feabb04f4819c8c63c8,7.283635,32.701879,10,1,,,,,,,,,0,0,0,nan,nan,0,0,0,0,0,311,0,0,0,802.9973402693292,803,0,0,0,0,0
neos17,1d50d129c3cbee9e409399314e5a77626811a46c301a2cf2fa2a2e64f65a8ba9,486,535,4931,300,feasible,,0.15410224775224818,0.1500025774,0.10734674325674336,0.04675550449550482,0.04675550449550482,0,0,1,171501,155,gomory 24: 24 accepted,0.0006814985014984996,0.011028532083277646,0.0674,300.079634,300.000469477,e7c0c60,"E2E TIR C3 container, 16 vCPU 32 GB plan (C3.32GB; corrected after the run, the label first read the host), AMD EPYC 9555 64-Core Processor host, nothing else running; AMD EPYC 9555 64-Core Processor; 256 cores; 1512 GiB RAM; Linux-x86_64",2026-10-02T21:56:47+00:00,,1,0,0,2,865fb020e79677be5fc2559f3e70cb19feef335b46d318b3bb796584de905b78,5.065591,23.659517,15,1,,,,,,,,,0,0,0,nan,nan,0,0,0,0,0,154,0,0,0,640.9990962151824,641,0,0,0,0,0
neos5,2888e9aeb10a4cf16d3b9ad221302fd3de815ce1454b31e660ebd060589c1072,63,63,2016,53,feasible,,15.000000000000004,15.0,14.666666666666666,0.3333333333333375,0.022222222222222494,1,0,1,830486,21,gomory 29: 29 accepted; zero_half 1: 1 accepted,13.0,13.435707646485367,0.2179,300.128157,300.001362621,e7c0c60,"E2E TIR C3 container, 16 vCPU 32 GB plan (C3.32GB; corrected after the run, the label first read the host), AMD EPYC 9555 64-Core Processor host, nothing else running; AMD EPYC 9555 64-Core Processor; 256 cores; 1512 GiB RAM; Linux-x86_64",2026-10-02T21:56:47+00:00,,1,0,0,0,,0.142817,2.250846,4,1,,,,,,,,,0,0,0,nan,nan,0,0,0,0,0,21,0,0,0,85.99997471360143,86,0,0,0,0,0
neos5,2888e9aeb10a4cf16d3b9ad221302fd3de815ce1454b31e660ebd060589c1072,63,63,2016,53,feasible,,14.999999999999996,15.0,14.749999999999996,0.25,0.01666666666666667,1,0,1,860569,22,gomory 28: 28 accepted; zero_half 1: 1 accepted,13.0,13.441782457104274,0.2209,300.128230,300.001238899,e7c0c60,"E2E TIR C3 container, 16 vCPU 32 GB plan (C3.32GB; corrected after the run, the label first read the host), AMD EPYC 9555 64-Core Processor host, nothing else running; AMD EPYC 9555 64-Core Processor; 256 cores; 1512 GiB RAM; Linux-x86_64",2026-10-02T21:56:47+00:00,,1,0,0,1,e4eb97b5c4b908d8932f28be86f422bca9483c6c097b107d1d5f7d1ee6cde1f4,0.131637,3.269235,5,1,,,,,,,,,0,0,0,nan,nan,0,0,0,0,0,22,0,0,0,86.99997443551882,87,0,0,0,0,0
neos5,2888e9aeb10a4cf16d3b9ad221302fd3de815ce1454b31e660ebd060589c1072,63,63,2016,53,feasible,,15.0,15.0,14.749999999999996,0.25000000000000355,0.016666666666666902,1,0,1,825113,17,gomory 25: 25 accepted; zero_half 1: 1 accepted,13.0,13.453244302489598,0.2266,300.105672,300.001063474,e7c0c60,"E2E TIR C3 container, 16 vCPU 32 GB plan (C3.32GB; corrected after the run, the label first read the host), AMD EPYC 9555 64-Core Processor host, nothing else running; AMD EPYC 9555 64-Core Processor; 256 cores; 1512 GiB RAM; Linux-x86_64",2026-10-02T21:56:47+00:00,,1,0,0,2,99af9b7fbeef0c2d325724953b967b61cb5f7bb450c0a2d7d04d1f8ef480cf86,0.140270,2.521409,5,1,,,,,,,,,0,0,0,nan,nan,0,0,0,0,0,17,0,0,0,81.99997939676142,82,0,0,0,0,0
p200x1188c,edf0cc0c502379119a65005b5c9a59ad242211598b1741e7fd9f9376b11bc30f,1388,2376,4752,1188,feasible,,15078.0,15078.0,11344.0,3734.0,0.24764557633638415,1,0,1,17985,458,"gomory 5: 4 accepted, 1 coefficient_ratio; mir 1: 1 accepted",5678.607088607593,10519.891298269524,0.5151,300.020550,300.001915504,e7c0c60,"E2E TIR C3 container, 16 vCPU 32 GB plan (C3.32GB; corrected after the run, the label first read the host), AMD EPYC 9555 64-Core Processor host, nothing else running; AMD EPYC 9555 64-Core Processor; 256 cores; 1512 GiB RAM; Linux-x86_64",2026-10-02T21:56:47+00:00,,1,0,0,0,,4.945694,10.919180,8,1,,,,,,,,,0,0,0,nan,nan,0,0,0,0,0,457,0,0,0,1845.9745343341674,1846,0,0,0,0,0
p200x1188c,edf0cc0c502379119a65005b5c9a59ad242211598b1741e7fd9f9376b11bc30f,1388,2376,4752,1188,feasible,,15078.0,15078.0,10413.0,4665.0,0.30939116593712696,1,0,1,17772,422,"gomory 5: 4 accepted, 1 coefficient_ratio; mir 2: 2 accepted",5678.607088607593,8957.245720780425,0.3488,300.015149,300.000110629,e7c0c60,"E2E TIR C3 container, 16 vCPU 32 GB plan (C3.32GB; corrected after the run, the label first read the host), AMD EPYC 9555 64-Core Processor host, nothing else running; AMD EPYC 9555 64-Core Processor; 256 cores; 1512 GiB RAM; Linux-x86_64",2026-10-02T21:56:47+00:00,,1,0,0,1,377a2e996743591ca23e891f661bd3813b6c48ef289d324266f360a39e917cd1,4.554916,5.649876,3,1,,,,,,,,,0,0,0,nan,nan,0,0,0,0,0,421,0,0,0,1809.9762547828045,1810,0,0,0,0,0
p200x1188c,edf0cc0c502379119a65005b5c9a59ad242211598b1741e7fd9f9376b11bc30f,1388,2376,4752,1188,feasible,,15690.0,15078.0,11306.0,4384.0,0.2794136392606756,0,0,1,15405,442,"gomory 5: 4 accepted, 1 coefficient_ratio; mir 1: 1 accepted",5678.607088607592,10092.860527118253,0.4409,300.014186,300.000304006,e7c0c60,"E2E TIR C3 container, 16 vCPU 32 GB plan (C3.32GB; corrected after the run, the label first read the host), AMD EPYC 9555 64-Core Processor host, nothing else running; AMD EPYC 9555 64-Core Processor; 256 cores; 1512 GiB RAM; Linux-x86_64",2026-10-02T21:56:47+00:00,,1,0,0,2,752807eb1889e826787f05c51b113ff31d7430f340ec218e6baa60922216e898,4.964214,18.955015,3,1,,,,,,,,,0,0,0,nan,nan,0,0,0,0,0,440,0,0,0,1829.9713080168776,1830,0,0,0,0,0
pg,b4344d7361aca3d0ff039e5de05d2ad38cfe7c9b9b8300fab4573b35821457b2,125,2700,5200,100,feasible,,-8308.421932687192,-8674.34260712,-9688.422694644865,1380.0007619576736,0.16609661535464895,0,0,1,252274,125,gomory 93: 93 accepted; mir 183: 183 accepted,-11824.65738155926,-10173.224686587913,0.4697,300.126223,300.000996156,e7c0c60,"E2E TIR C3 container, 16 vCPU 32 GB plan (C3.32GB; corrected after the run, the label first read the host), AMD EPYC 9555 64-Core Processor host, nothing else running; AMD EPYC 9555 64-Core Processor; 256 cores; 1512 GiB RAM; Linux-x86_64",2026-10-02T21:56:47+00:00,,1,0,0,0,,1.405752,15.428038,15,1,,,,,,,,,0,0,0,nan,nan,0,0,0,0,0,1,0,0,0,249.99950450700427,250,0,0,0,0,0
pg,b4344d7361aca3d0ff039e5de05d2ad38cfe7c9b9b8300fab4573b35821457b2,125,2700,5200,100,feasible,"stopped at the time limit of 300s after 300.00s, 0 iterations, 210775 nodes",-8308.42193268719,-8674.34260712,-9699.038080074153,1390.6161473869633,0.1673742810191149,0,0,1,210775,125,gomory 93: 93 accepted; mir 183: 183 accepted,-11824.657381559262,-10173.224686587913,0.4697,300.102005,300.000507915,e7c0c60,"E2E TIR C3 container, 16 vCPU 32 GB plan (C3.32GB; corrected after the run, the label first read the host), AMD EPYC 9555 64-Core Processor host, nothing else running; AMD EPYC 9555 64-Core Processor; 256 cores; 1512 GiB RAM; Linux-x86_64",2026-10-02T21:56:47+00:00,,1,0,0,1,f38610f9efe3e36b0777d7dc3328511d60c7ee27730701e0043c6dfdb1973bce,1.434749,15.722520,15,1,,,,,,,,,0,0,0,nan,nan,0,0,0,0,0,1,0,0,0,249.99940695053968,250,0,0,0,0,0
pg,b4344d7361aca3d0ff039e5de05d2ad38cfe7c9b9b8300fab4573b35821457b2,125,2700,5200,100,feasible,"stopped at the time limit of 300s after 300.00s, 0 iterations, 210992 nodes",-8308.42193268719,-8674.34260712,-9698.9704755067,1390.5485428195097,0.16736614414691445,0,0,1,210992,125,gomory 93: 93 accepted; mir 183: 183 accepted,-11824.657381559262,-10173.224686587911,0.4697,300.108778,300.000738207,e7c0c60,"E2E TIR C3 container, 16 vCPU 32 GB plan (C3.32GB; corrected after the run, the label first read the host), AMD EPYC 9555 64-Core Processor host, nothing else running; AMD EPYC 9555 64-Core Processor; 256 cores; 1512 GiB RAM; Linux-x86_64",2026-10-02T21:56:47+00:00,,1,0,0,2,92f5cbbc8c50a86b0515c13f25d7cf36e23c0e5f8022fe4fc52085ffb1862702,1.439153,15.726714,15,1,,,,,,,,,0,0,0,nan,nan,0,0,0,0,0,1,0,0,0,249.99940756047621,250,0,0,0,0,0
pg5_34,d169bbd600ddc0be5625d95d52092f63e86d8bdfc78f86662c05429d26519567,225,2600,7700,100,time_limit,"; no feasible point had been found when the limit stopped the search, so none is reported (the objective is the worst representable value, not a solution)",inf,-14339.35345,-14930.012900306696,inf,inf,0,0,,123693,225,"gomory 88: 88 accepted; mir 176: 107 accepted, 69 duplicate",-16646.586017379595,-15231.45985347944,,300.099967,300.000430181,e7c0c60,"E2E TIR C3 container, 16 vCPU 32 GB plan (C3.32GB; corrected after the run, the label first read the host), AMD EPYC 9555 64-Core Processor host, nothing else running; AMD EPYC 9555 64-Core Processor; 256 cores; 1512 GiB RAM; Linux-x86_64",2026-10-02T21:56:47+00:00,,1,0,0,0,,,300.000430,0,0,,,,,,,,,0,0,0,nan,nan,0,0,0,0,0,29,0,0,0,449.99818098033035,450,0,0,0,0,0
pg5_34,d169bbd600ddc0be5625d95d52092f63e86d8bdfc78f86662c05429d26519567,225,2600,7700,100,time_limit,"; no feasible point had been found when the limit stopped the search, so none is reported (the objective is the worst representable value, not a solution)",inf,-14339.35345,-14934.309890411458,inf,inf,0,0,,111707,225,"gomory 88: 88 accepted; mir 176: 107 accepted, 69 duplicate",-16646.586017379595,-15231.45985347943,,300.062774,300.000319624,e7c0c60,"E2E TIR C3 container, 16 vCPU 32 GB plan (C3.32GB; corrected after the run, the label first read the host), AMD EPYC 9555 64-Core Processor host, nothing else running; AMD EPYC 9555 64-Core Processor; 256 cores; 1512 GiB RAM; Linux-x86_64",2026-10-02T21:56:47+00:00,,1,0,0,1,8bcddf2b5a92dc21b9a1b05d8e6527e3861f53762fe55b759d4d6b1c1ece8a06,,300.000320,0,0,,,,,,,,,0,0,0,nan,nan,0,0,0,0,0,28,0,0,0,449.9979858021431,450,0,0,0,0,0
pg5_34,d169bbd600ddc0be5625d95d52092f63e86d8bdfc78f86662c05429d26519567,225,2600,7700,100,time_limit,"; no feasible point had been found when the limit stopped the search, so none is reported (the objective is the worst representable value, not a solution)",inf,-14339.35345,-14934.034458831382,inf,inf,0,0,,112216,225,"gomory 88: 88 accepted; mir 176: 107 accepted, 69 duplicate",-16646.5860173796,-15231.45985347943,,300.059865,300.000594918,e7c0c60,"E2E TIR C3 container, 16 vCPU 32 GB plan (C3.32GB; corrected after the run, the label first read the host), AMD EPYC 9555 64-Core Processor host, nothing else running; AMD EPYC 9555 64-Core Processor; 256 cores; 1512 GiB RAM; Linux-x86_64",2026-10-02T21:56:47+00:00,,1,0,0,2,7bd3b14f0ac5d356998f11e106a2b5ca3c48eab6e2f06e2aac121cd686e5c1b0,,300.000595,0,0,,,,,,,,,0,0,0,nan,nan,0,0,0,0,0,29,0,0,0,449.9979949383332,450,0,0,0,0,0
pk1,6c64530538b254a8ae648f8f8f188847366ae52da560fdec0ad290c642973ba0,45,86,915,55,optimal,"optimal within the relative gap target (1.098e-03 absolute, 9.984e-05 relative) after 775102 nodes; the bound is the best open node's, the tree was not exhausted",10.99999999999999,11.0,10.998901755687328,0.0010982443126614783,9.984039206013449e-05,1,1,1,775102,46,gomory 15: 15 accepted; mir 4: 4 accepted,0.0,0.0,0.0000,232.287115,232.083788457,e7c0c60,"E2E TIR C3 container, 16 vCPU 32 GB plan (C3.32GB; corrected after the run, the label first read the host), AMD EPYC 9555 64-Core Processor host, nothing else running; AMD EPYC 9555 64-Core Processor; 256 cores; 1512 GiB RAM; Linux-x86_64",2026-10-02T21:56:47+00:00,,1,0,0,0,,0.111181,78.050178,12,1,,,,,,,,,0,0,0,nan,nan,0,0,0,0,0,46,0,0,0,90.99994065297213,91,0,0,0,0,0
pk1,6c64530538b254a8ae648f8f8f188847366ae52da560fdec0ad290c642973ba0,45,86,915,55,optimal,"optimal within the relative gap target (1.063e-03 absolute, 9.664e-05 relative) after 547205 nodes; the bound is the best open node's, the tree was not exhausted",10.999999999999925,11.0,10.998936977558289,0.0010630224416363632,9.663840378512458e-05,1,1,1,547205,43,gomory 15: 15 accepted; mir 5: 5 accepted,0.0,0.0,0.0000,155.948356,155.842230377,e7c0c60,"E2E TIR C3 container, 16 vCPU 32 GB plan (C3.32GB; corrected after the run, the label first read the host), AMD EPYC 9555 64-Core Processor host, nothing else running; AMD EPYC 9555 64-Core Processor; 256 cores; 1512 GiB RAM; Linux-x86_64",2026-10-02T21:56:47+00:00,,1,0,0,1,b2634a77319458fb3587db6f15197cd683ba68b8ff50b41413fd67915dc6537f,0.099823,42.165899,14,1,,,,,,,,,0,0,0,nan,nan,0,0,0,0,0,43,0,0,0,87.99992141884668,88,0,0,0,0,0
pk1,6c64530538b254a8ae648f8f8f188847366ae52da560fdec0ad290c642973ba0,45,86,915,55,optimal,"optimal within the relative gap target (1.090e-03 absolute, 9.909e-05 relative) after 888150 nodes; the bound is the best open node's, the tree was not exhausted",10.999999999999948,11.0,10.99890999337902,0.0010900066209291737,9.90915109935617e-05,1,1,1,888150,52,gomory 15: 15 accepted; mir 2: 2 accepted,0.0,0.0,0.0000,296.324096,296.100199309,e7c0c60,"E2E TIR C3 container, 16 vCPU 32 GB plan (C3.32GB; corrected after the run, the label first read the host), AMD EPYC 9555 64-Core Processor host, nothing else running; AMD EPYC 9555 64-Core Processor; 256 cores; 1512 GiB RAM; Linux-x86_64",2026-10-02T21:56:47+00:00,,1,0,0,2,f2e99b32c0663591d62884029c72cfdfc149e8b1c7c3459e10851611bfbcdf94,0.112436,88.113921,11,1,,,,,,,,,0,0,0,nan,nan,0,0,0,0,0,52,0,0,0,96.99994145133142,97,0,0,0,0,0
qap10,86c1f147d75688fe154f9dd402032f0c3b8ce164a70e4d0e350fec6c00d20c66,1820,4150,18200,4150,optimal,,340.0,339.9999999983871,340.0,0.0,0.0,1,1,1,9,5,"gomory 459: 8 accepted, 451 too_dense",332.5662276536548,333.264576793548,0.0939,35.617848,35.595448541,e7c0c60,"E2E TIR C3 container, 16 vCPU 32 GB plan (C3.32GB; corrected after the run, the label first read the host), AMD EPYC 9555 64-Core Processor host, nothing else running; AMD EPYC 9555 64-Core Processor; 256 cores; 1512 GiB RAM; Linux-x86_64",2026-10-02T21:56:47+00:00,,1,0,0,0,,22.018754,22.365358,2,1,,,,,,,,,0,0,0,nan,nan,0,0,0,0,0,0,0,0,0,1824.4444444444443,1825,0,0,0,0,0
qap10,86c1f147d75688fe154f9dd402032f0c3b8ce164a70e4d0e350fec6c00d20c66,1820,4150,18200,4150,optimal,,340.0,339.9999999983871,340.0,0.0,0.0,1,1,1,7,3,"gomory 443: 8 accepted, 435 too_dense",332.5662276536547,333.2344375101863,0.0899,35.246879,35.222650726,e7c0c60,"E2E TIR C3 container, 16 vCPU 32 GB plan (C3.32GB; corrected after the run, the label first read the host), AMD EPYC 9555 64-Core Processor host, nothing else running; AMD EPYC 9555 64-Core Processor; 256 cores; 1512 GiB RAM; Linux-x86_64",2026-10-02T21:56:47+00:00,,1,0,0,1,4a9cc2e7994c0761bd8f8686cae2716eabbfa2ac2ed43593470c34caf57c1781,23.966719,23.966719,1,1,,,,,,,,,0,0,0,nan,nan,0,0,0,0,0,0,0,0,0,1822.5714285714287,1823,0,0,0,0,0
qap10,86c1f147d75688fe154f9dd402032f0c3b8ce164a70e4d0e350fec6c00d20c66,1820,4150,18200,4150,optimal,,340.0,339.9999999983871,340.0,0.0,0.0,1,1,1,11,6,"gomory 432: 8 accepted, 424 too_dense",332.5662276536543,333.3325102454244,0.1031,37.616942,37.594917813,e7c0c60,"E2E TIR C3 container, 16 vCPU 32 GB plan (C3.32GB; corrected after the run, the label first read the host), AMD EPYC 9555 64-Core Processor host, nothing else running; AMD EPYC 9555 64-Core Processor; 256 cores; 1512 GiB RAM; Linux-x86_64",2026-10-02T21:56:47+00:00,,1,0,0,2,bb0ef0bd5e5735c7b8742d48ad5d87dcc727554a6b62c691dba65f0ed68f74e3,19.085919,19.181252,2,1,,,,,,,,,0,0,0,nan,nan,0,0,0,0,0,0,0,0,0,1825.4545454545455,1826,0,0,0,0,0
ran14x18-disj-8,2a063d948b69e080e8712c449000bf8f26b05ff4f619552a35b06ca5b6eb38c8,447,504,10277,252,feasible,,3796.0000000128316,3712.0,3563.662627218107,232.33737279472462,0.06120584109429379,0,0,1,117600,41,"gomory 86: 10 accepted, 76 too_dense; mir 48: 24 accepted, 24 duplicate",3444.4210660091567,3452.753900993352,0.0237,300.039830,300.000374384,e7c0c60,"E2E TIR C3 container, 16 vCPU 32 GB plan (C3.32GB; corrected after the run, the label first read the host), AMD EPYC 9555 64-Core Processor host, nothing else running; AMD EPYC 9555 64-Core Processor; 256 cores; 1512 GiB RAM; Linux-x86_64",2026-10-02T21:56:47+00:00,,1,0,0,0,,1.456770,13.223075,12,1,,,,,,,,,0,0,0,nan,nan,0,0,0,0,0,40,0,0,0,487.9996513605442,488,0,0,0,0,0
ran14x18-disj-8,2a063d948b69e080e8712c449000bf8f26b05ff4f619552a35b06ca5b6eb38c8,447,504,10277,252,feasible,,3814.00000000512,3712.0,3565.966173820491,248.0338261846291,0.0650324662255627,0,0,1,118548,22,"gomory 86: 10 accepted, 76 too_dense; mir 33: 18 accepted, 15 duplicate",3444.421066438297,3447.9828194722595,0.0096,300.040285,300.000108864,e7c0c60,"E2E TIR C3 container, 16 vCPU 32 GB plan (C3.32GB; corrected after the run, the label first read the host), AMD EPYC 9555 64-Core Processor host, nothing else running; AMD EPYC 9555 64-Core Processor; 256 cores; 1512 GiB RAM; Linux-x86_64",2026-10-02T21:56:47+00:00,,1,0,0,1,a2ebe5765d1c5d7667678bae40e4169b886e6c43f44fed30fdd4465a0c561861,1.554031,14.291025,16,1,,,,,,,,,0,0,0,nan,nan,0,0,0,0,0,21,0,0,0,468.99981442116274,469,0,0,0,0,0
ran14x18-disj-8,2a063d948b69e080e8712c449000bf8f26b05ff4f619552a35b06ca5b6eb38c8,447,504,10277,252,feasible,,3784.999999976276,3712.0,3564.9983944897135,220.0016054865623,0.058124598543709716,0,0,1,119939,11,"gomory 86: 10 accepted, 76 too_dense; mir 17: 12 accepted, 5 duplicate",3444.4210664382963,3445.7228127942217,0.0038,300.040891,300.000308115,e7c0c60,"E2E TIR C3 container, 16 vCPU 32 GB plan (C3.32GB; corrected after the run, the label first read the host), AMD EPYC 9555 64-Core Processor host, nothing else running; AMD EPYC 9555 64-Core Processor; 256 cores; 1512 GiB RAM; Linux-x86_64",2026-10-02T21:56:47+00:00,,1,0,0,2,5f10db98f4e428fcef96ef8df99d020464380bea5d6ceee2f3786546aa1f930d,1.483052,15.813771,19,1,,,,,,,,,0,0,0,nan,nan,0,0,0,0,0,11,0,0,0,457.9999082867124,458,0,0,0,0,0
reblock115,cfc1223e622ed133400b5614cd382b6aa9a84fabfcea63510158b6c16e1e951c,4735,1150,13724,1150,time_limit,"; no feasible point had been found when the limit stopped the search, so none is reported (the objective is the worst representable value, not a solution)",inf,-36800603.2332,-36994775.32307166,inf,inf,0,0,,16741,75,gomory 1026: 1026 accepted,-39365983.337347075,-39034493.57191423,,300.019473,300.001033556,e7c0c60,"E2E TIR C3 container, 16 vCPU 32 GB plan (C3.32GB; corrected after the run, the label first read the host), AMD EPYC 9555 64-Core Processor host, nothing else running; AMD EPYC 9555 64-Core Processor; 256 cores; 1512 GiB RAM; Linux-x86_64",2026-10-02T21:56:47+00:00,,1,0,0,0,,,300.001034,0,0,,,,,,,,,0,0,0,nan,nan,0,0,0,0,0,75,0,0,0,4809.995407225964,4810,0,0,0,0,0
reblock115,cfc1223e622ed133400b5614cd382b6aa9a84fabfcea63510158b6c16e1e951c,4735,1150,13724,1150,time_limit,"; no feasible point had been found when the limit stopped the search, so none is reported (the objective is the worst representable value, not a solution)",inf,-36800603.2332,-36997032.482874595,inf,inf,0,0,,15217,91,gomory 1026: 1026 accepted,-39365983.33734704,-38985860.47127856,,300.017494,300.00000055,e7c0c60,"E2E TIR C3 container, 16 vCPU 32 GB plan (C3.32GB; corrected after the run, the label first read the host), AMD EPYC 9555 64-Core Processor host, nothing else running; AMD EPYC 9555 64-Core Processor; 256 cores; 1512 GiB RAM; Linux-x86_64",2026-10-02T21:56:47+00:00,,1,0,0,1,d996b610d94a5a56c8b5ffdb04189443bfd4f83e1f01d91568f5d549ff729299,,300.000001,0,0,,,,,,,,,0,0,0,nan,nan,0,0,0,0,0,91,0,0,0,4825.993889336556,4826,0,0,0,0,0
reblock115,cfc1223e622ed133400b5614cd382b6aa9a84fabfcea63510158b6c16e1e951c,4735,1150,13724,1150,time_limit,"; no feasible point had been found when the limit stopped the search, so none is reported (the objective is the worst representable value, not a solution)",inf,-36800603.2332,-36996731.02842938,inf,inf,0,0,,13500,39,gomory 1026: 1026 accepted,-39365983.337347016,-38881254.0027654,,300.017038,300.000623606,e7c0c60,"E2E TIR C3 container, 16 vCPU 32 GB plan (C3.32GB; corrected after the run, the label first read the host), AMD EPYC 9555 64-Core Processor host, nothing else running; AMD EPYC 9555 64-Core Processor; 256 cores; 1512 GiB RAM; Linux-x86_64",2026-10-02T21:56:47+00:00,,1,0,0,2,d597242252836d8f016dc46b58b8f9705843278b8e0d5c8eb4f7b86e7ddceadf,,300.000624,0,0,,,,,,,,,0,0,0,nan,nan,0,0,0,0,0,39,0,0,0,4773.997002536315,4774,0,0,0,0,0
rococoB10-011000,1534d869037020db5ab41c6ea7889ae9bf9d95875b2f4789c03223fa9a8c07d3,1667,4456,16517,4456,feasible,,22884.0,19449.0,9914.0,12970.0,0.5667715434364622,0,0,1,2953,117,"gomory 275: 179 accepted, 76 too_dense, 5 coefficient_ratio, 15 duplicate",8350.19946847912,9838.83408084423,0.1024,300.022496,299.999747185,e7c0c60,"E2E TIR C3 container, 16 vCPU 32 GB plan (C3.32GB; corrected after the run, the label first read the host), AMD EPYC 9555 64-Core Processor host, nothing else running; AMD EPYC 9555 64-Core Processor; 256 cores; 1512 GiB RAM; Linux-x86_64",2026-10-02T21:56:47+00:00,,1,0,0,0,,206.037188,222.458246,4,1,,,,,,,,,0,0,0,nan,nan,0,0,0,0,0,117,0,0,0,972.9603658536586,973,0,0,0,0,0
rococoB10-011000,1534d869037020db5ab41c6ea7889ae9bf9d95875b2f4789c03223fa9a8c07d3,1667,4456,16517,4456,feasible,"stopped at the time limit of 299.999s after 300.00s, 0 iterations, 2574 nodes",22022.0,19449.0,10190.0,11832.0,0.5372809009172645,0,0,1,2574,162,"gomory 280: 182 accepted, 75 too_dense, 6 coefficient_ratio, 17 duplicate; zero_half 4: 4 accepted",8350.19946847912,9580.794814558083,0.0900,300.023588,300.00007242,e7c0c60,"E2E TIR C3 container, 16 vCPU 32 GB plan (C3.32GB; corrected after the run, the label first read the host), AMD EPYC 9555 64-Core Processor host, nothing else running; AMD EPYC 9555 64-Core Processor; 256 cores; 1512 GiB RAM; Linux-x86_64",2026-10-02T21:56:47+00:00,,1,0,0,1,6b50d76e2587c191b22135d106ee1915f38d01691bec0d0165c1970cdffd33fa,155.102468,175.621214,5,1,,,,,,,,,0,0,0,nan,nan,0,0,0,0,0,162,0,0,0,1017.9369158878504,1018,0,0,0,0,0
rococoB10-011000,1534d869037020db5ab41c6ea7889ae9bf9d95875b2f4789c03223fa9a8c07d3,1667,4456,16517,4456,feasible,,21265.0,19449.0,10184.0,11081.0,0.5210909945920527,0,0,1,2888,135,"gomory 297: 193 accepted, 72 too_dense, 10 coefficient_ratio, 22 duplicate",8350.19946847912,9710.122741195348,0.1053,300.024685,299.999551156,e7c0c60,"E2E TIR C3 container, 16 vCPU 32 GB plan (C3.32GB; corrected after the run, the label first read the host), AMD EPYC 9555 64-Core Processor host, nothing else running; AMD EPYC 9555 64-Core Processor; 256 cores; 1512 GiB RAM; Linux-x86_64",2026-10-02T21:56:47+00:00,,1,0,0,2,3d5771195fe4bf483302061346657119db8077f7e929220864d643df5ae90e62,129.644519,150.264788,6,1,,,,,,,,,0,0,0,nan,nan,0,0,0,0,0,135,0,0,0,990.9532062391681,991,0,0,0,0,0
rococoC10-001000,672eff60e166bf14a0ac4781bcf4fcce443c24851e510f69555c1447fb6729c2,1293,3117,11751,3117,feasible,,15941.0,11460.0,9576.0,6365.0,0.399284862932062,0,0,1,7956,154,"gomory 112: 106 accepted, 2 too_dense, 4 coefficient_ratio",7515.271029411764,8862.813753280878,0.1599,300.024681,300.000030937,e7c0c60,"E2E TIR C3 container, 16 vCPU 32 GB plan (C3.32GB; corrected after the run, the label first read the host), AMD EPYC 9555 64-Core Processor host, nothing else running; AMD EPYC 9555 64-Core Processor; 256 cores; 1512 GiB RAM; Linux-x86_64",2026-10-02T21:56:47+00:00,,1,0,0,0,,21.146447,116.985686,6,1,,,,,,,,,0,0,0,nan,nan,0,0,0,0,0,154,0,0,0,908.9806167400881,909,0,0,0,0,0
rococoC10-001000,672eff60e166bf14a0ac4781bcf4fcce443c24851e510f69555c1447fb6729c2,1293,3117,11751,3117,feasible,"stopped at the time limit of 299.999s after 300.00s, 0 iterations, 7389 nodes",16179.0,11460.0,9366.0,6813.0,0.42110142777674764,0,0,1,7389,136,"gomory 133: 120 accepted, 1 too_dense, 12 coefficient_ratio; zero_half 5: 5 accepted",7515.271029411764,8840.243237261602,0.1529,300.023627,300.001840987,e7c0c60,"E2E TIR C3 container, 16 vCPU 32 GB plan (C3.32GB; corrected after the run, the label first read the host), AMD EPYC 9555 64-Core Processor host, nothing else running; AMD EPYC 9555 64-Core Processor; 256 cores; 1512 GiB RAM; Linux-x86_64",2026-10-02T21:56:47+00:00,,1,0,0,1,34d9bd39f0e3057d0ebfda73c2822b49fd48e031f4e3bb07c0bbe27182879f3e,69.668861,167.204104,10,1,,,,,,,,,0,0,0,nan,nan,0,0,0,0,0,135,0,0,0,890.9815917704385,891,0,0,0,0,0
rococoC10-001000,672eff60e166bf14a0ac4781bcf4fcce443c24851e510f69555c1447fb6729c2,1293,3117,11751,3117,feasible,"stopped at the time limit of 299.999s after 300.00s, 0 iterations, 7077 nodes",15792.0,11460.0,9421.0,6371.0,0.40343211752786223,0,0,1,7077,123,"gomory 133: 123 accepted, 10 coefficient_ratio",7515.271029411764,8846.745926850448,0.1609,300.015599,299.999694135,e7c0c60,"E2E TIR C3 container, 16 vCPU 32 GB plan (C3.32GB; corrected after the run, the label first read the host), AMD EPYC 9555 64-Core Processor host, nothing else running; AMD EPYC 9555 64-Core Processor; 256 cores; 1512 GiB RAM; Linux-x86_64",2026-10-02T21:56:47+00:00,,1,0,0,2,4575bfbe1af874ae1d95750b9d0e4f3af031adcf5f85661828dcfe1ab835ffa7,31.370048,118.238639,6,1,,,,,,,,,0,0,0,nan,nan,0,0,0,0,0,123,0,0,0,877.9825704973784,878,0,0,0,0,0
roll3000,47a0a827ac2d697b717fb55401afa5de9e042f026d6a462fb97d968a869d282d,2295,1166,29386,738,time_limit,"; no feasible point had been found when the limit stopped the search, so none is reported (the objective is the worst representable value, not a solution)",inf,12889.999992,12511.567556131866,inf,inf,0,0,,9952,491,"gomory 98: 54 accepted, 41 too_dense, 3 coefficient_ratio; mir 95: 87 accepted, 8 duplicate; clique 6: 3 accepted, 3 duplicate; zero_half 73: 71 accepted, 2 duplicate",11097.127676855098,12452.436923467807,,300.018649,299.99956021,e7c0c60,"E2E TIR C3 container, 16 vCPU 32 GB plan (C3.32GB; corrected after the run, the label first read the host), AMD EPYC 9555 64-Core Processor host, nothing else running; AMD EPYC 9555 64-Core Processor; 256 cores; 1512 GiB RAM; Linux-x86_64",2026-10-02T21:56:47+00:00,,1,0,0,0,,,299.999560,0,0,,,,,,,,,0,0,0,nan,nan,0,0,0,0,0,440,0,0,0,2196.9492086479777,2197,0,0,0,0,42
roll3000,47a0a827ac2d697b717fb55401afa5de9e042f026d6a462fb97d968a869d282d,2295,1166,29386,738,time_limit,"; no feasible point had been found when the limit stopped the search, so none is reported (the objective is the worst representable value, not a solution)",inf,12889.999992,12537.103013622189,inf,inf,0,0,,15439,475,"gomory 102: 57 accepted, 40 too_dense, 5 coefficient_ratio; mir 93: 86 accepted, 7 duplicate; clique 6: 2 accepted, 4 duplicate; zero_half 62: 61 accepted, 1 duplicate",11097.127676855105,12469.649829423402,,300.019615,299.999487136,e7c0c60,"E2E TIR C3 container, 16 vCPU 32 GB plan (C3.32GB; corrected after the run, the label first read the host), AMD EPYC 9555 64-Core Processor host, nothing else running; AMD EPYC 9555 64-Core Processor; 256 cores; 1512 GiB RAM; Linux-x86_64",2026-10-02T21:56:47+00:00,,1,0,0,1,3c0f1d020cb9444c2bf48885d8e12bb7642ef5b0a631786f032ded8109ddf9f3,,299.999487,0,0,,,,,,,,,0,0,0,nan,nan,0,0,0,0,0,437,0,0,0,2180.9683628613293,2181,0,0,0,0,44
roll3000,47a0a827ac2d697b717fb55401afa5de9e042f026d6a462fb97d968a869d282d,2295,1166,29386,738,feasible,,15084.999999999987,12889.999992,12521.777633799764,2563.2223662002234,0.16991861890621315,0,0,1,11880,482,"gomory 99: 55 accepted, 41 too_dense, 2 coefficient_ratio, 1 duplicate; mir 91: 85 accepted, 6 duplicate; clique 5: 3 accepted, 2 duplicate; zero_half 62: 62 accepted",11097.127676855096,12424.736504822456,0.3329,300.020604,299.999484993,e7c0c60,"E2E TIR C3 container, 16 vCPU 32 GB plan (C3.32GB; corrected after the run, the label first read the host), AMD EPYC 9555 64-Core Processor host, nothing else running; AMD EPYC 9555 64-Core Processor; 256 cores; 1512 GiB RAM; Linux-x86_64",2026-10-02T21:56:47+00:00,,1,0,0,2,66e3cd560a947d8f987416ebd0a9b8eb67a066899ab5641bab983e8ad9f753bd,240.544947,249.196105,1,1,,,,,,,,,0,0,0,nan,nan,0,0,0,0,0,408,0,0,0,2187.9580358697544,2188,0,0,0,0,36
sp150x300d,47051527397e27d1a62d0462ded35042d5eb5f4c4a3b5e3257c82279b97f1e42,450,600,1200,300,optimal,,69.0,69.0,69.0,0.0,0.0,1,1,1,47,293,"gomory 42: 42 accepted; mir 30: 26 accepted, 4 duplicate",33.194162020334545,68.255924767,0.9792,0.970563,0.96601295,e7c0c60,"E2E TIR C3 container, 16 vCPU 32 GB plan (C3.32GB; corrected after the run, the label first read the host), AMD EPYC 9555 64-Core Processor host, nothing else running; AMD EPYC 9555 64-Core Processor; 256 cores; 1512 GiB RAM; Linux-x86_64",2026-10-02T21:56:47+00:00,,1,0,0,0,,0.585936,0.595770,3,1,,,,,,,,,0,0,0,nan,nan,0,0,0,0,0,0,0,0,0,657.7659574468086,664,0,0,0,0,0
sp150x300d,47051527397e27d1a62d0462ded35042d5eb5f4c4a3b5e3257c82279b97f1e42,450,600,1200,300,optimal,,69.0,69.0,69.0,0.0,0.0,1,1,1,80,168,"gomory 42: 42 accepted; mir 31: 30 accepted, 1 duplicate",33.19416202033453,68.70541155334425,0.9918,0.993854,0.988953926,e7c0c60,"E2E TIR C3 container, 16 vCPU 32 GB plan (C3.32GB; corrected after the run, the label first read the host), AMD EPYC 9555 64-Core Processor host, nothing else running; AMD EPYC 9555 64-Core Processor; 256 cores; 1512 GiB RAM; Linux-x86_64",2026-10-02T21:56:47+00:00,,1,0,0,1,3e4d0ea3806ebd1619cdd03948d75097979bf70add7a5158ca64a55e317abe90,0.583670,0.594220,3,1,,,,,,,,,0,0,0,nan,nan,0,0,0,0,0,89,0,0,0,535.8461538461538,538,0,0,0,0,0
sp150x300d,47051527397e27d1a62d0462ded35042d5eb5f4c4a3b5e3257c82279b97f1e42,450,600,1200,300,optimal,,69.0,69.0,69.0,0.0,0.0,1,1,1,8,347,"gomory 42: 42 accepted; mir 32: 31 accepted, 1 duplicate",33.19416202033453,68.69976087959212,0.9916,0.735801,0.731130727,e7c0c60,"E2E TIR C3 container, 16 vCPU 32 GB plan (C3.32GB; corrected after the run, the label first read the host), AMD EPYC 9555 64-Core Processor host, nothing else running; AMD EPYC 9555 64-Core Processor; 256 cores; 1512 GiB RAM; Linux-x86_64",2026-10-02T21:56:47+00:00,,1,0,0,2,05c34415ea4264ee115d6d486445e34297880f6153c8727b286f727430a6d050,0.731325,0.731325,1,1,,,,,,,,,0,0,0,nan,nan,0,0,0,0,0,0,0,0,0,673.625,717,0,0,0,0,0
supportcase26,e5769bd12cc2b5e711165d986ec324d68d336d6314e2b9db4156d5003b9f4ae4,870,436,2492,396,feasible,,1764.017874345516,1745.123813,1496.7260938607371,267.2917804847789,0.15152441728174051,0,0,1,174552,90,gomory 207: 207 accepted; mir 138: 138 accepted,1288.1021611356975,1288.1021611356975,0.0000,300.082648,300.000652322,e7c0c60,"E2E TIR C3 container, 16 vCPU 32 GB plan (C3.32GB; corrected after the run, the label first read the host), AMD EPYC 9555 64-Core Processor host, nothing else running; AMD EPYC 9555 64-Core Processor; 256 cores; 1512 GiB RAM; Linux-x86_64",2026-10-02T21:56:47+00:00,,1,0,0,0,,4.858253,11.647585,13,1,,,,,,,,,0,0,0,nan,nan,0,0,0,0,0,90,0,0,0,919.9994843943352,920,0,0,0,0,0
supportcase26,e5769bd12cc2b5e711165d986ec324d68d336d6314e2b9db4156d5003b9f4ae4,870,436,2492,396,feasible,"stopped at the time limit of 300s after 300.00s, 0 iterations, 167448 nodes",1764.0178743455158,1745.123813,1486.3287810303696,277.68909331514624,0.15741852582881236,0,0,1,167448,90,gomory 207: 207 accepted; mir 128: 128 accepted,1288.1021611356969,1288.1021611356969,0.0000,300.073437,300.000442274,e7c0c60,"E2E TIR C3 container, 16 vCPU 32 GB plan (C3.32GB; corrected after the run, the label first read the host), AMD EPYC 9555 64-Core Processor host, nothing else running; AMD EPYC 9555 64-Core Processor; 256 cores; 1512 GiB RAM; Linux-x86_64",2026-10-02T21:56:47+00:00,,1,0,0,1,57a997be36588afb65c8dec8aa5c40bd3b13e739682e4dccb04097b90bcf7e75,5.192192,10.727658,14,1,,,,,,,,,0,0,0,nan,nan,0,0,0,0,0,90,0,0,0,919.9994625197077,920,0,0,0,0,0
supportcase26,e5769bd12cc2b5e711165d986ec324d68d336d6314e2b9db4156d5003b9f4ae4,870,436,2492,396,feasible,,1755.5254518430452,1745.123813,1492.8481167550742,262.67733508797096,0.14962889590247647,0,0,1,166770,90,gomory 207: 207 accepted; mir 127: 127 accepted,1288.1021611356973,1288.1021611356973,0.0000,300.069164,300.000497876,e7c0c60,"E2E TIR C3 container, 16 vCPU 32 GB plan (C3.32GB; corrected after the run, the label first read the host), AMD EPYC 9555 64-Core Processor host, nothing else running; AMD EPYC 9555 64-Core Processor; 256 cores; 1512 GiB RAM; Linux-x86_64",2026-10-02T21:56:47+00:00,,1,0,0,2,7f34cc424408eb5922fa633f22e1705a678b36d6188ea69004de292b9431a40e,5.067459,8.615272,15,1,,,,,,,,,0,0,0,nan,nan,0,0,0,0,0,90,0,0,0,919.9994603345925,920,0,0,0,0,0
timtab1,5867d1a9c1067a849211c1a61bdb8839fb0025255dde09989d0ed333e0674d7a,171,397,829,171,feasible,,1153637.99999967,764771.99999978,394867.66666661,758770.3333330601,0.6577196081728213,0,0,1,529786,170,"gomory 131: 131 accepted; mir 260: 254 accepted, 6 duplicate",28693.99999999998,292904.3441252152,0.2349,300.221891,300.001669572,e7c0c60,"E2E TIR C3 container, 16 vCPU 32 GB plan (C3.32GB; corrected after the run, the label first read the host), AMD EPYC 9555 64-Core Processor host, nothing else running; AMD EPYC 9555 64-Core Processor; 256 cores; 1512 GiB RAM; Linux-x86_64",2026-10-02T21:56:47+00:00,,1,0,0,0,,4.855238,109.273625,3,1,,,,,,,,,0,0,0,nan,nan,0,0,0,0,0,168,0,0,0,339.99967192170897,340,0,0,0,0,0
timtab1,5867d1a9c1067a849211c1a61bdb8839fb0025255dde09989d0ed333e0674d7a,171,397,829,171,feasible,"stopped at the time limit of 300s after 300.00s, 0 iterations, 510108 nodes",1215838.99999977,764771.99999978,403547.99999996,812290.99999981,0.6680909232225349,0,0,1,510108,170,"gomory 134: 134 accepted; mir 268: 262 accepted, 6 duplicate",28693.99999999998,293152.8481202014,0.2228,300.209912,300.001527734,e7c0c60,"E2E TIR C3 container, 16 vCPU 32 GB plan (C3.32GB; corrected after the run, the label first read the host), AMD EPYC 9555 64-Core Processor host, nothing else running; AMD EPYC 9555 64-Core Processor; 256 cores; 1512 GiB RAM; Linux-x86_64",2026-10-02T21:56:47+00:00,,1,0,0,1,a0dcd8078ecdc04b395a7dd155565db3055947e93c6db0856ee22bc0ee744e6d,11.958001,118.819953,1,1,,,,,,,,,0,0,0,nan,nan,0,0,0,0,0,169,0,0,0,339.99965809971826,340,0,0,0,0,0
timtab1,5867d1a9c1067a849211c1a61bdb8839fb0025255dde09989d0ed333e0674d7a,171,397,829,171,feasible,,1188934.99999966,764771.99999978,409792.33333338,779142.66666628,0.6553282279237324,0,0,1,510593,170,"gomory 130: 130 accepted; mir 258: 253 accepted, 5 duplicate",28693.999999999993,289050.2157847678,0.2244,300.214591,300.001748964,e7c0c60,"E2E TIR C3 container, 16 vCPU 32 GB plan (C3.32GB; corrected after the run, the label first read the host), AMD EPYC 9555 64-Core Processor host, nothing else running; AMD EPYC 9555 64-Core Processor; 256 cores; 1512 GiB RAM; Linux-x86_64",2026-10-02T21:56:47+00:00,,1,0,0,2,35214f1d607bff9f90aff97895c46c47211ab36098e3ab68595673b70abc812a,50.598221,146.013184,4,1,,,,,,,,,0,0,0,nan,nan,0,0,0,0,0,170,0,0,0,339.9996606847382,340,0,0,0,0,0
tr12-30,94f8cf2fd2fc920ed6ea2452b0755aeec110eb8404716554485c25e7a1e06a3d,750,1080,2508,360,feasible,,163604.0,130595.9999999999,123287.77161501942,40316.22838498058,0.24642568876665963,0,0,1,88150,600,gomory 340: 340 accepted; mir 340: 340 accepted,18124.17451832871,123287.77161501942,0.7229,300.136123,300.016624653,e7c0c60,"E2E TIR C3 container, 16 vCPU 32 GB plan (C3.32GB; corrected after the run, the label first read the host), AMD EPYC 9555 64-Core Processor host, nothing else running; AMD EPYC 9555 64-Core Processor; 256 cores; 1512 GiB RAM; Linux-x86_64",2026-10-02T21:56:47+00:00,,1,0,0,0,,13.097271,71.220143,6,1,,,,,,,,,0,0,0,nan,nan,0,0,0,0,0,385,0,0,0,1337.9931934203064,1338,0,0,0,0,0
tr12-30,94f8cf2fd2fc920ed6ea2452b0755aeec110eb8404716554485c25e7a1e06a3d,750,1080,2508,360,feasible,,159119.0,130595.9999999999,123558.59412061398,35560.40587938602,0.22348309051330148,0,0,1,80081,600,gomory 340: 340 accepted; mir 340: 340 accepted,18124.174518328713,123558.59412061398,0.7478,300.041836,300.001208388,e7c0c60,"E2E TIR C3 container, 16 vCPU 32 GB plan (C3.32GB; corrected after the run, the label first read the host), AMD EPYC 9555 64-Core Processor host, nothing else running; AMD EPYC 9555 64-Core Processor; 256 cores; 1512 GiB RAM; Linux-x86_64",2026-10-02T21:56:47+00:00,,1,0,0,1,0d1d2059f31370a015867daa77b19573b5480b94cda81a0bea395c3378d6cd35,14.220646,65.699539,10,1,,,,,,,,,0,0,0,nan,nan,0,0,0,0,0,393,0,0,0,1337.992507586069,1338,0,0,0,0,0
tr12-30,94f8cf2fd2fc920ed6ea2452b0755aeec110eb8404716554485c25e7a1e06a3d,750,1080,2508,360,feasible,"stopped at the time limit of 300s after 300.00s, 0 iterations, 77342 nodes",163540.0,130595.9999999999,123458.9788375696,40081.02116243041,0.24508390095652688,0,0,1,77342,600,gomory 340: 340 accepted; mir 340: 340 accepted,18124.174518328724,123458.9788375696,0.7244,300.037883,300.00003792,e7c0c60,"E2E TIR C3 container, 16 vCPU 32 GB plan (C3.32GB; corrected after the run, the label first read the host), AMD EPYC 9555 64-Core Processor host, nothing else running; AMD EPYC 9555 64-Core Processor; 256 cores; 1512 GiB RAM; Linux-x86_64",2026-10-02T21:56:47+00:00,,1,0,0,2,3e8ae766f2d0342b7ee335c435de945aeeec7b59aba1cf366737116cec963f3d,13.754411,71.529754,2,1,,,,,,,,,0,0,0,nan,nan,0,0,0,0,0,379,0,0,0,1337.9922422487134,1338,0,0,0,0,0
uct-subprob,509d9d593796d1234e4f831bbab22c7f289e45a145b24c58e310c9d3faa23216,1973,2256,10147,379,feasible,,338.0,314.0,271.80020516493863,66.19979483506137,0.19585738116882062,0,0,1,10565,272,"gomory 212: 25 accepted, 182 too_dense, 3 coefficient_ratio, 2 duplicate; clique 14: 14 accepted",241.99999999999997,259.95258695075665,0.1870,300.026249,299.999976322,e7c0c60,"E2E TIR C3 container, 16 vCPU 32 GB plan (C3.32GB; corrected after the run, the label first read the host), AMD EPYC 9555 64-Core Processor host, nothing else running; AMD EPYC 9555 64-Core Processor; 256 cores; 1512 GiB RAM; Linux-x86_64",2026-10-02T21:56:47+00:00,,1,0,0,0,,7.117006,30.036480,5,1,,,,,,,,,0,0,0,nan,nan,0,0,0,0,0,245,0,0,0,2081.9742546142925,2082,0,0,0,0,80
uct-subprob,509d9d593796d1234e4f831bbab22c7f289e45a145b24c58e310c9d3faa23216,1973,2256,10147,379,feasible,,343.0,314.0,267.06944444444434,75.93055555555566,0.2213718820861681,0,0,1,6809,275,"gomory 146: 110 accepted, 31 too_dense, 5 duplicate; clique 13: 13 accepted",242.0,254.5498110653879,0.1243,300.029121,300.000380355,e7c0c60,"E2E TIR C3 container, 16 vCPU 32 GB plan (C3.32GB; corrected after the run, the label first read the host), AMD EPYC 9555 64-Core Processor host, nothing else running; AMD EPYC 9555 64-Core Processor; 256 cores; 1512 GiB RAM; Linux-x86_64",2026-10-02T21:56:47+00:00,,1,0,0,1,3f14835d9f1511dc2be921b6a3357678b33b73ab23660ad7117b773b71fe4806,10.286335,38.770579,4,1,,,,,,,,,0,0,0,nan,nan,0,0,0,0,0,255,0,0,0,2085.9596122778676,2086,0,0,0,0,87
uct-subprob,509d9d593796d1234e4f831bbab22c7f289e45a145b24c58e310c9d3faa23216,1973,2256,10147,379,feasible,,337.0,314.0,270.84750372439464,66.15249627560536,0.19629820853295357,0,0,1,4751,314,"gomory 152: 114 accepted, 35 too_dense, 3 duplicate; clique 6: 6 accepted",241.99999999999997,258.86407653062093,0.1775,300.023252,300.000747872,e7c0c60,"E2E TIR C3 container, 16 vCPU 32 GB plan (C3.32GB; corrected after the run, the label first read the host), AMD EPYC 9555 64-Core Processor host, nothing else running; AMD EPYC 9555 64-Core Processor; 256 cores; 1512 GiB RAM; Linux-x86_64",2026-10-02T21:56:47+00:00,,1,0,0,2,de871cdc690fa421cdafaf4291304ba88e7d5b56bdcbffa76f86466edbd39443,9.203700,29.050382,1,1,,,,,,,,,0,0,0,nan,nan,0,0,0,0,0,284,0,0,0,2124.932704672096,2125,0,0,0,0,83
