instance,instance_sha256,rows,columns,nonzeros,integer_columns,status,message,our_objective,published_objective,dual_bound,absolute_gap,relative_gap,matched_published,proved_optimal,independently_verified,nodes,cuts_applied,cut_filter,root_bound,root_bound_after_cuts,root_gap_closed,wall_seconds,solver_seconds,git_commit,machine,timestamp_utc,solver_options,threads,restarts,reduced_cost_fixings,seed,permuted_sha256,time_to_first_feasible,primal_integral,incumbents,incumbent_trace_recorded,certificate,certificate_check_seconds,certificate_bytes,certificate_dual_leaves,certificate_batch_leaves,branching_seconds,batch_strong_branching_seconds,batch_node_bounds_seconds,safe_bound_nodes,safe_bound_infinite,safe_bound_refusals,safe_bound_max_gap,safe_bound_max_rel_gap,conflicts_analysed,conflicts_learned,conflicts_learned_cutoff,conflict_nodes_pruned,conflict_tightenings,cut_rows_aged_out,cuts_reactivated,cut_rows_removed,cut_rows_readded,node_lp_rows_mean,node_lp_rows_max,probing_fixings,probing_tightenings,probing_implications,probing_cliques,clique_cuts_generated
10teams,d061e23a021877b9779558e4b9996f6c229721c8041b5a408ddf7d7fb7c1902a,230,2025,12150,1800,optimal,,924.0,924.0,924.0,0.0,0.0,1,1,1,312,150,"gomory 138: 7 accepted, 128 too_dense, 2 coefficient_ratio, 1 duplicate; clique 16: 16 accepted; zero_half 500: 163 accepted, 336 too_dense, 1 duplicate",917.0000000000002,923.9999999999998,1.0000,28.998851,28.986321859,f2cf240,"E2E TIR C3 container, 16 vCPU 29 GB (cgroup limits), AMD EPYC 9555 64-Core Processor host, nothing else running; AMD EPYC 9555 64-Core Processor; 16 cores (cgroup quota; host 256); 30 GiB RAM (cgroup limit; host 1512 GiB); Linux-x86_64",2026-10-03T13:22:09+00:00,,1,0,0,0,,28.986570,28.986570,1,1,,,,,,,,,0,0,0,nan,nan,0,0,0,0,0,145,0,0,0,364.5176848874598,365,0,0,0,0,77
10teams,d061e23a021877b9779558e4b9996f6c229721c8041b5a408ddf7d7fb7c1902a,230,2025,12150,1800,optimal,,924.0,924.0,924.0,0.0,0.0,1,1,1,264,120,"gomory 129: 5 accepted, 118 too_dense, 2 coefficient_ratio, 4 duplicate; clique 9: 9 accepted; zero_half 374: 204 accepted, 168 too_dense, 2 duplicate",917.0000000000005,924.0000000000008,1.0000,22.887766,22.875220071,f2cf240,"E2E TIR C3 container, 16 vCPU 29 GB (cgroup limits), AMD EPYC 9555 64-Core Processor host, nothing else running; AMD EPYC 9555 64-Core Processor; 16 cores (cgroup quota; host 256); 30 GiB RAM (cgroup limit; host 1512 GiB); Linux-x86_64",2026-10-03T13:22:09+00:00,,1,0,0,1,31f7c57f6a10ea0d64c04286fc543cb1123ecf05a5387e3866f26cf23c7884cb,22.875556,22.875556,1,1,,,,,,,,,0,0,0,nan,nan,0,0,0,0,0,107,0,0,0,334.54545454545456,335,0,0,0,0,44
10teams,d061e23a021877b9779558e4b9996f6c229721c8041b5a408ddf7d7fb7c1902a,230,2025,12150,1800,optimal,,924.0,924.0,924.0,0.0,0.0,1,1,1,57,120,"gomory 132: 7 accepted, 121 too_dense, 3 coefficient_ratio, 1 duplicate; clique 11: 11 accepted; zero_half 408: 179 accepted, 226 too_dense, 3 duplicate",916.9999999999999,923.9999999999999,1.0000,6.875556,6.861536895,f2cf240,"E2E TIR C3 container, 16 vCPU 29 GB (cgroup limits), AMD EPYC 9555 64-Core Processor host, nothing else running; AMD EPYC 9555 64-Core Processor; 16 cores (cgroup quota; host 256); 30 GiB RAM (cgroup limit; host 1512 GiB); Linux-x86_64",2026-10-03T13:22:09+00:00,,1,0,0,2,b014df33e0774679ce9c4671379d0518d4f71dadb1f5e003b8283daa5e248d83,4.066745,4.096672,2,1,,,,,,,,,0,0,0,nan,nan,0,0,0,0,0,89,0,0,0,332.89473684210526,335,0,0,0,0,50
air03,2346f74b150a39aef68378c9e576346ecfe9e175fa5f7538977e9d8224c393a1,124,10757,91028,10757,optimal,,340160.0,340160.0,340160.0,0.0,0.0,1,1,1,1,15,"gomory 35: 11 accepted, 11 too_dense, 13 duplicate; zero_half 18: 14 accepted, 4 too_dense",338864.25,340160.0,1.0000,0.878930,0.831109016,f2cf240,"E2E TIR C3 container, 16 vCPU 29 GB (cgroup limits), AMD EPYC 9555 64-Core Processor host, nothing else running; AMD EPYC 9555 64-Core Processor; 16 cores (cgroup quota; host 256); 30 GiB RAM (cgroup limit; host 1512 GiB); Linux-x86_64",2026-10-03T13:22:09+00:00,,1,0,0,0,,0.832828,0.832828,1,1,,,,,,,,,0,0,0,nan,nan,0,0,0,0,0,0,0,0,0,137.0,137,0,0,0,0,0
air03,2346f74b150a39aef68378c9e576346ecfe9e175fa5f7538977e9d8224c393a1,124,10757,91028,10757,optimal,,340160.0,340160.0,340160.0,0.0,0.0,1,1,1,1,16,"gomory 35: 11 accepted, 11 too_dense, 13 duplicate; zero_half 38: 27 accepted, 11 too_dense",338864.25,340160.0,1.0000,0.978812,0.929569607,f2cf240,"E2E TIR C3 container, 16 vCPU 29 GB (cgroup limits), AMD EPYC 9555 64-Core Processor host, nothing else running; AMD EPYC 9555 64-Core Processor; 16 cores (cgroup quota; host 256); 30 GiB RAM (cgroup limit; host 1512 GiB); Linux-x86_64",2026-10-03T13:22:09+00:00,,1,0,0,1,29529be8182c64b30837fc77e1ce9a4c85759415570e614e7d18286d0a5adc55,0.931357,0.931357,1,1,,,,,,,,,0,0,0,nan,nan,0,0,0,0,0,0,0,0,0,137.0,137,0,0,0,0,0
air03,2346f74b150a39aef68378c9e576346ecfe9e175fa5f7538977e9d8224c393a1,124,10757,91028,10757,optimal,,340160.0,340160.0,340160.0,0.0,0.0,1,1,1,1,15,"gomory 36: 11 accepted, 12 too_dense, 13 duplicate; zero_half 51: 19 accepted, 32 too_dense",338864.25,340160.0,1.0000,1.025519,0.975891868,f2cf240,"E2E TIR C3 container, 16 vCPU 29 GB (cgroup limits), AMD EPYC 9555 64-Core Processor host, nothing else running; AMD EPYC 9555 64-Core Processor; 16 cores (cgroup quota; host 256); 30 GiB RAM (cgroup limit; host 1512 GiB); Linux-x86_64",2026-10-03T13:22:09+00:00,,1,0,0,2,0ccd10521f37b40f141d3fa9207795d27f56fd9eb946a655fe857374f60f3de7,0.977671,0.977671,1,1,,,,,,,,,0,0,0,nan,nan,0,0,0,0,0,0,0,0,0,137.0,137,0,0,0,0,0
air04,364f229be10401a476c06c3b42ff91aff3996d4c8c55c5ba2c6d9f8d0b02ad01,823,8904,72965,8904,optimal,"optimal within the relative gap target (4.000e+00 absolute, 7.125e-05 relative) after 241 nodes; the bound is the best open node's, the tree was not exhausted",56137.0,56137.0,56133.0,4.0,7.125425298822524e-05,1,1,1,241,31,"gomory 112: 9 accepted, 103 too_dense; clique 2: 2 accepted; zero_half 9: 9 accepted",55535.436388224305,55595.06529122095,0.0991,58.110471,58.067701433,f2cf240,"E2E TIR C3 container, 16 vCPU 29 GB (cgroup limits), AMD EPYC 9555 64-Core Processor host, nothing else running; AMD EPYC 9555 64-Core Processor; 16 cores (cgroup quota; host 256); 30 GiB RAM (cgroup limit; host 1512 GiB); Linux-x86_64",2026-10-03T13:22:09+00:00,,1,0,0,0,,8.613727,10.977688,10,1,,,,,,,,,0,0,0,nan,nan,0,0,0,0,0,21,0,0,0,853.8713692946058,854,0,0,0,0,4
air04,364f229be10401a476c06c3b42ff91aff3996d4c8c55c5ba2c6d9f8d0b02ad01,823,8904,72965,8904,feasible,,59133.0,56137.0,55891.0,3242.0,0.054825562714558705,0,0,1,206,5,"gomory 114: 9 accepted, 105 too_dense; zero_half 1: 1 accepted",55535.43638822425,55567.87616519064,0.0090,60.040720,59.9988438,f2cf240,"E2E TIR C3 container, 16 vCPU 29 GB (cgroup limits), AMD EPYC 9555 64-Core Processor host, nothing else running; AMD EPYC 9555 64-Core Processor; 16 cores (cgroup quota; host 256); 30 GiB RAM (cgroup limit; host 1512 GiB); Linux-x86_64",2026-10-03T13:22:09+00:00,,1,0,0,1,381653bfb90f94bd6546ccfccbfa74a741551f5e40108149ff3c1929b68c83c5,7.956648,10.770055,3,1,,,,,,,,,0,0,0,nan,nan,0,0,0,0,0,4,0,0,0,827.9757281553398,828,0,0,0,0,0
air04,364f229be10401a476c06c3b42ff91aff3996d4c8c55c5ba2c6d9f8d0b02ad01,823,8904,72965,8904,feasible,"stopped at the time limit of 59.9981s after 60.00s, 0 iterations, 298 nodes",56137.0,56137.0,56047.0,90.0,0.0016032206922350677,1,0,1,298,10,"gomory 115: 9 accepted, 106 too_dense; zero_half 1: 1 accepted",55535.436388224276,55570.624201259845,0.0585,60.048846,59.999789092,f2cf240,"E2E TIR C3 container, 16 vCPU 29 GB (cgroup limits), AMD EPYC 9555 64-Core Processor host, nothing else running; AMD EPYC 9555 64-Core Processor; 16 cores (cgroup quota; host 256); 30 GiB RAM (cgroup limit; host 1512 GiB); Linux-x86_64",2026-10-03T13:22:09+00:00,,1,0,0,2,c751ab5a978fddd746cd2e70306aabba4d4ebc1f0ed25403a551f0f761a55795,9.772548,10.199750,7,1,,,,,,,,,0,0,0,nan,nan,0,0,0,0,0,7,0,0,0,832.9664429530201,833,0,0,0,0,0
air05,1ca185a7d8d6eaa48d959a8b4c00e3b0d6faf0f9e4ec4411c3228224dca074e3,426,7195,52121,7195,optimal,"optimal within the relative gap target (1.000e+00 absolute, 3.792e-05 relative) after 488 nodes; the bound is the best open node's, the tree was not exhausted",26374.0,26374.0,26373.0,1.0,3.791612952149845e-05,1,1,1,488,23,"gomory 124: 7 accepted, 117 too_dense; clique 2: 2 accepted; zero_half 23: 23 accepted",25877.609267851407,25905.48182165303,0.0562,50.092958,50.054203041,f2cf240,"E2E TIR C3 container, 16 vCPU 29 GB (cgroup limits), AMD EPYC 9555 64-Core Processor host, nothing else running; AMD EPYC 9555 64-Core Processor; 16 cores (cgroup quota; host 256); 30 GiB RAM (cgroup limit; host 1512 GiB); Linux-x86_64",2026-10-03T13:22:09+00:00,,1,0,0,0,,4.707596,5.364374,13,1,,,,,,,,,0,0,0,nan,nan,0,0,0,0,0,17,0,0,0,448.95277207392195,449,0,0,0,0,2
air05,1ca185a7d8d6eaa48d959a8b4c00e3b0d6faf0f9e4ec4411c3228224dca074e3,426,7195,52121,7195,optimal,"optimal within the relative gap target (2.000e+00 absolute, 7.583e-05 relative) after 271 nodes; the bound is the best open node's, the tree was not exhausted",26373.999999999996,26374.0,26372.0,1.999999999996362,7.583225904285897e-05,1,1,1,271,21,"gomory 124: 7 accepted, 117 too_dense; zero_half 19: 19 accepted",25877.60926785141,25919.848279869802,0.0851,28.444017,28.413318055,f2cf240,"E2E TIR C3 container, 16 vCPU 29 GB (cgroup limits), AMD EPYC 9555 64-Core Processor host, nothing else running; AMD EPYC 9555 64-Core Processor; 16 cores (cgroup quota; host 256); 30 GiB RAM (cgroup limit; host 1512 GiB); Linux-x86_64",2026-10-03T13:22:09+00:00,,1,0,0,1,d6f2b268eb14d41fd0aa87e507c0d4341567f5a9ae83b4eff291cdbac072cd41,3.821347,3.914190,6,1,,,,,,,,,0,0,0,nan,nan,0,0,0,0,0,14,0,0,0,446.92250922509226,447,0,0,0,0,0
air05,1ca185a7d8d6eaa48d959a8b4c00e3b0d6faf0f9e4ec4411c3228224dca074e3,426,7195,52121,7195,optimal,"optimal within the relative gap target (2.000e+00 absolute, 7.583e-05 relative) after 348 nodes; the bound is the best open node's, the tree was not exhausted",26373.999999999996,26374.0,26372.0,1.999999999996362,7.583225904285897e-05,1,1,1,348,22,"gomory 101: 7 accepted, 94 too_dense; zero_half 2: 2 accepted",25877.609267851432,25898.287688643995,0.0417,37.053829,37.01708497,f2cf240,"E2E TIR C3 container, 16 vCPU 29 GB (cgroup limits), AMD EPYC 9555 64-Core Processor host, nothing else running; AMD EPYC 9555 64-Core Processor; 16 cores (cgroup quota; host 256); 30 GiB RAM (cgroup limit; host 1512 GiB); Linux-x86_64",2026-10-03T13:22:09+00:00,,1,0,0,2,4e2896e374ff8bac13bcab2564243f6a6db3446dd2c474902e4fb72ff19b7601,4.182891,4.422309,10,1,,,,,,,,,0,0,0,nan,nan,0,0,0,0,0,20,0,0,0,447.9367816091954,448,0,0,0,0,0
bell3a,1ada0bcc162defc9d8f17769920d3531d6e9f8c69f466e3eb165939ae845fd43,123,133,347,71,optimal,"optimal within the relative gap target (8.700e+01 absolute, 9.904e-05 relative) after 69965 nodes; the bound is the best open node's, the tree was not exhausted",878430.3160000001,878430.32,878343.316577778,86.99942222214304,9.90396399549387e-05,1,1,1,69965,41,"gomory 24: 24 accepted; mir 10: 4 accepted, 6 duplicate",866171.7333781982,873673.3767703706,0.6120,13.540851,13.535544853,f2cf240,"E2E TIR C3 container, 16 vCPU 29 GB (cgroup limits), AMD EPYC 9555 64-Core Processor host, nothing else running; AMD EPYC 9555 64-Core Processor; 16 cores (cgroup quota; host 256); 30 GiB RAM (cgroup limit; host 1512 GiB); Linux-x86_64",2026-10-03T13:22:09+00:00,,1,0,0,0,,0.016243,0.016243,1,1,,,,,,,,,0,0,0,nan,nan,0,0,0,0,0,37,0,0,0,155.99941399271063,156,0,0,0,0,0
bell3a,1ada0bcc162defc9d8f17769920d3531d6e9f8c69f466e3eb165939ae845fd43,123,133,347,71,optimal,"optimal within the relative gap target (8.754e+01 absolute, 9.966e-05 relative) after 65908 nodes; the bound is the best open node's, the tree was not exhausted",878430.316,878430.32,878342.7755200291,87.54047997086309,9.965557697221266e-05,1,1,1,65908,40,"gomory 24: 24 accepted; mir 10: 4 accepted, 6 duplicate",866171.7333781982,874269.4960977779,0.6606,14.032309,14.026542232,f2cf240,"E2E TIR C3 container, 16 vCPU 29 GB (cgroup limits), AMD EPYC 9555 64-Core Processor host, nothing else running; AMD EPYC 9555 64-Core Processor; 16 cores (cgroup quota; host 256); 30 GiB RAM (cgroup limit; host 1512 GiB); Linux-x86_64",2026-10-03T13:22:09+00:00,,1,0,0,1,82d266c9e47d1cd1ecf639a09d880803eef520d1be022c920462a0885821ed05,0.006165,0.006238,5,1,,,,,,,,,0,0,0,nan,nan,0,0,0,0,0,35,0,0,0,154.99939309340292,155,0,0,0,0,0
bell3a,1ada0bcc162defc9d8f17769920d3531d6e9f8c69f466e3eb165939ae845fd43,123,133,347,71,optimal,"optimal within the relative gap target (8.767e+01 absolute, 9.980e-05 relative) after 74787 nodes; the bound is the best open node's, the tree was not exhausted",878430.316,878430.32,878342.6454833164,87.67051668360364,9.980361001521222e-05,1,1,1,74787,33,"gomory 24: 24 accepted; mir 10: 4 accepted, 6 duplicate",866171.7333781982,873792.0585777778,0.6216,13.656683,13.651661009,f2cf240,"E2E TIR C3 container, 16 vCPU 29 GB (cgroup limits), AMD EPYC 9555 64-Core Processor host, nothing else running; AMD EPYC 9555 64-Core Processor; 16 cores (cgroup quota; host 256); 30 GiB RAM (cgroup limit; host 1512 GiB); Linux-x86_64",2026-10-03T13:22:09+00:00,,1,0,0,2,6f3a438d784ec7e58b7a1c8a01ff7686dd3cf5209b8b66910db75c22191b0b61,0.007297,0.007299,2,1,,,,,,,,,0,0,0,nan,nan,0,0,0,0,0,29,0,0,0,147.99955874684102,148,0,0,0,0,0
bell5,d4846d7ea889d482e32842832e599ca6d0dc04fd8ea3ea58f49a52b436859dd5,91,104,266,58,feasible,,8966406.491519999,8966406.49,8961481.014369367,4925.4771506320685,0.0005493256585333657,1,0,1,192718,100,"gomory 25: 25 accepted; mir 11: 2 accepted, 9 duplicate",8608417.946508026,8692880.394594586,0.2359,60.030180,60.000373417,f2cf240,"E2E TIR C3 container, 16 vCPU 29 GB (cgroup limits), AMD EPYC 9555 64-Core Processor host, nothing else running; AMD EPYC 9555 64-Core Processor; 16 cores (cgroup quota; host 256); 30 GiB RAM (cgroup limit; host 1512 GiB); Linux-x86_64",2026-10-03T13:22:09+00:00,,1,0,0,0,,0.069795,0.070340,6,1,,,,,,,,,0,0,0,nan,nan,0,0,0,0,0,93,0,0,0,188.99945960843226,189,0,0,0,0,0
bell5,d4846d7ea889d482e32842832e599ca6d0dc04fd8ea3ea58f49a52b436859dd5,91,104,266,58,feasible,,8966406.491519999,8966406.49,8965095.199913712,1311.2916062865406,0.0001462449430021601,1,0,1,218583,100,"gomory 25: 25 accepted; mir 11: 2 accepted, 9 duplicate",8608417.946508026,8912962.025332302,0.8507,60.030088,60.00026848,f2cf240,"E2E TIR C3 container, 16 vCPU 29 GB (cgroup limits), AMD EPYC 9555 64-Core Processor host, nothing else running; AMD EPYC 9555 64-Core Processor; 16 cores (cgroup quota; host 256); 30 GiB RAM (cgroup limit; host 1512 GiB); Linux-x86_64",2026-10-03T13:22:09+00:00,,1,0,0,1,e50a8e5cc7b3e6401d6abebac44e696caaecbc64521cbf70011e292e9c820503,0.069533,0.071055,10,1,,,,,,,,,0,0,0,nan,nan,0,0,0,0,0,96,0,0,0,188.99947970051562,189,0,0,0,0,0
bell5,d4846d7ea889d482e32842832e599ca6d0dc04fd8ea3ea58f49a52b436859dd5,91,104,266,58,feasible,,8966406.491519997,8966406.49,8964227.635244854,2178.856275143102,0.0002430021745281971,1,0,1,225409,100,"gomory 25: 25 accepted; mir 11: 2 accepted, 9 duplicate",8608417.946508028,8918973.812721267,0.8675,60.020842,60.000199693,f2cf240,"E2E TIR C3 container, 16 vCPU 29 GB (cgroup limits), AMD EPYC 9555 64-Core Processor host, nothing else running; AMD EPYC 9555 64-Core Processor; 16 cores (cgroup quota; host 256); 30 GiB RAM (cgroup limit; host 1512 GiB); Linux-x86_64",2026-10-03T13:22:09+00:00,,1,0,0,2,cc5f4cbbc72d1316fbcb22bc07c9523a036b27b42df628b095a9371770fa3743,0.061444,0.063044,25,1,,,,,,,,,0,0,0,nan,nan,0,0,0,0,0,96,0,0,0,188.99950002499875,189,0,0,0,0,0
blend2,48c009606d5e949baa8e5e060c8b0cafd3eb96f9d615d98fff0d626d5b6e503f,274,353,1409,264,optimal,"optimal within the relative gap target (7.352e-04 absolute, 9.675e-05 relative) after 3850 nodes; the bound is the best open node's, the tree was not exhausted",7.598985,7.598985,7.59824977361686,0.0007352263831394978,9.675323522016398e-05,1,1,1,3850,23,"gomory 6: 4 accepted, 2 too_dense; mir 5: 4 accepted, 1 duplicate",6.915675114009091,7.012047980211083,0.1410,2.342573,2.338363078,f2cf240,"E2E TIR C3 container, 16 vCPU 29 GB (cgroup limits), AMD EPYC 9555 64-Core Processor host, nothing else running; AMD EPYC 9555 64-Core Processor; 16 cores (cgroup quota; host 256); 30 GiB RAM (cgroup limit; host 1512 GiB); Linux-x86_64",2026-10-03T13:22:09+00:00,,1,0,0,0,,0.510613,0.527022,2,1,,,,,,,,,0,0,0,nan,nan,0,0,0,0,0,21,0,0,0,191.994025974026,192,0,0,0,0,0
blend2,48c009606d5e949baa8e5e060c8b0cafd3eb96f9d615d98fff0d626d5b6e503f,274,353,1409,264,optimal,"optimal within the relative gap target (7.021e-04 absolute, 9.239e-05 relative) after 3395 nodes; the bound is the best open node's, the tree was not exhausted",7.598985000000001,7.598985,7.598282940168335,0.0007020598316653803,9.238863238516463e-05,1,1,1,3395,28,"gomory 6: 4 accepted, 2 too_dense; mir 8: 7 accepted, 1 duplicate",6.915675114009092,7.0083747069180395,0.1357,2.502202,2.497635675,f2cf240,"E2E TIR C3 container, 16 vCPU 29 GB (cgroup limits), AMD EPYC 9555 64-Core Processor host, nothing else running; AMD EPYC 9555 64-Core Processor; 16 cores (cgroup quota; host 256); 30 GiB RAM (cgroup limit; host 1512 GiB); Linux-x86_64",2026-10-03T13:22:09+00:00,,1,0,0,1,d25ac6e094842466b5fe6ed3a669a1b7d339003be0b13e094ea1b658d3d5965b,0.570019,0.574735,2,1,,,,,,,,,0,0,0,nan,nan,0,0,0,0,0,24,0,0,0,196.99175257731957,197,0,0,0,0,0
blend2,48c009606d5e949baa8e5e060c8b0cafd3eb96f9d615d98fff0d626d5b6e503f,274,353,1409,264,optimal,,7.598985,7.598985,7.598985,0.0,0.0,1,1,1,4486,108,"gomory 6: 4 accepted, 2 too_dense; mir 8: 6 accepted, 2 too_dense",6.915675114009094,7.046727710505252,0.1918,6.703957,6.699203002,f2cf240,"E2E TIR C3 container, 16 vCPU 29 GB (cgroup limits), AMD EPYC 9555 64-Core Processor host, nothing else running; AMD EPYC 9555 64-Core Processor; 16 cores (cgroup quota; host 256); 30 GiB RAM (cgroup limit; host 1512 GiB); Linux-x86_64",2026-10-03T13:22:09+00:00,,1,0,0,2,e2f52e700b1407547bf8a3c2f10def806baaea097c1f631bd6e23e5d459a8275,1.242095,1.503306,5,1,,,,,,,,,0,0,0,nan,nan,0,0,0,0,0,106,0,0,0,276.975908989516,277,0,0,0,0,0
cap6000,b9fb72f2d0354c1609457f4e1e4c69c83879a1601dfba4c6894c0b6d5357fddc,2176,6000,48243,6000,optimal,"optimal within the relative gap target (2.240e+02 absolute, 9.138e-05 relative) after 43 nodes; the bound is the best open node's, the tree was not exhausted",-2451243.0,-2451377.0,-2451467.0,224.0,9.138220894460484e-05,0,0,1,43,4,"gomory 2: 1 too_dense, 1 coefficient_ratio; mir 2: 1 accepted, 1 too_dense",-2451537.325024045,-2451533.4233397134,0.0133,0.673166,0.643131883,f2cf240,"E2E TIR C3 container, 16 vCPU 29 GB (cgroup limits), AMD EPYC 9555 64-Core Processor host, nothing else running; AMD EPYC 9555 64-Core Processor; 16 cores (cgroup quota; host 256); 30 GiB RAM (cgroup limit; host 1512 GiB); Linux-x86_64",2026-10-03T13:22:09+00:00,,1,0,0,0,,0.278386,0.278514,6,1,,,,,,,,,0,0,0,nan,nan,0,0,0,0,0,0,0,0,0,2174.906976744186,2175,0,0,0,0,0
cap6000,b9fb72f2d0354c1609457f4e1e4c69c83879a1601dfba4c6894c0b6d5357fddc,2176,6000,48243,6000,optimal,"optimal within the relative gap target (2.240e+02 absolute, 9.138e-05 relative) after 43 nodes; the bound is the best open node's, the tree was not exhausted",-2451243.0,-2451377.0,-2451467.0,224.0,9.138220894460484e-05,0,0,1,43,4,"gomory 2: 1 too_dense, 1 coefficient_ratio; mir 2: 1 accepted, 1 too_dense",-2451537.325024045,-2451533.4233397134,0.0133,2.235677,2.205119183,f2cf240,"E2E TIR C3 container, 16 vCPU 29 GB (cgroup limits), AMD EPYC 9555 64-Core Processor host, nothing else running; AMD EPYC 9555 64-Core Processor; 16 cores (cgroup quota; host 256); 30 GiB RAM (cgroup limit; host 1512 GiB); Linux-x86_64",2026-10-03T13:22:09+00:00,,1,0,0,1,256cebf6860f73c7682f47235ab1caa41a09d9e873e6ece163ce021257586d37,1.813549,1.813711,4,1,,,,,,,,,0,0,0,nan,nan,0,0,0,0,0,0,0,0,0,2174.906976744186,2175,0,0,0,0,0
cap6000,b9fb72f2d0354c1609457f4e1e4c69c83879a1601dfba4c6894c0b6d5357fddc,2176,6000,48243,6000,optimal,"optimal within the relative gap target (2.240e+02 absolute, 9.138e-05 relative) after 62 nodes; the bound is the best open node's, the tree was not exhausted",-2451243.0,-2451377.0,-2451467.0,224.0,9.138220894460484e-05,0,0,1,62,4,"gomory 2: 1 too_dense, 1 coefficient_ratio; mir 2: 1 accepted, 1 too_dense",-2451537.3250240455,-2451533.4233397134,0.0133,1.892065,1.852932412,f2cf240,"E2E TIR C3 container, 16 vCPU 29 GB (cgroup limits), AMD EPYC 9555 64-Core Processor host, nothing else running; AMD EPYC 9555 64-Core Processor; 16 cores (cgroup quota; host 256); 30 GiB RAM (cgroup limit; host 1512 GiB); Linux-x86_64",2026-10-03T13:22:09+00:00,,1,0,0,2,23e8e841600cddea9fcb18e4b21f1b7c7ac53159aabf5f52c2b83e6f6e88457b,1.220987,1.221189,7,1,,,,,,,,,0,0,0,nan,nan,0,0,0,0,0,3,0,0,0,2174.935483870968,2175,0,0,0,0,0
danoint,09ed14e0f1b2db4cf0c8a738b17384fa64a0bf73c6ff4667d276356eec2b8e2b,664,521,3232,56,feasible,,66.49999999999987,65.67,62.955976780093415,3.5440232199064567,0.05329358225423254,0,0,1,7684,0,"gomory 52: 21 too_dense, 31 coefficient_ratio",62.63728041845078,62.63728041845078,0.0000,60.007504,60.000650605,f2cf240,"E2E TIR C3 container, 16 vCPU 29 GB (cgroup limits), AMD EPYC 9555 64-Core Processor host, nothing else running; AMD EPYC 9555 64-Core Processor; 16 cores (cgroup quota; host 256); 30 GiB RAM (cgroup limit; host 1512 GiB); Linux-x86_64",2026-10-03T13:22:09+00:00,,1,0,0,0,,0.296040,1.041225,1,1,,,,,,,,,0,0,0,nan,nan,0,0,0,0,0,0,0,0,0,664.0,664,0,0,0,0,0
danoint,09ed14e0f1b2db4cf0c8a738b17384fa64a0bf73c6ff4667d276356eec2b8e2b,664,521,3232,56,feasible,,75.9999999999999,65.67,62.98379444604335,13.016205553956553,0.17126586255206014,0,0,1,6113,28,"gomory 52: 22 too_dense, 30 coefficient_ratio; mir 19: 16 accepted, 3 duplicate",62.63728041845078,62.6542028576142,0.0013,60.006334,59.999948988,f2cf240,"E2E TIR C3 container, 16 vCPU 29 GB (cgroup limits), AMD EPYC 9555 64-Core Processor host, nothing else running; AMD EPYC 9555 64-Core Processor; 16 cores (cgroup quota; host 256); 30 GiB RAM (cgroup limit; host 1512 GiB); Linux-x86_64",2026-10-03T13:22:09+00:00,,1,0,0,1,79ae9bca505a923eb2851b3bc3c87b821119a9bce954b10ddcdcb0a0e0e6a5b4,31.552699,38.770760,2,1,,,,,,,,,0,0,0,nan,nan,0,0,0,0,0,20,0,0,0,691.9954195975789,692,0,0,0,0,0
danoint,09ed14e0f1b2db4cf0c8a738b17384fa64a0bf73c6ff4667d276356eec2b8e2b,664,521,3232,56,feasible,,70.49999999999999,65.67,62.954393759930184,7.545606240069802,0.10702987574567097,0,0,1,6949,27,"gomory 52: 22 too_dense, 30 coefficient_ratio; mir 14: 13 accepted, 1 duplicate",62.63728041845078,62.6484091695775,0.0014,60.007046,59.999944307,f2cf240,"E2E TIR C3 container, 16 vCPU 29 GB (cgroup limits), AMD EPYC 9555 64-Core Processor host, nothing else running; AMD EPYC 9555 64-Core Processor; 16 cores (cgroup quota; host 256); 30 GiB RAM (cgroup limit; host 1512 GiB); Linux-x86_64",2026-10-03T13:22:09+00:00,,1,0,0,2,bb7a0e4d5a1a69f515b6bca1412a3d19b04ca40abcf8478ebb9b5c16798cdeb4,0.557634,5.377139,3,1,,,,,,,,,0,0,0,nan,nan,0,0,0,0,0,22,0,0,0,690.996114548856,691,0,0,0,0,0
dcmulti,a9552af8f0fd228851352ba60b62a64639f8ffd4a01f217afc095eaac4c29a75,290,548,1315,75,optimal,"optimal within the relative gap target (1.487e+00 absolute, 7.900e-06 relative) after 73 nodes; the bound is the best open node's, the tree was not exhausted",188182.0,188182.0,188180.5133333333,1.4866666666930541,7.900153397737584e-06,1,1,1,73,147,"gomory 49: 41 accepted, 8 too_dense; mir 45: 45 accepted",183975.5396931753,186932.1197788165,0.7029,1.223534,1.219012032,f2cf240,"E2E TIR C3 container, 16 vCPU 29 GB (cgroup limits), AMD EPYC 9555 64-Core Processor host, nothing else running; AMD EPYC 9555 64-Core Processor; 16 cores (cgroup quota; host 256); 30 GiB RAM (cgroup limit; host 1512 GiB); Linux-x86_64",2026-10-03T13:22:09+00:00,,1,0,0,0,,0.559320,0.560393,5,1,,,,,,,,,0,0,0,nan,nan,0,0,0,0,0,34,0,0,0,416.9583333333333,419,0,0,0,0,0
dcmulti,a9552af8f0fd228851352ba60b62a64639f8ffd4a01f217afc095eaac4c29a75,290,548,1315,75,optimal,"optimal within the relative gap target (1.797e+01 absolute, 9.552e-05 relative) after 112 nodes; the bound is the best open node's, the tree was not exhausted",188188.00000000003,188182.0,188170.02520536855,17.97479463147465,9.551509464723919e-05,0,0,1,112,182,"gomory 49: 41 accepted, 8 too_dense; mir 35: 29 accepted, 6 duplicate",183975.5396931752,187024.53985128523,0.7238,1.723073,1.718279684,f2cf240,"E2E TIR C3 container, 16 vCPU 29 GB (cgroup limits), AMD EPYC 9555 64-Core Processor host, nothing else running; AMD EPYC 9555 64-Core Processor; 16 cores (cgroup quota; host 256); 30 GiB RAM (cgroup limit; host 1512 GiB); Linux-x86_64",2026-10-03T13:22:09+00:00,,1,0,0,1,f62396ad16389257066316e271601b4036d2c397f0c2537672a1ebe052d3c565,0.541274,0.546219,6,1,,,,,,,,,0,0,0,nan,nan,0,0,0,0,0,115,0,0,0,452.36036036036035,454,0,0,0,0,0
dcmulti,a9552af8f0fd228851352ba60b62a64639f8ffd4a01f217afc095eaac4c29a75,290,548,1315,75,optimal,"optimal within the relative gap target (1.426e+01 absolute, 7.578e-05 relative) after 136 nodes; the bound is the best open node's, the tree was not exhausted",188188.0,188182.0,188173.73977282227,14.260227177728666,7.577649572623475e-05,0,0,1,136,135,"gomory 49: 41 accepted, 8 too_dense; mir 33: 30 accepted, 3 duplicate",183975.53969317523,186519.75948567002,0.6040,1.730106,1.725524489,f2cf240,"E2E TIR C3 container, 16 vCPU 29 GB (cgroup limits), AMD EPYC 9555 64-Core Processor host, nothing else running; AMD EPYC 9555 64-Core Processor; 16 cores (cgroup quota; host 256); 30 GiB RAM (cgroup limit; host 1512 GiB); Linux-x86_64",2026-10-03T13:22:09+00:00,,1,0,0,2,46ce8a78f3a36107cb49f60718885182ce0ee93715e4d384c726e3a6fdf90bff,0.656254,0.709021,7,1,,,,,,,,,0,0,0,nan,nan,0,0,0,0,0,63,0,0,0,406.00735294117646,407,0,0,0,0,0
dsbmip,4fe4e40efcc886c7934aa70a07299b70f372843b88a8dd7ec13c3cd597bf730f,1182,1886,7366,192,optimal,,-305.1981750094815,-305.19817501,-305.1981750094815,0.0,0.0,1,1,1,1,52,"gomory 55: 26 accepted, 11 too_dense, 3 coefficient_ratio, 15 duplicate; mir 19: 15 accepted, 4 duplicate",-305.1981750094824,-305.1981750094815,,0.565229,0.556840361,f2cf240,"E2E TIR C3 container, 16 vCPU 29 GB (cgroup limits), AMD EPYC 9555 64-Core Processor host, nothing else running; AMD EPYC 9555 64-Core Processor; 16 cores (cgroup quota; host 256); 30 GiB RAM (cgroup limit; host 1512 GiB); Linux-x86_64",2026-10-03T13:22:09+00:00,,1,0,0,0,,0.521609,0.521609,1,1,,,,,,,,,0,0,0,nan,nan,0,0,0,0,0,0,0,0,0,1135.0,1135,0,0,0,0,0
dsbmip,4fe4e40efcc886c7934aa70a07299b70f372843b88a8dd7ec13c3cd597bf730f,1182,1886,7366,192,optimal,"optimal within the relative gap target (3.979e-13 absolute, 1.304e-15 relative) after 105 nodes; the bound is the best open node's, the tree was not exhausted",-305.1981750094824,-305.19817501,-305.1981750094828,3.979039320256561e-13,1.303755935019249e-15,1,1,1,105,58,"gomory 60: 32 accepted, 5 too_dense, 5 coefficient_ratio, 18 duplicate; mir 16: 11 accepted, 5 duplicate",-305.1981750094827,-305.19817500948284,,5.345266,5.336101055,f2cf240,"E2E TIR C3 container, 16 vCPU 29 GB (cgroup limits), AMD EPYC 9555 64-Core Processor host, nothing else running; AMD EPYC 9555 64-Core Processor; 16 cores (cgroup quota; host 256); 30 GiB RAM (cgroup limit; host 1512 GiB); Linux-x86_64",2026-10-03T13:22:09+00:00,,1,0,0,1,e5a920dbc9d59b69fa26c4bbfebb791fdbdda04e183b981e664e5804f7d692bc,0.668979,0.798648,2,1,,,,,,,,,0,0,0,nan,nan,0,0,0,0,0,21,0,0,0,1192.4313725490197,1193,0,0,0,0,0
dsbmip,4fe4e40efcc886c7934aa70a07299b70f372843b88a8dd7ec13c3cd597bf730f,1182,1886,7366,192,optimal,,-305.19817500948267,-305.19817501,-305.19817500948267,0.0,0.0,1,1,1,62,47,"gomory 68: 27 accepted, 14 too_dense, 13 coefficient_ratio, 14 duplicate; mir 17: 11 accepted, 6 duplicate",-305.19817500948295,-305.19817500948267,,3.452314,3.443081558,f2cf240,"E2E TIR C3 container, 16 vCPU 29 GB (cgroup limits), AMD EPYC 9555 64-Core Processor host, nothing else running; AMD EPYC 9555 64-Core Processor; 16 cores (cgroup quota; host 256); 30 GiB RAM (cgroup limit; host 1512 GiB); Linux-x86_64",2026-10-03T13:22:09+00:00,,1,0,0,2,3fcd6bde899dcc304354114277d5c708190b26a244f8af5bca822bebcb7eb72b,0.565046,0.648650,3,1,,,,,,,,,0,0,0,nan,nan,0,0,0,0,0,21,0,0,0,1181.241935483871,1182,0,0,0,0,0
egout,351ed046eb56e07662b3c2dba35800f5d2cee3fac18c1bd7fbc8dea4a0dcd8db,98,141,282,55,optimal,,568.1007,568.101,568.1007,0.0,0.0,1,1,1,5,100,"gomory 10: 10 accepted; mir 10: 9 accepted, 1 duplicate",367.0848836637048,558.7401776870431,0.9534,0.024671,0.021615208,f2cf240,"E2E TIR C3 container, 16 vCPU 29 GB (cgroup limits), AMD EPYC 9555 64-Core Processor host, nothing else running; AMD EPYC 9555 64-Core Processor; 16 cores (cgroup quota; host 256); 30 GiB RAM (cgroup limit; host 1512 GiB); Linux-x86_64",2026-10-03T13:22:09+00:00,,1,0,0,0,,0.021003,0.021003,1,1,,,,,,,,,0,0,0,nan,nan,0,0,0,0,0,0,0,0,0,139.0,159,0,0,0,0,0
egout,351ed046eb56e07662b3c2dba35800f5d2cee3fac18c1bd7fbc8dea4a0dcd8db,98,141,282,55,optimal,,568.1007000000001,568.101,568.1007,1.1368683772161603e-13,2.0011740475168578e-16,1,1,1,1,81,gomory 10: 10 accepted; mir 10: 10 accepted,367.08488366370466,568.1007,1.0000,0.008708,0.00599722,f2cf240,"E2E TIR C3 container, 16 vCPU 29 GB (cgroup limits), AMD EPYC 9555 64-Core Processor host, nothing else running; AMD EPYC 9555 64-Core Processor; 16 cores (cgroup quota; host 256); 30 GiB RAM (cgroup limit; host 1512 GiB); Linux-x86_64",2026-10-03T13:22:09+00:00,,1,0,0,1,84f5caf2791c8a1252a7cd34123ecdff124375fe7a580635ec6752a190104a31,0.006125,0.006125,1,1,,,,,,,,,0,0,0,nan,nan,0,0,0,0,0,0,0,0,0,60.0,60,0,0,0,0,0
egout,351ed046eb56e07662b3c2dba35800f5d2cee3fac18c1bd7fbc8dea4a0dcd8db,98,141,282,55,optimal,,568.1007000000001,568.101,568.1007000000002,1.1368683772161603e-13,2.0011740475168578e-16,1,1,1,13,100,"gomory 10: 10 accepted; mir 9: 3 accepted, 6 duplicate",367.08488366370466,556.2981455537085,0.9413,0.051339,0.049438302,f2cf240,"E2E TIR C3 container, 16 vCPU 29 GB (cgroup limits), AMD EPYC 9555 64-Core Processor host, nothing else running; AMD EPYC 9555 64-Core Processor; 16 cores (cgroup quota; host 256); 30 GiB RAM (cgroup limit; host 1512 GiB); Linux-x86_64",2026-10-03T13:22:09+00:00,,1,0,0,2,74fee52200ede4c53f42bf99a89cad8e3a472d2111becd46cbde79e9ea197fa4,0.027934,0.027934,1,1,,,,,,,,,0,0,0,nan,nan,0,0,0,0,0,0,0,0,0,151.30769230769232,159,0,0,0,0,0
enigma,bbc4a1a6e9ab30d2615b5e0391f0df1782d29b0a125eb38ef852e8dda6ebc323,21,100,289,100,optimal,,0.0,0.0,0.0,0.0,0.0,1,1,1,4919,13,"gomory 8: 1 accepted, 7 duplicate; mir 2: 2 accepted; zero_half 14: 14 accepted",0.0,0.0,,0.630849,0.628194345,f2cf240,"E2E TIR C3 container, 16 vCPU 29 GB (cgroup limits), AMD EPYC 9555 64-Core Processor host, nothing else running; AMD EPYC 9555 64-Core Processor; 16 cores (cgroup quota; host 256); 30 GiB RAM (cgroup limit; host 1512 GiB); Linux-x86_64",2026-10-03T13:22:09+00:00,,1,0,0,0,,0.628056,0.628056,1,1,,,,,,,,,0,0,0,nan,nan,0,0,0,0,0,13,0,0,0,34.996405861210945,35,0,0,0,0,0
enigma,bbc4a1a6e9ab30d2615b5e0391f0df1782d29b0a125eb38ef852e8dda6ebc323,21,100,289,100,optimal,,0.0,0.0,0.0,0.0,0.0,1,1,1,1949,10,"gomory 10: 2 accepted, 8 duplicate; mir 2: 2 accepted",0.0,0.0,,0.291335,0.288850188,f2cf240,"E2E TIR C3 container, 16 vCPU 29 GB (cgroup limits), AMD EPYC 9555 64-Core Processor host, nothing else running; AMD EPYC 9555 64-Core Processor; 16 cores (cgroup quota; host 256); 30 GiB RAM (cgroup limit; host 1512 GiB); Linux-x86_64",2026-10-03T13:22:09+00:00,,1,0,0,1,fe5dbbc2f1c06757c1c4ccf8010a3f23392ddb6a968b4f1bc3e5fc75e5fbe969,0.288845,0.288845,1,1,,,,,,,,,0,0,0,nan,nan,0,0,0,0,0,10,0,0,0,31.99339498018494,32,0,0,0,0,0
enigma,bbc4a1a6e9ab30d2615b5e0391f0df1782d29b0a125eb38ef852e8dda6ebc323,21,100,289,100,optimal,,0.0,0.0,0.0,0.0,0.0,1,1,1,19519,8,"gomory 4: 1 accepted, 3 duplicate; mir 2: 2 accepted",0.0,0.0,,1.762881,1.75950402,f2cf240,"E2E TIR C3 container, 16 vCPU 29 GB (cgroup limits), AMD EPYC 9555 64-Core Processor host, nothing else running; AMD EPYC 9555 64-Core Processor; 16 cores (cgroup quota; host 256); 30 GiB RAM (cgroup limit; host 1512 GiB); Linux-x86_64",2026-10-03T13:22:09+00:00,,1,0,0,2,7613cea40eff2d84bacae8084166d32c9f97b19ea57e081bcc7da0638ca315ca,1.758315,1.758315,1,1,,,,,,,,,0,0,0,nan,nan,0,0,0,0,0,8,0,0,0,29.999470198675496,30,0,0,0,0,0
fast0507,5d27d3474d016e827c360a5c621a802edd5d5c8c163b7f782bb5ecf3083d0275,507,63009,409349,63009,feasible,"stopped at the time limit of 59.9875s after 60.04s, 0 iterations, 54 nodes",176.0,174.0,173.0,3.0,0.017045454545454544,0,0,1,54,17,"gomory 134: 7 accepted, 127 too_dense; zero_half 17: 15 accepted, 2 too_dense",172.14556667654892,172.18113441740644,0.0092,60.287920,60.038415525,f2cf240,"E2E TIR C3 container, 16 vCPU 29 GB (cgroup limits), AMD EPYC 9555 64-Core Processor host, nothing else running; AMD EPYC 9555 64-Core Processor; 16 cores (cgroup quota; host 256); 30 GiB RAM (cgroup limit; host 1512 GiB); Linux-x86_64",2026-10-03T13:22:09+00:00,,1,0,0,0,,42.989162,43.182903,1,1,,,,,,,,,0,0,0,nan,nan,0,0,0,0,0,13,0,0,0,505.68518518518516,506,0,0,0,0,0
fast0507,5d27d3474d016e827c360a5c621a802edd5d5c8c163b7f782bb5ecf3083d0275,507,63009,409349,63009,feasible,,176.0,174.0,173.0,3.0,0.017045454545454544,0,0,1,43,28,"gomory 152: 7 accepted, 145 too_dense; zero_half 38: 31 accepted, 7 too_dense",172.14556667654878,172.19732604563822,0.0134,60.250788,59.99074283,f2cf240,"E2E TIR C3 container, 16 vCPU 29 GB (cgroup limits), AMD EPYC 9555 64-Core Processor host, nothing else running; AMD EPYC 9555 64-Core Processor; 16 cores (cgroup quota; host 256); 30 GiB RAM (cgroup limit; host 1512 GiB); Linux-x86_64",2026-10-03T13:22:09+00:00,,1,0,0,1,0771be59d75accd68c4d5738180f5ccecf3f3b0545c7996ee898e3f7c244b401,42.282640,42.527988,2,1,,,,,,,,,0,0,0,nan,nan,0,0,0,0,0,0,0,0,0,516.3488372093024,517,0,0,0,0,0
fast0507,5d27d3474d016e827c360a5c621a802edd5d5c8c163b7f782bb5ecf3083d0275,507,63009,409349,63009,feasible,"stopped at the time limit of 59.9847s after 60.06s, 0 iterations, 45 nodes",176.0,174.0,173.0,3.0,0.017045454545454544,0,0,1,45,24,"gomory 164: 6 accepted, 158 too_dense; zero_half 28: 28 accepted",172.14556667654892,172.21035247226834,0.0168,60.302890,60.059076872,f2cf240,"E2E TIR C3 container, 16 vCPU 29 GB (cgroup limits), AMD EPYC 9555 64-Core Processor host, nothing else running; AMD EPYC 9555 64-Core Processor; 16 cores (cgroup quota; host 256); 30 GiB RAM (cgroup limit; host 1512 GiB); Linux-x86_64",2026-10-03T13:22:09+00:00,,1,0,0,2,f0784d95feb34501b475726ffee43ba3d4f4165a2715e45610daf6d0b0e93e50,48.541719,48.672598,1,1,,,,,,,,,0,0,0,nan,nan,0,0,0,0,0,0,0,0,0,512.4666666666667,513,0,0,0,0,0
fiber,67c87e4a5b19f8a8903b37286e9f38ad206cb8daabfd0399bea41acd93ed04bf,363,1298,2944,1254,optimal,,405935.17999999993,405935.18,405935.17999999993,0.0,0.0,1,1,1,329,139,"gomory 43: 19 accepted, 24 duplicate; mir 34: 34 accepted",156082.5175925926,388939.44650695694,0.9320,3.508202,3.494104811,f2cf240,"E2E TIR C3 container, 16 vCPU 29 GB (cgroup limits), AMD EPYC 9555 64-Core Processor host, nothing else running; AMD EPYC 9555 64-Core Processor; 16 cores (cgroup quota; host 256); 30 GiB RAM (cgroup limit; host 1512 GiB); Linux-x86_64",2026-10-03T13:22:09+00:00,,1,0,0,0,,0.387528,0.573189,4,1,,,,,,,,,0,0,0,nan,nan,0,0,0,0,0,83,0,0,0,487.5775075987842,488,0,0,0,0,0
fiber,67c87e4a5b19f8a8903b37286e9f38ad206cb8daabfd0399bea41acd93ed04bf,363,1298,2944,1254,optimal,,405935.18000000005,405935.18,405935.18,5.820766091346741e-11,1.4339151613680637e-16,1,1,1,206,161,"gomory 44: 22 accepted, 22 duplicate; mir 34: 34 accepted",156082.5175925926,388929.16581235616,0.9319,3.152315,3.145747762,f2cf240,"E2E TIR C3 container, 16 vCPU 29 GB (cgroup limits), AMD EPYC 9555 64-Core Processor host, nothing else running; AMD EPYC 9555 64-Core Processor; 16 cores (cgroup quota; host 256); 30 GiB RAM (cgroup limit; host 1512 GiB); Linux-x86_64",2026-10-03T13:22:09+00:00,,1,0,0,1,0640ba8f3634c3d8dd184d14eafaf434f04b998abbbddcd8911ca44d9466158e,0.448658,0.626036,10,1,,,,,,,,,0,0,0,nan,nan,0,0,0,0,0,106,0,0,0,509.21844660194176,510,0,0,0,0,0
fiber,67c87e4a5b19f8a8903b37286e9f38ad206cb8daabfd0399bea41acd93ed04bf,363,1298,2944,1254,optimal,"optimal within the relative gap target (3.037e+01 absolute, 7.482e-05 relative) after 320 nodes; the bound is the best open node's, the tree was not exhausted",405935.17999999993,405935.18,405904.80914975645,30.370850243489258,7.481699478101224e-05,1,1,1,320,132,"gomory 44: 22 accepted, 22 duplicate; mir 34: 34 accepted",156082.5175925926,386481.7541302483,0.9221,3.661116,3.644284142,f2cf240,"E2E TIR C3 container, 16 vCPU 29 GB (cgroup limits), AMD EPYC 9555 64-Core Processor host, nothing else running; AMD EPYC 9555 64-Core Processor; 16 cores (cgroup quota; host 256); 30 GiB RAM (cgroup limit; host 1512 GiB); Linux-x86_64",2026-10-03T13:22:09+00:00,,1,0,0,2,2b8716b988b09b3a0cc4ca640dd94e4f12511d69b4642723b540fa72c2ca6265,0.452539,0.663564,8,1,,,,,,,,,0,0,0,nan,nan,0,0,0,0,0,82,0,0,0,480.5875,481,0,0,0,0,0
flugpl,ed4b1fcb07d26b513027721d61344c2c4371cb506bf66098df328047c183b0c0,18,18,46,11,optimal,"optimal within the relative gap target (1.188e+02 absolute, 9.891e-05 relative) after 917 nodes; the bound is the best open node's, the tree was not exhausted",1201500.0,1201500.0,1201381.1565304087,118.84346959134564,9.891258392954277e-05,1,1,1,917,23,"gomory 10: 9 accepted, 1 duplicate; mir 2: 2 duplicate",1167185.7255923203,1172307.0056809327,0.1492,0.045593,0.042947253,f2cf240,"E2E TIR C3 container, 16 vCPU 29 GB (cgroup limits), AMD EPYC 9555 64-Core Processor host, nothing else running; AMD EPYC 9555 64-Core Processor; 16 cores (cgroup quota; host 256); 30 GiB RAM (cgroup limit; host 1512 GiB); Linux-x86_64",2026-10-03T13:22:09+00:00,,1,0,0,0,,0.038167,0.038167,2,1,,,,,,,,,0,0,0,nan,nan,0,0,0,0,0,20,0,0,0,38.96383647798742,39,0,0,0,0,0
flugpl,ed4b1fcb07d26b513027721d61344c2c4371cb506bf66098df328047c183b0c0,18,18,46,11,optimal,"optimal within the relative gap target (1.188e+02 absolute, 9.891e-05 relative) after 918 nodes; the bound is the best open node's, the tree was not exhausted",1201500.0000000002,1201500.0,1201381.156530409,118.84346959134564,9.891258392954274e-05,1,1,1,918,23,"gomory 10: 9 accepted, 1 duplicate; mir 2: 2 duplicate",1167185.7255923203,1172307.0056809324,0.1492,0.048792,0.045953514,f2cf240,"E2E TIR C3 container, 16 vCPU 29 GB (cgroup limits), AMD EPYC 9555 64-Core Processor host, nothing else running; AMD EPYC 9555 64-Core Processor; 16 cores (cgroup quota; host 256); 30 GiB RAM (cgroup limit; host 1512 GiB); Linux-x86_64",2026-10-03T13:22:09+00:00,,1,0,0,1,0d23dc6c718efd1e9cb40a58234b00ff2497e17f762b24089336b7e96103d424,0.036098,0.036099,4,1,,,,,,,,,0,0,0,nan,nan,0,0,0,0,0,20,0,0,0,38.96562032884903,39,0,0,0,0,0
flugpl,ed4b1fcb07d26b513027721d61344c2c4371cb506bf66098df328047c183b0c0,18,18,46,11,optimal,"optimal within the relative gap target (1.188e+02 absolute, 9.891e-05 relative) after 1105 nodes; the bound is the best open node's, the tree was not exhausted",1201500.0,1201500.0,1201381.156530409,118.84346959111281,9.891258392934898e-05,1,1,1,1105,23,"gomory 10: 9 accepted, 1 duplicate; mir 2: 2 duplicate",1167185.7255923203,1172307.0056809327,0.1492,0.056303,0.053928549,f2cf240,"E2E TIR C3 container, 16 vCPU 29 GB (cgroup limits), AMD EPYC 9555 64-Core Processor host, nothing else running; AMD EPYC 9555 64-Core Processor; 16 cores (cgroup quota; host 256); 30 GiB RAM (cgroup limit; host 1512 GiB); Linux-x86_64",2026-10-03T13:22:09+00:00,,1,0,0,2,b1b77fad04715c7acef98cb893f44374296c96423230b66180ef8f0828ce6975,0.018125,0.018137,4,1,,,,,,,,,0,0,0,nan,nan,0,0,0,0,0,20,0,0,0,38.97032258064516,39,0,0,0,0,0
gen,f22c4b12ca0182c5c2efe7d777772644ea54fd4fd84720ae74c520132d59bb97,780,870,2592,150,optimal,"optimal within the relative gap target (9.113e-01 absolute, 8.114e-06 relative) after 1 nodes; the bound is the best open node's, the tree was not exhausted",112313.36271799979,112313.3627179998,112312.45144770466,0.9112702951242682,8.11364091566127e-06,1,1,1,1,48,"gomory 22: 22 accepted; mir 33: 25 accepted, 8 duplicate",112228.2275674432,112312.45144770466,0.9893,0.050626,0.046508797,f2cf240,"E2E TIR C3 container, 16 vCPU 29 GB (cgroup limits), AMD EPYC 9555 64-Core Processor host, nothing else running; AMD EPYC 9555 64-Core Processor; 16 cores (cgroup quota; host 256); 30 GiB RAM (cgroup limit; host 1512 GiB); Linux-x86_64",2026-10-03T13:22:09+00:00,,1,0,0,0,,0.019914,0.019914,1,1,,,,,,,,,0,0,0,nan,nan,0,0,0,0,0,0,0,0,0,781.0,781,0,0,0,0,0
gen,f22c4b12ca0182c5c2efe7d777772644ea54fd4fd84720ae74c520132d59bb97,780,870,2592,150,optimal,"optimal within the relative gap target (6.797e+00 absolute, 6.051e-05 relative) after 1 nodes; the bound is the best open node's, the tree was not exhausted",112319.83304999993,112313.3627179998,112313.03626577665,6.796784223275608,6.051276999539319e-05,0,0,1,1,45,"gomory 21: 21 accepted; mir 37: 25 accepted, 12 duplicate",112228.22756744339,112313.03626577665,0.9258,0.049108,0.044650647,f2cf240,"E2E TIR C3 container, 16 vCPU 29 GB (cgroup limits), AMD EPYC 9555 64-Core Processor host, nothing else running; AMD EPYC 9555 64-Core Processor; 16 cores (cgroup quota; host 256); 30 GiB RAM (cgroup limit; host 1512 GiB); Linux-x86_64",2026-10-03T13:22:09+00:00,,1,0,0,1,d2d9bcdc9c96db262aab53b0a71652bafeaadeaf2a2c8ca320e8a8d27d45f772,0.022209,0.022211,1,1,,,,,,,,,0,0,0,nan,nan,0,0,0,0,0,0,0,0,0,781.0,781,0,0,0,0,0
gen,f22c4b12ca0182c5c2efe7d777772644ea54fd4fd84720ae74c520132d59bb97,780,870,2592,150,optimal,"optimal within the relative gap target (1.654e-02 absolute, 1.473e-07 relative) after 1 nodes; the bound is the best open node's, the tree was not exhausted",112313.3627179999,112313.3627179998,112313.34617497004,0.016543029865715653,1.472935140162479e-07,1,1,1,1,49,"gomory 21: 21 accepted; mir 34: 25 accepted, 9 duplicate",112228.22756744338,112313.34617497004,0.9998,0.056925,0.052308528,f2cf240,"E2E TIR C3 container, 16 vCPU 29 GB (cgroup limits), AMD EPYC 9555 64-Core Processor host, nothing else running; AMD EPYC 9555 64-Core Processor; 16 cores (cgroup quota; host 256); 30 GiB RAM (cgroup limit; host 1512 GiB); Linux-x86_64",2026-10-03T13:22:09+00:00,,1,0,0,2,d53c67eeb6b44cb65bde07ae41b9191b36a213fc6b4c647b0a8b09b3d585721a,0.023688,0.023688,1,1,,,,,,,,,0,0,0,nan,nan,0,0,0,0,0,0,0,0,0,781.0,781,0,0,0,0,0
gesa2,fe43df9f95b79fbceae3b4c5f8a152e9498facf5adf750f6255fe4c693af02c3,1392,1224,5064,408,optimal,"optimal within the relative gap target (2.322e+03 absolute, 9.008e-05 relative) after 104 nodes; the bound is the best open node's, the tree was not exhausted",25779856.371697906,25779856.372,25777534.191274833,2322.1804230734706,9.007732198317627e-05,1,1,1,104,210,"gomory 58: 58 accepted; mir 172: 115 accepted, 2 insufficient_violation, 55 duplicate",25476489.678122625,25773694.012384057,0.9797,3.201898,3.19338749,f2cf240,"E2E TIR C3 container, 16 vCPU 29 GB (cgroup limits), AMD EPYC 9555 64-Core Processor host, nothing else running; AMD EPYC 9555 64-Core Processor; 16 cores (cgroup quota; host 256); 30 GiB RAM (cgroup limit; host 1512 GiB); Linux-x86_64",2026-10-03T13:22:09+00:00,,1,0,0,0,,1.437524,1.438362,5,1,,,,,,,,,0,0,0,nan,nan,0,0,0,0,0,117,0,0,0,1599.9807692307693,1602,0,0,0,0,0
gesa2,fe43df9f95b79fbceae3b4c5f8a152e9498facf5adf750f6255fe4c693af02c3,1392,1224,5064,408,optimal,"optimal within the relative gap target (2.537e+03 absolute, 9.842e-05 relative) after 64 nodes; the bound is the best open node's, the tree was not exhausted",25779856.371697906,25779856.372,25777319.2055501,2537.1661478057504,9.841661300297804e-05,1,1,1,64,210,"gomory 58: 58 accepted; mir 152: 114 accepted, 2 insufficient_violation, 36 duplicate",25476489.678122625,25773983.32382825,0.9806,2.434593,2.426985447,f2cf240,"E2E TIR C3 container, 16 vCPU 29 GB (cgroup limits), AMD EPYC 9555 64-Core Processor host, nothing else running; AMD EPYC 9555 64-Core Processor; 16 cores (cgroup quota; host 256); 30 GiB RAM (cgroup limit; host 1512 GiB); Linux-x86_64",2026-10-03T13:22:09+00:00,,1,0,0,1,8fbb0eaa9d95c941db3a87e19afb7736870ae4d4f26078909aee4f4f777fae81,1.054972,1.055133,5,1,,,,,,,,,0,0,0,nan,nan,0,0,0,0,0,102,0,0,0,1598.71875,1602,0,0,0,0,0
gesa2,fe43df9f95b79fbceae3b4c5f8a152e9498facf5adf750f6255fe4c693af02c3,1392,1224,5064,408,optimal,"optimal within the relative gap target (8.863e+00 absolute, 3.438e-07 relative) after 1280 nodes; the bound is the best open node's, the tree was not exhausted",25779856.371697906,25779856.372,25779847.509096794,8.862601112574339,3.437800810366048e-07,1,1,1,1280,210,"gomory 58: 58 accepted; mir 152: 115 accepted, 1 insufficient_violation, 36 duplicate",25476489.67812262,25773731.572626438,0.9798,11.571411,11.563150055,f2cf240,"E2E TIR C3 container, 16 vCPU 29 GB (cgroup limits), AMD EPYC 9555 64-Core Processor host, nothing else running; AMD EPYC 9555 64-Core Processor; 16 cores (cgroup quota; host 256); 30 GiB RAM (cgroup limit; host 1512 GiB); Linux-x86_64",2026-10-03T13:22:09+00:00,,1,0,0,2,f0dc1df27ddb78ccf404753221461fee62e5728d365937211a8972d366721dcb,1.733765,1.808954,6,1,,,,,,,,,0,0,0,nan,nan,0,0,0,0,0,126,0,0,0,1601.8359375,1602,0,0,0,0,0
gesa2_o,cc3376d5d8b2eff2e8f819a48de7dc40cec0190d3539f654c1db54476ccb2ec2,1248,1224,3672,720,optimal,"optimal within the relative gap target (2.316e+03 absolute, 8.982e-05 relative) after 1402 nodes; the bound is the best open node's, the tree was not exhausted",25781982.603971295,25779856.372,25779666.90212746,2315.7018438354135,8.981861012809454e-05,0,0,1,1402,270,"gomory 73: 72 accepted, 1 coefficient_ratio; mir 102: 66 accepted, 2 insufficient_violation, 34 duplicate",25476489.67812262,25774607.90568061,0.9759,16.956718,16.94908493,f2cf240,"E2E TIR C3 container, 16 vCPU 29 GB (cgroup limits), AMD EPYC 9555 64-Core Processor host, nothing else running; AMD EPYC 9555 64-Core Processor; 16 cores (cgroup quota; host 256); 30 GiB RAM (cgroup limit; host 1512 GiB); Linux-x86_64",2026-10-03T13:22:09+00:00,,1,0,0,0,,3.393655,3.568598,5,1,,,,,,,,,0,0,0,nan,nan,0,0,0,0,0,194,0,0,0,1517.8074179743223,1518,0,0,0,0,0
gesa2_o,cc3376d5d8b2eff2e8f819a48de7dc40cec0190d3539f654c1db54476ccb2ec2,1248,1224,3672,720,optimal,"optimal within the relative gap target (2.520e+03 absolute, 9.775e-05 relative) after 4180 nodes; the bound is the best open node's, the tree was not exhausted",25781982.6039713,25779856.372,25779462.489869896,2520.1141014024615,9.774710270009563e-05,0,0,1,4180,270,"gomory 73: 72 accepted, 1 coefficient_ratio; mir 84: 65 accepted, 1 insufficient_violation, 18 duplicate",25476489.67812262,25768080.74224856,0.9545,30.993772,30.984164714,f2cf240,"E2E TIR C3 container, 16 vCPU 29 GB (cgroup limits), AMD EPYC 9555 64-Core Processor host, nothing else running; AMD EPYC 9555 64-Core Processor; 16 cores (cgroup quota; host 256); 30 GiB RAM (cgroup limit; host 1512 GiB); Linux-x86_64",2026-10-03T13:22:09+00:00,,1,0,0,1,4ffcdb7eab295cc12464f6ea974bdcc816f706957181ec1b5c0e8aa5e650cb83,2.953352,3.047548,9,1,,,,,,,,,0,0,0,nan,nan,0,0,0,0,0,204,0,0,0,1517.93536030644,1518,0,0,0,0,0
gesa2_o,cc3376d5d8b2eff2e8f819a48de7dc40cec0190d3539f654c1db54476ccb2ec2,1248,1224,3672,720,optimal,"optimal within the relative gap target (2.183e+03 absolute, 8.468e-05 relative) after 498 nodes; the bound is the best open node's, the tree was not exhausted",25781982.603971295,25779856.372,25779799.397630323,2183.206340972334,8.467953665580578e-05,0,0,1,498,300,"gomory 73: 72 accepted, 1 coefficient_ratio; mir 94: 67 accepted, 27 duplicate",25476489.67812262,25770261.27717023,0.9616,14.221372,14.213816051,f2cf240,"E2E TIR C3 container, 16 vCPU 29 GB (cgroup limits), AMD EPYC 9555 64-Core Processor host, nothing else running; AMD EPYC 9555 64-Core Processor; 16 cores (cgroup quota; host 256); 30 GiB RAM (cgroup limit; host 1512 GiB); Linux-x86_64",2026-10-03T13:22:09+00:00,,1,0,0,2,cbabf9e376eb338bafc1f452304cd97b1a825b7eb4bf7e2b6bafbd25d0c3723a,2.705540,2.746628,5,1,,,,,,,,,0,0,0,nan,nan,0,0,0,0,0,206,0,0,0,1547.3975903614457,1548,0,0,0,0,0
gesa3,d9eb9e9af06d1d8b4be0e16d927c782035a333517d10e67810945c75f6c61a16,1368,1152,4944,384,optimal,"optimal within the relative gap target (2.617e+03 absolute, 9.351e-05 relative) after 336 nodes; the bound is the best open node's, the tree was not exhausted",27991042.648382682,27991042.648,27988425.26355913,2617.384823553264,9.350794310995401e-05,1,1,1,336,150,"gomory 83: 81 accepted, 2 coefficient_ratio; mir 166: 87 accepted, 13 insufficient_violation, 66 duplicate",27833632.450665347,27939905.19147107,0.6751,8.652153,8.641045288,f2cf240,"E2E TIR C3 container, 16 vCPU 29 GB (cgroup limits), AMD EPYC 9555 64-Core Processor host, nothing else running; AMD EPYC 9555 64-Core Processor; 16 cores (cgroup quota; host 256); 30 GiB RAM (cgroup limit; host 1512 GiB); Linux-x86_64",2026-10-03T13:22:09+00:00,,1,0,0,0,,1.566913,1.581756,3,1,,,,,,,,,0,0,0,nan,nan,0,0,0,0,0,74,0,0,0,1517.5535714285713,1518,0,0,0,0,0
gesa3,d9eb9e9af06d1d8b4be0e16d927c782035a333517d10e67810945c75f6c61a16,1368,1152,4944,384,optimal,"optimal within the relative gap target (2.688e+03 absolute, 9.602e-05 relative) after 224 nodes; the bound is the best open node's, the tree was not exhausted",27991042.648382697,27991042.648,27988354.992164597,2687.656218100339,9.601843889354476e-05,1,1,1,224,207,"gomory 83: 81 accepted, 2 coefficient_ratio; mir 125: 81 accepted, 10 insufficient_violation, 34 duplicate",27833632.45066535,27950729.75458756,0.7439,9.376851,9.369132133,f2cf240,"E2E TIR C3 container, 16 vCPU 29 GB (cgroup limits), AMD EPYC 9555 64-Core Processor host, nothing else running; AMD EPYC 9555 64-Core Processor; 16 cores (cgroup quota; host 256); 30 GiB RAM (cgroup limit; host 1512 GiB); Linux-x86_64",2026-10-03T13:22:09+00:00,,1,0,0,1,a9c9b33bf83cab9fb190e80a7e39367c7bb92f6b3630d09dd66499d817d1c34e,0.419185,0.445501,7,1,,,,,,,,,0,0,0,nan,nan,0,0,0,0,0,113,0,0,0,1574.075892857143,1575,0,0,0,0,0
gesa3,d9eb9e9af06d1d8b4be0e16d927c782035a333517d10e67810945c75f6c61a16,1368,1152,4944,384,optimal,"optimal within the relative gap target (2.572e+03 absolute, 9.188e-05 relative) after 472 nodes; the bound is the best open node's, the tree was not exhausted",27991042.648382686,27991042.648,27988470.78894735,2571.8594353348017,9.188151608505384e-05,1,1,1,472,150,"gomory 83: 81 accepted, 2 coefficient_ratio; mir 129: 83 accepted, 10 insufficient_violation, 36 duplicate",27833632.450665332,27938334.94571412,0.6652,11.504412,11.496443082,f2cf240,"E2E TIR C3 container, 16 vCPU 29 GB (cgroup limits), AMD EPYC 9555 64-Core Processor host, nothing else running; AMD EPYC 9555 64-Core Processor; 16 cores (cgroup quota; host 256); 30 GiB RAM (cgroup limit; host 1512 GiB); Linux-x86_64",2026-10-03T13:22:09+00:00,,1,0,0,2,0591ae94d6660662233105d67125c0878d0a5af38b70c7de84229496bfc0042e,2.308031,2.366148,11,1,,,,,,,,,0,0,0,nan,nan,0,0,0,0,0,88,0,0,0,1517.6822033898304,1518,0,0,0,0,0
gesa3_o,3915238e5bee75478a297019deb7abb147856a5ad3d28e4e33153819a9666037,1224,1152,3624,672,optimal,"optimal within the relative gap target (1.738e+03 absolute, 6.210e-05 relative) after 430 nodes; the bound is the best open node's, the tree was not exhausted",27991042.64838269,27991042.648,27989304.413663138,1738.2347195520997,6.209967743565044e-05,1,1,1,430,150,"gomory 102: 92 accepted, 10 coefficient_ratio; mir 128: 58 accepted, 11 insufficient_violation, 59 duplicate",27833632.450665344,27941067.907852072,0.6825,12.718240,12.710698196,f2cf240,"E2E TIR C3 container, 16 vCPU 29 GB (cgroup limits), AMD EPYC 9555 64-Core Processor host, nothing else running; AMD EPYC 9555 64-Core Processor; 16 cores (cgroup quota; host 256); 30 GiB RAM (cgroup limit; host 1512 GiB); Linux-x86_64",2026-10-03T13:22:09+00:00,,1,0,0,0,,1.869561,1.951119,7,1,,,,,,,,,0,0,0,nan,nan,0,0,0,0,0,79,0,0,0,1373.6511627906978,1374,0,0,0,0,0
gesa3_o,3915238e5bee75478a297019deb7abb147856a5ad3d28e4e33153819a9666037,1224,1152,3624,672,optimal,,27991042.648382682,27991042.648,27991042.648382682,0.0,0.0,1,1,1,450,150,"gomory 102: 92 accepted, 10 coefficient_ratio; mir 101: 56 accepted, 12 insufficient_violation, 33 duplicate",27833632.450665344,27943145.042516354,0.6957,13.317990,13.305301871,f2cf240,"E2E TIR C3 container, 16 vCPU 29 GB (cgroup limits), AMD EPYC 9555 64-Core Processor host, nothing else running; AMD EPYC 9555 64-Core Processor; 16 cores (cgroup quota; host 256); 30 GiB RAM (cgroup limit; host 1512 GiB); Linux-x86_64",2026-10-03T13:22:09+00:00,,1,0,0,1,e4c45d617be63311c6f5ad74686c6343770ea3c467d63cc407425f068e0d2a78,2.529120,2.611389,8,1,,,,,,,,,0,0,0,nan,nan,0,0,0,0,0,84,0,0,0,1373.6666666666667,1374,0,0,0,0,0
gesa3_o,3915238e5bee75478a297019deb7abb147856a5ad3d28e4e33153819a9666037,1224,1152,3624,672,optimal,"optimal within the relative gap target (2.656e+03 absolute, 9.488e-05 relative) after 152 nodes; the bound is the best open node's, the tree was not exhausted",27991430.124332786,27991042.648,27988774.415468726,2655.7088640592992,9.487578349027287e-05,0,0,1,152,204,"gomory 102: 92 accepted, 10 coefficient_ratio; mir 94: 55 accepted, 10 insufficient_violation, 29 duplicate",27833632.45066533,27956217.31962832,0.7768,9.253093,9.246246783,f2cf240,"E2E TIR C3 container, 16 vCPU 29 GB (cgroup limits), AMD EPYC 9555 64-Core Processor host, nothing else running; AMD EPYC 9555 64-Core Processor; 16 cores (cgroup quota; host 256); 30 GiB RAM (cgroup limit; host 1512 GiB); Linux-x86_64",2026-10-03T13:22:09+00:00,,1,0,0,2,a093ea2060401e9cdc62bf3940d6811db6c4e719d20c692a576a0ef633b5b8df,2.856892,2.881272,6,1,,,,,,,,,0,0,0,nan,nan,0,0,0,0,0,113,0,0,0,1426.657894736842,1428,0,0,0,0,0
gt2,7dfdce934f95ced966a14e9eaad34023bbe966dc295589a33ac0676d810707dd,29,188,376,188,optimal,"optimal within the relative gap target (1.000e+00 absolute, 4.725e-05 relative) after 8 nodes; the bound is the best open node's, the tree was not exhausted",21166.0,21166.0,21165.0,1.0,4.72455825380327e-05,1,1,1,8,87,"gomory 11: 11 accepted; mir 11: 4 accepted, 7 duplicate; zero_half 2: 2 accepted",13460.233074411899,21164.179537527154,0.9998,0.050817,0.047696178,f2cf240,"E2E TIR C3 container, 16 vCPU 29 GB (cgroup limits), AMD EPYC 9555 64-Core Processor host, nothing else running; AMD EPYC 9555 64-Core Processor; 16 cores (cgroup quota; host 256); 30 GiB RAM (cgroup limit; host 1512 GiB); Linux-x86_64",2026-10-03T13:22:09+00:00,,1,0,0,0,,0.044551,0.044551,1,1,,,,,,,,,0,0,0,nan,nan,0,0,0,0,0,0,0,0,0,104.125,115,0,0,0,0,0
gt2,7dfdce934f95ced966a14e9eaad34023bbe966dc295589a33ac0676d810707dd,29,188,376,188,optimal,,21166.0,21166.0,21166.0,0.0,0.0,1,1,1,51,100,"gomory 11: 11 accepted; mir 11: 3 accepted, 8 duplicate; zero_half 2: 2 accepted",13460.233074411897,21157.594704006944,0.9989,0.129281,0.126268642,f2cf240,"E2E TIR C3 container, 16 vCPU 29 GB (cgroup limits), AMD EPYC 9555 64-Core Processor host, nothing else running; AMD EPYC 9555 64-Core Processor; 16 cores (cgroup quota; host 256); 30 GiB RAM (cgroup limit; host 1512 GiB); Linux-x86_64",2026-10-03T13:22:09+00:00,,1,0,0,1,d9aaace37605d553b80ba13932d3d1e032884d377a9cf72b8b8afb5e4c9940bc,0.046152,0.050347,2,1,,,,,,,,,0,0,0,nan,nan,0,0,0,0,0,60,0,0,0,126.03921568627452,128,0,0,0,0,0
gt2,7dfdce934f95ced966a14e9eaad34023bbe966dc295589a33ac0676d810707dd,29,188,376,188,optimal,"optimal within the relative gap target (1.000e+00 absolute, 4.725e-05 relative) after 3 nodes; the bound is the best open node's, the tree was not exhausted",21166.0,21166.0,21165.0,1.0,4.72455825380327e-05,1,1,1,3,95,"gomory 11: 11 accepted; mir 11: 3 accepted, 8 duplicate; zero_half 2: 2 accepted",13460.2330744119,21164.17953752713,0.9998,0.039345,0.036481605,f2cf240,"E2E TIR C3 container, 16 vCPU 29 GB (cgroup limits), AMD EPYC 9555 64-Core Processor host, nothing else running; AMD EPYC 9555 64-Core Processor; 16 cores (cgroup quota; host 256); 30 GiB RAM (cgroup limit; host 1512 GiB); Linux-x86_64",2026-10-03T13:22:09+00:00,,1,0,0,2,fbc2cc2487e15d4c4e46a535660a8273257451d3a6d123557cab8c1de6ed4130,0.032360,0.032360,1,1,,,,,,,,,0,0,0,nan,nan,0,0,0,0,0,0,0,0,0,91.33333333333333,123,0,0,0,0,0
harp2,c37a4883625984b9c73224bd819bc543a7933bdb8c3594aa7e2706e4e87031b9,112,2993,5840,2993,feasible,,-73215815.0,-73899798.0,-74010276.0,794461.0,0.01085094798166216,0,0,1,52597,83,"gomory 18: 12 accepted, 2 too_dense, 4 duplicate; mir 16: 16 accepted; zero_half 3: 1 accepted, 2 coefficient_ratio",-74325169.34513831,-74141953.7482357,0.1652,60.031732,60.000253801,f2cf240,"E2E TIR C3 container, 16 vCPU 29 GB (cgroup limits), AMD EPYC 9555 64-Core Processor host, nothing else running; AMD EPYC 9555 64-Core Processor; 16 cores (cgroup quota; host 256); 30 GiB RAM (cgroup limit; host 1512 GiB); Linux-x86_64",2026-10-03T13:22:09+00:00,,1,0,0,0,,3.539451,4.487557,6,1,,,,,,,,,0,0,0,nan,nan,0,0,0,0,0,77,0,0,0,194.99839996915603,195,0,0,0,0,0
harp2,c37a4883625984b9c73224bd819bc543a7933bdb8c3594aa7e2706e4e87031b9,112,2993,5840,2993,feasible,,-72836576.0,-73899798.0,-74043585.0,1207009.0,0.016571468159074364,0,0,1,47315,81,"gomory 18: 12 accepted, 2 too_dense, 4 duplicate; mir 16: 16 accepted; zero_half 3: 1 accepted, 2 coefficient_ratio",-74325169.34513833,-74146871.03149858,0.1198,60.038998,60.000195389,f2cf240,"E2E TIR C3 container, 16 vCPU 29 GB (cgroup limits), AMD EPYC 9555 64-Core Processor host, nothing else running; AMD EPYC 9555 64-Core Processor; 16 cores (cgroup quota; host 256); 30 GiB RAM (cgroup limit; host 1512 GiB); Linux-x86_64",2026-10-03T13:22:09+00:00,,1,0,0,1,a33263b77058149949a6f18173d3163a5ea4c99125ea6031b22b941457dd33d3,10.470313,11.966916,5,1,,,,,,,,,0,0,0,nan,nan,0,0,0,0,0,77,0,0,0,192.9981908335567,193,0,0,0,0,0
harp2,c37a4883625984b9c73224bd819bc543a7933bdb8c3594aa7e2706e4e87031b9,112,2993,5840,2993,feasible,,-71989174.0,-73899798.0,-74031003.0,2041829.0,0.02836300080342636,0,0,1,45283,84,"gomory 18: 12 accepted, 2 too_dense, 4 duplicate; mir 16: 16 accepted; zero_half 3: 1 accepted, 2 coefficient_ratio",-74325169.34513831,-74139246.64903496,0.0796,60.027649,60.000218447,f2cf240,"E2E TIR C3 container, 16 vCPU 29 GB (cgroup limits), AMD EPYC 9555 64-Core Processor host, nothing else running; AMD EPYC 9555 64-Core Processor; 16 cores (cgroup quota; host 256); 30 GiB RAM (cgroup limit; host 1512 GiB); Linux-x86_64",2026-10-03T13:22:09+00:00,,1,0,0,2,4abbf2edb780234df340e01390852ac95e46f7d315bff454f94c780a90cb12d6,6.675347,8.335801,4,1,,,,,,,,,0,0,0,nan,nan,0,0,0,0,0,80,0,0,0,195.998058566575,196,0,0,0,0,0
khb05250,951e36f03a1562d4adae3223db2026c3bba4ccd7cf38d59482298e9e7e5d0fc2,101,1350,2700,24,optimal,"optimal within the relative gap target (1.047e+04 absolute, 9.793e-05 relative) after 26 nodes; the bound is the best open node's, the tree was not exhausted",106940225.99999999,106940226.0,106929753.04831871,10472.951681271195,9.793276181472813e-05,1,1,1,26,100,"gomory 19: 18 accepted, 1 too_dense; mir 19: 3 accepted, 16 duplicate",95919464.0,106348328.98882575,0.9463,0.254835,0.250223403,f2cf240,"E2E TIR C3 container, 16 vCPU 29 GB (cgroup limits), AMD EPYC 9555 64-Core Processor host, nothing else running; AMD EPYC 9555 64-Core Processor; 16 cores (cgroup quota; host 256); 30 GiB RAM (cgroup limit; host 1512 GiB); Linux-x86_64",2026-10-03T13:22:09+00:00,,1,0,0,0,,0.097597,0.097597,1,1,,,,,,,,,0,0,0,nan,nan,0,0,0,0,0,0,0,0,0,196.15384615384616,200,0,0,0,0,0
khb05250,951e36f03a1562d4adae3223db2026c3bba4ccd7cf38d59482298e9e7e5d0fc2,101,1350,2700,24,optimal,"optimal within the relative gap target (4.330e+03 absolute, 4.049e-05 relative) after 11 nodes; the bound is the best open node's, the tree was not exhausted",106940226.0,106940226.0,106935896.44319999,4329.55680000782,4.048576444945815e-05,1,1,1,11,100,"gomory 19: 18 accepted, 1 too_dense; mir 19: 14 accepted, 5 duplicate",95919464.0,106617643.39297555,0.9707,0.136076,0.131887179,f2cf240,"E2E TIR C3 container, 16 vCPU 29 GB (cgroup limits), AMD EPYC 9555 64-Core Processor host, nothing else running; AMD EPYC 9555 64-Core Processor; 16 cores (cgroup quota; host 256); 30 GiB RAM (cgroup limit; host 1512 GiB); Linux-x86_64",2026-10-03T13:22:09+00:00,,1,0,0,1,02480ed3adc896b4d778c77ac70a1a180b7bc3582c8743c9447873b4a5d4dae0,0.052590,0.052590,1,1,,,,,,,,,0,0,0,nan,nan,0,0,0,0,0,0,0,0,0,190.9090909090909,200,0,0,0,0,0
khb05250,951e36f03a1562d4adae3223db2026c3bba4ccd7cf38d59482298e9e7e5d0fc2,101,1350,2700,24,optimal,"optimal within the relative gap target (3.967e+03 absolute, 3.710e-05 relative) after 35 nodes; the bound is the best open node's, the tree was not exhausted",106940226.0,106940226.0,106936258.57709248,3967.4229075163603,3.70994438287082e-05,1,1,1,35,45,"gomory 19: 18 accepted, 1 too_dense; mir 19: 2 accepted, 17 duplicate",95919464.00000001,105667105.76799026,0.8845,0.161838,0.157158306,f2cf240,"E2E TIR C3 container, 16 vCPU 29 GB (cgroup limits), AMD EPYC 9555 64-Core Processor host, nothing else running; AMD EPYC 9555 64-Core Processor; 16 cores (cgroup quota; host 256); 30 GiB RAM (cgroup limit; host 1512 GiB); Linux-x86_64",2026-10-03T13:22:09+00:00,,1,0,0,2,b6cb787e2e367419f19f919d6cdb814181dfd74762ffd7413805080bc744f25f,0.040046,0.040046,1,1,,,,,,,,,0,0,0,nan,nan,0,0,0,0,0,0,0,0,0,143.71428571428572,145,0,0,0,0,0
l152lav,c797f70b0b84f34653686c9914a7842872a9c39330a9ec127d1db6b367241034,97,1989,9922,1989,optimal,,4722.0,4722.0,4722.0,0.0,0.0,1,1,1,157,79,"gomory 5: 5 accepted; clique 1: 1 accepted; zero_half 37: 20 accepted, 17 too_dense",4656.363636363636,4664.289452395768,0.1208,2.384523,2.376910576,f2cf240,"E2E TIR C3 container, 16 vCPU 29 GB (cgroup limits), AMD EPYC 9555 64-Core Processor host, nothing else running; AMD EPYC 9555 64-Core Processor; 16 cores (cgroup quota; host 256); 30 GiB RAM (cgroup limit; host 1512 GiB); Linux-x86_64",2026-10-03T13:22:09+00:00,,1,0,0,0,,0.692269,0.692269,1,1,,,,,,,,,0,0,0,nan,nan,0,0,0,0,0,69,0,0,0,175.4968152866242,176,0,0,0,0,2
l152lav,c797f70b0b84f34653686c9914a7842872a9c39330a9ec127d1db6b367241034,97,1989,9922,1989,optimal,,4722.0,4722.0,4722.0,0.0,0.0,1,1,1,145,67,"gomory 1: 1 accepted; mir 1: 1 too_dense; zero_half 39: 38 accepted, 1 too_dense",4656.363636363636,4665.187916270219,0.1344,2.380170,2.371551993,f2cf240,"E2E TIR C3 container, 16 vCPU 29 GB (cgroup limits), AMD EPYC 9555 64-Core Processor host, nothing else running; AMD EPYC 9555 64-Core Processor; 16 cores (cgroup quota; host 256); 30 GiB RAM (cgroup limit; host 1512 GiB); Linux-x86_64",2026-10-03T13:22:09+00:00,,1,0,0,1,0a5912650b87d05663f5eb8defc26a54042bb3e5f22e3647bc48f1ad2c43de40,0.808465,0.810115,2,1,,,,,,,,,0,0,0,nan,nan,0,0,0,0,0,58,0,0,0,163.53793103448277,164,0,0,0,0,0
l152lav,c797f70b0b84f34653686c9914a7842872a9c39330a9ec127d1db6b367241034,97,1989,9922,1989,optimal,,4722.0,4722.0,4722.0,0.0,0.0,1,1,1,232,65,"gomory 8: 6 accepted, 2 too_dense; zero_half 49: 21 accepted, 28 too_dense",4656.363636363635,4662.631524936719,0.0955,3.059739,3.051153744,f2cf240,"E2E TIR C3 container, 16 vCPU 29 GB (cgroup limits), AMD EPYC 9555 64-Core Processor host, nothing else running; AMD EPYC 9555 64-Core Processor; 16 cores (cgroup quota; host 256); 30 GiB RAM (cgroup limit; host 1512 GiB); Linux-x86_64",2026-10-03T13:22:09+00:00,,1,0,0,2,d37ff637c0d1441d9d3e42fdac9b595d4b4de125c0a7d3a2365692b50fb510a7,0.450746,0.452461,2,1,,,,,,,,,0,0,0,nan,nan,0,0,0,0,0,62,0,0,0,161.7198275862069,162,0,0,0,0,0
lseu,00416576ed4adac15b62b1982cb7be9d7dcb2d6505067dd8396183ff1eac3dab,28,89,309,89,optimal,,1120.0,1120.0,1120.0,0.0,0.0,1,1,1,162,100,gomory 7: 7 accepted; cover 1: 1 accepted; mir 8: 8 accepted; zero_half 4: 4 accepted,834.6823529411764,1057.1578930396158,0.7797,0.291349,0.2879289,f2cf240,"E2E TIR C3 container, 16 vCPU 29 GB (cgroup limits), AMD EPYC 9555 64-Core Processor host, nothing else running; AMD EPYC 9555 64-Core Processor; 16 cores (cgroup quota; host 256); 30 GiB RAM (cgroup limit; host 1512 GiB); Linux-x86_64",2026-10-03T13:22:09+00:00,,1,0,0,0,,0.074515,0.078554,3,1,,,,,,,,,0,0,0,nan,nan,0,0,0,0,0,74,0,0,0,127.38271604938272,128,0,0,0,0,0
lseu,00416576ed4adac15b62b1982cb7be9d7dcb2d6505067dd8396183ff1eac3dab,28,89,309,89,optimal,,1120.0,1120.0,1120.0,0.0,0.0,1,1,1,56,100,gomory 6: 6 accepted; cover 1: 1 accepted; mir 8: 8 accepted; zero_half 5: 5 accepted,834.6823529411764,1093.9187307311015,0.9086,0.180708,0.177403549,f2cf240,"E2E TIR C3 container, 16 vCPU 29 GB (cgroup limits), AMD EPYC 9555 64-Core Processor host, nothing else running; AMD EPYC 9555 64-Core Processor; 16 cores (cgroup quota; host 256); 30 GiB RAM (cgroup limit; host 1512 GiB); Linux-x86_64",2026-10-03T13:22:09+00:00,,1,0,0,1,51ab65c713f141ad8cab2649cbe8665bd8d2805dd5bbbd9cea2f239ace213ab6,0.077039,0.092529,3,1,,,,,,,,,0,0,0,nan,nan,0,0,0,0,0,62,0,0,0,126.21428571428571,128,0,0,0,0,0
lseu,00416576ed4adac15b62b1982cb7be9d7dcb2d6505067dd8396183ff1eac3dab,28,89,309,89,optimal,,1120.0,1120.0,1120.0,0.0,0.0,1,1,1,208,100,gomory 7: 7 accepted; cover 1: 1 accepted; mir 8: 8 accepted; zero_half 4: 4 accepted,834.6823529411764,1053.1442024289943,0.7657,0.292809,0.289716874,f2cf240,"E2E TIR C3 container, 16 vCPU 29 GB (cgroup limits), AMD EPYC 9555 64-Core Processor host, nothing else running; AMD EPYC 9555 64-Core Processor; 16 cores (cgroup quota; host 256); 30 GiB RAM (cgroup limit; host 1512 GiB); Linux-x86_64",2026-10-03T13:22:09+00:00,,1,0,0,2,2f936cf4023f3fa699a5e1339c796364a8fe6fdcd3fc12a97734ad22a11c7fb9,0.041825,0.047159,3,1,,,,,,,,,0,0,0,nan,nan,0,0,0,0,0,77,0,0,0,127.51456310679612,128,0,0,0,0,0
misc06,4787c15a414b4d07d14400a52be6f1fd3789b87488c645657fa934d8781be454,820,1808,5859,112,optimal,"optimal within the relative gap target (1.194e+00 absolute, 9.290e-05 relative) after 17 nodes; the bound is the best open node's, the tree was not exhausted",12850.860737382538,12850.8607,12849.666859852272,1.193877530266036,9.290253428652476e-05,1,1,1,17,20,gomory 9: 9 accepted,12841.689392254766,12845.327855381578,0.3967,0.485273,0.479302209,f2cf240,"E2E TIR C3 container, 16 vCPU 29 GB (cgroup limits), AMD EPYC 9555 64-Core Processor host, nothing else running; AMD EPYC 9555 64-Core Processor; 16 cores (cgroup quota; host 256); 30 GiB RAM (cgroup limit; host 1512 GiB); Linux-x86_64",2026-10-03T13:22:09+00:00,,1,0,0,0,,0.263574,0.263598,2,1,,,,,,,,,0,0,0,nan,nan,0,0,0,0,0,0,0,0,0,745.8235294117648,747,0,0,0,0,0
misc06,4787c15a414b4d07d14400a52be6f1fd3789b87488c645657fa934d8781be454,820,1808,5859,112,optimal,"optimal within the relative gap target (1.194e+00 absolute, 9.290e-05 relative) after 17 nodes; the bound is the best open node's, the tree was not exhausted",12850.86073738254,12850.8607,12849.666859852778,1.193877529762176,9.290253424731647e-05,1,1,1,17,22,gomory 9: 9 accepted,12841.689392254773,12845.327855381067,0.3967,0.538396,0.53126762,f2cf240,"E2E TIR C3 container, 16 vCPU 29 GB (cgroup limits), AMD EPYC 9555 64-Core Processor host, nothing else running; AMD EPYC 9555 64-Core Processor; 16 cores (cgroup quota; host 256); 30 GiB RAM (cgroup limit; host 1512 GiB); Linux-x86_64",2026-10-03T13:22:09+00:00,,1,0,0,1,aaa5bfbd7b1ad889dba32cbed67c1fbbb03082e045fdd7bef18609afce320b3b,0.256310,0.256381,2,1,,,,,,,,,0,0,0,nan,nan,0,0,0,0,0,0,0,0,0,755.7058823529412,757,0,0,0,0,0
misc06,4787c15a414b4d07d14400a52be6f1fd3789b87488c645657fa934d8781be454,820,1808,5859,112,optimal,"optimal within the relative gap target (1.152e+00 absolute, 8.965e-05 relative) after 20 nodes; the bound is the best open node's, the tree was not exhausted",12851.076291564139,12850.8607,12849.924170731689,1.1521208324502368,8.965169969510849e-05,0,0,1,20,23,gomory 9: 9 accepted; mir 1: 1 accepted,12841.689392254775,12845.447991728694,0.4004,0.599522,0.59234923,f2cf240,"E2E TIR C3 container, 16 vCPU 29 GB (cgroup limits), AMD EPYC 9555 64-Core Processor host, nothing else running; AMD EPYC 9555 64-Core Processor; 16 cores (cgroup quota; host 256); 30 GiB RAM (cgroup limit; host 1512 GiB); Linux-x86_64",2026-10-03T13:22:09+00:00,,1,0,0,2,69523bffcf79bdb50fac80705f853637c9abb17b5395803e7cfe6cd1ea969462,0.243587,0.243694,3,1,,,,,,,,,0,0,0,nan,nan,0,0,0,0,0,0,0,0,0,756.85,758,0,0,0,0,0
misc07,1535ed1b59d2f91e17fe340fbebb6dd0b66bb6a837356e4ce9e5acb58be3be1d,212,260,8619,259,feasible,,2810.0,2810.0,2510.0,300.0,0.10676156583629894,1,0,1,24261,213,"gomory 16: 12 accepted, 1 too_dense, 3 duplicate; zero_half 31: 31 accepted",1415.0,1464.880952380952,0.0358,60.009609,60.000881571,f2cf240,"E2E TIR C3 container, 16 vCPU 29 GB (cgroup limits), AMD EPYC 9555 64-Core Processor host, nothing else running; AMD EPYC 9555 64-Core Processor; 16 cores (cgroup quota; host 256); 30 GiB RAM (cgroup limit; host 1512 GiB); Linux-x86_64",2026-10-03T13:22:09+00:00,,1,0,0,0,,0.784424,2.332724,9,1,,,,,,,,,0,0,0,nan,nan,0,0,0,0,0,211,0,0,0,425.9908003282512,426,0,0,0,0,0
misc07,1535ed1b59d2f91e17fe340fbebb6dd0b66bb6a837356e4ce9e5acb58be3be1d,212,260,8619,259,feasible,,2810.0,2810.0,2665.0,145.0,0.051601423487544484,1,0,1,23730,213,"gomory 18: 10 accepted, 8 too_dense; zero_half 20: 19 accepted, 1 too_dense",1415.0,1462.8571428571427,0.0343,60.007603,60.000197623,f2cf240,"E2E TIR C3 container, 16 vCPU 29 GB (cgroup limits), AMD EPYC 9555 64-Core Processor host, nothing else running; AMD EPYC 9555 64-Core Processor; 16 cores (cgroup quota; host 256); 30 GiB RAM (cgroup limit; host 1512 GiB); Linux-x86_64",2026-10-03T13:22:09+00:00,,1,0,0,1,17c8f1c3888a5a61aab5f7396be61e51c86671a241f5e0b9f5fba97d61543710,0.475638,1.774034,8,1,,,,,,,,,0,0,0,nan,nan,0,0,0,0,0,211,0,0,0,425.9904757646217,426,0,0,0,0,0
misc07,1535ed1b59d2f91e17fe340fbebb6dd0b66bb6a837356e4ce9e5acb58be3be1d,212,260,8619,259,feasible,"stopped at the time limit of 59.9997s after 60.00s, 0 iterations, 22640 nodes",2810.0,2810.0,2645.0,165.0,0.05871886120996441,1,0,1,22640,214,"gomory 23: 14 accepted, 3 too_dense, 6 duplicate; zero_half 131: 86 accepted, 45 too_dense",1415.0,1470.3246753246747,0.0397,60.007669,59.999902463,f2cf240,"E2E TIR C3 container, 16 vCPU 29 GB (cgroup limits), AMD EPYC 9555 64-Core Processor host, nothing else running; AMD EPYC 9555 64-Core Processor; 16 cores (cgroup quota; host 256); 30 GiB RAM (cgroup limit; host 1512 GiB); Linux-x86_64",2026-10-03T13:22:09+00:00,,1,0,0,2,baf77a4b21eef6aeba368f6247acec6a0a195248836d7403d8d58e78652cf360,0.603158,1.160689,6,1,,,,,,,,,0,0,0,nan,nan,0,0,0,0,0,210,0,0,0,427.98987126088605,428,0,0,0,0,0
mitre,8fa9e44b18b34e4a91f53c451730fad0a76e713a7f51151f9a506c728978bb30,2054,10724,39704,10724,time_limit,"stopped at the time limit of 59.9985s after 60.01s, 0 iterations, 1081 nodes; no feasible point had been found when the limit stopped the search, so none is reported (the objective is the worst representable value, not a solution)",inf,115155.0,114795.0,inf,inf,0,0,,1081,90,"gomory 687: 367 accepted, 320 duplicate; mir 370: 369 accepted, 1 duplicate; zero_half 501: 501 accepted",114740.51848146168,114740.6323270736,,60.073527,60.010901611,f2cf240,"E2E TIR C3 container, 16 vCPU 29 GB (cgroup limits), AMD EPYC 9555 64-Core Processor host, nothing else running; AMD EPYC 9555 64-Core Processor; 16 cores (cgroup quota; host 256); 30 GiB RAM (cgroup limit; host 1512 GiB); Linux-x86_64",2026-10-03T13:22:09+00:00,,1,0,0,0,,,60.010902,0,0,,,,,,,,,0,0,0,nan,nan,0,0,0,0,0,55,0,0,0,1758.8773841961852,1759,0,0,0,0,0
mitre,8fa9e44b18b34e4a91f53c451730fad0a76e713a7f51151f9a506c728978bb30,2054,10724,39704,10724,time_limit,"stopped at the time limit of 59.9982s after 60.01s, 0 iterations, 1095 nodes; no feasible point had been found when the limit stopped the search, so none is reported (the objective is the worst representable value, not a solution)",inf,115155.0,114825.0,inf,inf,0,0,,1095,90,"gomory 662: 356 accepted, 306 duplicate; mir 364: 364 accepted; zero_half 496: 496 accepted",114740.51848146174,114740.63232707357,,60.073133,60.014361174,f2cf240,"E2E TIR C3 container, 16 vCPU 29 GB (cgroup limits), AMD EPYC 9555 64-Core Processor host, nothing else running; AMD EPYC 9555 64-Core Processor; 16 cores (cgroup quota; host 256); 30 GiB RAM (cgroup limit; host 1512 GiB); Linux-x86_64",2026-10-03T13:22:09+00:00,,1,0,0,1,a2e77c70fe354d9a0a9d203d69f01e86c9401d313ae747a8a31dce916b19cf27,,60.014361,0,0,,,,,,,,,0,0,0,nan,nan,0,0,0,0,0,57,0,0,0,1758.8825065274152,1759,0,0,0,0,0
mitre,8fa9e44b18b34e4a91f53c451730fad0a76e713a7f51151f9a506c728978bb30,2054,10724,39704,10724,time_limit,"stopped at the time limit of 59.9982s after 60.01s, 0 iterations, 1013 nodes; no feasible point had been found when the limit stopped the search, so none is reported (the objective is the worst representable value, not a solution)",inf,115155.0,114810.0,inf,inf,0,0,,1013,90,"gomory 674: 366 accepted, 308 duplicate; mir 363: 363 accepted; zero_half 479: 479 accepted",114740.51848146171,114740.63232707356,,60.069190,60.008861968,f2cf240,"E2E TIR C3 container, 16 vCPU 29 GB (cgroup limits), AMD EPYC 9555 64-Core Processor host, nothing else running; AMD EPYC 9555 64-Core Processor; 16 cores (cgroup quota; host 256); 30 GiB RAM (cgroup limit; host 1512 GiB); Linux-x86_64",2026-10-03T13:22:09+00:00,,1,0,0,2,fca1f94b33a1a79737732ccb18df0924e6c7e9b76503fd4498d7a42589b4aa4f,,60.008862,0,0,,,,,,,,,0,0,0,nan,nan,0,0,0,0,0,59,0,0,0,1758.87087517934,1759,0,0,0,0,0
mod008,5a08fe11b87bfe51f55e5537f5e8d0ad0e5fecbc57710a5b58c48a5f10a8e993,6,319,1243,319,optimal,,307.0,307.0,307.0,0.0,0.0,1,1,1,11798,4,"gomory 5: 2 accepted, 3 too_dense; mir 5: 3 accepted, 2 too_dense",290.9310727149689,291.3443377745079,0.0257,1.124411,1.120178189,f2cf240,"E2E TIR C3 container, 16 vCPU 29 GB (cgroup limits), AMD EPYC 9555 64-Core Processor host, nothing else running; AMD EPYC 9555 64-Core Processor; 16 cores (cgroup quota; host 256); 30 GiB RAM (cgroup limit; host 1512 GiB); Linux-x86_64",2026-10-03T13:22:09+00:00,,1,0,0,0,,0.003476,0.003560,2,1,,,,,,,,,0,0,0,nan,nan,0,0,0,0,0,4,0,0,0,9.99966095948466,10,0,0,0,0,0
mod008,5a08fe11b87bfe51f55e5537f5e8d0ad0e5fecbc57710a5b58c48a5f10a8e993,6,319,1243,319,optimal,,307.0,307.0,307.0,0.0,0.0,1,1,1,9256,4,"gomory 5: 2 accepted, 3 too_dense; mir 5: 3 accepted, 2 too_dense",290.9310727149688,291.34433777450795,0.0257,0.923559,0.919216191,f2cf240,"E2E TIR C3 container, 16 vCPU 29 GB (cgroup limits), AMD EPYC 9555 64-Core Processor host, nothing else running; AMD EPYC 9555 64-Core Processor; 16 cores (cgroup quota; host 256); 30 GiB RAM (cgroup limit; host 1512 GiB); Linux-x86_64",2026-10-03T13:22:09+00:00,,1,0,0,1,b55df186b6ff232ca298a98a549526446f5a4d1cab3dbe134b6930a21f1566d2,0.003613,0.003699,2,1,,,,,,,,,0,0,0,nan,nan,0,0,0,0,0,3,0,0,0,9.999567847882455,10,0,0,0,0,0
mod008,5a08fe11b87bfe51f55e5537f5e8d0ad0e5fecbc57710a5b58c48a5f10a8e993,6,319,1243,319,optimal,,307.0,307.0,307.0,0.0,0.0,1,1,1,11796,4,"gomory 5: 2 accepted, 3 too_dense; mir 5: 3 accepted, 2 too_dense",290.9310727149689,291.3443377745079,0.0257,1.146992,1.142945122,f2cf240,"E2E TIR C3 container, 16 vCPU 29 GB (cgroup limits), AMD EPYC 9555 64-Core Processor host, nothing else running; AMD EPYC 9555 64-Core Processor; 16 cores (cgroup quota; host 256); 30 GiB RAM (cgroup limit; host 1512 GiB); Linux-x86_64",2026-10-03T13:22:09+00:00,,1,0,0,2,360b21ccff92f8c6dd83855bb7c50da29840ab37260eccf22a1ee8e8bce522c5,0.003438,0.003525,2,1,,,,,,,,,0,0,0,nan,nan,0,0,0,0,0,4,0,0,0,9.999660902000679,10,0,0,0,0,0
mod010,62c3f77a72a8077694aef82644e3d601f435d1bb33acd1984fcd7238c8cf3b4b,146,2655,11203,2655,optimal,,6547.999999999997,6548.0,6547.999999999997,0.0,0.0,1,1,1,5,43,"gomory 14: 7 accepted, 7 too_dense; cover 1: 1 accepted; mir 1: 1 accepted; zero_half 17: 13 accepted, 4 too_dense",6532.083333333331,6546.666666666665,0.9162,0.327153,0.317535648,f2cf240,"E2E TIR C3 container, 16 vCPU 29 GB (cgroup limits), AMD EPYC 9555 64-Core Processor host, nothing else running; AMD EPYC 9555 64-Core Processor; 16 cores (cgroup quota; host 256); 30 GiB RAM (cgroup limit; host 1512 GiB); Linux-x86_64",2026-10-03T13:22:09+00:00,,1,0,0,0,,0.297798,0.297813,4,1,,,,,,,,,0,0,0,nan,nan,0,0,0,0,0,0,0,0,0,180.4,189,0,0,0,0,0
mod010,62c3f77a72a8077694aef82644e3d601f435d1bb33acd1984fcd7238c8cf3b4b,146,2655,11203,2655,optimal,,6547.9999999999945,6548.0,6547.9999999999945,0.0,0.0,1,1,1,1,15,gomory 2: 2 accepted; cover 1: 1 accepted; mir 1: 1 accepted; zero_half 23: 23 accepted,6532.083333333331,6547.9999999999945,1.0000,0.344334,0.334813925,f2cf240,"E2E TIR C3 container, 16 vCPU 29 GB (cgroup limits), AMD EPYC 9555 64-Core Processor host, nothing else running; AMD EPYC 9555 64-Core Processor; 16 cores (cgroup quota; host 256); 30 GiB RAM (cgroup limit; host 1512 GiB); Linux-x86_64",2026-10-03T13:22:09+00:00,,1,0,0,1,37d40c2f55e66c6373fe3e9909ef7c40f3e046202315187d08ee90dafa7bdb53,0.335154,0.335154,2,1,,,,,,,,,0,0,0,nan,nan,0,0,0,0,0,0,0,0,0,146.0,146,0,0,0,0,0
mod010,62c3f77a72a8077694aef82644e3d601f435d1bb33acd1984fcd7238c8cf3b4b,146,2655,11203,2655,optimal,,6548.0,6548.0,6548.0,0.0,0.0,1,1,1,1,14,cover 1: 1 accepted; mir 1: 1 accepted; zero_half 21: 21 accepted,6532.08333333333,6548.000000000003,1.0000,0.251019,0.241546021,f2cf240,"E2E TIR C3 container, 16 vCPU 29 GB (cgroup limits), AMD EPYC 9555 64-Core Processor host, nothing else running; AMD EPYC 9555 64-Core Processor; 16 cores (cgroup quota; host 256); 30 GiB RAM (cgroup limit; host 1512 GiB); Linux-x86_64",2026-10-03T13:22:09+00:00,,1,0,0,2,6e255e9e3c1a32eb3d64ce1398271521ecb5ebe995d8f6c9cc4a80904afe0d0b,0.241910,0.241910,1,1,,,,,,,,,0,0,0,nan,nan,0,0,0,0,0,0,0,0,0,146.0,146,0,0,0,0,0
mod011,a5954bbaefc46a6398d9979da6b6900d1d9bf9080e7d2108425c81279f217535,4480,10958,22254,96,feasible,,-53656254.10896148,-54558535.0,-55525157.78875757,1868903.6797960922,0.03483105018849899,0,0,1,5669,145,"gomory 16: 3 accepted, 13 coefficient_ratio; mir 12: 12 accepted",-62121982.551905,-58570197.40327784,0.4195,60.035812,59.999176522,f2cf240,"E2E TIR C3 container, 16 vCPU 29 GB (cgroup limits), AMD EPYC 9555 64-Core Processor host, nothing else running; AMD EPYC 9555 64-Core Processor; 16 cores (cgroup quota; host 256); 30 GiB RAM (cgroup limit; host 1512 GiB); Linux-x86_64",2026-10-03T13:22:09+00:00,,1,0,0,0,,3.131105,4.071581,1,1,,,,,,,,,0,0,0,nan,nan,0,0,0,0,0,134,0,0,0,3423.9744222967015,3424,0,0,0,0,0
mod011,a5954bbaefc46a6398d9979da6b6900d1d9bf9080e7d2108425c81279f217535,4480,10958,22254,96,feasible,,-53559196.586397216,-54558535.0,-55289242.76627348,1730046.179876268,0.03230157078785717,0,0,1,1445,485,"gomory 16: 3 accepted, 13 coefficient_ratio; mir 15: 15 accepted",-62121982.55190478,-57937857.265263915,0.4886,60.044912,59.999390499,f2cf240,"E2E TIR C3 container, 16 vCPU 29 GB (cgroup limits), AMD EPYC 9555 64-Core Processor host, nothing else running; AMD EPYC 9555 64-Core Processor; 16 cores (cgroup quota; host 256); 30 GiB RAM (cgroup limit; host 1512 GiB); Linux-x86_64",2026-10-03T13:22:09+00:00,,1,0,0,1,5dfa909118393a79aae24161815bba442193201895893d908fb0058f941eaea8,6.093707,7.316989,8,1,,,,,,,,,0,0,0,nan,nan,0,0,0,0,0,340,0,0,0,3814.6643598615915,3815,0,0,0,0,0
mod011,a5954bbaefc46a6398d9979da6b6900d1d9bf9080e7d2108425c81279f217535,4480,10958,22254,96,feasible,"stopped at the time limit of 59.9977s after 60.00s, 0 iterations, 3563 nodes",-53656254.10896136,-54558535.0,-54982635.388806,1326381.2798446417,0.02471997536673208,0,0,1,3563,222,"gomory 16: 3 accepted, 13 coefficient_ratio; mir 11: 11 accepted",-62121982.5519048,-58409746.58012849,0.4385,60.028378,59.99906726,f2cf240,"E2E TIR C3 container, 16 vCPU 29 GB (cgroup limits), AMD EPYC 9555 64-Core Processor host, nothing else running; AMD EPYC 9555 64-Core Processor; 16 cores (cgroup quota; host 256); 30 GiB RAM (cgroup limit; host 1512 GiB); Linux-x86_64",2026-10-03T13:22:09+00:00,,1,0,0,2,912f730ea4184a1d2f61f87e0ddfba8d5072b99de857d826e7e44bb2f36d6f84,3.851028,4.779596,1,1,,,,,,,,,0,0,0,nan,nan,0,0,0,0,0,165,0,0,0,3551.9376929553746,3552,0,0,0,0,0
modglob,bca45a46c097cb66d85d8986e33c901c33c5454aa45bf6a66ed6c9559f881b4c,291,422,968,98,feasible,,20754632.79721766,20740508.0,20702428.5015639,52204.29565376043,0.0025153080839261524,0,0,1,47883,289,"gomory 30: 23 accepted, 3 too_dense, 4 coefficient_ratio; mir 26: 23 accepted, 3 duplicate",20430947.618853644,20675589.50312612,0.7558,60.017232,60.000282324,f2cf240,"E2E TIR C3 container, 16 vCPU 29 GB (cgroup limits), AMD EPYC 9555 64-Core Processor host, nothing else running; AMD EPYC 9555 64-Core Processor; 16 cores (cgroup quota; host 256); 30 GiB RAM (cgroup limit; host 1512 GiB); Linux-x86_64",2026-10-03T13:22:09+00:00,,1,0,0,0,,1.106767,1.154398,7,1,,,,,,,,,0,0,0,nan,nan,0,0,0,0,0,282,0,0,0,577.9939644550258,578,0,0,0,0,0
modglob,bca45a46c097cb66d85d8986e33c901c33c5454aa45bf6a66ed6c9559f881b4c,291,422,968,98,feasible,,20745899.925692104,20740508.0,20701244.04554709,44655.88014501333,0.002152515933507935,0,0,1,44513,289,"gomory 30: 23 accepted, 3 too_dense, 4 coefficient_ratio; mir 27: 25 accepted, 2 duplicate",20430947.618853644,20682045.52254019,0.7973,60.015661,60.000052127,f2cf240,"E2E TIR C3 container, 16 vCPU 29 GB (cgroup limits), AMD EPYC 9555 64-Core Processor host, nothing else running; AMD EPYC 9555 64-Core Processor; 16 cores (cgroup quota; host 256); 30 GiB RAM (cgroup limit; host 1512 GiB); Linux-x86_64",2026-10-03T13:22:09+00:00,,1,0,0,1,03706ee8fe69db72e2bdcf3f490b63571c4c3b59a70eff4f75aeb937b438ed17,0.851117,0.881465,14,1,,,,,,,,,0,0,0,nan,nan,0,0,0,0,0,275,0,0,0,577.9935075146586,578,0,0,0,0,0
modglob,bca45a46c097cb66d85d8986e33c901c33c5454aa45bf6a66ed6c9559f881b4c,291,422,968,98,feasible,,20752343.78207969,20740508.0,20716187.4804414,36156.301638290286,0.0017422755722422258,0,0,1,45885,289,"gomory 30: 23 accepted, 3 too_dense, 4 coefficient_ratio; mir 27: 26 accepted, 1 duplicate",20430947.61885365,20681674.80604961,0.7801,60.014842,60.000279166,f2cf240,"E2E TIR C3 container, 16 vCPU 29 GB (cgroup limits), AMD EPYC 9555 64-Core Processor host, nothing else running; AMD EPYC 9555 64-Core Processor; 16 cores (cgroup quota; host 256); 30 GiB RAM (cgroup limit; host 1512 GiB); Linux-x86_64",2026-10-03T13:22:09+00:00,,1,0,0,2,2ea3ee7fb0f6d4100621f087799e818d16d985e9c247b2ddcf6549dbffc162a0,0.176081,0.228013,11,1,,,,,,,,,0,0,0,nan,nan,0,0,0,0,0,280,0,0,0,577.9937016454179,578,0,0,0,0,0
noswot,84a417e417b8b3f74f922dccf9eef6cc4b69c0010eb3a49e516d24225b65f8cc,182,128,735,100,feasible,"stopped at the time limit of 59.9999s after 60.00s, 0 iterations, 176834 nodes",-41.0,-41.00000885,-43.0,2.0,0.04878048780487805,1,0,1,176834,70,"gomory 19: 19 accepted; mir 26: 14 accepted, 12 duplicate",-43.0,-43.0,0.0000,60.038973,60.000872506,f2cf240,"E2E TIR C3 container, 16 vCPU 29 GB (cgroup limits), AMD EPYC 9555 64-Core Processor host, nothing else running; AMD EPYC 9555 64-Core Processor; 16 cores (cgroup quota; host 256); 30 GiB RAM (cgroup limit; host 1512 GiB); Linux-x86_64",2026-10-03T13:22:09+00:00,,1,0,0,0,,1.123042,3.433115,9,1,,,,,,,,,0,0,0,nan,nan,0,0,0,0,0,70,0,0,0,252.99957643527932,253,0,0,0,0,0
noswot,84a417e417b8b3f74f922dccf9eef6cc4b69c0010eb3a49e516d24225b65f8cc,182,128,735,100,feasible,,-40.0,-41.00000885,-43.0,3.0,0.075,0,0,1,182745,73,"gomory 23: 23 accepted; mir 19: 9 accepted, 10 duplicate",-43.0,-43.0,0.0000,60.039172,60.000927619,f2cf240,"E2E TIR C3 container, 16 vCPU 29 GB (cgroup limits), AMD EPYC 9555 64-Core Processor host, nothing else running; AMD EPYC 9555 64-Core Processor; 16 cores (cgroup quota; host 256); 30 GiB RAM (cgroup limit; host 1512 GiB); Linux-x86_64",2026-10-03T13:22:09+00:00,,1,0,0,1,f0513af9c8b5f7dd2b56d1a31c2dbe905450d10f12b57f7ae2df03c1c75415ae,0.828217,2.814662,6,1,,,,,,,,,0,0,0,nan,nan,0,0,0,0,0,73,0,0,0,255.99957727720192,256,0,0,0,0,0
noswot,84a417e417b8b3f74f922dccf9eef6cc4b69c0010eb3a49e516d24225b65f8cc,182,128,735,100,feasible,,-40.0,-41.00000885,-43.0,3.0,0.075,0,0,1,185939,90,"gomory 31: 31 accepted; mir 29: 16 accepted, 13 duplicate",-43.0,-42.99999999999999,0.0000,60.046302,60.001031058,f2cf240,"E2E TIR C3 container, 16 vCPU 29 GB (cgroup limits), AMD EPYC 9555 64-Core Processor host, nothing else running; AMD EPYC 9555 64-Core Processor; 16 cores (cgroup quota; host 256); 30 GiB RAM (cgroup limit; host 1512 GiB); Linux-x86_64",2026-10-03T13:22:09+00:00,,1,0,0,2,b24b148cc16a95c3921a376b9b76972e8edd6392d2487198d84caf8543c06f89,0.685699,3.950470,5,1,,,,,,,,,0,0,0,nan,nan,0,0,0,0,0,90,0,0,0,272.9994689607562,273,0,0,0,0,0
nw04,d860a0ec0684bdfc131171a16c59d298c1d31da1e02d5f9053762d6970b33a6d,36,87482,636666,87482,feasible,"stopped at the time limit of 59.9845s after 60.03s, 0 iterations, 228 nodes",16895.999999999996,16862.0,16768.0,127.99999999999636,0.007575757575757362,0,0,1,228,22,zero_half 22: 22 accepted,16310.666666666666,16311.999999999998,0.0023,60.383690,60.027089711,f2cf240,"E2E TIR C3 container, 16 vCPU 29 GB (cgroup limits), AMD EPYC 9555 64-Core Processor host, nothing else running; AMD EPYC 9555 64-Core Processor; 16 cores (cgroup quota; host 256); 30 GiB RAM (cgroup limit; host 1512 GiB); Linux-x86_64",2026-10-03T13:22:09+00:00,,1,0,0,0,,24.076878,24.516017,6,1,,,,,,,,,0,0,0,nan,nan,0,0,0,0,0,15,0,0,0,57.903083700440526,58,0,0,0,0,0
nw04,d860a0ec0684bdfc131171a16c59d298c1d31da1e02d5f9053762d6970b33a6d,36,87482,636666,87482,feasible,"stopped at the time limit of 59.9828s after 60.03s, 0 iterations, 153 nodes",16976.0,16862.0,16506.0,470.0,0.027686145146088595,0,0,1,153,22,"zero_half 26: 22 accepted, 4 too_dense",16310.666666666666,16312.0,0.0020,60.397035,60.032227967,f2cf240,"E2E TIR C3 container, 16 vCPU 29 GB (cgroup limits), AMD EPYC 9555 64-Core Processor host, nothing else running; AMD EPYC 9555 64-Core Processor; 16 cores (cgroup quota; host 256); 30 GiB RAM (cgroup limit; host 1512 GiB); Linux-x86_64",2026-10-03T13:22:09+00:00,,1,0,0,1,b6e0d61c2f758a662ef1a85bb17f2d23c06593f90b86e1c144a6f2b651c23181,24.469256,24.708074,1,1,,,,,,,,,0,0,0,nan,nan,0,0,0,0,0,16,0,0,0,57.85526315789474,58,0,0,0,0,0
nw04,d860a0ec0684bdfc131171a16c59d298c1d31da1e02d5f9053762d6970b33a6d,36,87482,636666,87482,feasible,"stopped at the time limit of 59.9832s after 60.02s, 0 iterations, 144 nodes",16976.0,16862.0,16688.0,288.0,0.016965127238454288,0,0,1,144,8,zero_half 8: 8 accepted,16310.666666666664,16311.666666666668,0.0015,60.406503,60.0183339,f2cf240,"E2E TIR C3 container, 16 vCPU 29 GB (cgroup limits), AMD EPYC 9555 64-Core Processor host, nothing else running; AMD EPYC 9555 64-Core Processor; 16 cores (cgroup quota; host 256); 30 GiB RAM (cgroup limit; host 1512 GiB); Linux-x86_64",2026-10-03T13:22:09+00:00,,1,0,0,2,34afb73f7eea5c0b5271d161ec796c2154948b9b3165505919de783681b129b0,25.030738,25.531092,4,1,,,,,,,,,0,0,0,nan,nan,0,0,0,0,0,2,0,0,0,43.94444444444444,44,0,0,0,0,0
p0033,8ccff819023237c79ef32e238a5da9348725ce9a4425d48888baf3a0b3b42628,16,33,98,33,optimal,,3088.999999999998,3089.0,3088.999999999998,0.0,0.0,1,1,1,3,100,"gomory 7: 7 accepted; cover 1: 1 accepted; mir 9: 6 accepted, 3 duplicate; zero_half 3: 3 accepted",2520.571739130435,3087.5177097504593,0.9974,0.017521,0.014753014,f2cf240,"E2E TIR C3 container, 16 vCPU 29 GB (cgroup limits), AMD EPYC 9555 64-Core Processor host, nothing else running; AMD EPYC 9555 64-Core Processor; 16 cores (cgroup quota; host 256); 30 GiB RAM (cgroup limit; host 1512 GiB); Linux-x86_64",2026-10-03T13:22:09+00:00,,1,0,0,0,,0.008616,0.008616,2,1,,,,,,,,,0,0,0,nan,nan,0,0,0,0,0,0,0,0,0,81.66666666666667,115,0,0,0,0,0
p0033,8ccff819023237c79ef32e238a5da9348725ce9a4425d48888baf3a0b3b42628,16,33,98,33,optimal,,3089.0,3089.0,3089.0,0.0,0.0,1,1,1,5,100,"gomory 7: 7 accepted; cover 1: 1 accepted; mir 9: 5 accepted, 4 duplicate; zero_half 4: 4 accepted",2520.571739130435,3080.743749970866,0.9855,0.026793,0.023781285,f2cf240,"E2E TIR C3 container, 16 vCPU 29 GB (cgroup limits), AMD EPYC 9555 64-Core Processor host, nothing else running; AMD EPYC 9555 64-Core Processor; 16 cores (cgroup quota; host 256); 30 GiB RAM (cgroup limit; host 1512 GiB); Linux-x86_64",2026-10-03T13:22:09+00:00,,1,0,0,1,d7307ab6b0de6a7b5ab2911f142923a5912911393ed2e7b0046e1829b0f0e9ae,0.018375,0.018385,2,1,,,,,,,,,0,0,0,nan,nan,0,0,0,0,0,0,0,0,0,95.0,115,0,0,0,0,0
p0033,8ccff819023237c79ef32e238a5da9348725ce9a4425d48888baf3a0b3b42628,16,33,98,33,optimal,,3088.9999999999995,3089.0,3088.9999999999995,0.0,0.0,1,1,1,3,100,"gomory 7: 7 accepted; cover 1: 1 accepted; mir 8: 4 accepted, 4 duplicate; zero_half 1: 1 accepted",2520.571739130435,3083.747693535047,0.9908,0.019222,0.016394578,f2cf240,"E2E TIR C3 container, 16 vCPU 29 GB (cgroup limits), AMD EPYC 9555 64-Core Processor host, nothing else running; AMD EPYC 9555 64-Core Processor; 16 cores (cgroup quota; host 256); 30 GiB RAM (cgroup limit; host 1512 GiB); Linux-x86_64",2026-10-03T13:22:09+00:00,,1,0,0,2,f1f5eb691e785b236ebb9da4b0fc2d4cdaa733734ae5c6dae7a824e988bd35f1,0.010409,0.010412,2,1,,,,,,,,,0,0,0,nan,nan,0,0,0,0,0,0,0,0,0,81.66666666666667,115,0,0,0,0,0
p0201,8352d7f121289185f443fdc67080fa9de01e5b9bf11b0bf41087fba4277c07a4,133,201,1923,201,optimal,,7614.999999999998,7615.0,7614.999999999998,0.0,0.0,1,1,1,321,37,"gomory 20: 16 accepted, 4 duplicate; mir 10: 10 accepted; zero_half 73: 73 accepted",6875.000000000001,7225.000000000003,0.4730,1.492677,1.488320131,f2cf240,"E2E TIR C3 container, 16 vCPU 29 GB (cgroup limits), AMD EPYC 9555 64-Core Processor host, nothing else running; AMD EPYC 9555 64-Core Processor; 16 cores (cgroup quota; host 256); 30 GiB RAM (cgroup limit; host 1512 GiB); Linux-x86_64",2026-10-03T13:22:09+00:00,,1,0,0,0,,0.138843,0.288816,12,1,,,,,,,,,0,0,0,nan,nan,0,0,0,0,0,16,0,0,0,171.8847352024922,172,0,0,0,0,0
p0201,8352d7f121289185f443fdc67080fa9de01e5b9bf11b0bf41087fba4277c07a4,133,201,1923,201,optimal,,7615.0,7615.0,7615.0,0.0,0.0,1,1,1,289,55,"gomory 18: 17 accepted, 1 duplicate; mir 10: 10 accepted; zero_half 90: 90 accepted",6875.000000000001,7304.999999999998,0.5811,1.558294,1.553908261,f2cf240,"E2E TIR C3 container, 16 vCPU 29 GB (cgroup limits), AMD EPYC 9555 64-Core Processor host, nothing else running; AMD EPYC 9555 64-Core Processor; 16 cores (cgroup quota; host 256); 30 GiB RAM (cgroup limit; host 1512 GiB); Linux-x86_64",2026-10-03T13:22:09+00:00,,1,0,0,1,51a974619a8127c0be6be68a737981de4d6bf5df5de9567c5361612e8ab729e5,0.156440,0.192172,6,1,,,,,,,,,0,0,0,nan,nan,0,0,0,0,0,38,0,0,0,189.80968858131487,190,0,0,0,0,0
p0201,8352d7f121289185f443fdc67080fa9de01e5b9bf11b0bf41087fba4277c07a4,133,201,1923,201,optimal,,7615.0,7615.0,7615.0,0.0,0.0,1,1,1,351,46,"gomory 38: 37 accepted, 1 duplicate; mir 10: 10 accepted; zero_half 95: 95 accepted",6875.0,7185.0,0.4189,1.670728,1.666271086,f2cf240,"E2E TIR C3 container, 16 vCPU 29 GB (cgroup limits), AMD EPYC 9555 64-Core Processor host, nothing else running; AMD EPYC 9555 64-Core Processor; 16 cores (cgroup quota; host 256); 30 GiB RAM (cgroup limit; host 1512 GiB); Linux-x86_64",2026-10-03T13:22:09+00:00,,1,0,0,2,f19cc4048b71fea15fbbbaa7a6d5f2a60f87e47e9a199d269b4bcedf5b425777,0.135431,0.238407,6,1,,,,,,,,,0,0,0,nan,nan,0,0,0,0,0,30,0,0,0,180.86857142857144,181,0,0,0,0,0
p0282,3bf907c6aa3cbf80de7c48ca8e71dc29f5d70f6e5fffb716502bfc5c513196a1,241,282,1966,282,optimal,"optimal within the relative gap target (2.300e+01 absolute, 8.901e-05 relative) after 170 nodes; the bound is the best open node's, the tree was not exhausted",258410.99999999985,258411.0,258388.0,22.99999999985448,8.90054989913529e-05,1,1,1,170,230,"gomory 26: 26 accepted; mir 39: 37 accepted, 2 duplicate; zero_half 27: 27 accepted",176867.50334911307,256016.05533360803,0.9706,1.283228,1.278596634,f2cf240,"E2E TIR C3 container, 16 vCPU 29 GB (cgroup limits), AMD EPYC 9555 64-Core Processor host, nothing else running; AMD EPYC 9555 64-Core Processor; 16 cores (cgroup quota; host 256); 30 GiB RAM (cgroup limit; host 1512 GiB); Linux-x86_64",2026-10-03T13:22:09+00:00,,1,0,0,0,,0.083554,0.087323,7,1,,,,,,,,,0,0,0,nan,nan,0,0,0,0,0,152,0,0,0,458.6470588235294,460,0,0,0,0,0
p0282,3bf907c6aa3cbf80de7c48ca8e71dc29f5d70f6e5fffb716502bfc5c513196a1,241,282,1966,282,optimal,"optimal within the relative gap target (2.000e+01 absolute, 7.740e-05 relative) after 61 nodes; the bound is the best open node's, the tree was not exhausted",258411.0,258411.0,258391.0,20.0,7.739608607992693e-05,1,1,1,61,232,"gomory 26: 26 accepted; mir 39: 37 accepted, 2 duplicate; zero_half 43: 43 accepted",176867.50334911313,256340.9932555113,0.9746,0.731996,0.727843758,f2cf240,"E2E TIR C3 container, 16 vCPU 29 GB (cgroup limits), AMD EPYC 9555 64-Core Processor host, nothing else running; AMD EPYC 9555 64-Core Processor; 16 cores (cgroup quota; host 256); 30 GiB RAM (cgroup limit; host 1512 GiB); Linux-x86_64",2026-10-03T13:22:09+00:00,,1,0,0,1,f84d821db8d3dc48ec3fb78d1480d469d763da0f9b1411c00e948f18fe998432,0.259875,0.260918,3,1,,,,,,,,,0,0,0,nan,nan,0,0,0,0,0,100,0,0,0,460.1967213114754,464,0,0,0,0,0
p0282,3bf907c6aa3cbf80de7c48ca8e71dc29f5d70f6e5fffb716502bfc5c513196a1,241,282,1966,282,optimal,"optimal within the relative gap target (2.400e+01 absolute, 9.288e-05 relative) after 435 nodes; the bound is the best open node's, the tree was not exhausted",258411.0,258411.0,258387.0,24.0,9.287530329591233e-05,1,1,1,435,230,"gomory 26: 26 accepted; mir 39: 37 accepted, 2 duplicate; zero_half 44: 44 accepted",176867.5033491131,255888.37006163877,0.9691,1.621919,1.618028942,f2cf240,"E2E TIR C3 container, 16 vCPU 29 GB (cgroup limits), AMD EPYC 9555 64-Core Processor host, nothing else running; AMD EPYC 9555 64-Core Processor; 16 cores (cgroup quota; host 256); 30 GiB RAM (cgroup limit; host 1512 GiB); Linux-x86_64",2026-10-03T13:22:09+00:00,,1,0,0,2,b6183ca87447cab793af91166684d642a37275cdcb15d18e52be4aab77df9258,0.714408,0.779618,5,1,,,,,,,,,0,0,0,nan,nan,0,0,0,0,0,183,0,0,0,459.4688221709007,460,0,0,0,0,0
p0548,81fa3fb1e071cac0b72649c38196c18bca7ff6d7f2f6639776dcb0daf6bcab15,176,548,1711,548,optimal,,8690.999999999996,8691.0,8690.999999999996,0.0,0.0,1,1,1,2374,166,"gomory 45: 40 accepted, 4 too_dense, 1 coefficient_ratio; mir 35: 27 accepted, 8 duplicate; clique 1: 1 accepted; zero_half 24: 24 accepted",429.6829016654418,7558.192101366836,0.8629,2.485132,2.479351479,f2cf240,"E2E TIR C3 container, 16 vCPU 29 GB (cgroup limits), AMD EPYC 9555 64-Core Processor host, nothing else running; AMD EPYC 9555 64-Core Processor; 16 cores (cgroup quota; host 256); 30 GiB RAM (cgroup limit; host 1512 GiB); Linux-x86_64",2026-10-03T13:22:09+00:00,,1,0,0,0,,0.581531,0.938370,15,1,,,,,,,,,0,0,0,nan,nan,0,0,0,0,0,123,0,0,0,331.9296908089793,332,0,0,0,0,4
p0548,81fa3fb1e071cac0b72649c38196c18bca7ff6d7f2f6639776dcb0daf6bcab15,176,548,1711,548,optimal,,8691.0,8691.0,8691.0,0.0,0.0,1,1,1,16702,166,"gomory 43: 38 accepted, 4 too_dense, 1 coefficient_ratio; mir 35: 27 accepted, 8 duplicate; clique 1: 1 accepted; zero_half 21: 21 accepted",429.6829016654419,6991.778624751262,0.7943,9.955503,9.946458074,f2cf240,"E2E TIR C3 container, 16 vCPU 29 GB (cgroup limits), AMD EPYC 9555 64-Core Processor host, nothing else running; AMD EPYC 9555 64-Core Processor; 16 cores (cgroup quota; host 256); 30 GiB RAM (cgroup limit; host 1512 GiB); Linux-x86_64",2026-10-03T13:22:09+00:00,,1,0,0,1,a92fbe30c76c8c96505cf2e3b7d39d0a8b77181afd4806eb896d02b6f87cfa10,0.650924,2.328670,13,1,,,,,,,,,0,0,0,nan,nan,0,0,0,0,0,136,0,0,0,331.99003421984753,332,0,0,0,0,3
p0548,81fa3fb1e071cac0b72649c38196c18bca7ff6d7f2f6639776dcb0daf6bcab15,176,548,1711,548,optimal,,8691.0,8691.0,8691.0,0.0,0.0,1,1,1,7660,166,"gomory 44: 39 accepted, 4 too_dense, 1 coefficient_ratio; mir 34: 26 accepted, 8 duplicate; clique 1: 1 accepted; zero_half 22: 22 accepted",429.68290166544193,7422.540088366416,0.8465,5.619851,5.612721309,f2cf240,"E2E TIR C3 container, 16 vCPU 29 GB (cgroup limits), AMD EPYC 9555 64-Core Processor host, nothing else running; AMD EPYC 9555 64-Core Processor; 16 cores (cgroup quota; host 256); 30 GiB RAM (cgroup limit; host 1512 GiB); Linux-x86_64",2026-10-03T13:22:09+00:00,,1,0,0,2,6604327f1b4d6153ac54e0f6addfc16d3d617d7b5b437f101746e791fb494981,0.573524,1.362313,10,1,,,,,,,,,0,0,0,nan,nan,0,0,0,0,0,130,0,0,0,331.9782807797985,332,0,0,0,0,4
p2756,0ed6b86a8baa033c9a3e46c66eee74dd670585eb3d096ea590c3646f8b4b47c8,755,2756,8937,2756,feasible,"stopped at the time limit of 59.9995s after 60.00s, 0 iterations, 28141 nodes",29909.0,3124.0,2707.0,27202.0,0.9094921261158848,0,0,1,28141,90,"gomory 65: 65 accepted; mir 67: 45 accepted, 22 duplicate; clique 2: 2 accepted; zero_half 112: 112 accepted",2698.9471830985913,2698.9471830985913,0.0000,60.030245,59.999887407,f2cf240,"E2E TIR C3 container, 16 vCPU 29 GB (cgroup limits), AMD EPYC 9555 64-Core Processor host, nothing else running; AMD EPYC 9555 64-Core Processor; 16 cores (cgroup quota; host 256); 30 GiB RAM (cgroup limit; host 1512 GiB); Linux-x86_64",2026-10-03T13:22:09+00:00,,1,0,0,0,,3.902403,54.415530,19,1,,,,,,,,,0,0,0,nan,nan,0,0,0,0,0,50,0,0,0,867.9967996586303,868,0,0,0,0,3
p2756,0ed6b86a8baa033c9a3e46c66eee74dd670585eb3d096ea590c3646f8b4b47c8,755,2756,8937,2756,feasible,,14834.0,3124.0,2748.0,12086.0,0.8147498988809492,0,0,1,24366,90,"gomory 68: 68 accepted; mir 70: 18 accepted, 52 duplicate; zero_half 92: 92 accepted",2698.9471830985913,2698.9471830985913,0.0000,60.030587,60.000044747,f2cf240,"E2E TIR C3 container, 16 vCPU 29 GB (cgroup limits), AMD EPYC 9555 64-Core Processor host, nothing else running; AMD EPYC 9555 64-Core Processor; 16 cores (cgroup quota; host 256); 30 GiB RAM (cgroup limit; host 1512 GiB); Linux-x86_64",2026-10-03T13:22:09+00:00,,1,0,0,1,4ea6faeae36da91fa48534cd995e41944eb90b4c92381d8a68bf67c918ab7033,3.216447,50.376725,14,1,,,,,,,,,0,0,0,nan,nan,0,0,0,0,0,67,0,0,0,867.9962774537784,868,0,0,0,0,1
p2756,0ed6b86a8baa033c9a3e46c66eee74dd670585eb3d096ea590c3646f8b4b47c8,755,2756,8937,2756,feasible,"stopped at the time limit of 59.9995s after 60.00s, 0 iterations, 22893 nodes",48212.0,3124.0,2709.0,45503.0,0.9438106695428524,0,0,1,22893,90,"gomory 58: 58 accepted; mir 63: 19 accepted, 44 duplicate; zero_half 69: 69 accepted",2698.947183098591,2698.9471830985917,0.0000,60.027340,60.000053215,f2cf240,"E2E TIR C3 container, 16 vCPU 29 GB (cgroup limits), AMD EPYC 9555 64-Core Processor host, nothing else running; AMD EPYC 9555 64-Core Processor; 16 cores (cgroup quota; host 256); 30 GiB RAM (cgroup limit; host 1512 GiB); Linux-x86_64",2026-10-03T13:22:09+00:00,,1,0,0,2,fe57c38e6d797f0b7d48f6e11abc6a526c17da12ccd03019a2db949e0a80b22b,4.399689,56.402961,5,1,,,,,,,,,0,0,0,nan,nan,0,0,0,0,0,69,0,0,0,867.9960616138632,868,0,0,0,0,2
pk1,f0a362be150a52baa650130b752e44ed0921d4c8a98af74c4a1f7a9bb3c65983,45,86,915,55,feasible,"stopped at the time limit of 59.9999s after 60.00s, 0 iterations, 207444 nodes",16.999999999999936,11.0,7.315346551693209,9.684653448306726,0.5696854969592213,0,0,1,207444,46,gomory 15: 15 accepted; mir 4: 4 accepted,0.0,0.0,0.0000,60.075694,60.010067542,f2cf240,"E2E TIR C3 container, 16 vCPU 29 GB (cgroup limits), AMD EPYC 9555 64-Core Processor host, nothing else running; AMD EPYC 9555 64-Core Processor; 16 cores (cgroup quota; host 256); 30 GiB RAM (cgroup limit; host 1512 GiB); Linux-x86_64",2026-10-03T13:22:09+00:00,,1,0,0,0,,0.111910,22.330183,10,1,,,,,,,,,0,0,0,nan,nan,0,0,0,0,0,46,0,0,0,90.99977825340815,91,0,0,0,0,0
pk1,f0a362be150a52baa650130b752e44ed0921d4c8a98af74c4a1f7a9bb3c65983,45,86,915,55,feasible,,16.000000000000078,11.0,7.7710499883315,8.228950011668578,0.5143093757292836,0,0,1,217872,43,gomory 15: 15 accepted; mir 5: 5 accepted,0.0,0.0,0.0000,60.064146,60.00056199,f2cf240,"E2E TIR C3 container, 16 vCPU 29 GB (cgroup limits), AMD EPYC 9555 64-Core Processor host, nothing else running; AMD EPYC 9555 64-Core Processor; 16 cores (cgroup quota; host 256); 30 GiB RAM (cgroup limit; host 1512 GiB); Linux-x86_64",2026-10-03T13:22:09+00:00,,1,0,0,1,87602b99480226b0372f4c8048b33d8be5a289e81d0bd8b9e5189f124a4834d7,0.102980,21.311021,12,1,,,,,,,,,0,0,0,nan,nan,0,0,0,0,0,43,0,0,0,87.99980263641037,88,0,0,0,0,0
pk1,f0a362be150a52baa650130b752e44ed0921d4c8a98af74c4a1f7a9bb3c65983,45,86,915,55,feasible,,15.99999999999989,11.0,6.660416279753346,9.339583720246544,0.583723982515413,0,0,1,191975,52,gomory 15: 15 accepted; mir 2: 2 accepted,0.0,0.0,0.0000,60.057915,60.00077701,f2cf240,"E2E TIR C3 container, 16 vCPU 29 GB (cgroup limits), AMD EPYC 9555 64-Core Processor host, nothing else running; AMD EPYC 9555 64-Core Processor; 16 cores (cgroup quota; host 256); 30 GiB RAM (cgroup limit; host 1512 GiB); Linux-x86_64",2026-10-03T13:22:09+00:00,,1,0,0,2,fa16a60e724d8897cf8ba11f7d9cfd97b6cab0e7d5794ec1286e0a51631de68f,0.114484,21.583947,8,1,,,,,,,,,0,0,0,nan,nan,0,0,0,0,0,52,0,0,0,96.99972913139732,97,0,0,0,0,0
qiu,98277ce24052dbb5a24a8eb0205ef8c479cb4e03458cc51eda03676273de262a,1192,840,3432,48,feasible,,-132.87313694699932,-132.873137,-262.7048385897128,129.83170164271345,0.9771102318032949,1,0,1,7874,28,"gomory 48: 47 accepted, 1 duplicate",-931.6388451727074,-820.2966779149118,0.1394,60.011429,60.003301479,f2cf240,"E2E TIR C3 container, 16 vCPU 29 GB (cgroup limits), AMD EPYC 9555 64-Core Processor host, nothing else running; AMD EPYC 9555 64-Core Processor; 16 cores (cgroup quota; host 256); 30 GiB RAM (cgroup limit; host 1512 GiB); Linux-x86_64",2026-10-03T13:22:09+00:00,,1,0,0,0,,1.124439,20.247698,5,1,,,,,,,,,0,0,0,nan,nan,0,0,0,0,0,27,0,0,0,1223.996439471007,1224,0,0,0,0,0
qiu,98277ce24052dbb5a24a8eb0205ef8c479cb4e03458cc51eda03676273de262a,1192,840,3432,48,feasible,,-132.87313694700023,-132.873137,-208.31258815737417,75.43945121037393,0.5677554767181032,1,0,1,6627,6,"gomory 48: 10 accepted, 38 too_dense",-931.63884517271,-910.1544091877543,0.0269,60.006764,59.999984227,f2cf240,"E2E TIR C3 container, 16 vCPU 29 GB (cgroup limits), AMD EPYC 9555 64-Core Processor host, nothing else running; AMD EPYC 9555 64-Core Processor; 16 cores (cgroup quota; host 256); 30 GiB RAM (cgroup limit; host 1512 GiB); Linux-x86_64",2026-10-03T13:22:09+00:00,,1,0,0,1,c090e2827047ca8f6db291c6cd70774c15046a40efb4c3bc4763e90126f081cc,0.580883,5.855328,5,1,,,,,,,,,0,0,0,nan,nan,0,0,0,0,0,6,0,0,0,1201.9990762124712,1202,0,0,0,0,0
qiu,98277ce24052dbb5a24a8eb0205ef8c479cb4e03458cc51eda03676273de262a,1192,840,3432,48,feasible,,-132.8731369470001,-132.873137,-173.1793283755714,40.30619142857131,0.30334341729772274,1,0,1,6059,8,"gomory 36: 10 accepted, 26 too_dense",-931.6388451727099,-893.9322605142788,0.0472,60.009188,60.002045791,f2cf240,"E2E TIR C3 container, 16 vCPU 29 GB (cgroup limits), AMD EPYC 9555 64-Core Processor host, nothing else running; AMD EPYC 9555 64-Core Processor; 16 cores (cgroup quota; host 256); 30 GiB RAM (cgroup limit; host 1512 GiB); Linux-x86_64",2026-10-03T13:22:09+00:00,,1,0,0,2,5f44987cbc4a83bf79185ad59ad2c6f80fb3974e89d39813eaa19ad91b766b88,0.548930,35.943935,9,1,,,,,,,,,0,0,0,nan,nan,0,0,0,0,0,8,0,0,0,1203.9986750579662,1204,0,0,0,0,0
qnet1,48e837328f57ed61dc6d8f361dda85b63193e09cafd71ccfccdbd7a0d92b3cdf,503,1541,4622,1417,optimal,"optimal within the relative gap target (9.934e-01 absolute, 6.198e-05 relative) after 171 nodes; the bound is the best open node's, the tree was not exhausted",16029.692681000002,16029.692681,16028.69924068398,0.9934403160223155,6.19750069943537e-05,1,1,1,171,102,"gomory 20: 12 too_dense, 8 coefficient_ratio; mir 15: 15 accepted",14274.102667094432,15643.11592881882,0.7798,5.059357,5.0495625,f2cf240,"E2E TIR C3 container, 16 vCPU 29 GB (cgroup limits), AMD EPYC 9555 64-Core Processor host, nothing else running; AMD EPYC 9555 64-Core Processor; 16 cores (cgroup quota; host 256); 30 GiB RAM (cgroup limit; host 1512 GiB); Linux-x86_64",2026-10-03T13:22:09+00:00,,1,0,0,0,,0.868619,1.729253,7,1,,,,,,,,,0,0,0,nan,nan,0,0,0,0,0,44,0,0,0,516.4035087719299,517,0,0,0,0,0
qnet1,48e837328f57ed61dc6d8f361dda85b63193e09cafd71ccfccdbd7a0d92b3cdf,503,1541,4622,1417,optimal,"optimal within the relative gap target (9.934e-01 absolute, 6.198e-05 relative) after 201 nodes; the bound is the best open node's, the tree was not exhausted",16029.692681000002,16029.692681,16028.699240683984,0.9934403160186775,6.197500699412676e-05,1,1,1,201,102,"gomory 18: 12 too_dense, 6 coefficient_ratio; mir 14: 14 accepted",14274.102667094432,15686.109503412918,0.8043,6.497123,6.484566405,f2cf240,"E2E TIR C3 container, 16 vCPU 29 GB (cgroup limits), AMD EPYC 9555 64-Core Processor host, nothing else running; AMD EPYC 9555 64-Core Processor; 16 cores (cgroup quota; host 256); 30 GiB RAM (cgroup limit; host 1512 GiB); Linux-x86_64",2026-10-03T13:22:09+00:00,,1,0,0,1,379b8dcf44fbac81f4ee208fd7e6e2b3a4bb73d069d7af77bc0153ec3118318a,0.783084,1.931763,6,1,,,,,,,,,0,0,0,nan,nan,0,0,0,0,0,41,0,0,0,516.4925373134329,517,0,0,0,0,0
qnet1,48e837328f57ed61dc6d8f361dda85b63193e09cafd71ccfccdbd7a0d92b3cdf,503,1541,4622,1417,optimal,,16029.692681000008,16029.692681,16029.692681000004,3.637978807091713e-12,2.2695249868413314e-16,1,1,1,224,110,gomory 19: 19 too_dense; mir 15: 15 accepted,14274.102667094432,15657.093749376192,0.7878,7.061615,7.052602428,f2cf240,"E2E TIR C3 container, 16 vCPU 29 GB (cgroup limits), AMD EPYC 9555 64-Core Processor host, nothing else running; AMD EPYC 9555 64-Core Processor; 16 cores (cgroup quota; host 256); 30 GiB RAM (cgroup limit; host 1512 GiB); Linux-x86_64",2026-10-03T13:22:09+00:00,,1,0,0,2,34eb21c1129b70fed1ed556d39f6b6772b17533d6aff4ce2b6697bc2650f4359,0.790788,2.212574,8,1,,,,,,,,,0,0,0,nan,nan,0,0,0,0,0,52,0,0,0,524.5089285714286,525,0,0,0,0,0
qnet1_o,0e00a7990c61ef910d81a7e86c6369565df6c3058e6edaf2ec483e46e586daed,456,1541,4214,1417,optimal,,16029.692681000013,16029.692681,16029.692681000011,1.8189894035458565e-12,1.1347624934206654e-16,1,1,1,155,169,gomory 10: 10 accepted; mir 11: 11 accepted,12095.571666666667,15585.44472463063,0.8871,5.416996,5.410110051,f2cf240,"E2E TIR C3 container, 16 vCPU 29 GB (cgroup limits), AMD EPYC 9555 64-Core Processor host, nothing else running; AMD EPYC 9555 64-Core Processor; 16 cores (cgroup quota; host 256); 30 GiB RAM (cgroup limit; host 1512 GiB); Linux-x86_64",2026-10-03T13:22:09+00:00,,1,0,0,0,,1.066213,2.305610,5,1,,,,,,,,,0,0,0,nan,nan,0,0,0,0,0,96,0,0,0,536.9096774193548,538,0,0,0,0,0
qnet1_o,0e00a7990c61ef910d81a7e86c6369565df6c3058e6edaf2ec483e46e586daed,456,1541,4214,1417,optimal,,16029.692680999991,16029.692681,16029.69268099999,1.8189894035458565e-12,1.134762493420667e-16,1,1,1,46,202,gomory 9: 9 accepted; mir 11: 11 accepted,12095.571666666669,15735.881656042515,0.9253,2.393694,2.386565641,f2cf240,"E2E TIR C3 container, 16 vCPU 29 GB (cgroup limits), AMD EPYC 9555 64-Core Processor host, nothing else running; AMD EPYC 9555 64-Core Processor; 16 cores (cgroup quota; host 256); 30 GiB RAM (cgroup limit; host 1512 GiB); Linux-x86_64",2026-10-03T13:22:09+00:00,,1,0,0,1,912f86d3c6679496714d0e6f2db6206c16960289b1540cf8f7b1a130741825cc,1.039385,1.382925,2,1,,,,,,,,,0,0,0,nan,nan,0,0,0,0,0,0,0,0,0,566.6086956521739,571,0,0,0,0,0
qnet1_o,0e00a7990c61ef910d81a7e86c6369565df6c3058e6edaf2ec483e46e586daed,456,1541,4214,1417,optimal,"optimal within the relative gap target (1.300e+00 absolute, 8.109e-05 relative) after 36 nodes; the bound is the best open node's, the tree was not exhausted",16030.992681000003,16029.692681,16029.692681,1.3000000000029104,8.109291956347005e-05,0,0,1,36,175,"gomory 11: 10 accepted, 1 too_dense; mir 11: 11 accepted",12095.571666666669,15603.82370341452,0.8915,1.899152,1.892967346,f2cf240,"E2E TIR C3 container, 16 vCPU 29 GB (cgroup limits), AMD EPYC 9555 64-Core Processor host, nothing else running; AMD EPYC 9555 64-Core Processor; 16 cores (cgroup quota; host 256); 30 GiB RAM (cgroup limit; host 1512 GiB); Linux-x86_64",2026-10-03T13:22:09+00:00,,1,0,0,2,8691a7f74eb27b85daf40816b1df81978955922418097de9c381c6f25d1ceaac,0.818450,0.930093,3,1,,,,,,,,,0,0,0,nan,nan,0,0,0,0,0,0,0,0,0,539.1388888888889,544,0,0,0,0,0
rentacar,9cb3425254adc4415ab591d526b2c29c3899dffcce15d8ba4da5dcfb1dfdfe81,6803,9557,41842,55,optimal,,30356760.984148655,30356761.0,30356760.984148655,0.0,0.0,1,1,1,73,41,"gomory 33: 20 accepted, 13 coefficient_ratio; mir 7: 7 accepted",28806137.644260146,29006214.03210412,0.1290,5.437739,5.402263584,f2cf240,"E2E TIR C3 container, 16 vCPU 29 GB (cgroup limits), AMD EPYC 9555 64-Core Processor host, nothing else running; AMD EPYC 9555 64-Core Processor; 16 cores (cgroup quota; host 256); 30 GiB RAM (cgroup limit; host 1512 GiB); Linux-x86_64",2026-10-03T13:22:09+00:00,,1,0,0,0,,4.188121,4.950859,3,1,,,,,,,,,0,0,0,nan,nan,0,0,0,0,0,24,0,0,0,3810.3278688524592,3811,0,0,0,0,0
rentacar,9cb3425254adc4415ab591d526b2c29c3899dffcce15d8ba4da5dcfb1dfdfe81,6803,9557,41842,55,optimal,,30356760.984148677,30356761.0,30356760.984148677,0.0,0.0,1,1,1,54,54,"gomory 31: 20 accepted, 11 coefficient_ratio; mir 16: 15 accepted, 1 duplicate",28869145.866260134,29088884.298559662,0.1477,7.539961,7.507004003,f2cf240,"E2E TIR C3 container, 16 vCPU 29 GB (cgroup limits), AMD EPYC 9555 64-Core Processor host, nothing else running; AMD EPYC 9555 64-Core Processor; 16 cores (cgroup quota; host 256); 30 GiB RAM (cgroup limit; host 1512 GiB); Linux-x86_64",2026-10-03T13:22:09+00:00,,1,0,0,1,9891a5005e05c4fd511cfca59ba5278fa1321815b87bfe0171efe92da2c56b4f,6.470273,6.934905,2,1,,,,,,,,,0,0,0,nan,nan,0,0,0,0,0,0,0,0,0,3670.0,3671,0,0,0,0,0
rentacar,9cb3425254adc4415ab591d526b2c29c3899dffcce15d8ba4da5dcfb1dfdfe81,6803,9557,41842,55,optimal,"optimal within the relative gap target (2.697e+03 absolute, 8.883e-05 relative) after 41 nodes; the bound is the best open node's, the tree was not exhausted",30356760.984148636,30356761.0,30354064.394953594,2696.5891950428486,8.882993796508542e-05,1,1,1,41,55,"gomory 26: 15 accepted, 11 coefficient_ratio; mir 11: 10 accepted, 1 duplicate",28817329.64426013,29088884.29855959,0.1764,6.022871,5.987590107,f2cf240,"E2E TIR C3 container, 16 vCPU 29 GB (cgroup limits), AMD EPYC 9555 64-Core Processor host, nothing else running; AMD EPYC 9555 64-Core Processor; 16 cores (cgroup quota; host 256); 30 GiB RAM (cgroup limit; host 1512 GiB); Linux-x86_64",2026-10-03T13:22:09+00:00,,1,0,0,2,f7c326c1958af145991e29f0fc52ee0f4cd8c6ab9bda375e32eb4324582af430,5.636532,5.669839,2,1,,,,,,,,,0,0,0,nan,nan,0,0,0,0,0,0,0,0,0,3665.6585365853657,3667,0,0,0,0,0
rgn,b5dcb0e7587a8c676af20c845c805657202828b344848759caa72d1aa70a50ef,24,180,460,100,optimal,,82.1999992399999,82.1999,82.1999992399999,0.0,0.0,1,1,1,63,100,gomory 15: 15 accepted; mir 38: 38 accepted,48.79999855999991,80.54848394500446,0.9506,0.110703,0.107081918,f2cf240,"E2E TIR C3 container, 16 vCPU 29 GB (cgroup limits), AMD EPYC 9555 64-Core Processor host, nothing else running; AMD EPYC 9555 64-Core Processor; 16 cores (cgroup quota; host 256); 30 GiB RAM (cgroup limit; host 1512 GiB); Linux-x86_64",2026-10-03T13:22:09+00:00,,1,0,0,0,,0.024923,0.024923,1,1,,,,,,,,,0,0,0,nan,nan,0,0,0,0,0,65,0,0,0,129.4126984126984,131,0,0,0,0,0
rgn,b5dcb0e7587a8c676af20c845c805657202828b344848759caa72d1aa70a50ef,24,180,460,100,optimal,,82.19999924000001,82.1999,82.19999924000001,0.0,0.0,1,1,1,303,100,gomory 10: 10 accepted; mir 38: 38 accepted; zero_half 1: 1 accepted,48.79999855999992,80.06399919359998,0.9360,0.266188,0.262405302,f2cf240,"E2E TIR C3 container, 16 vCPU 29 GB (cgroup limits), AMD EPYC 9555 64-Core Processor host, nothing else running; AMD EPYC 9555 64-Core Processor; 16 cores (cgroup quota; host 256); 30 GiB RAM (cgroup limit; host 1512 GiB); Linux-x86_64",2026-10-03T13:22:09+00:00,,1,0,0,1,81ff336d43d9cb6faabd2dde6ff3b23ebe9c04b9d5ce2a3c9ade15543a546726,0.028897,0.028897,1,1,,,,,,,,,0,0,0,nan,nan,0,0,0,0,0,67,0,0,0,128.66996699669966,129,0,0,0,0,0
rgn,b5dcb0e7587a8c676af20c845c805657202828b344848759caa72d1aa70a50ef,24,180,460,100,optimal,,82.19999923999983,82.1999,82.19999923999983,0.0,0.0,1,1,1,1005,100,"gomory 9: 9 accepted; mir 38: 36 accepted, 2 duplicate",48.79999855999992,77.35254898485177,0.8549,0.529803,0.526108803,f2cf240,"E2E TIR C3 container, 16 vCPU 29 GB (cgroup limits), AMD EPYC 9555 64-Core Processor host, nothing else running; AMD EPYC 9555 64-Core Processor; 16 cores (cgroup quota; host 256); 30 GiB RAM (cgroup limit; host 1512 GiB); Linux-x86_64",2026-10-03T13:22:09+00:00,,1,0,0,2,efccdf80ba94c2f1c7ae5d4d5914ecce2a1b9217187df12bdccc780b4f8c65e1,0.028694,0.028695,1,1,,,,,,,,,0,0,0,nan,nan,0,0,0,0,0,69,0,0,0,128.90049751243782,129,0,0,0,0,0
rout,d8f75b5adec2c8547c14ddcedb1812a5105da019062df0fde596d96b0f3e9690,291,556,2431,315,feasible,"stopped at the time limit of 59.9998s after 60.00s, 0 iterations, 35123 nodes",1079.19,1077.56,1052.2071937840599,26.982806215940172,0.025002831953539386,0,0,1,35123,67,"gomory 22: 9 accepted, 13 too_dense; mir 39: 24 accepted, 15 duplicate",981.8642857142854,982.1728571428575,0.0032,60.008261,60.00001378,f2cf240,"E2E TIR C3 container, 16 vCPU 29 GB (cgroup limits), AMD EPYC 9555 64-Core Processor host, nothing else running; AMD EPYC 9555 64-Core Processor; 16 cores (cgroup quota; host 256); 30 GiB RAM (cgroup limit; host 1512 GiB); Linux-x86_64",2026-10-03T13:22:09+00:00,,1,0,0,0,,3.113603,3.249951,4,1,,,,,,,,,0,0,0,nan,nan,0,0,0,0,0,66,0,0,0,360.9979516341068,361,0,0,0,0,0
rout,d8f75b5adec2c8547c14ddcedb1812a5105da019062df0fde596d96b0f3e9690,291,556,2431,315,feasible,,1079.73,1077.56,1048.6470101325438,31.082989867456263,0.028787743109347952,0,0,1,41941,67,"gomory 22: 10 accepted, 12 too_dense; mir 29: 19 accepted, 10 duplicate",981.8642857142856,981.8642857142856,0.0000,60.008550,59.999940296,f2cf240,"E2E TIR C3 container, 16 vCPU 29 GB (cgroup limits), AMD EPYC 9555 64-Core Processor host, nothing else running; AMD EPYC 9555 64-Core Processor; 16 cores (cgroup quota; host 256); 30 GiB RAM (cgroup limit; host 1512 GiB); Linux-x86_64",2026-10-03T13:22:09+00:00,,1,0,0,1,0f18671228282f758fb59f92f33304d3c40090c9fec562ccb84309f3187834b6,4.663625,4.904197,3,1,,,,,,,,,0,0,0,nan,nan,0,0,0,0,0,67,0,0,0,359.9982875837039,360,0,0,0,0,0
rout,d8f75b5adec2c8547c14ddcedb1812a5105da019062df0fde596d96b0f3e9690,291,556,2431,315,feasible,,1079.7299999999998,1077.56,1049.5363119248145,30.193688075185264,0.027964109615538395,0,0,1,29506,138,"gomory 24: 10 accepted, 14 too_dense; mir 35: 22 accepted, 13 duplicate",981.8642857142856,985.3368472344464,0.0355,60.006956,59.999975858,f2cf240,"E2E TIR C3 container, 16 vCPU 29 GB (cgroup limits), AMD EPYC 9555 64-Core Processor host, nothing else running; AMD EPYC 9555 64-Core Processor; 16 cores (cgroup quota; host 256); 30 GiB RAM (cgroup limit; host 1512 GiB); Linux-x86_64",2026-10-03T13:22:09+00:00,,1,0,0,2,74ed2579f7abcab928af0254a43139f8c1e2ad907d2dc2d63bb2a37dfde963e8,4.959246,5.189065,3,1,,,,,,,,,0,0,0,nan,nan,0,0,0,0,0,138,0,0,0,436.9949247912912,437,0,0,0,0,0
set1ch,d001258f10bf0970215fe857b4bd0a425a736cc018ce763a4ec533f924bf2867,492,712,1412,240,optimal,"optimal within the relative gap target (1.864e+00 absolute, 3.418e-05 relative) after 80 nodes; the bound is the best open node's, the tree was not exhausted",54537.75000000001,54537.75,54535.8860314202,1.8639685798043502,3.4177584880277424e-05,1,1,1,80,369,gomory 129: 129 accepted; mir 126: 126 accepted,35118.10984845202,54512.22515956198,0.9987,1.920742,1.915194105,f2cf240,"E2E TIR C3 container, 16 vCPU 29 GB (cgroup limits), AMD EPYC 9555 64-Core Processor host, nothing else running; AMD EPYC 9555 64-Core Processor; 16 cores (cgroup quota; host 256); 30 GiB RAM (cgroup limit; host 1512 GiB); Linux-x86_64",2026-10-03T13:22:09+00:00,,1,0,0,0,,0.404604,0.407988,5,1,,,,,,,,,0,0,0,nan,nan,0,0,0,0,0,206,0,0,0,815.3875,820,0,0,0,0,0
set1ch,d001258f10bf0970215fe857b4bd0a425a736cc018ce763a4ec533f924bf2867,492,712,1412,240,optimal,"optimal within the relative gap target (5.333e+00 absolute, 9.778e-05 relative) after 81 nodes; the bound is the best open node's, the tree was not exhausted",54542.99999999999,54537.75,54537.66666666667,5.333333333321207,9.778217797556437e-05,0,0,1,81,385,gomory 129: 129 accepted; mir 125: 125 accepted,35118.10984845201,54497.25077444238,0.9976,1.960056,1.954539283,f2cf240,"E2E TIR C3 container, 16 vCPU 29 GB (cgroup limits), AMD EPYC 9555 64-Core Processor host, nothing else running; AMD EPYC 9555 64-Core Processor; 16 cores (cgroup quota; host 256); 30 GiB RAM (cgroup limit; host 1512 GiB); Linux-x86_64",2026-10-03T13:22:09+00:00,,1,0,0,1,58b063f146a58cef4489502849ece2fa863408ea88ff8d3c2f9bceed6ba6ee0f,0.407415,0.420159,7,1,,,,,,,,,0,0,0,nan,nan,0,0,0,0,0,224,0,0,0,831.2469135802469,836,0,0,0,0,0
set1ch,d001258f10bf0970215fe857b4bd0a425a736cc018ce763a4ec533f924bf2867,492,712,1412,240,optimal,"optimal within the relative gap target (5.250e+00 absolute, 9.626e-05 relative) after 177 nodes; the bound is the best open node's, the tree was not exhausted",54542.25,54537.75,54537.0,5.25,9.62556550197324e-05,0,0,1,177,370,gomory 129: 129 accepted; mir 125: 125 accepted,35118.109848452026,54512.38331874235,0.9985,2.787889,2.782207194,f2cf240,"E2E TIR C3 container, 16 vCPU 29 GB (cgroup limits), AMD EPYC 9555 64-Core Processor host, nothing else running; AMD EPYC 9555 64-Core Processor; 16 cores (cgroup quota; host 256); 30 GiB RAM (cgroup limit; host 1512 GiB); Linux-x86_64",2026-10-03T13:22:09+00:00,,1,0,0,2,50cf67b628f6df2b98a7de92dd4554797dfabc9d124cb1f95970e1fb94e70336,1.280669,1.312830,8,1,,,,,,,,,0,0,0,nan,nan,0,0,0,0,0,211,0,0,0,818.909604519774,821,0,0,0,0,0
stein27,b8889994eda0853d71bad6ba9bf45755d4e59f33a13a3f43008e1ba681738c5b,118,27,378,27,optimal,,18.0,18.0,18.0,0.0,0.0,1,1,1,272,90,"gomory 22: 21 accepted, 1 duplicate; zero_half 57: 57 accepted",13.000000000000002,13.0,0.0000,0.250712,0.248180202,f2cf240,"E2E TIR C3 container, 16 vCPU 29 GB (cgroup limits), AMD EPYC 9555 64-Core Processor host, nothing else running; AMD EPYC 9555 64-Core Processor; 16 cores (cgroup quota; host 256); 30 GiB RAM (cgroup limit; host 1512 GiB); Linux-x86_64",2026-10-03T13:22:09+00:00,,1,0,0,0,,0.013037,0.021058,2,1,,,,,,,,,0,0,0,nan,nan,0,0,0,0,0,80,0,0,0,220.6691176470588,221,0,0,0,0,0
stein27,b8889994eda0853d71bad6ba9bf45755d4e59f33a13a3f43008e1ba681738c5b,118,27,378,27,optimal,,18.0,18.0,18.0,0.0,0.0,1,1,1,777,90,gomory 26: 26 accepted; zero_half 58: 58 accepted,13.0,13.0,0.0000,0.473128,0.470390681,f2cf240,"E2E TIR C3 container, 16 vCPU 29 GB (cgroup limits), AMD EPYC 9555 64-Core Processor host, nothing else running; AMD EPYC 9555 64-Core Processor; 16 cores (cgroup quota; host 256); 30 GiB RAM (cgroup limit; host 1512 GiB); Linux-x86_64",2026-10-03T13:22:09+00:00,,1,0,0,1,ca865a95e1b9507209d725bd7918292b9b0c552de7858c8d9df1d1abcd4cb8fd,0.013646,0.019327,2,1,,,,,,,,,0,0,0,nan,nan,0,0,0,0,0,88,0,0,0,217.88311688311688,218,0,0,0,0,0
stein27,b8889994eda0853d71bad6ba9bf45755d4e59f33a13a3f43008e1ba681738c5b,118,27,378,27,optimal,,18.0,18.0,18.0,0.0,0.0,1,1,1,608,90,gomory 27: 27 accepted; zero_half 64: 64 accepted,12.999999999999996,13.000000000000002,0.0000,0.369450,0.366263787,f2cf240,"E2E TIR C3 container, 16 vCPU 29 GB (cgroup limits), AMD EPYC 9555 64-Core Processor host, nothing else running; AMD EPYC 9555 64-Core Processor; 16 cores (cgroup quota; host 256); 30 GiB RAM (cgroup limit; host 1512 GiB); Linux-x86_64",2026-10-03T13:22:09+00:00,,1,0,0,2,db4ebb3a965a9adcf09f27254fbd882293bc6ca7b0d1ab960a275435dd0cb860,0.012655,0.023338,2,1,,,,,,,,,0,0,0,nan,nan,0,0,0,0,0,89,0,0,0,215.85172981878088,216,0,0,0,0,0
stein45,0b119c8a2426cd9701a954127748bf8ae2bbe0fd669577ecb4715d8ffb81c85a,331,45,1034,45,optimal,,30.0,30.0,30.0,0.0,0.0,1,1,1,60389,90,gomory 40: 40 accepted; zero_half 188: 188 accepted,22.000000000000004,21.999999999999986,0.0000,46.985670,46.97872492,f2cf240,"E2E TIR C3 container, 16 vCPU 29 GB (cgroup limits), AMD EPYC 9555 64-Core Processor host, nothing else running; AMD EPYC 9555 64-Core Processor; 16 cores (cgroup quota; host 256); 30 GiB RAM (cgroup limit; host 1512 GiB); Linux-x86_64",2026-10-03T13:22:09+00:00,,1,0,0,0,,0.096315,0.796156,4,1,,,,,,,,,0,0,0,nan,nan,0,0,0,0,0,90,0,0,0,420.99850966235573,421,0,0,0,0,0
stein45,0b119c8a2426cd9701a954127748bf8ae2bbe0fd669577ecb4715d8ffb81c85a,331,45,1034,45,optimal,,30.0,30.0,30.0,0.0,0.0,1,1,1,61256,90,gomory 39: 39 accepted; zero_half 180: 180 accepted,21.999999999999996,22.000000000000004,0.0000,48.180162,48.174688075,f2cf240,"E2E TIR C3 container, 16 vCPU 29 GB (cgroup limits), AMD EPYC 9555 64-Core Processor host, nothing else running; AMD EPYC 9555 64-Core Processor; 16 cores (cgroup quota; host 256); 30 GiB RAM (cgroup limit; host 1512 GiB); Linux-x86_64",2026-10-03T13:22:09+00:00,,1,0,0,1,b1d0837d6cab0df0f7c812fb7ffbcb3cebaecce652b2110a3c426c3ad494704a,0.060108,0.431722,2,1,,,,,,,,,0,0,0,nan,nan,0,0,0,0,0,90,0,0,0,420.99853075617085,421,0,0,0,0,0
stein45,0b119c8a2426cd9701a954127748bf8ae2bbe0fd669577ecb4715d8ffb81c85a,331,45,1034,45,optimal,,30.0,30.0,30.0,0.0,0.0,1,1,1,72840,90,gomory 42: 42 accepted; zero_half 151: 151 accepted,21.999999999999996,22.000000000000004,0.0000,56.098812,56.090473469,f2cf240,"E2E TIR C3 container, 16 vCPU 29 GB (cgroup limits), AMD EPYC 9555 64-Core Processor host, nothing else running; AMD EPYC 9555 64-Core Processor; 16 cores (cgroup quota; host 256); 30 GiB RAM (cgroup limit; host 1512 GiB); Linux-x86_64",2026-10-03T13:22:09+00:00,,1,0,0,2,0c815aeccc378a79cffa24386cbab488f08633f354557cfb20a740124d0e228f,0.060145,1.268690,3,1,,,,,,,,,0,0,0,nan,nan,0,0,0,0,0,90,0,0,0,420.99876441515653,421,0,0,0,0,0
vpm1,838f2b08516a97db20825488d6f10de998c3d4b9853336c75ec5f56d67366885,234,378,749,168,optimal,,20.0,20.0,20.0,0.0,0.0,1,1,1,1,106,"gomory 18: 18 accepted; mir 17: 16 accepted, 1 duplicate",15.41666666666667,20.0,1.0000,0.020167,0.01661144,f2cf240,"E2E TIR C3 container, 16 vCPU 29 GB (cgroup limits), AMD EPYC 9555 64-Core Processor host, nothing else running; AMD EPYC 9555 64-Core Processor; 16 cores (cgroup quota; host 256); 30 GiB RAM (cgroup limit; host 1512 GiB); Linux-x86_64",2026-10-03T13:22:09+00:00,,1,0,0,0,,0.014886,0.014886,1,1,,,,,,,,,0,0,0,nan,nan,0,0,0,0,0,0,0,0,0,234.0,234,0,0,0,0,0
vpm1,838f2b08516a97db20825488d6f10de998c3d4b9853336c75ec5f56d67366885,234,378,749,168,optimal,,20.0,20.0,20.0,0.0,0.0,1,1,1,1,83,"gomory 17: 17 accepted; mir 13: 12 accepted, 1 duplicate",15.416666666666666,20.000000000000004,1.0000,0.012510,0.01002768,f2cf240,"E2E TIR C3 container, 16 vCPU 29 GB (cgroup limits), AMD EPYC 9555 64-Core Processor host, nothing else running; AMD EPYC 9555 64-Core Processor; 16 cores (cgroup quota; host 256); 30 GiB RAM (cgroup limit; host 1512 GiB); Linux-x86_64",2026-10-03T13:22:09+00:00,,1,0,0,1,9c39d8d6c7f733e9c747d5235fa68be314138fffe3ece16ecc11b193953811e0,0.010107,0.010107,1,1,,,,,,,,,0,0,0,nan,nan,0,0,0,0,0,0,0,0,0,234.0,234,0,0,0,0,0
vpm1,838f2b08516a97db20825488d6f10de998c3d4b9853336c75ec5f56d67366885,234,378,749,168,optimal,"optimal within the relative gap target (3.553e-15 absolute, 1.776e-16 relative) after 1 nodes; the bound is the best open node's, the tree was not exhausted",20.000000000000004,20.0,20.0,3.552713678800501e-15,1.77635683940025e-16,1,1,1,1,123,"gomory 18: 18 accepted; mir 16: 15 accepted, 1 duplicate",15.416666666666668,20.000000000000004,1.0000,0.034275,0.030583518,f2cf240,"E2E TIR C3 container, 16 vCPU 29 GB (cgroup limits), AMD EPYC 9555 64-Core Processor host, nothing else running; AMD EPYC 9555 64-Core Processor; 16 cores (cgroup quota; host 256); 30 GiB RAM (cgroup limit; host 1512 GiB); Linux-x86_64",2026-10-03T13:22:09+00:00,,1,0,0,2,4a09868aa8b6dbe1ac875644e2b0fc29d475658e5bab4a439a82305e8012fa0b,0.019795,0.019795,1,1,,,,,,,,,0,0,0,nan,nan,0,0,0,0,0,0,0,0,0,234.0,234,0,0,0,0,0
vpm2,55ca0b6caff042c42c5269045177351db828f066a94876e5885f626d02d5ffbc,234,378,917,168,feasible,,13.75,13.75,13.493068734488375,0.25693126551162493,0.01868591021902727,1,0,1,54409,234,"gomory 30: 30 accepted; mir 42: 32 accepted, 10 duplicate",9.889264597191431,12.611277992377556,0.7051,60.009979,60.000147372,f2cf240,"E2E TIR C3 container, 16 vCPU 29 GB (cgroup limits), AMD EPYC 9555 64-Core Processor host, nothing else running; AMD EPYC 9555 64-Core Processor; 16 cores (cgroup quota; host 256); 30 GiB RAM (cgroup limit; host 1512 GiB); Linux-x86_64",2026-10-03T13:22:09+00:00,,1,0,0,0,,0.731710,1.401724,6,1,,,,,,,,,0,0,0,nan,nan,0,0,0,0,0,225,0,0,0,467.995668591737,468,0,0,0,0,0
vpm2,55ca0b6caff042c42c5269045177351db828f066a94876e5885f626d02d5ffbc,234,378,917,168,feasible,,13.75,13.75,13.422013704620955,0.3279862953790449,0.023853548754839627,1,0,1,53379,234,"gomory 32: 32 accepted; mir 43: 34 accepted, 1 insufficient_violation, 8 duplicate",9.88926459719143,12.65552028873842,0.7165,60.010943,60.000156485,f2cf240,"E2E TIR C3 container, 16 vCPU 29 GB (cgroup limits), AMD EPYC 9555 64-Core Processor host, nothing else running; AMD EPYC 9555 64-Core Processor; 16 cores (cgroup quota; host 256); 30 GiB RAM (cgroup limit; host 1512 GiB); Linux-x86_64",2026-10-03T13:22:09+00:00,,1,0,0,1,65bba2bb6b80e8fb0536d2ee2fb73446fc1ea23c5216c6cdd0bbf1d305a5683c,0.608027,0.975506,8,1,,,,,,,,,0,0,0,nan,nan,0,0,0,0,0,224,0,0,0,467.99559363525094,468,0,0,0,0,0
vpm2,55ca0b6caff042c42c5269045177351db828f066a94876e5885f626d02d5ffbc,234,378,917,168,feasible,,13.75,13.75,13.186170462286835,0.5638295377131648,0.04100578456095744,1,0,1,56621,234,"gomory 31: 31 accepted; mir 44: 34 accepted, 10 duplicate",9.889264597191433,12.57467777023299,0.6956,60.015947,60.000304826,f2cf240,"E2E TIR C3 container, 16 vCPU 29 GB (cgroup limits), AMD EPYC 9555 64-Core Processor host, nothing else running; AMD EPYC 9555 64-Core Processor; 16 cores (cgroup quota; host 256); 30 GiB RAM (cgroup limit; host 1512 GiB); Linux-x86_64",2026-10-03T13:22:09+00:00,,1,0,0,2,683743c7df6458272402da0567376e32fcde88256b1f796547b423f058595fa5,0.578324,1.774594,8,1,,,,,,,,,0,0,0,nan,nan,0,0,0,0,0,232,0,0,0,467.9958537838652,468,0,0,0,0,0
