instance,instance_sha256,rows,columns,nonzeros,integer_columns,status,message,our_objective,published_objective,dual_bound,absolute_gap,relative_gap,matched_published,proved_optimal,independently_verified,nodes,cuts_applied,cut_filter,root_bound,root_bound_after_cuts,root_gap_closed,wall_seconds,solver_seconds,git_commit,machine,timestamp_utc,solver_options,threads,restarts,reduced_cost_fixings,seed,permuted_sha256,time_to_first_feasible,primal_integral,incumbents,incumbent_trace_recorded,certificate,certificate_check_seconds,certificate_bytes,certificate_dual_leaves,certificate_batch_leaves,branching_seconds,batch_strong_branching_seconds,batch_node_bounds_seconds,safe_bound_nodes,safe_bound_infinite,safe_bound_refusals,safe_bound_max_gap,safe_bound_max_rel_gap,conflicts_analysed,conflicts_learned,conflicts_learned_cutoff,conflict_nodes_pruned,conflict_tightenings,cut_rows_aged_out,cuts_reactivated,cut_rows_removed,cut_rows_readded,node_lp_rows_mean,node_lp_rows_max,probing_fixings,probing_tightenings,probing_implications,probing_cliques,clique_cuts_generated
10teams,d061e23a021877b9779558e4b9996f6c229721c8041b5a408ddf7d7fb7c1902a,230,2025,12150,1800,optimal,,924.0,924.0,924.0,0.0,0.0,1,1,1,312,150,"gomory 138: 7 accepted, 128 too_dense, 2 coefficient_ratio, 1 duplicate; clique 16: 16 accepted; zero_half 500: 163 accepted, 336 too_dense, 1 duplicate",917.0000000000002,923.9999999999998,1.0000,30.374129,30.359438244,f2cf240,"E2E TIR C3 container, 16 vCPU 32 GB (cgroup limits), AMD EPYC 9555 64-Core Processor host, nothing else running; AMD EPYC 9555 64-Core Processor; 16 cores (cgroup quota; host 256); 30 GiB RAM (cgroup limit; host 1512 GiB); Linux-x86_64",2026-10-03T13:24:58+00:00,,1,0,0,0,,30.359840,30.359840,1,1,,,,,,,,,0,0,0,nan,nan,0,0,0,0,0,145,0,0,0,364.5176848874598,365,0,0,0,0,77
10teams,d061e23a021877b9779558e4b9996f6c229721c8041b5a408ddf7d7fb7c1902a,230,2025,12150,1800,optimal,,924.0,924.0,924.0,0.0,0.0,1,1,1,264,120,"gomory 129: 5 accepted, 118 too_dense, 2 coefficient_ratio, 4 duplicate; clique 9: 9 accepted; zero_half 374: 204 accepted, 168 too_dense, 2 duplicate",917.0000000000005,924.0000000000008,1.0000,24.167389,24.15054779,f2cf240,"E2E TIR C3 container, 16 vCPU 32 GB (cgroup limits), AMD EPYC 9555 64-Core Processor host, nothing else running; AMD EPYC 9555 64-Core Processor; 16 cores (cgroup quota; host 256); 30 GiB RAM (cgroup limit; host 1512 GiB); Linux-x86_64",2026-10-03T13:24:58+00:00,,1,0,0,1,31f7c57f6a10ea0d64c04286fc543cb1123ecf05a5387e3866f26cf23c7884cb,24.150973,24.150973,1,1,,,,,,,,,0,0,0,nan,nan,0,0,0,0,0,107,0,0,0,334.54545454545456,335,0,0,0,0,44
10teams,d061e23a021877b9779558e4b9996f6c229721c8041b5a408ddf7d7fb7c1902a,230,2025,12150,1800,optimal,,924.0,924.0,924.0,0.0,0.0,1,1,1,57,120,"gomory 132: 7 accepted, 121 too_dense, 3 coefficient_ratio, 1 duplicate; clique 11: 11 accepted; zero_half 408: 179 accepted, 226 too_dense, 3 duplicate",916.9999999999999,923.9999999999999,1.0000,7.662480,7.641681653,f2cf240,"E2E TIR C3 container, 16 vCPU 32 GB (cgroup limits), AMD EPYC 9555 64-Core Processor host, nothing else running; AMD EPYC 9555 64-Core Processor; 16 cores (cgroup quota; host 256); 30 GiB RAM (cgroup limit; host 1512 GiB); Linux-x86_64",2026-10-03T13:24:58+00:00,,1,0,0,2,b014df33e0774679ce9c4671379d0518d4f71dadb1f5e003b8283daa5e248d83,4.423460,4.457921,2,1,,,,,,,,,0,0,0,nan,nan,0,0,0,0,0,89,0,0,0,332.89473684210526,335,0,0,0,0,50
air03,2346f74b150a39aef68378c9e576346ecfe9e175fa5f7538977e9d8224c393a1,124,10757,91028,10757,optimal,,340160.0,340160.0,340160.0,0.0,0.0,1,1,1,1,15,"gomory 35: 11 accepted, 11 too_dense, 13 duplicate; zero_half 18: 14 accepted, 4 too_dense",338864.25,340160.0,1.0000,1.108641,1.027229835,f2cf240,"E2E TIR C3 container, 16 vCPU 32 GB (cgroup limits), AMD EPYC 9555 64-Core Processor host, nothing else running; AMD EPYC 9555 64-Core Processor; 16 cores (cgroup quota; host 256); 30 GiB RAM (cgroup limit; host 1512 GiB); Linux-x86_64",2026-10-03T13:24:58+00:00,,1,0,0,0,,1.030562,1.030562,1,1,,,,,,,,,0,0,0,nan,nan,0,0,0,0,0,0,0,0,0,137.0,137,0,0,0,0,0
air03,2346f74b150a39aef68378c9e576346ecfe9e175fa5f7538977e9d8224c393a1,124,10757,91028,10757,optimal,,340160.0,340160.0,340160.0,0.0,0.0,1,1,1,1,16,"gomory 35: 11 accepted, 11 too_dense, 13 duplicate; zero_half 38: 27 accepted, 11 too_dense",338864.25,340160.0,1.0000,1.211817,1.137031712,f2cf240,"E2E TIR C3 container, 16 vCPU 32 GB (cgroup limits), AMD EPYC 9555 64-Core Processor host, nothing else running; AMD EPYC 9555 64-Core Processor; 16 cores (cgroup quota; host 256); 30 GiB RAM (cgroup limit; host 1512 GiB); Linux-x86_64",2026-10-03T13:24:58+00:00,,1,0,0,1,29529be8182c64b30837fc77e1ce9a4c85759415570e614e7d18286d0a5adc55,1.140130,1.140130,1,1,,,,,,,,,0,0,0,nan,nan,0,0,0,0,0,0,0,0,0,137.0,137,0,0,0,0,0
air03,2346f74b150a39aef68378c9e576346ecfe9e175fa5f7538977e9d8224c393a1,124,10757,91028,10757,optimal,,340160.0,340160.0,340160.0,0.0,0.0,1,1,1,1,15,"gomory 36: 11 accepted, 12 too_dense, 13 duplicate; zero_half 51: 19 accepted, 32 too_dense",338864.25,340160.0,1.0000,1.313164,1.216102221,f2cf240,"E2E TIR C3 container, 16 vCPU 32 GB (cgroup limits), AMD EPYC 9555 64-Core Processor host, nothing else running; AMD EPYC 9555 64-Core Processor; 16 cores (cgroup quota; host 256); 30 GiB RAM (cgroup limit; host 1512 GiB); Linux-x86_64",2026-10-03T13:24:58+00:00,,1,0,0,2,0ccd10521f37b40f141d3fa9207795d27f56fd9eb946a655fe857374f60f3de7,1.219714,1.219714,1,1,,,,,,,,,0,0,0,nan,nan,0,0,0,0,0,0,0,0,0,137.0,137,0,0,0,0,0
air04,364f229be10401a476c06c3b42ff91aff3996d4c8c55c5ba2c6d9f8d0b02ad01,823,8904,72965,8904,optimal,"optimal within the relative gap target (4.000e+00 absolute, 7.125e-05 relative) after 241 nodes; the bound is the best open node's, the tree was not exhausted",56137.0,56137.0,56133.0,4.0,7.125425298822524e-05,1,1,1,241,31,"gomory 112: 9 accepted, 103 too_dense; clique 2: 2 accepted; zero_half 9: 9 accepted",55535.436388224305,55595.06529122095,0.0991,64.863453,64.782333745,f2cf240,"E2E TIR C3 container, 16 vCPU 32 GB (cgroup limits), AMD EPYC 9555 64-Core Processor host, nothing else running; AMD EPYC 9555 64-Core Processor; 16 cores (cgroup quota; host 256); 30 GiB RAM (cgroup limit; host 1512 GiB); Linux-x86_64",2026-10-03T13:24:58+00:00,,1,0,0,0,,10.697403,13.282931,10,1,,,,,,,,,0,0,0,nan,nan,0,0,0,0,0,21,0,0,0,853.8713692946058,854,0,0,0,0,4
air04,364f229be10401a476c06c3b42ff91aff3996d4c8c55c5ba2c6d9f8d0b02ad01,823,8904,72965,8904,optimal,,56137.0,56137.0,56137.0,0.0,0.0,1,1,1,349,5,"gomory 114: 9 accepted, 105 too_dense; zero_half 1: 1 accepted",55535.43638822425,55567.87616519064,0.0539,94.837286,94.773539763,f2cf240,"E2E TIR C3 container, 16 vCPU 32 GB (cgroup limits), AMD EPYC 9555 64-Core Processor host, nothing else running; AMD EPYC 9555 64-Core Processor; 16 cores (cgroup quota; host 256); 30 GiB RAM (cgroup limit; host 1512 GiB); Linux-x86_64",2026-10-03T13:24:58+00:00,,1,0,0,1,381653bfb90f94bd6546ccfccbfa74a741551f5e40108149ff3c1929b68c83c5,9.920809,13.372879,8,1,,,,,,,,,0,0,0,nan,nan,0,0,0,0,0,4,0,0,0,827.9856733524356,828,0,0,0,0,0
air04,364f229be10401a476c06c3b42ff91aff3996d4c8c55c5ba2c6d9f8d0b02ad01,823,8904,72965,8904,optimal,"optimal within the relative gap target (5.000e+00 absolute, 8.907e-05 relative) after 519 nodes; the bound is the best open node's, the tree was not exhausted",56137.0,56137.0,56132.0,5.0,8.906781623528155e-05,1,1,1,519,10,"gomory 115: 9 accepted, 106 too_dense; zero_half 1: 1 accepted",55535.436388224276,55570.624201259845,0.0585,89.979174,89.912597068,f2cf240,"E2E TIR C3 container, 16 vCPU 32 GB (cgroup limits), AMD EPYC 9555 64-Core Processor host, nothing else running; AMD EPYC 9555 64-Core Processor; 16 cores (cgroup quota; host 256); 30 GiB RAM (cgroup limit; host 1512 GiB); Linux-x86_64",2026-10-03T13:24:58+00:00,,1,0,0,2,c751ab5a978fddd746cd2e70306aabba4d4ebc1f0ed25403a551f0f761a55795,10.846598,11.326415,7,1,,,,,,,,,0,0,0,nan,nan,0,0,0,0,0,8,0,0,0,832.9807321772639,833,0,0,0,0,0
air05,1ca185a7d8d6eaa48d959a8b4c00e3b0d6faf0f9e4ec4411c3228224dca074e3,426,7195,52121,7195,optimal,"optimal within the relative gap target (1.000e+00 absolute, 3.792e-05 relative) after 488 nodes; the bound is the best open node's, the tree was not exhausted",26374.0,26374.0,26373.0,1.0,3.791612952149845e-05,1,1,1,488,23,"gomory 124: 7 accepted, 117 too_dense; clique 2: 2 accepted; zero_half 23: 23 accepted",25877.609267851407,25905.48182165303,0.0562,55.904098,55.850043242,f2cf240,"E2E TIR C3 container, 16 vCPU 32 GB (cgroup limits), AMD EPYC 9555 64-Core Processor host, nothing else running; AMD EPYC 9555 64-Core Processor; 16 cores (cgroup quota; host 256); 30 GiB RAM (cgroup limit; host 1512 GiB); Linux-x86_64",2026-10-03T13:24:58+00:00,,1,0,0,0,,5.285322,6.024106,13,1,,,,,,,,,0,0,0,nan,nan,0,0,0,0,0,17,0,0,0,448.95277207392195,449,0,0,0,0,2
air05,1ca185a7d8d6eaa48d959a8b4c00e3b0d6faf0f9e4ec4411c3228224dca074e3,426,7195,52121,7195,optimal,"optimal within the relative gap target (2.000e+00 absolute, 7.583e-05 relative) after 271 nodes; the bound is the best open node's, the tree was not exhausted",26373.999999999996,26374.0,26372.0,1.999999999996362,7.583225904285897e-05,1,1,1,271,21,"gomory 124: 7 accepted, 117 too_dense; zero_half 19: 19 accepted",25877.60926785141,25919.848279869802,0.0851,30.715100,30.670636157,f2cf240,"E2E TIR C3 container, 16 vCPU 32 GB (cgroup limits), AMD EPYC 9555 64-Core Processor host, nothing else running; AMD EPYC 9555 64-Core Processor; 16 cores (cgroup quota; host 256); 30 GiB RAM (cgroup limit; host 1512 GiB); Linux-x86_64",2026-10-03T13:24:58+00:00,,1,0,0,1,d6f2b268eb14d41fd0aa87e507c0d4341567f5a9ae83b4eff291cdbac072cd41,4.331114,4.430755,6,1,,,,,,,,,0,0,0,nan,nan,0,0,0,0,0,14,0,0,0,446.92250922509226,447,0,0,0,0,0
air05,1ca185a7d8d6eaa48d959a8b4c00e3b0d6faf0f9e4ec4411c3228224dca074e3,426,7195,52121,7195,optimal,"optimal within the relative gap target (2.000e+00 absolute, 7.583e-05 relative) after 348 nodes; the bound is the best open node's, the tree was not exhausted",26373.999999999996,26374.0,26372.0,1.999999999996362,7.583225904285897e-05,1,1,1,348,22,"gomory 101: 7 accepted, 94 too_dense; zero_half 2: 2 accepted",25877.609267851432,25898.287688643995,0.0417,43.793100,43.741599294,f2cf240,"E2E TIR C3 container, 16 vCPU 32 GB (cgroup limits), AMD EPYC 9555 64-Core Processor host, nothing else running; AMD EPYC 9555 64-Core Processor; 16 cores (cgroup quota; host 256); 30 GiB RAM (cgroup limit; host 1512 GiB); Linux-x86_64",2026-10-03T13:24:58+00:00,,1,0,0,2,4e2896e374ff8bac13bcab2564243f6a6db3446dd2c474902e4fb72ff19b7601,5.386766,5.670167,10,1,,,,,,,,,0,0,0,nan,nan,0,0,0,0,0,20,0,0,0,447.9367816091954,448,0,0,0,0,0
bell3a,1ada0bcc162defc9d8f17769920d3531d6e9f8c69f466e3eb165939ae845fd43,123,133,347,71,optimal,"optimal within the relative gap target (8.700e+01 absolute, 9.904e-05 relative) after 69965 nodes; the bound is the best open node's, the tree was not exhausted",878430.3160000001,878430.32,878343.316577778,86.99942222214304,9.90396399549387e-05,1,1,1,69965,41,"gomory 24: 24 accepted; mir 10: 4 accepted, 6 duplicate",866171.7333781982,873673.3767703706,0.6120,14.202206,14.192979872,f2cf240,"E2E TIR C3 container, 16 vCPU 32 GB (cgroup limits), AMD EPYC 9555 64-Core Processor host, nothing else running; AMD EPYC 9555 64-Core Processor; 16 cores (cgroup quota; host 256); 30 GiB RAM (cgroup limit; host 1512 GiB); Linux-x86_64",2026-10-03T13:24:58+00:00,,1,0,0,0,,0.016545,0.016545,1,1,,,,,,,,,0,0,0,nan,nan,0,0,0,0,0,37,0,0,0,155.99941399271063,156,0,0,0,0,0
bell3a,1ada0bcc162defc9d8f17769920d3531d6e9f8c69f466e3eb165939ae845fd43,123,133,347,71,optimal,"optimal within the relative gap target (8.754e+01 absolute, 9.966e-05 relative) after 65908 nodes; the bound is the best open node's, the tree was not exhausted",878430.316,878430.32,878342.7755200291,87.54047997086309,9.965557697221266e-05,1,1,1,65908,40,"gomory 24: 24 accepted; mir 10: 4 accepted, 6 duplicate",866171.7333781982,874269.4960977779,0.6606,14.490570,14.481786577,f2cf240,"E2E TIR C3 container, 16 vCPU 32 GB (cgroup limits), AMD EPYC 9555 64-Core Processor host, nothing else running; AMD EPYC 9555 64-Core Processor; 16 cores (cgroup quota; host 256); 30 GiB RAM (cgroup limit; host 1512 GiB); Linux-x86_64",2026-10-03T13:24:58+00:00,,1,0,0,1,82d266c9e47d1cd1ecf639a09d880803eef520d1be022c920462a0885821ed05,0.006155,0.006227,5,1,,,,,,,,,0,0,0,nan,nan,0,0,0,0,0,35,0,0,0,154.99939309340292,155,0,0,0,0,0
bell3a,1ada0bcc162defc9d8f17769920d3531d6e9f8c69f466e3eb165939ae845fd43,123,133,347,71,optimal,"optimal within the relative gap target (8.767e+01 absolute, 9.980e-05 relative) after 74787 nodes; the bound is the best open node's, the tree was not exhausted",878430.316,878430.32,878342.6454833164,87.67051668360364,9.980361001521222e-05,1,1,1,74787,33,"gomory 24: 24 accepted; mir 10: 4 accepted, 6 duplicate",866171.7333781982,873792.0585777778,0.6216,13.850195,13.841198899,f2cf240,"E2E TIR C3 container, 16 vCPU 32 GB (cgroup limits), AMD EPYC 9555 64-Core Processor host, nothing else running; AMD EPYC 9555 64-Core Processor; 16 cores (cgroup quota; host 256); 30 GiB RAM (cgroup limit; host 1512 GiB); Linux-x86_64",2026-10-03T13:24:58+00:00,,1,0,0,2,6f3a438d784ec7e58b7a1c8a01ff7686dd3cf5209b8b66910db75c22191b0b61,0.007533,0.007535,2,1,,,,,,,,,0,0,0,nan,nan,0,0,0,0,0,29,0,0,0,147.99955874684102,148,0,0,0,0,0
bell5,d4846d7ea889d482e32842832e599ca6d0dc04fd8ea3ea58f49a52b436859dd5,91,104,266,58,feasible,,8966406.491519999,8966406.49,8963677.762457998,2728.7290620002896,0.000304328056572161,1,0,1,695783,100,"gomory 25: 25 accepted; mir 11: 2 accepted, 9 duplicate",8608417.946508026,8692880.394594586,0.2359,300.197991,300.002120391,f2cf240,"E2E TIR C3 container, 16 vCPU 32 GB (cgroup limits), AMD EPYC 9555 64-Core Processor host, nothing else running; AMD EPYC 9555 64-Core Processor; 16 cores (cgroup quota; host 256); 30 GiB RAM (cgroup limit; host 1512 GiB); Linux-x86_64",2026-10-03T13:24:58+00:00,,1,0,0,0,,0.071773,0.072321,6,1,,,,,,,,,0,0,0,nan,nan,0,0,0,0,0,94,0,0,0,188.9998420575479,189,0,0,0,0,0
bell5,d4846d7ea889d482e32842832e599ca6d0dc04fd8ea3ea58f49a52b436859dd5,91,104,266,58,optimal,"optimal within the relative gap target (8.966e+02 absolute, 1.000e-04 relative) after 255417 nodes; the bound is the best open node's, the tree was not exhausted",8966406.491519999,8966406.49,8965509.853210801,896.6383091975003,9.999973903095942e-05,1,1,1,255417,100,"gomory 25: 25 accepted; mir 11: 2 accepted, 9 duplicate",8608417.946508026,8912962.025332302,0.8507,100.919418,100.883294555,f2cf240,"E2E TIR C3 container, 16 vCPU 32 GB (cgroup limits), AMD EPYC 9555 64-Core Processor host, nothing else running; AMD EPYC 9555 64-Core Processor; 16 cores (cgroup quota; host 256); 30 GiB RAM (cgroup limit; host 1512 GiB); Linux-x86_64",2026-10-03T13:24:58+00:00,,1,0,0,1,e50a8e5cc7b3e6401d6abebac44e696caaecbc64521cbf70011e292e9c820503,0.071731,0.073259,10,1,,,,,,,,,0,0,0,nan,nan,0,0,0,0,0,96,0,0,0,188.9995485368078,189,0,0,0,0,0
bell5,d4846d7ea889d482e32842832e599ca6d0dc04fd8ea3ea58f49a52b436859dd5,91,104,266,58,optimal,"optimal within the relative gap target (8.966e+02 absolute, 1.000e-04 relative) after 432268 nodes; the bound is the best open node's, the tree was not exhausted",8966406.491519997,8966406.49,8965509.857152803,896.6343671940267,9.99992993895627e-05,1,1,1,432268,100,"gomory 25: 25 accepted; mir 11: 2 accepted, 9 duplicate",8608417.946508028,8918973.812721267,0.8675,162.272400,162.210042865,f2cf240,"E2E TIR C3 container, 16 vCPU 32 GB (cgroup limits), AMD EPYC 9555 64-Core Processor host, nothing else running; AMD EPYC 9555 64-Core Processor; 16 cores (cgroup quota; host 256); 30 GiB RAM (cgroup limit; host 1512 GiB); Linux-x86_64",2026-10-03T13:24:58+00:00,,1,0,0,2,cc5f4cbbc72d1316fbcb22bc07c9523a036b27b42df628b095a9371770fa3743,0.067415,0.069033,25,1,,,,,,,,,0,0,0,nan,nan,0,0,0,0,0,96,0,0,0,188.99972916976992,189,0,0,0,0,0
blend2,48c009606d5e949baa8e5e060c8b0cafd3eb96f9d615d98fff0d626d5b6e503f,274,353,1409,264,optimal,"optimal within the relative gap target (7.352e-04 absolute, 9.675e-05 relative) after 3850 nodes; the bound is the best open node's, the tree was not exhausted",7.598985,7.598985,7.59824977361686,0.0007352263831394978,9.675323522016398e-05,1,1,1,3850,23,"gomory 6: 4 accepted, 2 too_dense; mir 5: 4 accepted, 1 duplicate",6.915675114009091,7.012047980211083,0.1410,2.429998,2.423278603,f2cf240,"E2E TIR C3 container, 16 vCPU 32 GB (cgroup limits), AMD EPYC 9555 64-Core Processor host, nothing else running; AMD EPYC 9555 64-Core Processor; 16 cores (cgroup quota; host 256); 30 GiB RAM (cgroup limit; host 1512 GiB); Linux-x86_64",2026-10-03T13:24:58+00:00,,1,0,0,0,,0.565492,0.582111,2,1,,,,,,,,,0,0,0,nan,nan,0,0,0,0,0,21,0,0,0,191.994025974026,192,0,0,0,0,0
blend2,48c009606d5e949baa8e5e060c8b0cafd3eb96f9d615d98fff0d626d5b6e503f,274,353,1409,264,optimal,"optimal within the relative gap target (7.021e-04 absolute, 9.239e-05 relative) after 3395 nodes; the bound is the best open node's, the tree was not exhausted",7.598985000000001,7.598985,7.598282940168335,0.0007020598316653803,9.238863238516463e-05,1,1,1,3395,28,"gomory 6: 4 accepted, 2 too_dense; mir 8: 7 accepted, 1 duplicate",6.915675114009092,7.0083747069180395,0.1357,2.527166,2.520646405,f2cf240,"E2E TIR C3 container, 16 vCPU 32 GB (cgroup limits), AMD EPYC 9555 64-Core Processor host, nothing else running; AMD EPYC 9555 64-Core Processor; 16 cores (cgroup quota; host 256); 30 GiB RAM (cgroup limit; host 1512 GiB); Linux-x86_64",2026-10-03T13:24:58+00:00,,1,0,0,1,d25ac6e094842466b5fe6ed3a669a1b7d339003be0b13e094ea1b658d3d5965b,0.576431,0.581184,2,1,,,,,,,,,0,0,0,nan,nan,0,0,0,0,0,24,0,0,0,196.99175257731957,197,0,0,0,0,0
blend2,48c009606d5e949baa8e5e060c8b0cafd3eb96f9d615d98fff0d626d5b6e503f,274,353,1409,264,optimal,,7.598985,7.598985,7.598985,0.0,0.0,1,1,1,4486,108,"gomory 6: 4 accepted, 2 too_dense; mir 8: 6 accepted, 2 too_dense",6.915675114009094,7.046727710505252,0.1918,6.839274,6.831873977,f2cf240,"E2E TIR C3 container, 16 vCPU 32 GB (cgroup limits), AMD EPYC 9555 64-Core Processor host, nothing else running; AMD EPYC 9555 64-Core Processor; 16 cores (cgroup quota; host 256); 30 GiB RAM (cgroup limit; host 1512 GiB); Linux-x86_64",2026-10-03T13:24:58+00:00,,1,0,0,2,e2f52e700b1407547bf8a3c2f10def806baaea097c1f631bd6e23e5d459a8275,1.275999,1.543081,5,1,,,,,,,,,0,0,0,nan,nan,0,0,0,0,0,106,0,0,0,276.975908989516,277,0,0,0,0,0
cap6000,b9fb72f2d0354c1609457f4e1e4c69c83879a1601dfba4c6894c0b6d5357fddc,2176,6000,48243,6000,optimal,"optimal within the relative gap target (2.240e+02 absolute, 9.138e-05 relative) after 43 nodes; the bound is the best open node's, the tree was not exhausted",-2451243.0,-2451377.0,-2451467.0,224.0,9.138220894460484e-05,0,0,1,43,4,"gomory 2: 1 too_dense, 1 coefficient_ratio; mir 2: 1 accepted, 1 too_dense",-2451537.325024045,-2451533.4233397134,0.0133,0.740548,0.703643036,f2cf240,"E2E TIR C3 container, 16 vCPU 32 GB (cgroup limits), AMD EPYC 9555 64-Core Processor host, nothing else running; AMD EPYC 9555 64-Core Processor; 16 cores (cgroup quota; host 256); 30 GiB RAM (cgroup limit; host 1512 GiB); Linux-x86_64",2026-10-03T13:24:58+00:00,,1,0,0,0,,0.292045,0.292205,6,1,,,,,,,,,0,0,0,nan,nan,0,0,0,0,0,0,0,0,0,2174.906976744186,2175,0,0,0,0,0
cap6000,b9fb72f2d0354c1609457f4e1e4c69c83879a1601dfba4c6894c0b6d5357fddc,2176,6000,48243,6000,optimal,"optimal within the relative gap target (2.240e+02 absolute, 9.138e-05 relative) after 43 nodes; the bound is the best open node's, the tree was not exhausted",-2451243.0,-2451377.0,-2451467.0,224.0,9.138220894460484e-05,0,0,1,43,4,"gomory 2: 1 too_dense, 1 coefficient_ratio; mir 2: 1 accepted, 1 too_dense",-2451537.325024045,-2451533.4233397134,0.0133,2.306401,2.263394754,f2cf240,"E2E TIR C3 container, 16 vCPU 32 GB (cgroup limits), AMD EPYC 9555 64-Core Processor host, nothing else running; AMD EPYC 9555 64-Core Processor; 16 cores (cgroup quota; host 256); 30 GiB RAM (cgroup limit; host 1512 GiB); Linux-x86_64",2026-10-03T13:24:58+00:00,,1,0,0,1,256cebf6860f73c7682f47235ab1caa41a09d9e873e6ece163ce021257586d37,1.863537,1.863703,4,1,,,,,,,,,0,0,0,nan,nan,0,0,0,0,0,0,0,0,0,2174.906976744186,2175,0,0,0,0,0
cap6000,b9fb72f2d0354c1609457f4e1e4c69c83879a1601dfba4c6894c0b6d5357fddc,2176,6000,48243,6000,optimal,"optimal within the relative gap target (2.240e+02 absolute, 9.138e-05 relative) after 62 nodes; the bound is the best open node's, the tree was not exhausted",-2451243.0,-2451377.0,-2451467.0,224.0,9.138220894460484e-05,0,0,1,62,4,"gomory 2: 1 too_dense, 1 coefficient_ratio; mir 2: 1 accepted, 1 too_dense",-2451537.3250240455,-2451533.4233397134,0.0133,2.037273,1.998090356,f2cf240,"E2E TIR C3 container, 16 vCPU 32 GB (cgroup limits), AMD EPYC 9555 64-Core Processor host, nothing else running; AMD EPYC 9555 64-Core Processor; 16 cores (cgroup quota; host 256); 30 GiB RAM (cgroup limit; host 1512 GiB); Linux-x86_64",2026-10-03T13:24:58+00:00,,1,0,0,2,23e8e841600cddea9fcb18e4b21f1b7c7ac53159aabf5f52c2b83e6f6e88457b,1.303332,1.303553,7,1,,,,,,,,,0,0,0,nan,nan,0,0,0,0,0,3,0,0,0,2174.935483870968,2175,0,0,0,0,0
danoint,09ed14e0f1b2db4cf0c8a738b17384fa64a0bf73c6ff4667d276356eec2b8e2b,664,521,3232,56,feasible,,65.66666666666667,65.67,63.250270944774115,2.416395721892556,0.03679790439430288,1,0,1,42199,0,"gomory 52: 21 too_dense, 31 coefficient_ratio",62.63728041845078,62.63728041845078,0.0000,300.026337,300.000536367,f2cf240,"E2E TIR C3 container, 16 vCPU 32 GB (cgroup limits), AMD EPYC 9555 64-Core Processor host, nothing else running; AMD EPYC 9555 64-Core Processor; 16 cores (cgroup quota; host 256); 30 GiB RAM (cgroup limit; host 1512 GiB); Linux-x86_64",2026-10-03T13:24:58+00:00,,1,0,0,0,,0.293280,1.348827,2,1,,,,,,,,,0,0,0,nan,nan,0,0,0,0,0,0,0,0,0,664.0,664,0,0,0,0,0
danoint,09ed14e0f1b2db4cf0c8a738b17384fa64a0bf73c6ff4667d276356eec2b8e2b,664,521,3232,56,feasible,,68.59999999999997,65.67,63.229886140157035,5.370113859842931,0.07828154314639844,0,0,1,35052,28,"gomory 52: 22 too_dense, 30 coefficient_ratio; mir 19: 16 accepted, 3 duplicate",62.63728041845078,62.6542028576142,0.0028,300.026340,300.000670217,f2cf240,"E2E TIR C3 container, 16 vCPU 32 GB (cgroup limits), AMD EPYC 9555 64-Core Processor host, nothing else running; AMD EPYC 9555 64-Core Processor; 16 cores (cgroup quota; host 256); 30 GiB RAM (cgroup limit; host 1512 GiB); Linux-x86_64",2026-10-03T13:24:58+00:00,,1,0,0,1,79ae9bca505a923eb2851b3bc3c87b821119a9bce954b10ddcdcb0a0e0e6a5b4,32.709231,57.693910,6,1,,,,,,,,,0,0,0,nan,nan,0,0,0,0,0,26,0,0,0,691.9992011868081,692,0,0,0,0,0
danoint,09ed14e0f1b2db4cf0c8a738b17384fa64a0bf73c6ff4667d276356eec2b8e2b,664,521,3232,56,feasible,,68.66666666666683,65.67,63.17884662473341,5.487820041933418,0.07991970934854473,0,0,1,37662,27,"gomory 52: 22 too_dense, 30 coefficient_ratio; mir 14: 13 accepted, 1 duplicate",62.63728041845078,62.6484091695775,0.0018,300.027955,300.000332455,f2cf240,"E2E TIR C3 container, 16 vCPU 32 GB (cgroup limits), AMD EPYC 9555 64-Core Processor host, nothing else running; AMD EPYC 9555 64-Core Processor; 16 cores (cgroup quota; host 256); 30 GiB RAM (cgroup limit; host 1512 GiB); Linux-x86_64",2026-10-03T13:24:58+00:00,,1,0,0,2,bb7a0e4d5a1a69f515b6bca1412a3d19b04ca40abcf8478ebb9b5c16798cdeb4,0.545952,17.844342,5,1,,,,,,,,,0,0,0,nan,nan,0,0,0,0,0,27,0,0,0,690.9992830970209,691,0,0,0,0,0
dcmulti,a9552af8f0fd228851352ba60b62a64639f8ffd4a01f217afc095eaac4c29a75,290,548,1315,75,optimal,"optimal within the relative gap target (1.487e+00 absolute, 7.900e-06 relative) after 73 nodes; the bound is the best open node's, the tree was not exhausted",188182.0,188182.0,188180.5133333333,1.4866666666930541,7.900153397737584e-06,1,1,1,73,147,"gomory 49: 41 accepted, 8 too_dense; mir 45: 45 accepted",183975.5396931753,186932.1197788165,0.7029,1.259532,1.252586478,f2cf240,"E2E TIR C3 container, 16 vCPU 32 GB (cgroup limits), AMD EPYC 9555 64-Core Processor host, nothing else running; AMD EPYC 9555 64-Core Processor; 16 cores (cgroup quota; host 256); 30 GiB RAM (cgroup limit; host 1512 GiB); Linux-x86_64",2026-10-03T13:24:58+00:00,,1,0,0,0,,0.589527,0.590605,5,1,,,,,,,,,0,0,0,nan,nan,0,0,0,0,0,34,0,0,0,416.9583333333333,419,0,0,0,0,0
dcmulti,a9552af8f0fd228851352ba60b62a64639f8ffd4a01f217afc095eaac4c29a75,290,548,1315,75,optimal,"optimal within the relative gap target (1.797e+01 absolute, 9.552e-05 relative) after 112 nodes; the bound is the best open node's, the tree was not exhausted",188188.00000000003,188182.0,188170.02520536855,17.97479463147465,9.551509464723919e-05,0,0,1,112,182,"gomory 49: 41 accepted, 8 too_dense; mir 35: 29 accepted, 6 duplicate",183975.5396931752,187024.53985128523,0.7238,1.767769,1.760827095,f2cf240,"E2E TIR C3 container, 16 vCPU 32 GB (cgroup limits), AMD EPYC 9555 64-Core Processor host, nothing else running; AMD EPYC 9555 64-Core Processor; 16 cores (cgroup quota; host 256); 30 GiB RAM (cgroup limit; host 1512 GiB); Linux-x86_64",2026-10-03T13:24:58+00:00,,1,0,0,1,f62396ad16389257066316e271601b4036d2c397f0c2537672a1ebe052d3c565,0.545241,0.550351,6,1,,,,,,,,,0,0,0,nan,nan,0,0,0,0,0,115,0,0,0,452.36036036036035,454,0,0,0,0,0
dcmulti,a9552af8f0fd228851352ba60b62a64639f8ffd4a01f217afc095eaac4c29a75,290,548,1315,75,optimal,"optimal within the relative gap target (1.426e+01 absolute, 7.578e-05 relative) after 136 nodes; the bound is the best open node's, the tree was not exhausted",188188.0,188182.0,188173.73977282227,14.260227177728666,7.577649572623475e-05,0,0,1,136,135,"gomory 49: 41 accepted, 8 too_dense; mir 33: 30 accepted, 3 duplicate",183975.53969317523,186519.75948567002,0.6040,1.734255,1.727530399,f2cf240,"E2E TIR C3 container, 16 vCPU 32 GB (cgroup limits), AMD EPYC 9555 64-Core Processor host, nothing else running; AMD EPYC 9555 64-Core Processor; 16 cores (cgroup quota; host 256); 30 GiB RAM (cgroup limit; host 1512 GiB); Linux-x86_64",2026-10-03T13:24:58+00:00,,1,0,0,2,46ce8a78f3a36107cb49f60718885182ce0ee93715e4d384c726e3a6fdf90bff,0.648225,0.700656,7,1,,,,,,,,,0,0,0,nan,nan,0,0,0,0,0,63,0,0,0,406.00735294117646,407,0,0,0,0,0
dsbmip,4fe4e40efcc886c7934aa70a07299b70f372843b88a8dd7ec13c3cd597bf730f,1182,1886,7366,192,optimal,,-305.1981750094815,-305.19817501,-305.1981750094815,0.0,0.0,1,1,1,1,52,"gomory 55: 26 accepted, 11 too_dense, 3 coefficient_ratio, 15 duplicate; mir 19: 15 accepted, 4 duplicate",-305.1981750094824,-305.1981750094815,,0.589113,0.575749238,f2cf240,"E2E TIR C3 container, 16 vCPU 32 GB (cgroup limits), AMD EPYC 9555 64-Core Processor host, nothing else running; AMD EPYC 9555 64-Core Processor; 16 cores (cgroup quota; host 256); 30 GiB RAM (cgroup limit; host 1512 GiB); Linux-x86_64",2026-10-03T13:24:58+00:00,,1,0,0,0,,0.514455,0.514455,1,1,,,,,,,,,0,0,0,nan,nan,0,0,0,0,0,0,0,0,0,1135.0,1135,0,0,0,0,0
dsbmip,4fe4e40efcc886c7934aa70a07299b70f372843b88a8dd7ec13c3cd597bf730f,1182,1886,7366,192,optimal,"optimal within the relative gap target (3.979e-13 absolute, 1.304e-15 relative) after 105 nodes; the bound is the best open node's, the tree was not exhausted",-305.1981750094824,-305.19817501,-305.1981750094828,3.979039320256561e-13,1.303755935019249e-15,1,1,1,105,58,"gomory 60: 32 accepted, 5 too_dense, 5 coefficient_ratio, 18 duplicate; mir 16: 11 accepted, 5 duplicate",-305.1981750094827,-305.19817500948284,,5.682489,5.669947395,f2cf240,"E2E TIR C3 container, 16 vCPU 32 GB (cgroup limits), AMD EPYC 9555 64-Core Processor host, nothing else running; AMD EPYC 9555 64-Core Processor; 16 cores (cgroup quota; host 256); 30 GiB RAM (cgroup limit; host 1512 GiB); Linux-x86_64",2026-10-03T13:24:58+00:00,,1,0,0,1,e5a920dbc9d59b69fa26c4bbfebb791fdbdda04e183b981e664e5804f7d692bc,0.684706,0.823212,2,1,,,,,,,,,0,0,0,nan,nan,0,0,0,0,0,21,0,0,0,1192.4313725490197,1193,0,0,0,0,0
dsbmip,4fe4e40efcc886c7934aa70a07299b70f372843b88a8dd7ec13c3cd597bf730f,1182,1886,7366,192,optimal,,-305.19817500948267,-305.19817501,-305.19817500948267,0.0,0.0,1,1,1,62,47,"gomory 68: 27 accepted, 14 too_dense, 13 coefficient_ratio, 14 duplicate; mir 17: 11 accepted, 6 duplicate",-305.19817500948295,-305.19817500948267,,3.635048,3.622870499,f2cf240,"E2E TIR C3 container, 16 vCPU 32 GB (cgroup limits), AMD EPYC 9555 64-Core Processor host, nothing else running; AMD EPYC 9555 64-Core Processor; 16 cores (cgroup quota; host 256); 30 GiB RAM (cgroup limit; host 1512 GiB); Linux-x86_64",2026-10-03T13:24:58+00:00,,1,0,0,2,3fcd6bde899dcc304354114277d5c708190b26a244f8af5bca822bebcb7eb72b,0.612119,0.700491,3,1,,,,,,,,,0,0,0,nan,nan,0,0,0,0,0,21,0,0,0,1181.241935483871,1182,0,0,0,0,0
egout,351ed046eb56e07662b3c2dba35800f5d2cee3fac18c1bd7fbc8dea4a0dcd8db,98,141,282,55,optimal,,568.1007,568.101,568.1007,0.0,0.0,1,1,1,5,100,"gomory 10: 10 accepted; mir 10: 9 accepted, 1 duplicate",367.0848836637048,558.7401776870431,0.9534,0.026053,0.021615221,f2cf240,"E2E TIR C3 container, 16 vCPU 32 GB (cgroup limits), AMD EPYC 9555 64-Core Processor host, nothing else running; AMD EPYC 9555 64-Core Processor; 16 cores (cgroup quota; host 256); 30 GiB RAM (cgroup limit; host 1512 GiB); Linux-x86_64",2026-10-03T13:24:58+00:00,,1,0,0,0,,0.021000,0.021000,1,1,,,,,,,,,0,0,0,nan,nan,0,0,0,0,0,0,0,0,0,139.0,159,0,0,0,0,0
egout,351ed046eb56e07662b3c2dba35800f5d2cee3fac18c1bd7fbc8dea4a0dcd8db,98,141,282,55,optimal,,568.1007000000001,568.101,568.1007,1.1368683772161603e-13,2.0011740475168578e-16,1,1,1,1,81,gomory 10: 10 accepted; mir 10: 10 accepted,367.08488366370466,568.1007,1.0000,0.010553,0.006064751,f2cf240,"E2E TIR C3 container, 16 vCPU 32 GB (cgroup limits), AMD EPYC 9555 64-Core Processor host, nothing else running; AMD EPYC 9555 64-Core Processor; 16 cores (cgroup quota; host 256); 30 GiB RAM (cgroup limit; host 1512 GiB); Linux-x86_64",2026-10-03T13:24:58+00:00,,1,0,0,1,84f5caf2791c8a1252a7cd34123ecdff124375fe7a580635ec6752a190104a31,0.006204,0.006204,1,1,,,,,,,,,0,0,0,nan,nan,0,0,0,0,0,0,0,0,0,60.0,60,0,0,0,0,0
egout,351ed046eb56e07662b3c2dba35800f5d2cee3fac18c1bd7fbc8dea4a0dcd8db,98,141,282,55,optimal,,568.1007000000001,568.101,568.1007000000002,1.1368683772161603e-13,2.0011740475168578e-16,1,1,1,13,100,"gomory 10: 10 accepted; mir 9: 3 accepted, 6 duplicate",367.08488366370466,556.2981455537085,0.9413,0.056294,0.05130719,f2cf240,"E2E TIR C3 container, 16 vCPU 32 GB (cgroup limits), AMD EPYC 9555 64-Core Processor host, nothing else running; AMD EPYC 9555 64-Core Processor; 16 cores (cgroup quota; host 256); 30 GiB RAM (cgroup limit; host 1512 GiB); Linux-x86_64",2026-10-03T13:24:58+00:00,,1,0,0,2,74fee52200ede4c53f42bf99a89cad8e3a472d2111becd46cbde79e9ea197fa4,0.028851,0.028851,1,1,,,,,,,,,0,0,0,nan,nan,0,0,0,0,0,0,0,0,0,151.30769230769232,159,0,0,0,0,0
enigma,bbc4a1a6e9ab30d2615b5e0391f0df1782d29b0a125eb38ef852e8dda6ebc323,21,100,289,100,optimal,,0.0,0.0,0.0,0.0,0.0,1,1,1,4919,13,"gomory 8: 1 accepted, 7 duplicate; mir 2: 2 accepted; zero_half 14: 14 accepted",0.0,0.0,,0.638727,0.633501257,f2cf240,"E2E TIR C3 container, 16 vCPU 32 GB (cgroup limits), AMD EPYC 9555 64-Core Processor host, nothing else running; AMD EPYC 9555 64-Core Processor; 16 cores (cgroup quota; host 256); 30 GiB RAM (cgroup limit; host 1512 GiB); Linux-x86_64",2026-10-03T13:24:58+00:00,,1,0,0,0,,0.633326,0.633326,1,1,,,,,,,,,0,0,0,nan,nan,0,0,0,0,0,13,0,0,0,34.996405861210945,35,0,0,0,0,0
enigma,bbc4a1a6e9ab30d2615b5e0391f0df1782d29b0a125eb38ef852e8dda6ebc323,21,100,289,100,optimal,,0.0,0.0,0.0,0.0,0.0,1,1,1,1949,10,"gomory 10: 2 accepted, 8 duplicate; mir 2: 2 accepted",0.0,0.0,,0.297439,0.292127886,f2cf240,"E2E TIR C3 container, 16 vCPU 32 GB (cgroup limits), AMD EPYC 9555 64-Core Processor host, nothing else running; AMD EPYC 9555 64-Core Processor; 16 cores (cgroup quota; host 256); 30 GiB RAM (cgroup limit; host 1512 GiB); Linux-x86_64",2026-10-03T13:24:58+00:00,,1,0,0,1,fe5dbbc2f1c06757c1c4ccf8010a3f23392ddb6a968b4f1bc3e5fc75e5fbe969,0.292126,0.292126,1,1,,,,,,,,,0,0,0,nan,nan,0,0,0,0,0,10,0,0,0,31.99339498018494,32,0,0,0,0,0
enigma,bbc4a1a6e9ab30d2615b5e0391f0df1782d29b0a125eb38ef852e8dda6ebc323,21,100,289,100,optimal,,0.0,0.0,0.0,0.0,0.0,1,1,1,19519,8,"gomory 4: 1 accepted, 3 duplicate; mir 2: 2 accepted",0.0,0.0,,1.790619,1.782892692,f2cf240,"E2E TIR C3 container, 16 vCPU 32 GB (cgroup limits), AMD EPYC 9555 64-Core Processor host, nothing else running; AMD EPYC 9555 64-Core Processor; 16 cores (cgroup quota; host 256); 30 GiB RAM (cgroup limit; host 1512 GiB); Linux-x86_64",2026-10-03T13:24:58+00:00,,1,0,0,2,7613cea40eff2d84bacae8084166d32c9f97b19ea57e081bcc7da0638ca315ca,1.781413,1.781413,1,1,,,,,,,,,0,0,0,nan,nan,0,0,0,0,0,8,0,0,0,29.999470198675496,30,0,0,0,0,0
fast0507,5d27d3474d016e827c360a5c621a802edd5d5c8c163b7f782bb5ecf3083d0275,507,63009,409349,63009,feasible,,175.0,174.0,173.0,2.0,0.011428571428571429,0,0,1,333,35,"gomory 134: 7 accepted, 127 too_dense; zero_half 17: 15 accepted, 2 too_dense",172.14556667654892,172.22691302278736,0.0285,300.688848,299.984727131,f2cf240,"E2E TIR C3 container, 16 vCPU 32 GB (cgroup limits), AMD EPYC 9555 64-Core Processor host, nothing else running; AMD EPYC 9555 64-Core Processor; 16 cores (cgroup quota; host 256); 30 GiB RAM (cgroup limit; host 1512 GiB); Linux-x86_64",2026-10-03T13:24:58+00:00,,1,0,0,0,,49.962806,51.391503,1,1,,,,,,,,,0,0,0,nan,nan,0,0,0,0,0,29,0,0,0,523.894894894895,524,0,0,0,0,0
fast0507,5d27d3474d016e827c360a5c621a802edd5d5c8c163b7f782bb5ecf3083d0275,507,63009,409349,63009,feasible,"stopped at the time limit of 299.961s after 300.05s, 0 iterations, 230 nodes",175.0,174.0,173.0,2.0,0.011428571428571429,0,0,1,230,41,"gomory 152: 7 accepted, 145 too_dense; zero_half 38: 31 accepted, 7 too_dense",172.14556667654878,172.22005530835563,0.0261,300.915290,300.049023874,f2cf240,"E2E TIR C3 container, 16 vCPU 32 GB (cgroup limits), AMD EPYC 9555 64-Core Processor host, nothing else running; AMD EPYC 9555 64-Core Processor; 16 cores (cgroup quota; host 256); 30 GiB RAM (cgroup limit; host 1512 GiB); Linux-x86_64",2026-10-03T13:24:58+00:00,,1,0,0,1,0771be59d75accd68c4d5738180f5ccecf3f3b0545c7996ee898e3f7c244b401,69.722731,72.619663,3,1,,,,,,,,,0,0,0,nan,nan,0,0,0,0,0,29,0,0,0,529.8217391304348,530,0,0,0,0,0
fast0507,5d27d3474d016e827c360a5c621a802edd5d5c8c163b7f782bb5ecf3083d0275,507,63009,409349,63009,feasible,"stopped at the time limit of 299.97s after 300.03s, 0 iterations, 244 nodes",176.0,174.0,173.0,3.0,0.017045454545454544,0,0,1,244,34,"gomory 164: 6 accepted, 158 too_dense; zero_half 28: 28 accepted",172.14556667654892,172.21140949270338,0.0171,300.893397,300.032542185,f2cf240,"E2E TIR C3 container, 16 vCPU 32 GB (cgroup limits), AMD EPYC 9555 64-Core Processor host, nothing else running; AMD EPYC 9555 64-Core Processor; 16 cores (cgroup quota; host 256); 30 GiB RAM (cgroup limit; host 1512 GiB); Linux-x86_64",2026-10-03T13:24:58+00:00,,1,0,0,2,f0784d95feb34501b475726ffee43ba3d4f4165a2715e45610daf6d0b0e93e50,74.665985,77.507410,2,1,,,,,,,,,0,0,0,nan,nan,0,0,0,0,0,27,0,0,0,522.860655737705,523,0,0,0,0,0
fiber,67c87e4a5b19f8a8903b37286e9f38ad206cb8daabfd0399bea41acd93ed04bf,363,1298,2944,1254,optimal,,405935.17999999993,405935.18,405935.17999999993,0.0,0.0,1,1,1,329,139,"gomory 43: 19 accepted, 24 duplicate; mir 34: 34 accepted",156082.5175925926,388939.44650695694,0.9320,3.552728,3.544360384,f2cf240,"E2E TIR C3 container, 16 vCPU 32 GB (cgroup limits), AMD EPYC 9555 64-Core Processor host, nothing else running; AMD EPYC 9555 64-Core Processor; 16 cores (cgroup quota; host 256); 30 GiB RAM (cgroup limit; host 1512 GiB); Linux-x86_64",2026-10-03T13:24:58+00:00,,1,0,0,0,,0.404864,0.591639,4,1,,,,,,,,,0,0,0,nan,nan,0,0,0,0,0,83,0,0,0,487.5775075987842,488,0,0,0,0,0
fiber,67c87e4a5b19f8a8903b37286e9f38ad206cb8daabfd0399bea41acd93ed04bf,363,1298,2944,1254,optimal,,405935.18000000005,405935.18,405935.18,5.820766091346741e-11,1.4339151613680637e-16,1,1,1,206,161,"gomory 44: 22 accepted, 22 duplicate; mir 34: 34 accepted",156082.5175925926,388929.16581235616,0.9319,3.319462,3.308526536,f2cf240,"E2E TIR C3 container, 16 vCPU 32 GB (cgroup limits), AMD EPYC 9555 64-Core Processor host, nothing else running; AMD EPYC 9555 64-Core Processor; 16 cores (cgroup quota; host 256); 30 GiB RAM (cgroup limit; host 1512 GiB); Linux-x86_64",2026-10-03T13:24:58+00:00,,1,0,0,1,0640ba8f3634c3d8dd184d14eafaf434f04b998abbbddcd8911ca44d9466158e,0.478261,0.667360,10,1,,,,,,,,,0,0,0,nan,nan,0,0,0,0,0,106,0,0,0,509.21844660194176,510,0,0,0,0,0
fiber,67c87e4a5b19f8a8903b37286e9f38ad206cb8daabfd0399bea41acd93ed04bf,363,1298,2944,1254,optimal,"optimal within the relative gap target (3.037e+01 absolute, 7.482e-05 relative) after 320 nodes; the bound is the best open node's, the tree was not exhausted",405935.17999999993,405935.18,405904.80914975645,30.370850243489258,7.481699478101224e-05,1,1,1,320,132,"gomory 44: 22 accepted, 22 duplicate; mir 34: 34 accepted",156082.5175925926,386481.7541302483,0.9221,3.759008,3.750111854,f2cf240,"E2E TIR C3 container, 16 vCPU 32 GB (cgroup limits), AMD EPYC 9555 64-Core Processor host, nothing else running; AMD EPYC 9555 64-Core Processor; 16 cores (cgroup quota; host 256); 30 GiB RAM (cgroup limit; host 1512 GiB); Linux-x86_64",2026-10-03T13:24:58+00:00,,1,0,0,2,2b8716b988b09b3a0cc4ca640dd94e4f12511d69b4642723b540fa72c2ca6265,0.473987,0.694941,8,1,,,,,,,,,0,0,0,nan,nan,0,0,0,0,0,82,0,0,0,480.5875,481,0,0,0,0,0
flugpl,ed4b1fcb07d26b513027721d61344c2c4371cb506bf66098df328047c183b0c0,18,18,46,11,optimal,"optimal within the relative gap target (1.188e+02 absolute, 9.891e-05 relative) after 917 nodes; the bound is the best open node's, the tree was not exhausted",1201500.0,1201500.0,1201381.1565304087,118.84346959134564,9.891258392954277e-05,1,1,1,917,23,"gomory 10: 9 accepted, 1 duplicate; mir 2: 2 duplicate",1167185.7255923203,1172307.0056809327,0.1492,0.048475,0.043886624,f2cf240,"E2E TIR C3 container, 16 vCPU 32 GB (cgroup limits), AMD EPYC 9555 64-Core Processor host, nothing else running; AMD EPYC 9555 64-Core Processor; 16 cores (cgroup quota; host 256); 30 GiB RAM (cgroup limit; host 1512 GiB); Linux-x86_64",2026-10-03T13:24:58+00:00,,1,0,0,0,,0.038921,0.038921,2,1,,,,,,,,,0,0,0,nan,nan,0,0,0,0,0,20,0,0,0,38.96383647798742,39,0,0,0,0,0
flugpl,ed4b1fcb07d26b513027721d61344c2c4371cb506bf66098df328047c183b0c0,18,18,46,11,optimal,"optimal within the relative gap target (1.188e+02 absolute, 9.891e-05 relative) after 918 nodes; the bound is the best open node's, the tree was not exhausted",1201500.0000000002,1201500.0,1201381.156530409,118.84346959134564,9.891258392954274e-05,1,1,1,918,23,"gomory 10: 9 accepted, 1 duplicate; mir 2: 2 duplicate",1167185.7255923203,1172307.0056809324,0.1492,0.051087,0.046258787,f2cf240,"E2E TIR C3 container, 16 vCPU 32 GB (cgroup limits), AMD EPYC 9555 64-Core Processor host, nothing else running; AMD EPYC 9555 64-Core Processor; 16 cores (cgroup quota; host 256); 30 GiB RAM (cgroup limit; host 1512 GiB); Linux-x86_64",2026-10-03T13:24:58+00:00,,1,0,0,1,0d23dc6c718efd1e9cb40a58234b00ff2497e17f762b24089336b7e96103d424,0.036239,0.036240,4,1,,,,,,,,,0,0,0,nan,nan,0,0,0,0,0,20,0,0,0,38.96562032884903,39,0,0,0,0,0
flugpl,ed4b1fcb07d26b513027721d61344c2c4371cb506bf66098df328047c183b0c0,18,18,46,11,optimal,"optimal within the relative gap target (1.188e+02 absolute, 9.891e-05 relative) after 1105 nodes; the bound is the best open node's, the tree was not exhausted",1201500.0,1201500.0,1201381.156530409,118.84346959111281,9.891258392934898e-05,1,1,1,1105,23,"gomory 10: 9 accepted, 1 duplicate; mir 2: 2 duplicate",1167185.7255923203,1172307.0056809327,0.1492,0.058308,0.053590697,f2cf240,"E2E TIR C3 container, 16 vCPU 32 GB (cgroup limits), AMD EPYC 9555 64-Core Processor host, nothing else running; AMD EPYC 9555 64-Core Processor; 16 cores (cgroup quota; host 256); 30 GiB RAM (cgroup limit; host 1512 GiB); Linux-x86_64",2026-10-03T13:24:58+00:00,,1,0,0,2,b1b77fad04715c7acef98cb893f44374296c96423230b66180ef8f0828ce6975,0.017868,0.017879,4,1,,,,,,,,,0,0,0,nan,nan,0,0,0,0,0,20,0,0,0,38.97032258064516,39,0,0,0,0,0
gen,f22c4b12ca0182c5c2efe7d777772644ea54fd4fd84720ae74c520132d59bb97,780,870,2592,150,optimal,"optimal within the relative gap target (9.113e-01 absolute, 8.114e-06 relative) after 1 nodes; the bound is the best open node's, the tree was not exhausted",112313.36271799979,112313.3627179998,112312.45144770466,0.9112702951242682,8.11364091566127e-06,1,1,1,1,48,"gomory 22: 22 accepted; mir 33: 25 accepted, 8 duplicate",112228.2275674432,112312.45144770466,0.9893,0.064343,0.056133415,f2cf240,"E2E TIR C3 container, 16 vCPU 32 GB (cgroup limits), AMD EPYC 9555 64-Core Processor host, nothing else running; AMD EPYC 9555 64-Core Processor; 16 cores (cgroup quota; host 256); 30 GiB RAM (cgroup limit; host 1512 GiB); Linux-x86_64",2026-10-03T13:24:58+00:00,,1,0,0,0,,0.021321,0.021321,1,1,,,,,,,,,0,0,0,nan,nan,0,0,0,0,0,0,0,0,0,781.0,781,0,0,0,0,0
gen,f22c4b12ca0182c5c2efe7d777772644ea54fd4fd84720ae74c520132d59bb97,780,870,2592,150,optimal,"optimal within the relative gap target (6.797e+00 absolute, 6.051e-05 relative) after 1 nodes; the bound is the best open node's, the tree was not exhausted",112319.83304999993,112313.3627179998,112313.03626577665,6.796784223275608,6.051276999539319e-05,0,0,1,1,45,"gomory 21: 21 accepted; mir 37: 25 accepted, 12 duplicate",112228.22756744339,112313.03626577665,0.9258,0.053517,0.046497005,f2cf240,"E2E TIR C3 container, 16 vCPU 32 GB (cgroup limits), AMD EPYC 9555 64-Core Processor host, nothing else running; AMD EPYC 9555 64-Core Processor; 16 cores (cgroup quota; host 256); 30 GiB RAM (cgroup limit; host 1512 GiB); Linux-x86_64",2026-10-03T13:24:58+00:00,,1,0,0,1,d2d9bcdc9c96db262aab53b0a71652bafeaadeaf2a2c8ca320e8a8d27d45f772,0.023567,0.023569,1,1,,,,,,,,,0,0,0,nan,nan,0,0,0,0,0,0,0,0,0,781.0,781,0,0,0,0,0
gen,f22c4b12ca0182c5c2efe7d777772644ea54fd4fd84720ae74c520132d59bb97,780,870,2592,150,optimal,"optimal within the relative gap target (1.654e-02 absolute, 1.473e-07 relative) after 1 nodes; the bound is the best open node's, the tree was not exhausted",112313.3627179999,112313.3627179998,112313.34617497004,0.016543029865715653,1.472935140162479e-07,1,1,1,1,49,"gomory 21: 21 accepted; mir 34: 25 accepted, 9 duplicate",112228.22756744338,112313.34617497004,0.9998,0.061947,0.055085131,f2cf240,"E2E TIR C3 container, 16 vCPU 32 GB (cgroup limits), AMD EPYC 9555 64-Core Processor host, nothing else running; AMD EPYC 9555 64-Core Processor; 16 cores (cgroup quota; host 256); 30 GiB RAM (cgroup limit; host 1512 GiB); Linux-x86_64",2026-10-03T13:24:58+00:00,,1,0,0,2,d53c67eeb6b44cb65bde07ae41b9191b36a213fc6b4c647b0a8b09b3d585721a,0.025428,0.025428,1,1,,,,,,,,,0,0,0,nan,nan,0,0,0,0,0,0,0,0,0,781.0,781,0,0,0,0,0
gesa2,fe43df9f95b79fbceae3b4c5f8a152e9498facf5adf750f6255fe4c693af02c3,1392,1224,5064,408,optimal,"optimal within the relative gap target (2.322e+03 absolute, 9.008e-05 relative) after 104 nodes; the bound is the best open node's, the tree was not exhausted",25779856.371697906,25779856.372,25777534.191274833,2322.1804230734706,9.007732198317627e-05,1,1,1,104,210,"gomory 58: 58 accepted; mir 172: 115 accepted, 2 insufficient_violation, 55 duplicate",25476489.678122625,25773694.012384057,0.9797,3.434129,3.421057454,f2cf240,"E2E TIR C3 container, 16 vCPU 32 GB (cgroup limits), AMD EPYC 9555 64-Core Processor host, nothing else running; AMD EPYC 9555 64-Core Processor; 16 cores (cgroup quota; host 256); 30 GiB RAM (cgroup limit; host 1512 GiB); Linux-x86_64",2026-10-03T13:24:58+00:00,,1,0,0,0,,1.515575,1.516493,5,1,,,,,,,,,0,0,0,nan,nan,0,0,0,0,0,117,0,0,0,1599.9807692307693,1602,0,0,0,0,0
gesa2,fe43df9f95b79fbceae3b4c5f8a152e9498facf5adf750f6255fe4c693af02c3,1392,1224,5064,408,optimal,"optimal within the relative gap target (2.537e+03 absolute, 9.842e-05 relative) after 64 nodes; the bound is the best open node's, the tree was not exhausted",25779856.371697906,25779856.372,25777319.2055501,2537.1661478057504,9.841661300297804e-05,1,1,1,64,210,"gomory 58: 58 accepted; mir 152: 114 accepted, 2 insufficient_violation, 36 duplicate",25476489.678122625,25773983.32382825,0.9806,2.571536,2.55994713,f2cf240,"E2E TIR C3 container, 16 vCPU 32 GB (cgroup limits), AMD EPYC 9555 64-Core Processor host, nothing else running; AMD EPYC 9555 64-Core Processor; 16 cores (cgroup quota; host 256); 30 GiB RAM (cgroup limit; host 1512 GiB); Linux-x86_64",2026-10-03T13:24:58+00:00,,1,0,0,1,8fbb0eaa9d95c941db3a87e19afb7736870ae4d4f26078909aee4f4f777fae81,1.100576,1.100748,5,1,,,,,,,,,0,0,0,nan,nan,0,0,0,0,0,102,0,0,0,1598.71875,1602,0,0,0,0,0
gesa2,fe43df9f95b79fbceae3b4c5f8a152e9498facf5adf750f6255fe4c693af02c3,1392,1224,5064,408,optimal,"optimal within the relative gap target (8.863e+00 absolute, 3.438e-07 relative) after 1280 nodes; the bound is the best open node's, the tree was not exhausted",25779856.371697906,25779856.372,25779847.509096794,8.862601112574339,3.437800810366048e-07,1,1,1,1280,210,"gomory 58: 58 accepted; mir 152: 115 accepted, 1 insufficient_violation, 36 duplicate",25476489.67812262,25773731.572626438,0.9798,12.215593,12.202898452,f2cf240,"E2E TIR C3 container, 16 vCPU 32 GB (cgroup limits), AMD EPYC 9555 64-Core Processor host, nothing else running; AMD EPYC 9555 64-Core Processor; 16 cores (cgroup quota; host 256); 30 GiB RAM (cgroup limit; host 1512 GiB); Linux-x86_64",2026-10-03T13:24:58+00:00,,1,0,0,2,f0dc1df27ddb78ccf404753221461fee62e5728d365937211a8972d366721dcb,1.698539,1.778887,6,1,,,,,,,,,0,0,0,nan,nan,0,0,0,0,0,126,0,0,0,1601.8359375,1602,0,0,0,0,0
gesa2_o,cc3376d5d8b2eff2e8f819a48de7dc40cec0190d3539f654c1db54476ccb2ec2,1248,1224,3672,720,optimal,"optimal within the relative gap target (2.316e+03 absolute, 8.982e-05 relative) after 1402 nodes; the bound is the best open node's, the tree was not exhausted",25781982.603971295,25779856.372,25779666.90212746,2315.7018438354135,8.981861012809454e-05,0,0,1,1402,270,"gomory 73: 72 accepted, 1 coefficient_ratio; mir 102: 66 accepted, 2 insufficient_violation, 34 duplicate",25476489.67812262,25774607.90568061,0.9759,17.746925,17.734674267,f2cf240,"E2E TIR C3 container, 16 vCPU 32 GB (cgroup limits), AMD EPYC 9555 64-Core Processor host, nothing else running; AMD EPYC 9555 64-Core Processor; 16 cores (cgroup quota; host 256); 30 GiB RAM (cgroup limit; host 1512 GiB); Linux-x86_64",2026-10-03T13:24:58+00:00,,1,0,0,0,,3.645938,3.827586,5,1,,,,,,,,,0,0,0,nan,nan,0,0,0,0,0,194,0,0,0,1517.8074179743223,1518,0,0,0,0,0
gesa2_o,cc3376d5d8b2eff2e8f819a48de7dc40cec0190d3539f654c1db54476ccb2ec2,1248,1224,3672,720,optimal,"optimal within the relative gap target (2.520e+03 absolute, 9.775e-05 relative) after 4180 nodes; the bound is the best open node's, the tree was not exhausted",25781982.6039713,25779856.372,25779462.489869896,2520.1141014024615,9.774710270009563e-05,0,0,1,4180,270,"gomory 73: 72 accepted, 1 coefficient_ratio; mir 84: 65 accepted, 1 insufficient_violation, 18 duplicate",25476489.67812262,25768080.74224856,0.9545,33.842888,33.829953079,f2cf240,"E2E TIR C3 container, 16 vCPU 32 GB (cgroup limits), AMD EPYC 9555 64-Core Processor host, nothing else running; AMD EPYC 9555 64-Core Processor; 16 cores (cgroup quota; host 256); 30 GiB RAM (cgroup limit; host 1512 GiB); Linux-x86_64",2026-10-03T13:24:58+00:00,,1,0,0,1,4ffcdb7eab295cc12464f6ea974bdcc816f706957181ec1b5c0e8aa5e650cb83,3.192111,3.297163,9,1,,,,,,,,,0,0,0,nan,nan,0,0,0,0,0,204,0,0,0,1517.93536030644,1518,0,0,0,0,0
gesa2_o,cc3376d5d8b2eff2e8f819a48de7dc40cec0190d3539f654c1db54476ccb2ec2,1248,1224,3672,720,optimal,"optimal within the relative gap target (2.183e+03 absolute, 8.468e-05 relative) after 498 nodes; the bound is the best open node's, the tree was not exhausted",25781982.603971295,25779856.372,25779799.397630323,2183.206340972334,8.467953665580578e-05,0,0,1,498,300,"gomory 73: 72 accepted, 1 coefficient_ratio; mir 94: 67 accepted, 27 duplicate",25476489.67812262,25770261.27717023,0.9616,15.146895,15.134736646,f2cf240,"E2E TIR C3 container, 16 vCPU 32 GB (cgroup limits), AMD EPYC 9555 64-Core Processor host, nothing else running; AMD EPYC 9555 64-Core Processor; 16 cores (cgroup quota; host 256); 30 GiB RAM (cgroup limit; host 1512 GiB); Linux-x86_64",2026-10-03T13:24:58+00:00,,1,0,0,2,cbabf9e376eb338bafc1f452304cd97b1a825b7eb4bf7e2b6bafbd25d0c3723a,2.966805,3.010158,5,1,,,,,,,,,0,0,0,nan,nan,0,0,0,0,0,206,0,0,0,1547.3975903614457,1548,0,0,0,0,0
gesa3,d9eb9e9af06d1d8b4be0e16d927c782035a333517d10e67810945c75f6c61a16,1368,1152,4944,384,optimal,"optimal within the relative gap target (2.617e+03 absolute, 9.351e-05 relative) after 336 nodes; the bound is the best open node's, the tree was not exhausted",27991042.648382682,27991042.648,27988425.26355913,2617.384823553264,9.350794310995401e-05,1,1,1,336,150,"gomory 83: 81 accepted, 2 coefficient_ratio; mir 166: 87 accepted, 13 insufficient_violation, 66 duplicate",27833632.450665347,27939905.19147107,0.6751,9.123359,9.111537552,f2cf240,"E2E TIR C3 container, 16 vCPU 32 GB (cgroup limits), AMD EPYC 9555 64-Core Processor host, nothing else running; AMD EPYC 9555 64-Core Processor; 16 cores (cgroup quota; host 256); 30 GiB RAM (cgroup limit; host 1512 GiB); Linux-x86_64",2026-10-03T13:24:58+00:00,,1,0,0,0,,1.655274,1.670901,3,1,,,,,,,,,0,0,0,nan,nan,0,0,0,0,0,74,0,0,0,1517.5535714285713,1518,0,0,0,0,0
gesa3,d9eb9e9af06d1d8b4be0e16d927c782035a333517d10e67810945c75f6c61a16,1368,1152,4944,384,optimal,"optimal within the relative gap target (2.688e+03 absolute, 9.602e-05 relative) after 224 nodes; the bound is the best open node's, the tree was not exhausted",27991042.648382697,27991042.648,27988354.992164597,2687.656218100339,9.601843889354476e-05,1,1,1,224,207,"gomory 83: 81 accepted, 2 coefficient_ratio; mir 125: 81 accepted, 10 insufficient_violation, 34 duplicate",27833632.45066535,27950729.75458756,0.7439,10.029124,10.019183637,f2cf240,"E2E TIR C3 container, 16 vCPU 32 GB (cgroup limits), AMD EPYC 9555 64-Core Processor host, nothing else running; AMD EPYC 9555 64-Core Processor; 16 cores (cgroup quota; host 256); 30 GiB RAM (cgroup limit; host 1512 GiB); Linux-x86_64",2026-10-03T13:24:58+00:00,,1,0,0,1,a9c9b33bf83cab9fb190e80a7e39367c7bb92f6b3630d09dd66499d817d1c34e,0.448250,0.476355,7,1,,,,,,,,,0,0,0,nan,nan,0,0,0,0,0,113,0,0,0,1574.075892857143,1575,0,0,0,0,0
gesa3,d9eb9e9af06d1d8b4be0e16d927c782035a333517d10e67810945c75f6c61a16,1368,1152,4944,384,optimal,"optimal within the relative gap target (2.572e+03 absolute, 9.188e-05 relative) after 472 nodes; the bound is the best open node's, the tree was not exhausted",27991042.648382686,27991042.648,27988470.78894735,2571.8594353348017,9.188151608505384e-05,1,1,1,472,150,"gomory 83: 81 accepted, 2 coefficient_ratio; mir 129: 83 accepted, 10 insufficient_violation, 36 duplicate",27833632.450665332,27938334.94571412,0.6652,12.305457,12.29306729,f2cf240,"E2E TIR C3 container, 16 vCPU 32 GB (cgroup limits), AMD EPYC 9555 64-Core Processor host, nothing else running; AMD EPYC 9555 64-Core Processor; 16 cores (cgroup quota; host 256); 30 GiB RAM (cgroup limit; host 1512 GiB); Linux-x86_64",2026-10-03T13:24:58+00:00,,1,0,0,2,0591ae94d6660662233105d67125c0878d0a5af38b70c7de84229496bfc0042e,2.518231,2.580140,11,1,,,,,,,,,0,0,0,nan,nan,0,0,0,0,0,88,0,0,0,1517.6822033898304,1518,0,0,0,0,0
gesa3_o,3915238e5bee75478a297019deb7abb147856a5ad3d28e4e33153819a9666037,1224,1152,3624,672,optimal,"optimal within the relative gap target (1.738e+03 absolute, 6.210e-05 relative) after 430 nodes; the bound is the best open node's, the tree was not exhausted",27991042.64838269,27991042.648,27989304.413663138,1738.2347195520997,6.209967743565044e-05,1,1,1,430,150,"gomory 102: 92 accepted, 10 coefficient_ratio; mir 128: 58 accepted, 11 insufficient_violation, 59 duplicate",27833632.450665344,27941067.907852072,0.6825,13.459676,13.447964561,f2cf240,"E2E TIR C3 container, 16 vCPU 32 GB (cgroup limits), AMD EPYC 9555 64-Core Processor host, nothing else running; AMD EPYC 9555 64-Core Processor; 16 cores (cgroup quota; host 256); 30 GiB RAM (cgroup limit; host 1512 GiB); Linux-x86_64",2026-10-03T13:24:58+00:00,,1,0,0,0,,1.967896,2.054226,7,1,,,,,,,,,0,0,0,nan,nan,0,0,0,0,0,79,0,0,0,1373.6511627906978,1374,0,0,0,0,0
gesa3_o,3915238e5bee75478a297019deb7abb147856a5ad3d28e4e33153819a9666037,1224,1152,3624,672,optimal,,27991042.648382682,27991042.648,27991042.648382682,0.0,0.0,1,1,1,450,150,"gomory 102: 92 accepted, 10 coefficient_ratio; mir 101: 56 accepted, 12 insufficient_violation, 33 duplicate",27833632.450665344,27943145.042516354,0.6957,14.089781,14.078006748,f2cf240,"E2E TIR C3 container, 16 vCPU 32 GB (cgroup limits), AMD EPYC 9555 64-Core Processor host, nothing else running; AMD EPYC 9555 64-Core Processor; 16 cores (cgroup quota; host 256); 30 GiB RAM (cgroup limit; host 1512 GiB); Linux-x86_64",2026-10-03T13:24:58+00:00,,1,0,0,1,e4c45d617be63311c6f5ad74686c6343770ea3c467d63cc407425f068e0d2a78,2.712558,2.799125,8,1,,,,,,,,,0,0,0,nan,nan,0,0,0,0,0,84,0,0,0,1373.6666666666667,1374,0,0,0,0,0
gesa3_o,3915238e5bee75478a297019deb7abb147856a5ad3d28e4e33153819a9666037,1224,1152,3624,672,optimal,"optimal within the relative gap target (2.656e+03 absolute, 9.488e-05 relative) after 152 nodes; the bound is the best open node's, the tree was not exhausted",27991430.124332786,27991042.648,27988774.415468726,2655.7088640592992,9.487578349027287e-05,0,0,1,152,204,"gomory 102: 92 accepted, 10 coefficient_ratio; mir 94: 55 accepted, 10 insufficient_violation, 29 duplicate",27833632.45066533,27956217.31962832,0.7768,9.976361,9.96482232,f2cf240,"E2E TIR C3 container, 16 vCPU 32 GB (cgroup limits), AMD EPYC 9555 64-Core Processor host, nothing else running; AMD EPYC 9555 64-Core Processor; 16 cores (cgroup quota; host 256); 30 GiB RAM (cgroup limit; host 1512 GiB); Linux-x86_64",2026-10-03T13:24:58+00:00,,1,0,0,2,a093ea2060401e9cdc62bf3940d6811db6c4e719d20c692a576a0ef633b5b8df,3.109006,3.135279,6,1,,,,,,,,,0,0,0,nan,nan,0,0,0,0,0,113,0,0,0,1426.657894736842,1428,0,0,0,0,0
gt2,7dfdce934f95ced966a14e9eaad34023bbe966dc295589a33ac0676d810707dd,29,188,376,188,optimal,"optimal within the relative gap target (1.000e+00 absolute, 4.725e-05 relative) after 8 nodes; the bound is the best open node's, the tree was not exhausted",21166.0,21166.0,21165.0,1.0,4.72455825380327e-05,1,1,1,8,87,"gomory 11: 11 accepted; mir 11: 4 accepted, 7 duplicate; zero_half 2: 2 accepted",13460.233074411899,21164.179537527154,0.9998,0.053322,0.048183128,f2cf240,"E2E TIR C3 container, 16 vCPU 32 GB (cgroup limits), AMD EPYC 9555 64-Core Processor host, nothing else running; AMD EPYC 9555 64-Core Processor; 16 cores (cgroup quota; host 256); 30 GiB RAM (cgroup limit; host 1512 GiB); Linux-x86_64",2026-10-03T13:24:58+00:00,,1,0,0,0,,0.045027,0.045027,1,1,,,,,,,,,0,0,0,nan,nan,0,0,0,0,0,0,0,0,0,104.125,115,0,0,0,0,0
gt2,7dfdce934f95ced966a14e9eaad34023bbe966dc295589a33ac0676d810707dd,29,188,376,188,optimal,,21166.0,21166.0,21166.0,0.0,0.0,1,1,1,51,100,"gomory 11: 11 accepted; mir 11: 3 accepted, 8 duplicate; zero_half 2: 2 accepted",13460.233074411897,21157.594704006944,0.9989,0.133470,0.128397139,f2cf240,"E2E TIR C3 container, 16 vCPU 32 GB (cgroup limits), AMD EPYC 9555 64-Core Processor host, nothing else running; AMD EPYC 9555 64-Core Processor; 16 cores (cgroup quota; host 256); 30 GiB RAM (cgroup limit; host 1512 GiB); Linux-x86_64",2026-10-03T13:24:58+00:00,,1,0,0,1,d9aaace37605d553b80ba13932d3d1e032884d377a9cf72b8b8afb5e4c9940bc,0.047223,0.051475,2,1,,,,,,,,,0,0,0,nan,nan,0,0,0,0,0,60,0,0,0,126.03921568627452,128,0,0,0,0,0
gt2,7dfdce934f95ced966a14e9eaad34023bbe966dc295589a33ac0676d810707dd,29,188,376,188,optimal,"optimal within the relative gap target (1.000e+00 absolute, 4.725e-05 relative) after 3 nodes; the bound is the best open node's, the tree was not exhausted",21166.0,21166.0,21165.0,1.0,4.72455825380327e-05,1,1,1,3,95,"gomory 11: 11 accepted; mir 11: 3 accepted, 8 duplicate; zero_half 2: 2 accepted",13460.2330744119,21164.17953752713,0.9998,0.041979,0.037129109,f2cf240,"E2E TIR C3 container, 16 vCPU 32 GB (cgroup limits), AMD EPYC 9555 64-Core Processor host, nothing else running; AMD EPYC 9555 64-Core Processor; 16 cores (cgroup quota; host 256); 30 GiB RAM (cgroup limit; host 1512 GiB); Linux-x86_64",2026-10-03T13:24:58+00:00,,1,0,0,2,fbc2cc2487e15d4c4e46a535660a8273257451d3a6d123557cab8c1de6ed4130,0.033001,0.033001,1,1,,,,,,,,,0,0,0,nan,nan,0,0,0,0,0,0,0,0,0,91.33333333333333,123,0,0,0,0,0
harp2,c37a4883625984b9c73224bd819bc543a7933bdb8c3594aa7e2706e4e87031b9,112,2993,5840,2993,feasible,,-73703808.0,-73899798.0,-73963724.0,259916.0,0.00352649350220819,0,0,1,248830,83,"gomory 18: 12 accepted, 2 too_dense, 4 duplicate; mir 16: 16 accepted; zero_half 3: 1 accepted, 2 coefficient_ratio",-74325169.34513831,-74141953.7482357,0.2949,300.150749,300.002658585,f2cf240,"E2E TIR C3 container, 16 vCPU 32 GB (cgroup limits), AMD EPYC 9555 64-Core Processor host, nothing else running; AMD EPYC 9555 64-Core Processor; 16 cores (cgroup quota; host 256); 30 GiB RAM (cgroup limit; host 1512 GiB); Linux-x86_64",2026-10-03T13:24:58+00:00,,1,0,0,0,,3.688690,6.173906,8,1,,,,,,,,,0,0,0,nan,nan,0,0,0,0,0,80,0,0,0,194.99966160708098,195,0,0,0,0,0
harp2,c37a4883625984b9c73224bd819bc543a7933bdb8c3594aa7e2706e4e87031b9,112,2993,5840,2993,feasible,,-73036219.0,-73899798.0,-74008825.0,972606.0,0.013316762742058156,0,0,1,224872,81,"gomory 18: 12 accepted, 2 too_dense, 4 duplicate; mir 16: 16 accepted; zero_half 3: 1 accepted, 2 coefficient_ratio",-74325169.34513833,-74146871.03149858,0.1383,300.151250,300.00217505,f2cf240,"E2E TIR C3 container, 16 vCPU 32 GB (cgroup limits), AMD EPYC 9555 64-Core Processor host, nothing else running; AMD EPYC 9555 64-Core Processor; 16 cores (cgroup quota; host 256); 30 GiB RAM (cgroup limit; host 1512 GiB); Linux-x86_64",2026-10-03T13:24:58+00:00,,1,0,0,1,a33263b77058149949a6f18173d3163a5ea4c99125ea6031b22b941457dd33d3,10.884596,15.314847,6,1,,,,,,,,,0,0,0,nan,nan,0,0,0,0,0,77,0,0,0,192.99962106858658,193,0,0,0,0,0
harp2,c37a4883625984b9c73224bd819bc543a7933bdb8c3594aa7e2706e4e87031b9,112,2993,5840,2993,feasible,,-72951526.0,-73899798.0,-73994130.0,1042604.0,0.01429173668005245,0,0,1,222022,84,"gomory 18: 12 accepted, 2 too_dense, 4 duplicate; mir 16: 16 accepted; zero_half 3: 1 accepted, 2 coefficient_ratio",-74325169.34513831,-74139246.64903496,0.1354,300.161954,300.002185481,f2cf240,"E2E TIR C3 container, 16 vCPU 32 GB (cgroup limits), AMD EPYC 9555 64-Core Processor host, nothing else running; AMD EPYC 9555 64-Core Processor; 16 cores (cgroup quota; host 256); 30 GiB RAM (cgroup limit; host 1512 GiB); Linux-x86_64",2026-10-03T13:24:58+00:00,,1,0,0,2,4abbf2edb780234df340e01390852ac95e46f7d315bff454f94c780a90cb12d6,7.265337,13.190475,6,1,,,,,,,,,0,0,0,nan,nan,0,0,0,0,0,80,0,0,0,195.99960241203365,196,0,0,0,0,0
khb05250,951e36f03a1562d4adae3223db2026c3bba4ccd7cf38d59482298e9e7e5d0fc2,101,1350,2700,24,optimal,"optimal within the relative gap target (1.047e+04 absolute, 9.793e-05 relative) after 26 nodes; the bound is the best open node's, the tree was not exhausted",106940225.99999999,106940226.0,106929753.04831871,10472.951681271195,9.793276181472813e-05,1,1,1,26,100,"gomory 19: 18 accepted, 1 too_dense; mir 19: 3 accepted, 16 duplicate",95919464.0,106348328.98882575,0.9463,0.269315,0.262555374,f2cf240,"E2E TIR C3 container, 16 vCPU 32 GB (cgroup limits), AMD EPYC 9555 64-Core Processor host, nothing else running; AMD EPYC 9555 64-Core Processor; 16 cores (cgroup quota; host 256); 30 GiB RAM (cgroup limit; host 1512 GiB); Linux-x86_64",2026-10-03T13:24:58+00:00,,1,0,0,0,,0.104527,0.104527,1,1,,,,,,,,,0,0,0,nan,nan,0,0,0,0,0,0,0,0,0,196.15384615384616,200,0,0,0,0,0
khb05250,951e36f03a1562d4adae3223db2026c3bba4ccd7cf38d59482298e9e7e5d0fc2,101,1350,2700,24,optimal,"optimal within the relative gap target (4.330e+03 absolute, 4.049e-05 relative) after 11 nodes; the bound is the best open node's, the tree was not exhausted",106940226.0,106940226.0,106935896.44319999,4329.55680000782,4.048576444945815e-05,1,1,1,11,100,"gomory 19: 18 accepted, 1 too_dense; mir 19: 14 accepted, 5 duplicate",95919464.0,106617643.39297555,0.9707,0.146007,0.13921142,f2cf240,"E2E TIR C3 container, 16 vCPU 32 GB (cgroup limits), AMD EPYC 9555 64-Core Processor host, nothing else running; AMD EPYC 9555 64-Core Processor; 16 cores (cgroup quota; host 256); 30 GiB RAM (cgroup limit; host 1512 GiB); Linux-x86_64",2026-10-03T13:24:58+00:00,,1,0,0,1,02480ed3adc896b4d778c77ac70a1a180b7bc3582c8743c9447873b4a5d4dae0,0.057328,0.057328,1,1,,,,,,,,,0,0,0,nan,nan,0,0,0,0,0,0,0,0,0,190.9090909090909,200,0,0,0,0,0
khb05250,951e36f03a1562d4adae3223db2026c3bba4ccd7cf38d59482298e9e7e5d0fc2,101,1350,2700,24,optimal,"optimal within the relative gap target (3.967e+03 absolute, 3.710e-05 relative) after 35 nodes; the bound is the best open node's, the tree was not exhausted",106940226.0,106940226.0,106936258.57709248,3967.4229075163603,3.70994438287082e-05,1,1,1,35,45,"gomory 19: 18 accepted, 1 too_dense; mir 19: 2 accepted, 17 duplicate",95919464.00000001,105667105.76799026,0.8845,0.172012,0.165514997,f2cf240,"E2E TIR C3 container, 16 vCPU 32 GB (cgroup limits), AMD EPYC 9555 64-Core Processor host, nothing else running; AMD EPYC 9555 64-Core Processor; 16 cores (cgroup quota; host 256); 30 GiB RAM (cgroup limit; host 1512 GiB); Linux-x86_64",2026-10-03T13:24:58+00:00,,1,0,0,2,b6cb787e2e367419f19f919d6cdb814181dfd74762ffd7413805080bc744f25f,0.042602,0.042602,1,1,,,,,,,,,0,0,0,nan,nan,0,0,0,0,0,0,0,0,0,143.71428571428572,145,0,0,0,0,0
l152lav,c797f70b0b84f34653686c9914a7842872a9c39330a9ec127d1db6b367241034,97,1989,9922,1989,optimal,,4722.0,4722.0,4722.0,0.0,0.0,1,1,1,157,79,"gomory 5: 5 accepted; clique 1: 1 accepted; zero_half 37: 20 accepted, 17 too_dense",4656.363636363636,4664.289452395768,0.1208,2.811166,2.798030512,f2cf240,"E2E TIR C3 container, 16 vCPU 32 GB (cgroup limits), AMD EPYC 9555 64-Core Processor host, nothing else running; AMD EPYC 9555 64-Core Processor; 16 cores (cgroup quota; host 256); 30 GiB RAM (cgroup limit; host 1512 GiB); Linux-x86_64",2026-10-03T13:24:58+00:00,,1,0,0,0,,0.951578,0.951578,1,1,,,,,,,,,0,0,0,nan,nan,0,0,0,0,0,69,0,0,0,175.4968152866242,176,0,0,0,0,2
l152lav,c797f70b0b84f34653686c9914a7842872a9c39330a9ec127d1db6b367241034,97,1989,9922,1989,optimal,,4722.0,4722.0,4722.0,0.0,0.0,1,1,1,145,67,"gomory 1: 1 accepted; mir 1: 1 too_dense; zero_half 39: 38 accepted, 1 too_dense",4656.363636363636,4665.187916270219,0.1344,2.858115,2.845046852,f2cf240,"E2E TIR C3 container, 16 vCPU 32 GB (cgroup limits), AMD EPYC 9555 64-Core Processor host, nothing else running; AMD EPYC 9555 64-Core Processor; 16 cores (cgroup quota; host 256); 30 GiB RAM (cgroup limit; host 1512 GiB); Linux-x86_64",2026-10-03T13:24:58+00:00,,1,0,0,1,0a5912650b87d05663f5eb8defc26a54042bb3e5f22e3647bc48f1ad2c43de40,1.191848,1.193630,2,1,,,,,,,,,0,0,0,nan,nan,0,0,0,0,0,58,0,0,0,163.53793103448277,164,0,0,0,0,0
l152lav,c797f70b0b84f34653686c9914a7842872a9c39330a9ec127d1db6b367241034,97,1989,9922,1989,optimal,,4722.0,4722.0,4722.0,0.0,0.0,1,1,1,232,65,"gomory 8: 6 accepted, 2 too_dense; zero_half 49: 21 accepted, 28 too_dense",4656.363636363635,4662.631524936719,0.0955,3.509960,3.495842076,f2cf240,"E2E TIR C3 container, 16 vCPU 32 GB (cgroup limits), AMD EPYC 9555 64-Core Processor host, nothing else running; AMD EPYC 9555 64-Core Processor; 16 cores (cgroup quota; host 256); 30 GiB RAM (cgroup limit; host 1512 GiB); Linux-x86_64",2026-10-03T13:24:58+00:00,,1,0,0,2,d37ff637c0d1441d9d3e42fdac9b595d4b4de125c0a7d3a2365692b50fb510a7,0.775168,0.777030,2,1,,,,,,,,,0,0,0,nan,nan,0,0,0,0,0,62,0,0,0,161.7198275862069,162,0,0,0,0,0
lseu,00416576ed4adac15b62b1982cb7be9d7dcb2d6505067dd8396183ff1eac3dab,28,89,309,89,optimal,,1120.0,1120.0,1120.0,0.0,0.0,1,1,1,162,100,gomory 7: 7 accepted; cover 1: 1 accepted; mir 8: 8 accepted; zero_half 4: 4 accepted,834.6823529411764,1057.1578930396158,0.7797,0.298070,0.293096072,f2cf240,"E2E TIR C3 container, 16 vCPU 32 GB (cgroup limits), AMD EPYC 9555 64-Core Processor host, nothing else running; AMD EPYC 9555 64-Core Processor; 16 cores (cgroup quota; host 256); 30 GiB RAM (cgroup limit; host 1512 GiB); Linux-x86_64",2026-10-03T13:24:58+00:00,,1,0,0,0,,0.076007,0.080124,3,1,,,,,,,,,0,0,0,nan,nan,0,0,0,0,0,74,0,0,0,127.38271604938272,128,0,0,0,0,0
lseu,00416576ed4adac15b62b1982cb7be9d7dcb2d6505067dd8396183ff1eac3dab,28,89,309,89,optimal,,1120.0,1120.0,1120.0,0.0,0.0,1,1,1,56,100,gomory 6: 6 accepted; cover 1: 1 accepted; mir 8: 8 accepted; zero_half 5: 5 accepted,834.6823529411764,1093.9187307311015,0.9086,0.185745,0.181010126,f2cf240,"E2E TIR C3 container, 16 vCPU 32 GB (cgroup limits), AMD EPYC 9555 64-Core Processor host, nothing else running; AMD EPYC 9555 64-Core Processor; 16 cores (cgroup quota; host 256); 30 GiB RAM (cgroup limit; host 1512 GiB); Linux-x86_64",2026-10-03T13:24:58+00:00,,1,0,0,1,51ab65c713f141ad8cab2649cbe8665bd8d2805dd5bbbd9cea2f239ace213ab6,0.078410,0.094299,3,1,,,,,,,,,0,0,0,nan,nan,0,0,0,0,0,62,0,0,0,126.21428571428571,128,0,0,0,0,0
lseu,00416576ed4adac15b62b1982cb7be9d7dcb2d6505067dd8396183ff1eac3dab,28,89,309,89,optimal,,1120.0,1120.0,1120.0,0.0,0.0,1,1,1,208,100,gomory 7: 7 accepted; cover 1: 1 accepted; mir 8: 8 accepted; zero_half 4: 4 accepted,834.6823529411764,1053.1442024289943,0.7657,0.303623,0.298100145,f2cf240,"E2E TIR C3 container, 16 vCPU 32 GB (cgroup limits), AMD EPYC 9555 64-Core Processor host, nothing else running; AMD EPYC 9555 64-Core Processor; 16 cores (cgroup quota; host 256); 30 GiB RAM (cgroup limit; host 1512 GiB); Linux-x86_64",2026-10-03T13:24:58+00:00,,1,0,0,2,2f936cf4023f3fa699a5e1339c796364a8fe6fdcd3fc12a97734ad22a11c7fb9,0.043784,0.049294,3,1,,,,,,,,,0,0,0,nan,nan,0,0,0,0,0,77,0,0,0,127.51456310679612,128,0,0,0,0,0
misc06,4787c15a414b4d07d14400a52be6f1fd3789b87488c645657fa934d8781be454,820,1808,5859,112,optimal,"optimal within the relative gap target (1.194e+00 absolute, 9.290e-05 relative) after 17 nodes; the bound is the best open node's, the tree was not exhausted",12850.860737382538,12850.8607,12849.666859852272,1.193877530266036,9.290253428652476e-05,1,1,1,17,20,gomory 9: 9 accepted,12841.689392254766,12845.327855381578,0.3967,0.497907,0.489560152,f2cf240,"E2E TIR C3 container, 16 vCPU 32 GB (cgroup limits), AMD EPYC 9555 64-Core Processor host, nothing else running; AMD EPYC 9555 64-Core Processor; 16 cores (cgroup quota; host 256); 30 GiB RAM (cgroup limit; host 1512 GiB); Linux-x86_64",2026-10-03T13:24:58+00:00,,1,0,0,0,,0.268938,0.268963,2,1,,,,,,,,,0,0,0,nan,nan,0,0,0,0,0,0,0,0,0,745.8235294117648,747,0,0,0,0,0
misc06,4787c15a414b4d07d14400a52be6f1fd3789b87488c645657fa934d8781be454,820,1808,5859,112,optimal,"optimal within the relative gap target (1.194e+00 absolute, 9.290e-05 relative) after 17 nodes; the bound is the best open node's, the tree was not exhausted",12850.86073738254,12850.8607,12849.666859852778,1.193877529762176,9.290253424731647e-05,1,1,1,17,22,gomory 9: 9 accepted,12841.689392254773,12845.327855381067,0.3967,0.557952,0.547684975,f2cf240,"E2E TIR C3 container, 16 vCPU 32 GB (cgroup limits), AMD EPYC 9555 64-Core Processor host, nothing else running; AMD EPYC 9555 64-Core Processor; 16 cores (cgroup quota; host 256); 30 GiB RAM (cgroup limit; host 1512 GiB); Linux-x86_64",2026-10-03T13:24:58+00:00,,1,0,0,1,aaa5bfbd7b1ad889dba32cbed67c1fbbb03082e045fdd7bef18609afce320b3b,0.259448,0.259520,2,1,,,,,,,,,0,0,0,nan,nan,0,0,0,0,0,0,0,0,0,755.7058823529412,757,0,0,0,0,0
misc06,4787c15a414b4d07d14400a52be6f1fd3789b87488c645657fa934d8781be454,820,1808,5859,112,optimal,"optimal within the relative gap target (1.152e+00 absolute, 8.965e-05 relative) after 20 nodes; the bound is the best open node's, the tree was not exhausted",12851.076291564139,12850.8607,12849.924170731689,1.1521208324502368,8.965169969510849e-05,0,0,1,20,23,gomory 9: 9 accepted; mir 1: 1 accepted,12841.689392254775,12845.447991728694,0.4004,0.607148,0.598167357,f2cf240,"E2E TIR C3 container, 16 vCPU 32 GB (cgroup limits), AMD EPYC 9555 64-Core Processor host, nothing else running; AMD EPYC 9555 64-Core Processor; 16 cores (cgroup quota; host 256); 30 GiB RAM (cgroup limit; host 1512 GiB); Linux-x86_64",2026-10-03T13:24:58+00:00,,1,0,0,2,69523bffcf79bdb50fac80705f853637c9abb17b5395803e7cfe6cd1ea969462,0.244523,0.244631,3,1,,,,,,,,,0,0,0,nan,nan,0,0,0,0,0,0,0,0,0,756.85,758,0,0,0,0,0
misc07,1535ed1b59d2f91e17fe340fbebb6dd0b66bb6a837356e4ce9e5acb58be3be1d,212,260,8619,259,optimal,,2810.0,2810.0,2810.0,0.0,0.0,1,1,1,58993,213,"gomory 16: 12 accepted, 1 too_dense, 3 duplicate; zero_half 31: 31 accepted",1415.0,1464.880952380952,0.0358,133.696344,133.68494062,f2cf240,"E2E TIR C3 container, 16 vCPU 32 GB (cgroup limits), AMD EPYC 9555 64-Core Processor host, nothing else running; AMD EPYC 9555 64-Core Processor; 16 cores (cgroup quota; host 256); 30 GiB RAM (cgroup limit; host 1512 GiB); Linux-x86_64",2026-10-03T13:24:58+00:00,,1,0,0,0,,0.854170,2.507783,9,1,,,,,,,,,0,0,0,nan,nan,0,0,0,0,0,212,0,0,0,425.9962384770247,426,0,0,0,0,0
misc07,1535ed1b59d2f91e17fe340fbebb6dd0b66bb6a837356e4ce9e5acb58be3be1d,212,260,8619,259,optimal,,2810.0,2810.0,2810.0,0.0,0.0,1,1,1,37308,213,"gomory 18: 10 accepted, 8 too_dense; zero_half 20: 19 accepted, 1 too_dense",1415.0,1462.8571428571427,0.0343,90.582309,90.571211055,f2cf240,"E2E TIR C3 container, 16 vCPU 32 GB (cgroup limits), AMD EPYC 9555 64-Core Processor host, nothing else running; AMD EPYC 9555 64-Core Processor; 16 cores (cgroup quota; host 256); 30 GiB RAM (cgroup limit; host 1512 GiB); Linux-x86_64",2026-10-03T13:24:58+00:00,,1,0,0,1,17c8f1c3888a5a61aab5f7396be61e51c86671a241f5e0b9f5fba97d61543710,0.521458,1.880329,8,1,,,,,,,,,0,0,0,nan,nan,0,0,0,0,0,212,0,0,0,425.9939637826962,426,0,0,0,0,0
misc07,1535ed1b59d2f91e17fe340fbebb6dd0b66bb6a837356e4ce9e5acb58be3be1d,212,260,8619,259,optimal,,2810.0,2810.0,2810.0,0.0,0.0,1,1,1,40082,214,"gomory 23: 14 accepted, 3 too_dense, 6 duplicate; zero_half 131: 86 accepted, 45 too_dense",1415.0,1470.3246753246747,0.0397,100.948922,100.938665776,f2cf240,"E2E TIR C3 container, 16 vCPU 32 GB (cgroup limits), AMD EPYC 9555 64-Core Processor host, nothing else running; AMD EPYC 9555 64-Core Processor; 16 cores (cgroup quota; host 256); 30 GiB RAM (cgroup limit; host 1512 GiB); Linux-x86_64",2026-10-03T13:24:58+00:00,,1,0,0,2,baf77a4b21eef6aeba368f6247acec6a0a195248836d7403d8d58e78652cf360,0.644084,1.226227,6,1,,,,,,,,,0,0,0,nan,nan,0,0,0,0,0,211,0,0,0,427.9942959191833,428,0,0,0,0,0
mitre,8fa9e44b18b34e4a91f53c451730fad0a76e713a7f51151f9a506c728978bb30,2054,10724,39704,10724,time_limit,"stopped at the time limit of 299.997s after 300.01s, 0 iterations, 5419 nodes; no feasible point had been found when the limit stopped the search, so none is reported (the objective is the worst representable value, not a solution)",inf,115155.0,114990.0,inf,inf,0,0,,5419,90,"gomory 687: 367 accepted, 320 duplicate; mir 370: 369 accepted, 1 duplicate; zero_half 501: 501 accepted",114740.51848146168,114740.6323270736,,300.090605,300.006238347,f2cf240,"E2E TIR C3 container, 16 vCPU 32 GB (cgroup limits), AMD EPYC 9555 64-Core Processor host, nothing else running; AMD EPYC 9555 64-Core Processor; 16 cores (cgroup quota; host 256); 30 GiB RAM (cgroup limit; host 1512 GiB); Linux-x86_64",2026-10-03T13:24:58+00:00,,1,0,0,0,,,300.006238,0,0,,,,,,,,,0,0,0,nan,nan,0,0,0,0,0,63,0,0,0,1758.9752679307503,1759,0,0,0,0,0
mitre,8fa9e44b18b34e4a91f53c451730fad0a76e713a7f51151f9a506c728978bb30,2054,10724,39704,10724,time_limit,"stopped at the time limit of 299.997s after 300.01s, 0 iterations, 5167 nodes; no feasible point had been found when the limit stopped the search, so none is reported (the objective is the worst representable value, not a solution)",inf,115155.0,115005.0,inf,inf,0,0,,5167,90,"gomory 662: 356 accepted, 306 duplicate; mir 364: 364 accepted; zero_half 496: 496 accepted",114740.51848146174,114740.63232707357,,300.107066,300.011931778,f2cf240,"E2E TIR C3 container, 16 vCPU 32 GB (cgroup limits), AMD EPYC 9555 64-Core Processor host, nothing else running; AMD EPYC 9555 64-Core Processor; 16 cores (cgroup quota; host 256); 30 GiB RAM (cgroup limit; host 1512 GiB); Linux-x86_64",2026-10-03T13:24:58+00:00,,1,0,0,1,a2e77c70fe354d9a0a9d203d69f01e86c9401d313ae747a8a31dce916b19cf27,,300.011932,0,0,,,,,,,,,0,0,0,nan,nan,0,0,0,0,0,64,0,0,0,1758.97510373444,1759,0,0,0,0,0
mitre,8fa9e44b18b34e4a91f53c451730fad0a76e713a7f51151f9a506c728978bb30,2054,10724,39704,10724,time_limit,"stopped at the time limit of 299.997s after 300.00s, 0 iterations, 4879 nodes; no feasible point had been found when the limit stopped the search, so none is reported (the objective is the worst representable value, not a solution)",inf,115155.0,114990.0,inf,inf,0,0,,4879,90,"gomory 674: 366 accepted, 308 duplicate; mir 363: 363 accepted; zero_half 479: 479 accepted",114740.51848146171,114740.63232707356,,300.082220,299.999392205,f2cf240,"E2E TIR C3 container, 16 vCPU 32 GB (cgroup limits), AMD EPYC 9555 64-Core Processor host, nothing else running; AMD EPYC 9555 64-Core Processor; 16 cores (cgroup quota; host 256); 30 GiB RAM (cgroup limit; host 1512 GiB); Linux-x86_64",2026-10-03T13:24:58+00:00,,1,0,0,2,fca1f94b33a1a79737732ccb18df0924e6c7e9b76503fd4498d7a42589b4aa4f,,299.999392,0,0,,,,,,,,,0,0,0,nan,nan,0,0,0,0,0,63,0,0,0,1758.9737762237762,1759,0,0,0,0,0
mod008,5a08fe11b87bfe51f55e5537f5e8d0ad0e5fecbc57710a5b58c48a5f10a8e993,6,319,1243,319,optimal,,307.0,307.0,307.0,0.0,0.0,1,1,1,11798,4,"gomory 5: 2 accepted, 3 too_dense; mir 5: 3 accepted, 2 too_dense",290.9310727149689,291.3443377745079,0.0257,1.150582,1.143806049,f2cf240,"E2E TIR C3 container, 16 vCPU 32 GB (cgroup limits), AMD EPYC 9555 64-Core Processor host, nothing else running; AMD EPYC 9555 64-Core Processor; 16 cores (cgroup quota; host 256); 30 GiB RAM (cgroup limit; host 1512 GiB); Linux-x86_64",2026-10-03T13:24:58+00:00,,1,0,0,0,,0.003578,0.003663,2,1,,,,,,,,,0,0,0,nan,nan,0,0,0,0,0,4,0,0,0,9.99966095948466,10,0,0,0,0,0
mod008,5a08fe11b87bfe51f55e5537f5e8d0ad0e5fecbc57710a5b58c48a5f10a8e993,6,319,1243,319,optimal,,307.0,307.0,307.0,0.0,0.0,1,1,1,9256,4,"gomory 5: 2 accepted, 3 too_dense; mir 5: 3 accepted, 2 too_dense",290.9310727149688,291.34433777450795,0.0257,0.946769,0.940754552,f2cf240,"E2E TIR C3 container, 16 vCPU 32 GB (cgroup limits), AMD EPYC 9555 64-Core Processor host, nothing else running; AMD EPYC 9555 64-Core Processor; 16 cores (cgroup quota; host 256); 30 GiB RAM (cgroup limit; host 1512 GiB); Linux-x86_64",2026-10-03T13:24:58+00:00,,1,0,0,1,b55df186b6ff232ca298a98a549526446f5a4d1cab3dbe134b6930a21f1566d2,0.003611,0.003698,2,1,,,,,,,,,0,0,0,nan,nan,0,0,0,0,0,3,0,0,0,9.999567847882455,10,0,0,0,0,0
mod008,5a08fe11b87bfe51f55e5537f5e8d0ad0e5fecbc57710a5b58c48a5f10a8e993,6,319,1243,319,optimal,,307.0,307.0,307.0,0.0,0.0,1,1,1,11796,4,"gomory 5: 2 accepted, 3 too_dense; mir 5: 3 accepted, 2 too_dense",290.9310727149689,291.3443377745079,0.0257,1.166825,1.160943214,f2cf240,"E2E TIR C3 container, 16 vCPU 32 GB (cgroup limits), AMD EPYC 9555 64-Core Processor host, nothing else running; AMD EPYC 9555 64-Core Processor; 16 cores (cgroup quota; host 256); 30 GiB RAM (cgroup limit; host 1512 GiB); Linux-x86_64",2026-10-03T13:24:58+00:00,,1,0,0,2,360b21ccff92f8c6dd83855bb7c50da29840ab37260eccf22a1ee8e8bce522c5,0.003609,0.003695,2,1,,,,,,,,,0,0,0,nan,nan,0,0,0,0,0,4,0,0,0,9.999660902000679,10,0,0,0,0,0
mod010,62c3f77a72a8077694aef82644e3d601f435d1bb33acd1984fcd7238c8cf3b4b,146,2655,11203,2655,optimal,,6547.999999999997,6548.0,6547.999999999997,0.0,0.0,1,1,1,5,43,"gomory 14: 7 accepted, 7 too_dense; cover 1: 1 accepted; mir 1: 1 accepted; zero_half 17: 13 accepted, 4 too_dense",6532.083333333331,6546.666666666665,0.9162,0.628706,0.615941654,f2cf240,"E2E TIR C3 container, 16 vCPU 32 GB (cgroup limits), AMD EPYC 9555 64-Core Processor host, nothing else running; AMD EPYC 9555 64-Core Processor; 16 cores (cgroup quota; host 256); 30 GiB RAM (cgroup limit; host 1512 GiB); Linux-x86_64",2026-10-03T13:24:58+00:00,,1,0,0,0,,0.596560,0.596575,4,1,,,,,,,,,0,0,0,nan,nan,0,0,0,0,0,0,0,0,0,180.4,189,0,0,0,0,0
mod010,62c3f77a72a8077694aef82644e3d601f435d1bb33acd1984fcd7238c8cf3b4b,146,2655,11203,2655,optimal,,6547.9999999999945,6548.0,6547.9999999999945,0.0,0.0,1,1,1,1,15,gomory 2: 2 accepted; cover 1: 1 accepted; mir 1: 1 accepted; zero_half 23: 23 accepted,6532.083333333331,6547.9999999999945,1.0000,0.546560,0.534093395,f2cf240,"E2E TIR C3 container, 16 vCPU 32 GB (cgroup limits), AMD EPYC 9555 64-Core Processor host, nothing else running; AMD EPYC 9555 64-Core Processor; 16 cores (cgroup quota; host 256); 30 GiB RAM (cgroup limit; host 1512 GiB); Linux-x86_64",2026-10-03T13:24:58+00:00,,1,0,0,1,37d40c2f55e66c6373fe3e9909ef7c40f3e046202315187d08ee90dafa7bdb53,0.534573,0.534573,2,1,,,,,,,,,0,0,0,nan,nan,0,0,0,0,0,0,0,0,0,146.0,146,0,0,0,0,0
mod010,62c3f77a72a8077694aef82644e3d601f435d1bb33acd1984fcd7238c8cf3b4b,146,2655,11203,2655,optimal,,6548.0,6548.0,6548.0,0.0,0.0,1,1,1,1,14,cover 1: 1 accepted; mir 1: 1 accepted; zero_half 21: 21 accepted,6532.08333333333,6548.000000000003,1.0000,0.490505,0.477948537,f2cf240,"E2E TIR C3 container, 16 vCPU 32 GB (cgroup limits), AMD EPYC 9555 64-Core Processor host, nothing else running; AMD EPYC 9555 64-Core Processor; 16 cores (cgroup quota; host 256); 30 GiB RAM (cgroup limit; host 1512 GiB); Linux-x86_64",2026-10-03T13:24:58+00:00,,1,0,0,2,6e255e9e3c1a32eb3d64ce1398271521ecb5ebe995d8f6c9cc4a80904afe0d0b,0.478387,0.478387,1,1,,,,,,,,,0,0,0,nan,nan,0,0,0,0,0,0,0,0,0,146.0,146,0,0,0,0,0
mod011,a5954bbaefc46a6398d9979da6b6900d1d9bf9080e7d2108425c81279f217535,4480,10958,22254,96,optimal,"optimal within the relative gap target (5.445e+03 absolute, 9.979e-05 relative) after 27322 nodes; the bound is the best open node's, the tree was not exhausted",-54558535.014227495,-54558535.0,-54563979.53640014,5444.522172644734,9.979230877854289e-05,1,1,1,27322,145,"gomory 16: 3 accepted, 13 coefficient_ratio; mir 12: 12 accepted",-62121982.551905,-58570197.40327784,0.4696,267.341492,267.28197402,f2cf240,"E2E TIR C3 container, 16 vCPU 32 GB (cgroup limits), AMD EPYC 9555 64-Core Processor host, nothing else running; AMD EPYC 9555 64-Core Processor; 16 cores (cgroup quota; host 256); 30 GiB RAM (cgroup limit; host 1512 GiB); Linux-x86_64",2026-10-03T13:24:58+00:00,,1,0,0,0,,3.435615,7.022074,14,1,,,,,,,,,0,0,0,nan,nan,0,0,0,0,0,139,0,0,0,3423.994692921455,3424,0,0,0,0,0
mod011,a5954bbaefc46a6398d9979da6b6900d1d9bf9080e7d2108425c81279f217535,4480,10958,22254,96,optimal,"optimal within the relative gap target (4.069e+03 absolute, 7.459e-05 relative) after 5716 nodes; the bound is the best open node's, the tree was not exhausted",-54558535.01422735,-54558535.0,-54562604.39190067,4069.3776733204722,7.458737065170998e-05,1,1,1,5716,485,"gomory 16: 3 accepted, 13 coefficient_ratio; mir 15: 15 accepted",-62121982.55190478,-57937857.265263915,0.5532,191.052880,190.98515709,f2cf240,"E2E TIR C3 container, 16 vCPU 32 GB (cgroup limits), AMD EPYC 9555 64-Core Processor host, nothing else running; AMD EPYC 9555 64-Core Processor; 16 cores (cgroup quota; host 256); 30 GiB RAM (cgroup limit; host 1512 GiB); Linux-x86_64",2026-10-03T13:24:58+00:00,,1,0,0,1,5dfa909118393a79aae24161815bba442193201895893d908fb0058f941eaea8,7.936545,11.334104,14,1,,,,,,,,,0,0,0,nan,nan,0,0,0,0,0,366,0,0,0,3814.9151504548636,3815,0,0,0,0,0
mod011,a5954bbaefc46a6398d9979da6b6900d1d9bf9080e7d2108425c81279f217535,4480,10958,22254,96,optimal,"optimal within the relative gap target (5.408e+03 absolute, 9.912e-05 relative) after 6559 nodes; the bound is the best open node's, the tree was not exhausted",-54558535.01422727,-54558535.0,-54563942.9000272,5407.8857999295,9.91208029782926e-05,1,1,1,6559,222,"gomory 16: 3 accepted, 13 coefficient_ratio; mir 11: 11 accepted",-62121982.5519048,-58409746.58012849,0.4908,108.475713,108.416482907,f2cf240,"E2E TIR C3 container, 16 vCPU 32 GB (cgroup limits), AMD EPYC 9555 64-Core Processor host, nothing else running; AMD EPYC 9555 64-Core Processor; 16 cores (cgroup quota; host 256); 30 GiB RAM (cgroup limit; host 1512 GiB); Linux-x86_64",2026-10-03T13:24:58+00:00,,1,0,0,2,912f730ea4184a1d2f61f87e0ddfba8d5072b99de857d826e7e44bb2f36d6f84,4.655225,6.228241,10,1,,,,,,,,,0,0,0,nan,nan,0,0,0,0,0,165,0,0,0,3551.966153377039,3552,0,0,0,0,0
modglob,bca45a46c097cb66d85d8986e33c901c33c5454aa45bf6a66ed6c9559f881b4c,291,422,968,98,feasible,"stopped at the time limit of 300s after 300.00s, 0 iterations, 181808 nodes",20754632.79721766,20740508.0,20705566.03711943,49066.760098230094,0.0023641353030735344,0,0,1,181808,289,"gomory 30: 23 accepted, 3 too_dense, 4 coefficient_ratio; mir 26: 23 accepted, 3 duplicate",20430947.618853644,20675589.50312612,0.7558,300.098059,300.000867946,f2cf240,"E2E TIR C3 container, 16 vCPU 32 GB (cgroup limits), AMD EPYC 9555 64-Core Processor host, nothing else running; AMD EPYC 9555 64-Core Processor; 16 cores (cgroup quota; host 256); 30 GiB RAM (cgroup limit; host 1512 GiB); Linux-x86_64",2026-10-03T13:24:58+00:00,,1,0,0,0,,1.154821,1.366416,7,1,,,,,,,,,0,0,0,nan,nan,0,0,0,0,0,286,0,0,0,577.9984104109831,578,0,0,0,0,0
modglob,bca45a46c097cb66d85d8986e33c901c33c5454aa45bf6a66ed6c9559f881b4c,291,422,968,98,feasible,"stopped at the time limit of 300s after 300.00s, 0 iterations, 175896 nodes",20745899.925692104,20740508.0,20712670.161905423,33229.763786681,0.0016017508956325702,0,0,1,175896,289,"gomory 30: 23 accepted, 3 too_dense, 4 coefficient_ratio; mir 27: 25 accepted, 2 duplicate",20430947.618853644,20682045.52254019,0.7973,300.075904,300.000688583,f2cf240,"E2E TIR C3 container, 16 vCPU 32 GB (cgroup limits), AMD EPYC 9555 64-Core Processor host, nothing else running; AMD EPYC 9555 64-Core Processor; 16 cores (cgroup quota; host 256); 30 GiB RAM (cgroup limit; host 1512 GiB); Linux-x86_64",2026-10-03T13:24:58+00:00,,1,0,0,1,03706ee8fe69db72e2bdcf3f490b63571c4c3b59a70eff4f75aeb937b438ed17,0.911217,1.004757,14,1,,,,,,,,,0,0,0,nan,nan,0,0,0,0,0,277,0,0,0,577.9983569836721,578,0,0,0,0,0
modglob,bca45a46c097cb66d85d8986e33c901c33c5454aa45bf6a66ed6c9559f881b4c,291,422,968,98,feasible,,20752343.78207969,20740508.0,20717776.97367394,34566.8084057495,0.001665682140231266,0,0,1,180102,289,"gomory 30: 23 accepted, 3 too_dense, 4 coefficient_ratio; mir 27: 26 accepted, 1 duplicate",20430947.61885365,20681674.80604961,0.7801,300.076108,300.000823049,f2cf240,"E2E TIR C3 container, 16 vCPU 32 GB (cgroup limits), AMD EPYC 9555 64-Core Processor host, nothing else running; AMD EPYC 9555 64-Core Processor; 16 cores (cgroup quota; host 256); 30 GiB RAM (cgroup limit; host 1512 GiB); Linux-x86_64",2026-10-03T13:24:58+00:00,,1,0,0,2,2ea3ee7fb0f6d4100621f087799e818d16d985e9c247b2ddcf6549dbffc162a0,0.185731,0.375143,11,1,,,,,,,,,0,0,0,nan,nan,0,0,0,0,0,282,0,0,0,577.998395353744,578,0,0,0,0,0
noswot,84a417e417b8b3f74f922dccf9eef6cc4b69c0010eb3a49e516d24225b65f8cc,182,128,735,100,feasible,,-41.0,-41.00000885,-43.0,2.0,0.04878048780487805,1,0,1,566757,70,"gomory 19: 19 accepted; mir 26: 14 accepted, 12 duplicate",-43.0,-43.0,0.0000,300.224568,300.005409611,f2cf240,"E2E TIR C3 container, 16 vCPU 32 GB (cgroup limits), AMD EPYC 9555 64-Core Processor host, nothing else running; AMD EPYC 9555 64-Core Processor; 16 cores (cgroup quota; host 256); 30 GiB RAM (cgroup limit; host 1512 GiB); Linux-x86_64",2026-10-03T13:24:58+00:00,,1,0,0,0,,1.132755,4.025581,9,1,,,,,,,,,0,0,0,nan,nan,0,0,0,0,0,70,0,0,0,252.9998686321795,253,0,0,0,0,0
noswot,84a417e417b8b3f74f922dccf9eef6cc4b69c0010eb3a49e516d24225b65f8cc,182,128,735,100,feasible,,-40.0,-41.00000885,-43.0,3.0,0.075,0,0,1,588427,73,"gomory 23: 23 accepted; mir 19: 9 accepted, 10 duplicate",-43.0,-43.0,0.0000,300.246424,300.005910358,f2cf240,"E2E TIR C3 container, 16 vCPU 32 GB (cgroup limits), AMD EPYC 9555 64-Core Processor host, nothing else running; AMD EPYC 9555 64-Core Processor; 16 cores (cgroup quota; host 256); 30 GiB RAM (cgroup limit; host 1512 GiB); Linux-x86_64",2026-10-03T13:24:58+00:00,,1,0,0,1,f0513af9c8b5f7dd2b56d1a31c2dbe905450d10f12b57f7ae2df03c1c75415ae,0.824375,8.712677,6,1,,,,,,,,,0,0,0,nan,nan,0,0,0,0,0,73,0,0,0,255.99986953242566,256,0,0,0,0,0
noswot,84a417e417b8b3f74f922dccf9eef6cc4b69c0010eb3a49e516d24225b65f8cc,182,128,735,100,feasible,,-41.0,-41.00000885,-43.0,2.0,0.04878048780487805,1,0,1,569510,90,"gomory 31: 31 accepted; mir 29: 16 accepted, 13 duplicate",-43.0,-42.99999999999999,0.0000,300.243753,300.005477323,f2cf240,"E2E TIR C3 container, 16 vCPU 32 GB (cgroup limits), AMD EPYC 9555 64-Core Processor host, nothing else running; AMD EPYC 9555 64-Core Processor; 16 cores (cgroup quota; host 256); 30 GiB RAM (cgroup limit; host 1512 GiB); Linux-x86_64",2026-10-03T13:24:58+00:00,,1,0,0,2,b24b148cc16a95c3921a376b9b76972e8edd6392d2487198d84caf8543c06f89,0.693718,9.595898,6,1,,,,,,,,,0,0,0,nan,nan,0,0,0,0,0,90,0,0,0,272.99982922816827,273,0,0,0,0,0
nw04,d860a0ec0684bdfc131171a16c59d298c1d31da1e02d5f9053762d6970b33a6d,36,87482,636666,87482,optimal,,16862.0,16862.0,16862.0,0.0,0.0,1,1,1,1017,54,zero_half 22: 22 accepted,16310.666666666666,16324.666666666666,0.0254,246.655778,245.606355213,f2cf240,"E2E TIR C3 container, 16 vCPU 32 GB (cgroup limits), AMD EPYC 9555 64-Core Processor host, nothing else running; AMD EPYC 9555 64-Core Processor; 16 cores (cgroup quota; host 256); 30 GiB RAM (cgroup limit; host 1512 GiB); Linux-x86_64",2026-10-03T13:24:58+00:00,,1,0,0,0,,44.612964,46.049248,15,1,,,,,,,,,0,0,0,nan,nan,0,0,0,0,0,51,0,0,0,89.94578313253012,90,0,0,0,0,0
nw04,d860a0ec0684bdfc131171a16c59d298c1d31da1e02d5f9053762d6970b33a6d,36,87482,636666,87482,optimal,,16862.0,16862.0,16862.0,0.0,0.0,1,1,1,877,45,"zero_half 26: 22 accepted, 4 too_dense",16310.666666666666,16313.333333333334,0.0048,243.839102,242.724267696,f2cf240,"E2E TIR C3 container, 16 vCPU 32 GB (cgroup limits), AMD EPYC 9555 64-Core Processor host, nothing else running; AMD EPYC 9555 64-Core Processor; 16 cores (cgroup quota; host 256); 30 GiB RAM (cgroup limit; host 1512 GiB); Linux-x86_64",2026-10-03T13:24:58+00:00,,1,0,0,1,b6e0d61c2f758a662ef1a85bb17f2d23c06593f90b86e1c144a6f2b651c23181,41.839262,42.740857,3,1,,,,,,,,,0,0,0,nan,nan,0,0,0,0,0,40,0,0,0,80.94687131050767,81,0,0,0,0,0
nw04,d860a0ec0684bdfc131171a16c59d298c1d31da1e02d5f9053762d6970b33a6d,36,87482,636666,87482,optimal,,16862.0,16862.0,16862.0,0.0,0.0,1,1,1,738,35,zero_half 8: 8 accepted,16310.666666666664,16313.555555555555,0.0052,232.455262,231.679557312,f2cf240,"E2E TIR C3 container, 16 vCPU 32 GB (cgroup limits), AMD EPYC 9555 64-Core Processor host, nothing else running; AMD EPYC 9555 64-Core Processor; 16 cores (cgroup quota; host 256); 30 GiB RAM (cgroup limit; host 1512 GiB); Linux-x86_64",2026-10-03T13:24:58+00:00,,1,0,0,2,34afb73f7eea5c0b5271d161ec796c2154948b9b3165505919de783681b129b0,43.658188,44.978344,6,1,,,,,,,,,0,0,0,nan,nan,0,0,0,0,0,31,0,0,0,70.95165745856353,71,0,0,0,0,0
p0033,8ccff819023237c79ef32e238a5da9348725ce9a4425d48888baf3a0b3b42628,16,33,98,33,optimal,,3088.999999999998,3089.0,3088.999999999998,0.0,0.0,1,1,1,3,100,"gomory 7: 7 accepted; cover 1: 1 accepted; mir 9: 6 accepted, 3 duplicate; zero_half 3: 3 accepted",2520.571739130435,3087.5177097504593,0.9974,0.019856,0.014772168,f2cf240,"E2E TIR C3 container, 16 vCPU 32 GB (cgroup limits), AMD EPYC 9555 64-Core Processor host, nothing else running; AMD EPYC 9555 64-Core Processor; 16 cores (cgroup quota; host 256); 30 GiB RAM (cgroup limit; host 1512 GiB); Linux-x86_64",2026-10-03T13:24:58+00:00,,1,0,0,0,,0.008656,0.008656,2,1,,,,,,,,,0,0,0,nan,nan,0,0,0,0,0,0,0,0,0,81.66666666666667,115,0,0,0,0,0
p0033,8ccff819023237c79ef32e238a5da9348725ce9a4425d48888baf3a0b3b42628,16,33,98,33,optimal,,3089.0,3089.0,3089.0,0.0,0.0,1,1,1,5,100,"gomory 7: 7 accepted; cover 1: 1 accepted; mir 9: 5 accepted, 4 duplicate; zero_half 4: 4 accepted",2520.571739130435,3080.743749970866,0.9855,0.028681,0.024142503,f2cf240,"E2E TIR C3 container, 16 vCPU 32 GB (cgroup limits), AMD EPYC 9555 64-Core Processor host, nothing else running; AMD EPYC 9555 64-Core Processor; 16 cores (cgroup quota; host 256); 30 GiB RAM (cgroup limit; host 1512 GiB); Linux-x86_64",2026-10-03T13:24:58+00:00,,1,0,0,1,d7307ab6b0de6a7b5ab2911f142923a5912911393ed2e7b0046e1829b0f0e9ae,0.018717,0.018728,2,1,,,,,,,,,0,0,0,nan,nan,0,0,0,0,0,0,0,0,0,95.0,115,0,0,0,0,0
p0033,8ccff819023237c79ef32e238a5da9348725ce9a4425d48888baf3a0b3b42628,16,33,98,33,optimal,,3088.9999999999995,3089.0,3088.9999999999995,0.0,0.0,1,1,1,3,100,"gomory 7: 7 accepted; cover 1: 1 accepted; mir 8: 4 accepted, 4 duplicate; zero_half 1: 1 accepted",2520.571739130435,3083.747693535047,0.9908,0.021662,0.016653795,f2cf240,"E2E TIR C3 container, 16 vCPU 32 GB (cgroup limits), AMD EPYC 9555 64-Core Processor host, nothing else running; AMD EPYC 9555 64-Core Processor; 16 cores (cgroup quota; host 256); 30 GiB RAM (cgroup limit; host 1512 GiB); Linux-x86_64",2026-10-03T13:24:58+00:00,,1,0,0,2,f1f5eb691e785b236ebb9da4b0fc2d4cdaa733734ae5c6dae7a824e988bd35f1,0.010640,0.010643,2,1,,,,,,,,,0,0,0,nan,nan,0,0,0,0,0,0,0,0,0,81.66666666666667,115,0,0,0,0,0
p0201,8352d7f121289185f443fdc67080fa9de01e5b9bf11b0bf41087fba4277c07a4,133,201,1923,201,optimal,,7614.999999999998,7615.0,7614.999999999998,0.0,0.0,1,1,1,321,37,"gomory 20: 16 accepted, 4 duplicate; mir 10: 10 accepted; zero_half 73: 73 accepted",6875.000000000001,7225.000000000003,0.4730,1.494717,1.488802461,f2cf240,"E2E TIR C3 container, 16 vCPU 32 GB (cgroup limits), AMD EPYC 9555 64-Core Processor host, nothing else running; AMD EPYC 9555 64-Core Processor; 16 cores (cgroup quota; host 256); 30 GiB RAM (cgroup limit; host 1512 GiB); Linux-x86_64",2026-10-03T13:24:58+00:00,,1,0,0,0,,0.141778,0.292979,12,1,,,,,,,,,0,0,0,nan,nan,0,0,0,0,0,16,0,0,0,171.8847352024922,172,0,0,0,0,0
p0201,8352d7f121289185f443fdc67080fa9de01e5b9bf11b0bf41087fba4277c07a4,133,201,1923,201,optimal,,7615.0,7615.0,7615.0,0.0,0.0,1,1,1,289,55,"gomory 18: 17 accepted, 1 duplicate; mir 10: 10 accepted; zero_half 90: 90 accepted",6875.000000000001,7304.999999999998,0.5811,1.562516,1.556553091,f2cf240,"E2E TIR C3 container, 16 vCPU 32 GB (cgroup limits), AMD EPYC 9555 64-Core Processor host, nothing else running; AMD EPYC 9555 64-Core Processor; 16 cores (cgroup quota; host 256); 30 GiB RAM (cgroup limit; host 1512 GiB); Linux-x86_64",2026-10-03T13:24:58+00:00,,1,0,0,1,51a974619a8127c0be6be68a737981de4d6bf5df5de9567c5361612e8ab729e5,0.157129,0.192926,6,1,,,,,,,,,0,0,0,nan,nan,0,0,0,0,0,38,0,0,0,189.80968858131487,190,0,0,0,0,0
p0201,8352d7f121289185f443fdc67080fa9de01e5b9bf11b0bf41087fba4277c07a4,133,201,1923,201,optimal,,7615.0,7615.0,7615.0,0.0,0.0,1,1,1,351,46,"gomory 38: 37 accepted, 1 duplicate; mir 10: 10 accepted; zero_half 95: 95 accepted",6875.0,7185.0,0.4189,1.679842,1.67350023,f2cf240,"E2E TIR C3 container, 16 vCPU 32 GB (cgroup limits), AMD EPYC 9555 64-Core Processor host, nothing else running; AMD EPYC 9555 64-Core Processor; 16 cores (cgroup quota; host 256); 30 GiB RAM (cgroup limit; host 1512 GiB); Linux-x86_64",2026-10-03T13:24:58+00:00,,1,0,0,2,f19cc4048b71fea15fbbbaa7a6d5f2a60f87e47e9a199d269b4bcedf5b425777,0.137572,0.241953,6,1,,,,,,,,,0,0,0,nan,nan,0,0,0,0,0,30,0,0,0,180.86857142857144,181,0,0,0,0,0
p0282,3bf907c6aa3cbf80de7c48ca8e71dc29f5d70f6e5fffb716502bfc5c513196a1,241,282,1966,282,optimal,"optimal within the relative gap target (2.300e+01 absolute, 8.901e-05 relative) after 170 nodes; the bound is the best open node's, the tree was not exhausted",258410.99999999985,258411.0,258388.0,22.99999999985448,8.90054989913529e-05,1,1,1,170,230,"gomory 26: 26 accepted; mir 39: 37 accepted, 2 duplicate; zero_half 27: 27 accepted",176867.50334911307,256016.05533360803,0.9706,1.299303,1.292605465,f2cf240,"E2E TIR C3 container, 16 vCPU 32 GB (cgroup limits), AMD EPYC 9555 64-Core Processor host, nothing else running; AMD EPYC 9555 64-Core Processor; 16 cores (cgroup quota; host 256); 30 GiB RAM (cgroup limit; host 1512 GiB); Linux-x86_64",2026-10-03T13:24:58+00:00,,1,0,0,0,,0.088612,0.092439,7,1,,,,,,,,,0,0,0,nan,nan,0,0,0,0,0,152,0,0,0,458.6470588235294,460,0,0,0,0,0
p0282,3bf907c6aa3cbf80de7c48ca8e71dc29f5d70f6e5fffb716502bfc5c513196a1,241,282,1966,282,optimal,"optimal within the relative gap target (2.000e+01 absolute, 7.740e-05 relative) after 61 nodes; the bound is the best open node's, the tree was not exhausted",258411.0,258411.0,258391.0,20.0,7.739608607992693e-05,1,1,1,61,232,"gomory 26: 26 accepted; mir 39: 37 accepted, 2 duplicate; zero_half 43: 43 accepted",176867.50334911313,256340.9932555113,0.9746,0.772036,0.765614963,f2cf240,"E2E TIR C3 container, 16 vCPU 32 GB (cgroup limits), AMD EPYC 9555 64-Core Processor host, nothing else running; AMD EPYC 9555 64-Core Processor; 16 cores (cgroup quota; host 256); 30 GiB RAM (cgroup limit; host 1512 GiB); Linux-x86_64",2026-10-03T13:24:58+00:00,,1,0,0,1,f84d821db8d3dc48ec3fb78d1480d469d763da0f9b1411c00e948f18fe998432,0.276898,0.277987,3,1,,,,,,,,,0,0,0,nan,nan,0,0,0,0,0,100,0,0,0,460.1967213114754,464,0,0,0,0,0
p0282,3bf907c6aa3cbf80de7c48ca8e71dc29f5d70f6e5fffb716502bfc5c513196a1,241,282,1966,282,optimal,"optimal within the relative gap target (2.400e+01 absolute, 9.288e-05 relative) after 435 nodes; the bound is the best open node's, the tree was not exhausted",258411.0,258411.0,258387.0,24.0,9.287530329591233e-05,1,1,1,435,230,"gomory 26: 26 accepted; mir 39: 37 accepted, 2 duplicate; zero_half 44: 44 accepted",176867.5033491131,255888.37006163877,0.9691,1.649657,1.643515788,f2cf240,"E2E TIR C3 container, 16 vCPU 32 GB (cgroup limits), AMD EPYC 9555 64-Core Processor host, nothing else running; AMD EPYC 9555 64-Core Processor; 16 cores (cgroup quota; host 256); 30 GiB RAM (cgroup limit; host 1512 GiB); Linux-x86_64",2026-10-03T13:24:58+00:00,,1,0,0,2,b6183ca87447cab793af91166684d642a37275cdcb15d18e52be4aab77df9258,0.721780,0.788114,5,1,,,,,,,,,0,0,0,nan,nan,0,0,0,0,0,183,0,0,0,459.4688221709007,460,0,0,0,0,0
p0548,81fa3fb1e071cac0b72649c38196c18bca7ff6d7f2f6639776dcb0daf6bcab15,176,548,1711,548,optimal,,8690.999999999996,8691.0,8690.999999999996,0.0,0.0,1,1,1,2374,166,"gomory 45: 40 accepted, 4 too_dense, 1 coefficient_ratio; mir 35: 27 accepted, 8 duplicate; clique 1: 1 accepted; zero_half 24: 24 accepted",429.6829016654418,7558.192101366836,0.8629,2.515626,2.507526105,f2cf240,"E2E TIR C3 container, 16 vCPU 32 GB (cgroup limits), AMD EPYC 9555 64-Core Processor host, nothing else running; AMD EPYC 9555 64-Core Processor; 16 cores (cgroup quota; host 256); 30 GiB RAM (cgroup limit; host 1512 GiB); Linux-x86_64",2026-10-03T13:24:58+00:00,,1,0,0,0,,0.581618,0.940981,15,1,,,,,,,,,0,0,0,nan,nan,0,0,0,0,0,123,0,0,0,331.9296908089793,332,0,0,0,0,4
p0548,81fa3fb1e071cac0b72649c38196c18bca7ff6d7f2f6639776dcb0daf6bcab15,176,548,1711,548,optimal,,8691.0,8691.0,8691.0,0.0,0.0,1,1,1,16702,166,"gomory 43: 38 accepted, 4 too_dense, 1 coefficient_ratio; mir 35: 27 accepted, 8 duplicate; clique 1: 1 accepted; zero_half 21: 21 accepted",429.6829016654419,6991.778624751262,0.7943,10.513857,10.496690656,f2cf240,"E2E TIR C3 container, 16 vCPU 32 GB (cgroup limits), AMD EPYC 9555 64-Core Processor host, nothing else running; AMD EPYC 9555 64-Core Processor; 16 cores (cgroup quota; host 256); 30 GiB RAM (cgroup limit; host 1512 GiB); Linux-x86_64",2026-10-03T13:24:58+00:00,,1,0,0,1,a92fbe30c76c8c96505cf2e3b7d39d0a8b77181afd4806eb896d02b6f87cfa10,0.644550,2.390493,13,1,,,,,,,,,0,0,0,nan,nan,0,0,0,0,0,136,0,0,0,331.99003421984753,332,0,0,0,0,3
p0548,81fa3fb1e071cac0b72649c38196c18bca7ff6d7f2f6639776dcb0daf6bcab15,176,548,1711,548,optimal,,8691.0,8691.0,8691.0,0.0,0.0,1,1,1,7660,166,"gomory 44: 39 accepted, 4 too_dense, 1 coefficient_ratio; mir 34: 26 accepted, 8 duplicate; clique 1: 1 accepted; zero_half 22: 22 accepted",429.68290166544193,7422.540088366416,0.8465,5.755801,5.746924915,f2cf240,"E2E TIR C3 container, 16 vCPU 32 GB (cgroup limits), AMD EPYC 9555 64-Core Processor host, nothing else running; AMD EPYC 9555 64-Core Processor; 16 cores (cgroup quota; host 256); 30 GiB RAM (cgroup limit; host 1512 GiB); Linux-x86_64",2026-10-03T13:24:58+00:00,,1,0,0,2,6604327f1b4d6153ac54e0f6addfc16d3d617d7b5b437f101746e791fb494981,0.589719,1.382563,10,1,,,,,,,,,0,0,0,nan,nan,0,0,0,0,0,130,0,0,0,331.9782807797985,332,0,0,0,0,4
p2756,0ed6b86a8baa033c9a3e46c66eee74dd670585eb3d096ea590c3646f8b4b47c8,755,2756,8937,2756,feasible,,28573.0,3124.0,2723.0,25850.0,0.9047002414867182,0,0,1,121254,90,"gomory 65: 65 accepted; mir 67: 45 accepted, 22 duplicate; clique 2: 2 accepted; zero_half 112: 112 accepted",2698.9471830985913,2698.9471830985913,0.0000,300.120295,300.001939149,f2cf240,"E2E TIR C3 container, 16 vCPU 32 GB (cgroup limits), AMD EPYC 9555 64-Core Processor host, nothing else running; AMD EPYC 9555 64-Core Processor; 16 cores (cgroup quota; host 256); 30 GiB RAM (cgroup limit; host 1512 GiB); Linux-x86_64",2026-10-03T13:24:58+00:00,,1,0,0,0,,3.980345,268.612208,31,1,,,,,,,,,0,0,0,nan,nan,0,0,0,0,0,54,0,0,0,867.9992569966153,868,0,0,0,0,3
p2756,0ed6b86a8baa033c9a3e46c66eee74dd670585eb3d096ea590c3646f8b4b47c8,755,2756,8937,2756,feasible,"stopped at the time limit of 299.999s after 300.00s, 0 iterations, 116596 nodes",7856.0,3124.0,2823.0,5033.0,0.6406568228105907,0,0,1,116596,90,"gomory 68: 68 accepted; mir 70: 18 accepted, 52 duplicate; zero_half 92: 92 accepted",2698.9471830985913,2698.9471830985913,0.0000,300.106210,300.001326924,f2cf240,"E2E TIR C3 container, 16 vCPU 32 GB (cgroup limits), AMD EPYC 9555 64-Core Processor host, nothing else running; AMD EPYC 9555 64-Core Processor; 16 cores (cgroup quota; host 256); 30 GiB RAM (cgroup limit; host 1512 GiB); Linux-x86_64",2026-10-03T13:24:58+00:00,,1,0,0,1,4ea6faeae36da91fa48534cd995e41944eb90b4c92381d8a68bf67c918ab7033,3.255580,227.406766,25,1,,,,,,,,,0,0,0,nan,nan,0,0,0,0,0,76,0,0,0,867.9992234618072,868,0,0,0,0,1
p2756,0ed6b86a8baa033c9a3e46c66eee74dd670585eb3d096ea590c3646f8b4b47c8,755,2756,8937,2756,feasible,,10936.0,3124.0,2773.0,8163.0,0.7464337966349671,0,0,1,105695,90,"gomory 58: 58 accepted; mir 63: 19 accepted, 44 duplicate; zero_half 69: 69 accepted",2698.947183098591,2698.9471830985917,0.0000,300.097450,300.001281797,f2cf240,"E2E TIR C3 container, 16 vCPU 32 GB (cgroup limits), AMD EPYC 9555 64-Core Processor host, nothing else running; AMD EPYC 9555 64-Core Processor; 16 cores (cgroup quota; host 256); 30 GiB RAM (cgroup limit; host 1512 GiB); Linux-x86_64",2026-10-03T13:24:58+00:00,,1,0,0,2,fe57c38e6d797f0b7d48f6e11abc6a526c17da12ccd03019a2db949e0a80b22b,4.517232,233.552159,19,1,,,,,,,,,0,0,0,nan,nan,0,0,0,0,0,73,0,0,0,867.9991459885183,868,0,0,0,0,2
pk1,f0a362be150a52baa650130b752e44ed0921d4c8a98af74c4a1f7a9bb3c65983,45,86,915,55,optimal,"optimal within the relative gap target (1.098e-03 absolute, 9.984e-05 relative) after 775102 nodes; the bound is the best open node's, the tree was not exhausted",10.99999999999999,11.0,10.998901755687328,0.0010982443126614783,9.984039206013449e-05,1,1,1,775102,46,gomory 15: 15 accepted; mir 4: 4 accepted,0.0,0.0,0.0000,269.446435,269.080898,f2cf240,"E2E TIR C3 container, 16 vCPU 32 GB (cgroup limits), AMD EPYC 9555 64-Core Processor host, nothing else running; AMD EPYC 9555 64-Core Processor; 16 cores (cgroup quota; host 256); 30 GiB RAM (cgroup limit; host 1512 GiB); Linux-x86_64",2026-10-03T13:24:58+00:00,,1,0,0,0,,0.112814,90.383723,12,1,,,,,,,,,0,0,0,nan,nan,0,0,0,0,0,46,0,0,0,90.99994065297213,91,0,0,0,0,0
pk1,f0a362be150a52baa650130b752e44ed0921d4c8a98af74c4a1f7a9bb3c65983,45,86,915,55,optimal,"optimal within the relative gap target (1.063e-03 absolute, 9.664e-05 relative) after 547205 nodes; the bound is the best open node's, the tree was not exhausted",10.999999999999925,11.0,10.998936977558289,0.0010630224416363632,9.663840378512458e-05,1,1,1,547205,43,gomory 15: 15 accepted; mir 5: 5 accepted,0.0,0.0,0.0000,186.349856,186.143966868,f2cf240,"E2E TIR C3 container, 16 vCPU 32 GB (cgroup limits), AMD EPYC 9555 64-Core Processor host, nothing else running; AMD EPYC 9555 64-Core Processor; 16 cores (cgroup quota; host 256); 30 GiB RAM (cgroup limit; host 1512 GiB); Linux-x86_64",2026-10-03T13:24:58+00:00,,1,0,0,1,87602b99480226b0372f4c8048b33d8be5a289e81d0bd8b9e5189f124a4834d7,0.101306,50.034361,14,1,,,,,,,,,0,0,0,nan,nan,0,0,0,0,0,43,0,0,0,87.99992141884668,88,0,0,0,0,0
pk1,f0a362be150a52baa650130b752e44ed0921d4c8a98af74c4a1f7a9bb3c65983,45,86,915,55,feasible,"stopped at the time limit of 300s after 300.00s, 0 iterations, 787665 nodes",14.00000000000004,11.0,10.56275686919861,3.4372431308014306,0.24551736648581576,0,0,1,787665,52,gomory 15: 15 accepted; mir 2: 2 accepted,0.0,0.0,0.0000,300.366627,300.003458698,f2cf240,"E2E TIR C3 container, 16 vCPU 32 GB (cgroup limits), AMD EPYC 9555 64-Core Processor host, nothing else running; AMD EPYC 9555 64-Core Processor; 16 cores (cgroup quota; host 256); 30 GiB RAM (cgroup limit; host 1512 GiB); Linux-x86_64",2026-10-03T13:24:58+00:00,,1,0,0,2,fa16a60e724d8897cf8ba11f7d9cfd97b6cab0e7d5794ec1286e0a51631de68f,0.114184,92.834669,10,1,,,,,,,,,0,0,0,nan,nan,0,0,0,0,0,52,0,0,0,96.99993398208629,97,0,0,0,0,0
qiu,98277ce24052dbb5a24a8eb0205ef8c479cb4e03458cc51eda03676273de262a,1192,840,3432,48,optimal,"optimal within the relative gap target (1.141e-02 absolute, 8.591e-05 relative) after 29562 nodes; the bound is the best open node's, the tree was not exhausted",-132.87313694699932,-132.873137,-132.8845515287183,0.011414581718980799,8.590586465595275e-05,1,1,1,29562,28,"gomory 48: 47 accepted, 1 duplicate",-931.6388451727074,-820.2966779149118,0.1394,204.792283,204.782900845,f2cf240,"E2E TIR C3 container, 16 vCPU 32 GB (cgroup limits), AMD EPYC 9555 64-Core Processor host, nothing else running; AMD EPYC 9555 64-Core Processor; 16 cores (cgroup quota; host 256); 30 GiB RAM (cgroup limit; host 1512 GiB); Linux-x86_64",2026-10-03T13:24:58+00:00,,1,0,0,0,,1.146649,21.126057,5,1,,,,,,,,,0,0,0,nan,nan,0,0,0,0,0,27,0,0,0,1223.999046354007,1224,0,0,0,0,0
qiu,98277ce24052dbb5a24a8eb0205ef8c479cb4e03458cc51eda03676273de262a,1192,840,3432,48,optimal,"optimal within the relative gap target (5.808e-03 absolute, 4.371e-05 relative) after 13863 nodes; the bound is the best open node's, the tree was not exhausted",-132.87313694700023,-132.873137,-132.8789451566687,0.00580820966845863,4.3712444832060975e-05,1,1,1,13863,6,"gomory 48: 10 accepted, 38 too_dense",-931.63884517271,-910.1544091877543,0.0269,115.123410,115.115119904,f2cf240,"E2E TIR C3 container, 16 vCPU 32 GB (cgroup limits), AMD EPYC 9555 64-Core Processor host, nothing else running; AMD EPYC 9555 64-Core Processor; 16 cores (cgroup quota; host 256); 30 GiB RAM (cgroup limit; host 1512 GiB); Linux-x86_64",2026-10-03T13:24:58+00:00,,1,0,0,1,c090e2827047ca8f6db291c6cd70774c15046a40efb4c3bc4763e90126f081cc,0.572688,6.034990,5,1,,,,,,,,,0,0,0,nan,nan,0,0,0,0,0,6,0,0,0,1201.9995602784902,1202,0,0,0,0,0
qiu,98277ce24052dbb5a24a8eb0205ef8c479cb4e03458cc51eda03676273de262a,1192,840,3432,48,optimal,,-132.8731369470001,-132.873137,-132.8731369470001,0.0,0.0,1,1,1,10487,8,"gomory 36: 10 accepted, 26 too_dense",-931.6388451727099,-893.9322605142788,0.0472,92.819091,92.809709328,f2cf240,"E2E TIR C3 container, 16 vCPU 32 GB (cgroup limits), AMD EPYC 9555 64-Core Processor host, nothing else running; AMD EPYC 9555 64-Core Processor; 16 cores (cgroup quota; host 256); 30 GiB RAM (cgroup limit; host 1512 GiB); Linux-x86_64",2026-10-03T13:24:58+00:00,,1,0,0,2,5f44987cbc4a83bf79185ad59ad2c6f80fb3974e89d39813eaa19ad91b766b88,0.563551,37.070440,9,1,,,,,,,,,0,0,0,nan,nan,0,0,0,0,0,8,0,0,0,1203.9992350353796,1204,0,0,0,0,0
qnet1,48e837328f57ed61dc6d8f361dda85b63193e09cafd71ccfccdbd7a0d92b3cdf,503,1541,4622,1417,optimal,"optimal within the relative gap target (9.934e-01 absolute, 6.198e-05 relative) after 171 nodes; the bound is the best open node's, the tree was not exhausted",16029.692681000002,16029.692681,16028.69924068398,0.9934403160223155,6.19750069943537e-05,1,1,1,171,102,"gomory 20: 12 too_dense, 8 coefficient_ratio; mir 15: 15 accepted",14274.102667094432,15643.11592881882,0.7798,5.228545,5.219139167,f2cf240,"E2E TIR C3 container, 16 vCPU 32 GB (cgroup limits), AMD EPYC 9555 64-Core Processor host, nothing else running; AMD EPYC 9555 64-Core Processor; 16 cores (cgroup quota; host 256); 30 GiB RAM (cgroup limit; host 1512 GiB); Linux-x86_64",2026-10-03T13:24:58+00:00,,1,0,0,0,,0.901592,1.791496,7,1,,,,,,,,,0,0,0,nan,nan,0,0,0,0,0,44,0,0,0,516.4035087719299,517,0,0,0,0,0
qnet1,48e837328f57ed61dc6d8f361dda85b63193e09cafd71ccfccdbd7a0d92b3cdf,503,1541,4622,1417,optimal,"optimal within the relative gap target (9.934e-01 absolute, 6.198e-05 relative) after 201 nodes; the bound is the best open node's, the tree was not exhausted",16029.692681000002,16029.692681,16028.699240683984,0.9934403160186775,6.197500699412676e-05,1,1,1,201,102,"gomory 18: 12 too_dense, 6 coefficient_ratio; mir 14: 14 accepted",14274.102667094432,15686.109503412918,0.8043,6.779371,6.770317509,f2cf240,"E2E TIR C3 container, 16 vCPU 32 GB (cgroup limits), AMD EPYC 9555 64-Core Processor host, nothing else running; AMD EPYC 9555 64-Core Processor; 16 cores (cgroup quota; host 256); 30 GiB RAM (cgroup limit; host 1512 GiB); Linux-x86_64",2026-10-03T13:24:58+00:00,,1,0,0,1,379b8dcf44fbac81f4ee208fd7e6e2b3a4bb73d069d7af77bc0153ec3118318a,0.821707,2.018625,6,1,,,,,,,,,0,0,0,nan,nan,0,0,0,0,0,41,0,0,0,516.4925373134329,517,0,0,0,0,0
qnet1,48e837328f57ed61dc6d8f361dda85b63193e09cafd71ccfccdbd7a0d92b3cdf,503,1541,4622,1417,optimal,,16029.692681000008,16029.692681,16029.692681000004,3.637978807091713e-12,2.2695249868413314e-16,1,1,1,224,110,gomory 19: 19 too_dense; mir 15: 15 accepted,14274.102667094432,15657.093749376192,0.7878,7.368488,7.35872346,f2cf240,"E2E TIR C3 container, 16 vCPU 32 GB (cgroup limits), AMD EPYC 9555 64-Core Processor host, nothing else running; AMD EPYC 9555 64-Core Processor; 16 cores (cgroup quota; host 256); 30 GiB RAM (cgroup limit; host 1512 GiB); Linux-x86_64",2026-10-03T13:24:58+00:00,,1,0,0,2,34eb21c1129b70fed1ed556d39f6b6772b17533d6aff4ce2b6697bc2650f4359,0.814899,2.298041,8,1,,,,,,,,,0,0,0,nan,nan,0,0,0,0,0,52,0,0,0,524.5089285714286,525,0,0,0,0,0
qnet1_o,0e00a7990c61ef910d81a7e86c6369565df6c3058e6edaf2ec483e46e586daed,456,1541,4214,1417,optimal,,16029.692681000013,16029.692681,16029.692681000011,1.8189894035458565e-12,1.1347624934206654e-16,1,1,1,155,169,gomory 10: 10 accepted; mir 11: 11 accepted,12095.571666666667,15585.44472463063,0.8871,5.675195,5.666429928,f2cf240,"E2E TIR C3 container, 16 vCPU 32 GB (cgroup limits), AMD EPYC 9555 64-Core Processor host, nothing else running; AMD EPYC 9555 64-Core Processor; 16 cores (cgroup quota; host 256); 30 GiB RAM (cgroup limit; host 1512 GiB); Linux-x86_64",2026-10-03T13:24:58+00:00,,1,0,0,0,,1.118432,2.415961,5,1,,,,,,,,,0,0,0,nan,nan,0,0,0,0,0,96,0,0,0,536.9096774193548,538,0,0,0,0,0
qnet1_o,0e00a7990c61ef910d81a7e86c6369565df6c3058e6edaf2ec483e46e586daed,456,1541,4214,1417,optimal,,16029.692680999991,16029.692681,16029.69268099999,1.8189894035458565e-12,1.134762493420667e-16,1,1,1,46,202,gomory 9: 9 accepted; mir 11: 11 accepted,12095.571666666669,15735.881656042515,0.9253,2.518430,2.510255638,f2cf240,"E2E TIR C3 container, 16 vCPU 32 GB (cgroup limits), AMD EPYC 9555 64-Core Processor host, nothing else running; AMD EPYC 9555 64-Core Processor; 16 cores (cgroup quota; host 256); 30 GiB RAM (cgroup limit; host 1512 GiB); Linux-x86_64",2026-10-03T13:24:58+00:00,,1,0,0,1,912f86d3c6679496714d0e6f2db6206c16960289b1540cf8f7b1a130741825cc,1.085196,1.448601,2,1,,,,,,,,,0,0,0,nan,nan,0,0,0,0,0,0,0,0,0,566.6086956521739,571,0,0,0,0,0
qnet1_o,0e00a7990c61ef910d81a7e86c6369565df6c3058e6edaf2ec483e46e586daed,456,1541,4214,1417,optimal,"optimal within the relative gap target (1.300e+00 absolute, 8.109e-05 relative) after 36 nodes; the bound is the best open node's, the tree was not exhausted",16030.992681000003,16029.692681,16029.692681,1.3000000000029104,8.109291956347005e-05,0,0,1,36,175,"gomory 11: 10 accepted, 1 too_dense; mir 11: 11 accepted",12095.571666666669,15603.82370341452,0.8915,1.969715,1.961240279,f2cf240,"E2E TIR C3 container, 16 vCPU 32 GB (cgroup limits), AMD EPYC 9555 64-Core Processor host, nothing else running; AMD EPYC 9555 64-Core Processor; 16 cores (cgroup quota; host 256); 30 GiB RAM (cgroup limit; host 1512 GiB); Linux-x86_64",2026-10-03T13:24:58+00:00,,1,0,0,2,8691a7f74eb27b85daf40816b1df81978955922418097de9c381c6f25d1ceaac,0.862159,0.976360,3,1,,,,,,,,,0,0,0,nan,nan,0,0,0,0,0,0,0,0,0,539.1388888888889,544,0,0,0,0,0
rentacar,9cb3425254adc4415ab591d526b2c29c3899dffcce15d8ba4da5dcfb1dfdfe81,6803,9557,41842,55,optimal,,30356760.984148655,30356761.0,30356760.984148655,0.0,0.0,1,1,1,73,41,"gomory 33: 20 accepted, 13 coefficient_ratio; mir 7: 7 accepted",28806137.644260146,29006214.03210412,0.1290,5.599460,5.565115429,f2cf240,"E2E TIR C3 container, 16 vCPU 32 GB (cgroup limits), AMD EPYC 9555 64-Core Processor host, nothing else running; AMD EPYC 9555 64-Core Processor; 16 cores (cgroup quota; host 256); 30 GiB RAM (cgroup limit; host 1512 GiB); Linux-x86_64",2026-10-03T13:24:58+00:00,,1,0,0,0,,4.289210,5.090918,3,1,,,,,,,,,0,0,0,nan,nan,0,0,0,0,0,24,0,0,0,3810.3278688524592,3811,0,0,0,0,0
rentacar,9cb3425254adc4415ab591d526b2c29c3899dffcce15d8ba4da5dcfb1dfdfe81,6803,9557,41842,55,optimal,,30356760.984148677,30356761.0,30356760.984148677,0.0,0.0,1,1,1,54,54,"gomory 31: 20 accepted, 11 coefficient_ratio; mir 16: 15 accepted, 1 duplicate",28869145.866260134,29088884.298559662,0.1477,8.028234,7.983740481,f2cf240,"E2E TIR C3 container, 16 vCPU 32 GB (cgroup limits), AMD EPYC 9555 64-Core Processor host, nothing else running; AMD EPYC 9555 64-Core Processor; 16 cores (cgroup quota; host 256); 30 GiB RAM (cgroup limit; host 1512 GiB); Linux-x86_64",2026-10-03T13:24:58+00:00,,1,0,0,1,9891a5005e05c4fd511cfca59ba5278fa1321815b87bfe0171efe92da2c56b4f,6.875612,7.372708,2,1,,,,,,,,,0,0,0,nan,nan,0,0,0,0,0,0,0,0,0,3670.0,3671,0,0,0,0,0
rentacar,9cb3425254adc4415ab591d526b2c29c3899dffcce15d8ba4da5dcfb1dfdfe81,6803,9557,41842,55,optimal,"optimal within the relative gap target (2.697e+03 absolute, 8.883e-05 relative) after 41 nodes; the bound is the best open node's, the tree was not exhausted",30356760.984148636,30356761.0,30354064.394953594,2696.5891950428486,8.882993796508542e-05,1,1,1,41,55,"gomory 26: 15 accepted, 11 coefficient_ratio; mir 11: 10 accepted, 1 duplicate",28817329.64426013,29088884.29855959,0.1764,6.187145,6.147352341,f2cf240,"E2E TIR C3 container, 16 vCPU 32 GB (cgroup limits), AMD EPYC 9555 64-Core Processor host, nothing else running; AMD EPYC 9555 64-Core Processor; 16 cores (cgroup quota; host 256); 30 GiB RAM (cgroup limit; host 1512 GiB); Linux-x86_64",2026-10-03T13:24:58+00:00,,1,0,0,2,f7c326c1958af145991e29f0fc52ee0f4cd8c6ab9bda375e32eb4324582af430,5.792436,5.825782,2,1,,,,,,,,,0,0,0,nan,nan,0,0,0,0,0,0,0,0,0,3665.6585365853657,3667,0,0,0,0,0
rgn,b5dcb0e7587a8c676af20c845c805657202828b344848759caa72d1aa70a50ef,24,180,460,100,optimal,,82.1999992399999,82.1999,82.1999992399999,0.0,0.0,1,1,1,63,100,gomory 15: 15 accepted; mir 38: 38 accepted,48.79999855999991,80.54848394500446,0.9506,0.116436,0.111561159,f2cf240,"E2E TIR C3 container, 16 vCPU 32 GB (cgroup limits), AMD EPYC 9555 64-Core Processor host, nothing else running; AMD EPYC 9555 64-Core Processor; 16 cores (cgroup quota; host 256); 30 GiB RAM (cgroup limit; host 1512 GiB); Linux-x86_64",2026-10-03T13:24:58+00:00,,1,0,0,0,,0.026815,0.026815,1,1,,,,,,,,,0,0,0,nan,nan,0,0,0,0,0,65,0,0,0,129.4126984126984,131,0,0,0,0,0
rgn,b5dcb0e7587a8c676af20c845c805657202828b344848759caa72d1aa70a50ef,24,180,460,100,optimal,,82.19999924000001,82.1999,82.19999924000001,0.0,0.0,1,1,1,303,100,gomory 10: 10 accepted; mir 38: 38 accepted; zero_half 1: 1 accepted,48.79999855999992,80.06399919359998,0.9360,0.266059,0.260907584,f2cf240,"E2E TIR C3 container, 16 vCPU 32 GB (cgroup limits), AMD EPYC 9555 64-Core Processor host, nothing else running; AMD EPYC 9555 64-Core Processor; 16 cores (cgroup quota; host 256); 30 GiB RAM (cgroup limit; host 1512 GiB); Linux-x86_64",2026-10-03T13:24:58+00:00,,1,0,0,1,81ff336d43d9cb6faabd2dde6ff3b23ebe9c04b9d5ce2a3c9ade15543a546726,0.029158,0.029158,1,1,,,,,,,,,0,0,0,nan,nan,0,0,0,0,0,67,0,0,0,128.66996699669966,129,0,0,0,0,0
rgn,b5dcb0e7587a8c676af20c845c805657202828b344848759caa72d1aa70a50ef,24,180,460,100,optimal,,82.19999923999983,82.1999,82.19999923999983,0.0,0.0,1,1,1,1005,100,"gomory 9: 9 accepted; mir 38: 36 accepted, 2 duplicate",48.79999855999992,77.35254898485177,0.8549,0.533839,0.529351093,f2cf240,"E2E TIR C3 container, 16 vCPU 32 GB (cgroup limits), AMD EPYC 9555 64-Core Processor host, nothing else running; AMD EPYC 9555 64-Core Processor; 16 cores (cgroup quota; host 256); 30 GiB RAM (cgroup limit; host 1512 GiB); Linux-x86_64",2026-10-03T13:24:58+00:00,,1,0,0,2,efccdf80ba94c2f1c7ae5d4d5914ecce2a1b9217187df12bdccc780b4f8c65e1,0.029134,0.029135,1,1,,,,,,,,,0,0,0,nan,nan,0,0,0,0,0,69,0,0,0,128.90049751243782,129,0,0,0,0,0
rout,d8f75b5adec2c8547c14ddcedb1812a5105da019062df0fde596d96b0f3e9690,291,556,2431,315,feasible,,1079.19,1077.56,1069.9520995609828,9.237900439017267,0.008560031541264529,0,0,1,212385,67,"gomory 22: 9 accepted, 13 too_dense; mir 39: 24 accepted, 15 duplicate",981.8642857142854,982.1728571428575,0.0032,300.017286,300.000056922,f2cf240,"E2E TIR C3 container, 16 vCPU 32 GB (cgroup limits), AMD EPYC 9555 64-Core Processor host, nothing else running; AMD EPYC 9555 64-Core Processor; 16 cores (cgroup quota; host 256); 30 GiB RAM (cgroup limit; host 1512 GiB); Linux-x86_64",2026-10-03T13:24:58+00:00,,1,0,0,0,,3.160964,3.661899,4,1,,,,,,,,,0,0,0,nan,nan,0,0,0,0,0,66,0,0,0,360.9996512668901,361,0,0,0,0,0
rout,d8f75b5adec2c8547c14ddcedb1812a5105da019062df0fde596d96b0f3e9690,291,556,2431,315,feasible,,1079.1899999999998,1077.56,1069.907291720671,9.282708279328745,0.008601551422204382,0,0,1,225631,67,"gomory 22: 10 accepted, 12 too_dense; mir 29: 19 accepted, 10 duplicate",981.8642857142856,981.8642857142856,0.0000,300.020480,300.000131923,f2cf240,"E2E TIR C3 container, 16 vCPU 32 GB (cgroup limits), AMD EPYC 9555 64-Core Processor host, nothing else running; AMD EPYC 9555 64-Core Processor; 16 cores (cgroup quota; host 256); 30 GiB RAM (cgroup limit; host 1512 GiB); Linux-x86_64",2026-10-03T13:24:58+00:00,,1,0,0,1,0f18671228282f758fb59f92f33304d3c40090c9fec562ccb84309f3187834b6,4.781874,5.406385,4,1,,,,,,,,,0,0,0,nan,nan,0,0,0,0,0,67,0,0,0,359.99967476359683,360,0,0,0,0,0
rout,d8f75b5adec2c8547c14ddcedb1812a5105da019062df0fde596d96b0f3e9690,291,556,2431,315,feasible,,1079.19,1077.56,1067.665109050554,11.52489094944599,0.01067920472710643,0,0,1,168524,138,"gomory 24: 10 accepted, 14 too_dense; mir 35: 22 accepted, 13 duplicate",981.8642857142856,985.3368472344464,0.0357,300.014186,300.000284827,f2cf240,"E2E TIR C3 container, 16 vCPU 32 GB (cgroup limits), AMD EPYC 9555 64-Core Processor host, nothing else running; AMD EPYC 9555 64-Core Processor; 16 cores (cgroup quota; host 256); 30 GiB RAM (cgroup limit; host 1512 GiB); Linux-x86_64",2026-10-03T13:24:58+00:00,,1,0,0,2,74ed2579f7abcab928af0254a43139f8c1e2ad907d2dc2d63bb2a37dfde963e8,5.054481,5.664435,4,1,,,,,,,,,0,0,0,nan,nan,0,0,0,0,0,138,0,0,0,436.99910317981244,437,0,0,0,0,0
set1ch,d001258f10bf0970215fe857b4bd0a425a736cc018ce763a4ec533f924bf2867,492,712,1412,240,optimal,"optimal within the relative gap target (1.864e+00 absolute, 3.418e-05 relative) after 80 nodes; the bound is the best open node's, the tree was not exhausted",54537.75000000001,54537.75,54535.8860314202,1.8639685798043502,3.4177584880277424e-05,1,1,1,80,369,gomory 129: 129 accepted; mir 126: 126 accepted,35118.10984845202,54512.22515956198,0.9987,1.911534,1.905713733,f2cf240,"E2E TIR C3 container, 16 vCPU 32 GB (cgroup limits), AMD EPYC 9555 64-Core Processor host, nothing else running; AMD EPYC 9555 64-Core Processor; 16 cores (cgroup quota; host 256); 30 GiB RAM (cgroup limit; host 1512 GiB); Linux-x86_64",2026-10-03T13:24:58+00:00,,1,0,0,0,,0.401410,0.404779,5,1,,,,,,,,,0,0,0,nan,nan,0,0,0,0,0,206,0,0,0,815.3875,820,0,0,0,0,0
set1ch,d001258f10bf0970215fe857b4bd0a425a736cc018ce763a4ec533f924bf2867,492,712,1412,240,optimal,"optimal within the relative gap target (5.333e+00 absolute, 9.778e-05 relative) after 81 nodes; the bound is the best open node's, the tree was not exhausted",54542.99999999999,54537.75,54537.66666666667,5.333333333321207,9.778217797556437e-05,0,0,1,81,385,gomory 129: 129 accepted; mir 125: 125 accepted,35118.10984845201,54497.25077444238,0.9976,1.990511,1.984517245,f2cf240,"E2E TIR C3 container, 16 vCPU 32 GB (cgroup limits), AMD EPYC 9555 64-Core Processor host, nothing else running; AMD EPYC 9555 64-Core Processor; 16 cores (cgroup quota; host 256); 30 GiB RAM (cgroup limit; host 1512 GiB); Linux-x86_64",2026-10-03T13:24:58+00:00,,1,0,0,1,58b063f146a58cef4489502849ece2fa863408ea88ff8d3c2f9bceed6ba6ee0f,0.409497,0.422455,7,1,,,,,,,,,0,0,0,nan,nan,0,0,0,0,0,224,0,0,0,831.2469135802469,836,0,0,0,0,0
set1ch,d001258f10bf0970215fe857b4bd0a425a736cc018ce763a4ec533f924bf2867,492,712,1412,240,optimal,"optimal within the relative gap target (5.250e+00 absolute, 9.626e-05 relative) after 177 nodes; the bound is the best open node's, the tree was not exhausted",54542.25,54537.75,54537.0,5.25,9.62556550197324e-05,0,0,1,177,370,gomory 129: 129 accepted; mir 125: 125 accepted,35118.109848452026,54512.38331874235,0.9985,2.847004,2.839833313,f2cf240,"E2E TIR C3 container, 16 vCPU 32 GB (cgroup limits), AMD EPYC 9555 64-Core Processor host, nothing else running; AMD EPYC 9555 64-Core Processor; 16 cores (cgroup quota; host 256); 30 GiB RAM (cgroup limit; host 1512 GiB); Linux-x86_64",2026-10-03T13:24:58+00:00,,1,0,0,2,50cf67b628f6df2b98a7de92dd4554797dfabc9d124cb1f95970e1fb94e70336,1.312660,1.344710,8,1,,,,,,,,,0,0,0,nan,nan,0,0,0,0,0,211,0,0,0,818.909604519774,821,0,0,0,0,0
stein27,b8889994eda0853d71bad6ba9bf45755d4e59f33a13a3f43008e1ba681738c5b,118,27,378,27,optimal,,18.0,18.0,18.0,0.0,0.0,1,1,1,272,90,"gomory 22: 21 accepted, 1 duplicate; zero_half 57: 57 accepted",13.000000000000002,13.0,0.0000,0.254266,0.249826078,f2cf240,"E2E TIR C3 container, 16 vCPU 32 GB (cgroup limits), AMD EPYC 9555 64-Core Processor host, nothing else running; AMD EPYC 9555 64-Core Processor; 16 cores (cgroup quota; host 256); 30 GiB RAM (cgroup limit; host 1512 GiB); Linux-x86_64",2026-10-03T13:24:58+00:00,,1,0,0,0,,0.013581,0.021628,2,1,,,,,,,,,0,0,0,nan,nan,0,0,0,0,0,80,0,0,0,220.6691176470588,221,0,0,0,0,0
stein27,b8889994eda0853d71bad6ba9bf45755d4e59f33a13a3f43008e1ba681738c5b,118,27,378,27,optimal,,18.0,18.0,18.0,0.0,0.0,1,1,1,777,90,gomory 26: 26 accepted; zero_half 58: 58 accepted,13.0,13.0,0.0000,0.483094,0.477938812,f2cf240,"E2E TIR C3 container, 16 vCPU 32 GB (cgroup limits), AMD EPYC 9555 64-Core Processor host, nothing else running; AMD EPYC 9555 64-Core Processor; 16 cores (cgroup quota; host 256); 30 GiB RAM (cgroup limit; host 1512 GiB); Linux-x86_64",2026-10-03T13:24:58+00:00,,1,0,0,1,ca865a95e1b9507209d725bd7918292b9b0c552de7858c8d9df1d1abcd4cb8fd,0.014254,0.020184,2,1,,,,,,,,,0,0,0,nan,nan,0,0,0,0,0,88,0,0,0,217.88311688311688,218,0,0,0,0,0
stein27,b8889994eda0853d71bad6ba9bf45755d4e59f33a13a3f43008e1ba681738c5b,118,27,378,27,optimal,,18.0,18.0,18.0,0.0,0.0,1,1,1,608,90,gomory 27: 27 accepted; zero_half 64: 64 accepted,12.999999999999996,13.000000000000002,0.0000,0.372678,0.367995409,f2cf240,"E2E TIR C3 container, 16 vCPU 32 GB (cgroup limits), AMD EPYC 9555 64-Core Processor host, nothing else running; AMD EPYC 9555 64-Core Processor; 16 cores (cgroup quota; host 256); 30 GiB RAM (cgroup limit; host 1512 GiB); Linux-x86_64",2026-10-03T13:24:58+00:00,,1,0,0,2,db4ebb3a965a9adcf09f27254fbd882293bc6ca7b0d1ab960a275435dd0cb860,0.012976,0.023812,2,1,,,,,,,,,0,0,0,nan,nan,0,0,0,0,0,89,0,0,0,215.85172981878088,216,0,0,0,0,0
stein45,0b119c8a2426cd9701a954127748bf8ae2bbe0fd669577ecb4715d8ffb81c85a,331,45,1034,45,optimal,,30.0,30.0,30.0,0.0,0.0,1,1,1,60389,90,gomory 40: 40 accepted; zero_half 188: 188 accepted,22.000000000000004,21.999999999999986,0.0000,53.107754,53.097737074,f2cf240,"E2E TIR C3 container, 16 vCPU 32 GB (cgroup limits), AMD EPYC 9555 64-Core Processor host, nothing else running; AMD EPYC 9555 64-Core Processor; 16 cores (cgroup quota; host 256); 30 GiB RAM (cgroup limit; host 1512 GiB); Linux-x86_64",2026-10-03T13:24:58+00:00,,1,0,0,0,,0.084435,0.833701,4,1,,,,,,,,,0,0,0,nan,nan,0,0,0,0,0,90,0,0,0,420.99850966235573,421,0,0,0,0,0
stein45,0b119c8a2426cd9701a954127748bf8ae2bbe0fd669577ecb4715d8ffb81c85a,331,45,1034,45,optimal,,30.0,30.0,30.0,0.0,0.0,1,1,1,61256,90,gomory 39: 39 accepted; zero_half 180: 180 accepted,21.999999999999996,22.000000000000004,0.0000,53.430126,53.422028665,f2cf240,"E2E TIR C3 container, 16 vCPU 32 GB (cgroup limits), AMD EPYC 9555 64-Core Processor host, nothing else running; AMD EPYC 9555 64-Core Processor; 16 cores (cgroup quota; host 256); 30 GiB RAM (cgroup limit; host 1512 GiB); Linux-x86_64",2026-10-03T13:24:58+00:00,,1,0,0,1,b1d0837d6cab0df0f7c812fb7ffbcb3cebaecce652b2110a3c426c3ad494704a,0.057208,0.453893,2,1,,,,,,,,,0,0,0,nan,nan,0,0,0,0,0,90,0,0,0,420.99853075617085,421,0,0,0,0,0
stein45,0b119c8a2426cd9701a954127748bf8ae2bbe0fd669577ecb4715d8ffb81c85a,331,45,1034,45,optimal,,30.0,30.0,30.0,0.0,0.0,1,1,1,72840,90,gomory 42: 42 accepted; zero_half 151: 151 accepted,21.999999999999996,22.000000000000004,0.0000,70.858920,70.845293608,f2cf240,"E2E TIR C3 container, 16 vCPU 32 GB (cgroup limits), AMD EPYC 9555 64-Core Processor host, nothing else running; AMD EPYC 9555 64-Core Processor; 16 cores (cgroup quota; host 256); 30 GiB RAM (cgroup limit; host 1512 GiB); Linux-x86_64",2026-10-03T13:24:58+00:00,,1,0,0,2,0c815aeccc378a79cffa24386cbab488f08633f354557cfb20a740124d0e228f,0.061884,1.488870,3,1,,,,,,,,,0,0,0,nan,nan,0,0,0,0,0,90,0,0,0,420.99876441515653,421,0,0,0,0,0
vpm1,838f2b08516a97db20825488d6f10de998c3d4b9853336c75ec5f56d67366885,234,378,749,168,optimal,,20.0,20.0,20.0,0.0,0.0,1,1,1,1,106,"gomory 18: 18 accepted; mir 17: 16 accepted, 1 duplicate",15.41666666666667,20.0,1.0000,0.021962,0.017304776,f2cf240,"E2E TIR C3 container, 16 vCPU 32 GB (cgroup limits), AMD EPYC 9555 64-Core Processor host, nothing else running; AMD EPYC 9555 64-Core Processor; 16 cores (cgroup quota; host 256); 30 GiB RAM (cgroup limit; host 1512 GiB); Linux-x86_64",2026-10-03T13:24:58+00:00,,1,0,0,0,,0.015574,0.015574,1,1,,,,,,,,,0,0,0,nan,nan,0,0,0,0,0,0,0,0,0,234.0,234,0,0,0,0,0
vpm1,838f2b08516a97db20825488d6f10de998c3d4b9853336c75ec5f56d67366885,234,378,749,168,optimal,,20.0,20.0,20.0,0.0,0.0,1,1,1,1,83,"gomory 17: 17 accepted; mir 13: 12 accepted, 1 duplicate",15.416666666666666,20.000000000000004,1.0000,0.015275,0.010506303,f2cf240,"E2E TIR C3 container, 16 vCPU 32 GB (cgroup limits), AMD EPYC 9555 64-Core Processor host, nothing else running; AMD EPYC 9555 64-Core Processor; 16 cores (cgroup quota; host 256); 30 GiB RAM (cgroup limit; host 1512 GiB); Linux-x86_64",2026-10-03T13:24:58+00:00,,1,0,0,1,9c39d8d6c7f733e9c747d5235fa68be314138fffe3ece16ecc11b193953811e0,0.010677,0.010677,1,1,,,,,,,,,0,0,0,nan,nan,0,0,0,0,0,0,0,0,0,234.0,234,0,0,0,0,0
vpm1,838f2b08516a97db20825488d6f10de998c3d4b9853336c75ec5f56d67366885,234,378,749,168,optimal,"optimal within the relative gap target (3.553e-15 absolute, 1.776e-16 relative) after 1 nodes; the bound is the best open node's, the tree was not exhausted",20.000000000000004,20.0,20.0,3.552713678800501e-15,1.77635683940025e-16,1,1,1,1,123,"gomory 18: 18 accepted; mir 16: 15 accepted, 1 duplicate",15.416666666666668,20.000000000000004,1.0000,0.035173,0.030307025,f2cf240,"E2E TIR C3 container, 16 vCPU 32 GB (cgroup limits), AMD EPYC 9555 64-Core Processor host, nothing else running; AMD EPYC 9555 64-Core Processor; 16 cores (cgroup quota; host 256); 30 GiB RAM (cgroup limit; host 1512 GiB); Linux-x86_64",2026-10-03T13:24:58+00:00,,1,0,0,2,4a09868aa8b6dbe1ac875644e2b0fc29d475658e5bab4a439a82305e8012fa0b,0.019746,0.019746,1,1,,,,,,,,,0,0,0,nan,nan,0,0,0,0,0,0,0,0,0,234.0,234,0,0,0,0,0
vpm2,55ca0b6caff042c42c5269045177351db828f066a94876e5885f626d02d5ffbc,234,378,917,168,feasible,"stopped at the time limit of 300s after 300.00s, 0 iterations, 252771 nodes",13.75,13.75,13.568034694790837,0.18196530520916276,0.013233840378848201,1,0,1,252771,234,"gomory 30: 30 accepted; mir 42: 32 accepted, 10 duplicate",9.889264597191431,12.611277992377556,0.7051,300.039781,300.000323474,f2cf240,"E2E TIR C3 container, 16 vCPU 32 GB (cgroup limits), AMD EPYC 9555 64-Core Processor host, nothing else running; AMD EPYC 9555 64-Core Processor; 16 cores (cgroup quota; host 256); 30 GiB RAM (cgroup limit; host 1512 GiB); Linux-x86_64",2026-10-03T13:24:58+00:00,,1,0,0,0,,0.734306,1.413720,6,1,,,,,,,,,0,0,0,nan,nan,0,0,0,0,0,234,0,0,0,467.99906469212783,468,0,0,0,0,0
vpm2,55ca0b6caff042c42c5269045177351db828f066a94876e5885f626d02d5ffbc,234,378,917,168,feasible,,13.75,13.75,13.699965142214708,0.05003485778529182,0.0036388987480212233,1,0,1,248796,234,"gomory 32: 32 accepted; mir 43: 34 accepted, 1 insufficient_violation, 8 duplicate",9.88926459719143,12.65552028873842,0.7165,300.022193,300.000454733,f2cf240,"E2E TIR C3 container, 16 vCPU 32 GB (cgroup limits), AMD EPYC 9555 64-Core Processor host, nothing else running; AMD EPYC 9555 64-Core Processor; 16 cores (cgroup quota; host 256); 30 GiB RAM (cgroup limit; host 1512 GiB); Linux-x86_64",2026-10-03T13:24:58+00:00,,1,0,0,1,65bba2bb6b80e8fb0536d2ee2fb73446fc1ea23c5216c6cdd0bbf1d305a5683c,0.618482,0.994290,8,1,,,,,,,,,0,0,0,nan,nan,0,0,0,0,0,231,0,0,0,467.9990407005346,468,0,0,0,0,0
vpm2,55ca0b6caff042c42c5269045177351db828f066a94876e5885f626d02d5ffbc,234,378,917,168,feasible,,13.75,13.75,13.273185528163388,0.47681447183661163,0.03467741613357175,1,0,1,238662,234,"gomory 31: 31 accepted; mir 44: 34 accepted, 10 duplicate",9.889264597191433,12.57467777023299,0.6956,300.081927,300.000697174,f2cf240,"E2E TIR C3 container, 16 vCPU 32 GB (cgroup limits), AMD EPYC 9555 64-Core Processor host, nothing else running; AMD EPYC 9555 64-Core Processor; 16 cores (cgroup quota; host 256); 30 GiB RAM (cgroup limit; host 1512 GiB); Linux-x86_64",2026-10-03T13:24:58+00:00,,1,0,0,2,683743c7df6458272402da0567376e32fcde88256b1f796547b423f058595fa5,0.591621,1.868880,8,1,,,,,,,,,0,0,0,nan,nan,0,0,0,0,0,233,0,0,0,467.9990178095474,468,0,0,0,0,0
