instance,instance_sha256,arm,rep,status,our_objective,published_objective,relative_gap,matches_published,exact_objective,matches_exact,independently_verified,rows_before,rows_after,cols_before,cols_after,nnz_before,nnz_after,presolve_passes,presolve_seconds,reductions,phase_presolve_seconds,phase_engine_seconds,phase_postsolve_seconds,phase_verification_seconds,solver_seconds,overhead_seconds,wall_seconds,process_seconds,iterations,algorithm,git_commit,machine,timestamp_utc,solver_options
25fv47,e0da0d47ae56bef34f11ac03563027da57dd4ab792d978c0dc8e27a16117f627,base,1,optimal,5501.84588828675,5501.8458883,2.4083604992112937e-12,1,0.55018458882867447945812325883916e4,1,1,821,733,1571,1499,10400,10143,3,0.0039618,bounds_tightened=34 doubleton_equations=52 empty_columns=1 empty_rows=1 fixed_columns=19 redundant_rows=1 singleton_rows=34,0.004494,6.92797,0.002636,0.000816,6.9585139,0.030543,7.399138,0.440624,4586,simplex-dual+primal,019ab29d,Windows-AMD64,2026-09-30T06:45:49+00:00,
25fv47,e0da0d47ae56bef34f11ac03563027da57dd4ab792d978c0dc8e27a16117f627,implied_free,1,optimal,5501.84588828675,5501.8458883,2.4083604992112937e-12,1,0.55018458882867447945812325883916e4,1,1,821,731,1571,1497,10400,10121,3,0.102345,bounds_tightened=33 doubleton_equations=50 empty_rows=1 fixed_columns=19 free_column_singletons=5 implied_free_column_singletons=5 redundant_rows=1 singleton_rows=33,0.102759,3.828427,0.001239,0.00032,3.9329921,0.104565,4.813476,0.880484,4216,simplex-dual+primal,019ab29d,Windows-AMD64,2026-09-30T06:45:49+00:00,presolve_implied_free=true
25fv47,e0da0d47ae56bef34f11ac03563027da57dd4ab792d978c0dc8e27a16117f627,bound_prop,1,optimal,5501.845888286749,5501.8458883,2.408525806404595e-12,1,0.55018458882867447945812325883916e4,1,1,821,736,1571,1502,10400,10149,7,0.0058895,bounds_tightened=627 doubleton_equations=49 empty_columns=1 empty_rows=1 fixed_columns=19 propagated_bounds=593 redundant_rows=1 singleton_rows=34,0.006235,1.12328,0.001911,0.000311,1.1319874,0.008707,1.442822,0.310835,4395,simplex-dual+primal,019ab29d,Windows-AMD64,2026-09-30T06:45:49+00:00,presolve_bound_propagation=true
25fv47,e0da0d47ae56bef34f11ac03563027da57dd4ab792d978c0dc8e27a16117f627,parallel_rows,1,optimal,5501.84588828675,5501.8458883,2.4083604992112937e-12,1,0.55018458882867447945812325883916e4,1,1,821,731,1571,1499,10400,10137,3,0.0078197,bounds_tightened=34 doubleton_equations=52 empty_columns=1 empty_rows=1 fixed_columns=19 parallel_rows=2 redundant_rows=1 singleton_rows=34,0.008142,1.365708,0.001168,0.000325,1.3755541,0.009846,1.770972,0.395418,4770,simplex-dual+primal,019ab29d,Windows-AMD64,2026-09-30T06:45:49+00:00,presolve_parallel_rows=true
80bau3b,22aef70f5ce164435b15c5c0aa3be93a99932dc136eb936eb17835a661087b9f,base,1,optimal,987224.192409091,987232.16072,8.071364797501246e-06,0,0.98722419240909025757911711738799e6,1,1,2262,2026,9799,9214,21002,20046,4,0.0098414,bounds_tightened=183 empty_columns=53 empty_rows=27 fixed_columns=532 redundant_rows=26 singleton_rows=183,0.010882,3.16789,0.003694,0.001315,3.1839629,0.016073,3.944236,0.760273,3887,simplex-dual+primal,019ab29d,Windows-AMD64,2026-09-30T06:45:49+00:00,
80bau3b,22aef70f5ce164435b15c5c0aa3be93a99932dc136eb936eb17835a661087b9f,implied_free,1,optimal,987224.1924090912,987232.16072,8.071364797383325e-06,0,0.98722419240909025757911711738799e6,1,1,2262,1999,9799,9187,21002,19893,4,0.0114054,bounds_tightened=182 empty_columns=47 empty_rows=27 fixed_columns=532 free_column_singletons=33 implied_free_column_singletons=33 redundant_rows=21 singleton_rows=182,0.012253,2.596714,0.00319,0.001339,2.6549542,0.05824,4.104465,1.449511,3875,simplex-dual+primal,019ab29d,Windows-AMD64,2026-09-30T06:45:49+00:00,presolve_implied_free=true
80bau3b,22aef70f5ce164435b15c5c0aa3be93a99932dc136eb936eb17835a661087b9f,bound_prop,1,optimal,987224.192409089,987232.16072,8.071364799623822e-06,0,0.98722419240909025757911711738799e6,1,1,2262,2021,9799,9195,21002,19979,5,0.0194158,bounds_tightened=5557 empty_columns=53 empty_rows=31 fixed_columns=551 propagated_bounds=5373 redundant_rows=26 singleton_rows=184,0.020822,7.366146,0.025073,0.005084,7.4176506,0.051504,9.742767,2.325116,3619,simplex-dual+primal,019ab29d,Windows-AMD64,2026-09-30T06:45:49+00:00,presolve_bound_propagation=true
80bau3b,22aef70f5ce164435b15c5c0aa3be93a99932dc136eb936eb17835a661087b9f,parallel_rows,1,optimal,987224.192409091,987232.16072,8.071364797501246e-06,0,0.98722419240909025757911711738799e6,1,1,2262,2026,9799,9214,21002,20046,4,0.0150814,bounds_tightened=183 empty_columns=53 empty_rows=27 fixed_columns=532 redundant_rows=26 singleton_rows=183,0.015925,5.638496,0.003025,0.001285,5.6588491,0.020354,6.694217,1.035368,3887,simplex-dual+primal,019ab29d,Windows-AMD64,2026-09-30T06:45:49+00:00,presolve_parallel_rows=true
adlittle,db211f7bf735518a246a2a0e385ec51abc09cd601da7ae50d6c3fe083cb6f94b,base,1,optimal,225494.96316238042,225494.96316,1.055634351959886e-11,1,0.22549496316238038228101176621492e6,1,1,56,53,97,96,383,374,3,0.0005211,bounds_tightened=3 fixed_columns=1 singleton_rows=3,0.000557,0.24839,0.00021,5.2e-05,0.2495977,0.001208,3.456041,3.206443,86,simplex-dual+primal,019ab29d,Windows-AMD64,2026-09-30T06:45:49+00:00,
adlittle,db211f7bf735518a246a2a0e385ec51abc09cd601da7ae50d6c3fe083cb6f94b,implied_free,1,optimal,225494.96316238042,225494.96316,1.055634351959886e-11,1,0.22549496316238038228101176621492e6,1,1,56,53,97,96,383,374,3,0.000287,bounds_tightened=3 fixed_columns=1 singleton_rows=3,0.000318,0.209406,0.000103,4.6e-05,0.2100688,0.000663,0.566613,0.356544,86,simplex-dual+primal,019ab29d,Windows-AMD64,2026-09-30T06:45:49+00:00,presolve_implied_free=true
adlittle,db211f7bf735518a246a2a0e385ec51abc09cd601da7ae50d6c3fe083cb6f94b,bound_prop,1,optimal,225494.96316238042,225494.96316,1.055634351959886e-11,1,0.22549496316238038228101176621492e6,1,1,56,53,97,96,383,374,3,0.0003768,bounds_tightened=105 fixed_columns=1 propagated_bounds=102 singleton_rows=3,0.000406,0.005585,0.000157,4.9e-05,0.0064287,0.000844,0.551078,0.54465,70,simplex-dual+primal,019ab29d,Windows-AMD64,2026-09-30T06:45:49+00:00,presolve_bound_propagation=true
adlittle,db211f7bf735518a246a2a0e385ec51abc09cd601da7ae50d6c3fe083cb6f94b,parallel_rows,1,optimal,225494.96316238042,225494.96316,1.055634351959886e-11,1,0.22549496316238038228101176621492e6,1,1,56,53,97,96,383,374,3,0.0006322,bounds_tightened=3 fixed_columns=1 singleton_rows=3,0.00067,0.950194,9.5e-05,4.3e-05,0.9512605,0.001066,1.356461,0.4052,86,simplex-dual+primal,019ab29d,Windows-AMD64,2026-09-30T06:45:49+00:00,presolve_parallel_rows=true
afiro,04992b87e57e57c1c417c96b846833bfa12e055eeaa623f043c45fc773b5be41,base,1,optimal,-464.75314285714285,-464.75314286,6.147731649617561e-12,1,-0.46475314285714285714285714285714e3,1,1,27,25,32,30,83,79,2,0.0007399,doubleton_equations=2,0.000784,0.651473,9.1e-05,2.8e-05,0.6526228,0.001149,1.15713,0.504507,13,simplex-dual,019ab29d,Windows-AMD64,2026-09-30T06:45:49+00:00,
afiro,04992b87e57e57c1c417c96b846833bfa12e055eeaa623f043c45fc773b5be41,implied_free,1,optimal,-464.75314285714285,-464.75314286,6.147731649617561e-12,1,-0.46475314285714285714285714285714e3,1,1,27,25,32,30,83,79,2,0.0001603,doubleton_equations=2,0.000191,0.585434,0.00118,0.000256,0.5871163,0.001682,1.179159,0.592042,13,simplex-dual,019ab29d,Windows-AMD64,2026-09-30T06:45:49+00:00,presolve_implied_free=true
afiro,04992b87e57e57c1c417c96b846833bfa12e055eeaa623f043c45fc773b5be41,bound_prop,1,optimal,-464.75314285714285,-464.75314286,6.147731649617561e-12,1,-0.46475314285714285714285714285714e3,1,1,27,25,32,30,83,79,2,0.0001701,bounds_tightened=2 doubleton_equations=2 propagated_bounds=2,0.0002,0.551105,8.9e-05,3e-05,0.5516304,0.000525,1.473382,0.921752,13,simplex-dual,019ab29d,Windows-AMD64,2026-09-30T06:45:49+00:00,presolve_bound_propagation=true
afiro,04992b87e57e57c1c417c96b846833bfa12e055eeaa623f043c45fc773b5be41,parallel_rows,1,optimal,-464.75314285714285,-464.75314286,6.147731649617561e-12,1,-0.46475314285714285714285714285714e3,1,1,27,25,32,30,83,79,2,0.0001987,doubleton_equations=2,0.00023,0.52552,0.000189,3.1e-05,0.5262008,0.000681,1.090122,0.563921,13,simplex-dual,019ab29d,Windows-AMD64,2026-09-30T06:45:49+00:00,presolve_parallel_rows=true
agg,d7844795d0c799f5cdc1416c8d242f5e8f351f5a3271f42a2d428f170abf1f03,base,1,optimal,-35991767.2865765,-35991767.287,1.1766536728601052e-11,1,-0.35991767286576506712640824319636e8,1,1,488,432,163,163,2410,2304,3,0.0016995,bounds_tightened=22 redundant_rows=34 singleton_rows=22,0.001843,0.840878,0.000297,9.2e-05,0.8435512,0.002673,1.544644,0.701093,140,simplex-dual+primal,019ab29d,Windows-AMD64,2026-09-30T06:45:49+00:00,
agg,d7844795d0c799f5cdc1416c8d242f5e8f351f5a3271f42a2d428f170abf1f03,implied_free,1,optimal,-35991767.2865765,-35991767.287,1.1766536728601052e-11,1,-0.35991767286576506712640824319636e8,1,1,488,432,163,163,2410,2304,3,0.0008684,bounds_tightened=22 redundant_rows=34 singleton_rows=22,0.000941,3.166857,0.000311,0.00012,3.168461,0.001604,3.571971,0.40351,140,simplex-dual+primal,019ab29d,Windows-AMD64,2026-09-30T06:45:49+00:00,presolve_implied_free=true
agg,d7844795d0c799f5cdc1416c8d242f5e8f351f5a3271f42a2d428f170abf1f03,bound_prop,1,optimal,-35991767.28657653,-35991767.287,1.1765708696952868e-11,1,-0.35991767286576506712640824319636e8,1,1,488,238,163,163,2410,1410,3,0.0015215,bounds_tightened=524 propagated_bounds=509 redundant_rows=235 singleton_rows=15,0.001607,0.260497,0.081878,8.6e-05,0.3443038,0.083807,0.642186,0.297882,111,simplex-dual+primal,019ab29d,Windows-AMD64,2026-09-30T06:45:49+00:00,presolve_bound_propagation=true
agg,d7844795d0c799f5cdc1416c8d242f5e8f351f5a3271f42a2d428f170abf1f03,parallel_rows,1,optimal,-35991767.286576495,-35991767.287,1.1766743736513097e-11,1,-0.35991767286576506712640824319636e8,1,1,488,393,163,163,2410,2065,3,0.0037142,bounds_tightened=22 parallel_rows=39 redundant_rows=34 singleton_rows=22,0.003821,3.407472,0.000289,8.5e-05,3.4119582,0.004486,3.826649,0.41469,147,simplex-dual+primal,019ab29d,Windows-AMD64,2026-09-30T06:45:49+00:00,presolve_parallel_rows=true
agg2,0515e9b78a802f9473578b23a7a60075554fc39ea7b5796fb41530cd760e4534,base,1,optimal,-20239252.355977118,-20239252.356,1.130512758608398e-12,1,-0.20239252355977109024317661926133e8,1,1,516,481,302,301,4284,4238,3,0.0014419,bounds_tightened=22 fixed_columns=1 redundant_rows=13 singleton_rows=22,0.001609,1.508003,0.000551,0.000111,1.5105138,0.002511,1.767505,0.256991,165,simplex-dual+primal,019ab29d,Windows-AMD64,2026-09-30T06:45:49+00:00,
agg2,0515e9b78a802f9473578b23a7a60075554fc39ea7b5796fb41530cd760e4534,implied_free,1,optimal,-20239252.355977118,-20239252.356,1.130512758608398e-12,1,-0.20239252355977109024317661926133e8,1,1,516,481,302,301,4284,4238,3,0.0420327,bounds_tightened=22 fixed_columns=1 redundant_rows=13 singleton_rows=22,0.042174,0.771577,0.000425,0.00012,0.8146082,0.043032,1.157811,0.343203,165,simplex-dual+primal,019ab29d,Windows-AMD64,2026-09-30T06:45:49+00:00,presolve_implied_free=true
agg2,0515e9b78a802f9473578b23a7a60075554fc39ea7b5796fb41530cd760e4534,bound_prop,1,optimal,-20239252.35597713,-20239252.356,1.129960570676808e-12,1,-0.20239252355977109024317661926133e8,1,1,516,324,302,301,4284,2830,3,0.0019409,bounds_tightened=1064 fixed_columns=1 propagated_bounds=1049 redundant_rows=177 singleton_rows=15,0.002071,1.242349,0.092642,0.000119,1.3375303,0.095182,2.028173,0.690643,173,simplex-dual+primal,019ab29d,Windows-AMD64,2026-09-30T06:45:49+00:00,presolve_bound_propagation=true
agg2,0515e9b78a802f9473578b23a7a60075554fc39ea7b5796fb41530cd760e4534,parallel_rows,1,optimal,-20239252.355977118,-20239252.356,1.130512758608398e-12,1,-0.20239252355977109024317661926133e8,1,1,516,464,302,301,4284,4140,3,0.0363978,bounds_tightened=22 fixed_columns=1 parallel_rows=17 redundant_rows=13 singleton_rows=22,0.036554,1.525294,0.000476,9.7e-05,1.562709,0.037415,2.496224,0.933515,171,simplex-dual+primal,019ab29d,Windows-AMD64,2026-09-30T06:45:49+00:00,presolve_parallel_rows=true
agg3,1a6e78a0b7d210c935c97527ce49449d0655f9605fcbc33bfdfc93952f3b12d1,base,1,optimal,10312115.935089227,10312115.935,8.652568604351182e-12,1,0.10312115935089225579061058796215e8,1,1,516,481,302,301,4300,4254,3,0.0016866,bounds_tightened=22 fixed_columns=1 redundant_rows=13 singleton_rows=22,0.001824,0.99002,0.000734,0.000139,0.9929904,0.00297,1.982401,0.989411,168,simplex-dual+primal,019ab29d,Windows-AMD64,2026-09-30T06:45:49+00:00,
agg3,1a6e78a0b7d210c935c97527ce49449d0655f9605fcbc33bfdfc93952f3b12d1,implied_free,1,optimal,10312115.935089227,10312115.935,8.652568604351182e-12,1,0.10312115935089225579061058796215e8,1,1,516,481,302,301,4300,4254,3,0.0014403,bounds_tightened=22 fixed_columns=1 redundant_rows=13 singleton_rows=22,0.001581,1.335797,0.000488,0.000107,1.3382269,0.00243,1.815103,0.476876,168,simplex-dual+primal,019ab29d,Windows-AMD64,2026-09-30T06:45:49+00:00,presolve_implied_free=true
agg3,1a6e78a0b7d210c935c97527ce49449d0655f9605fcbc33bfdfc93952f3b12d1,bound_prop,1,optimal,10312115.935089223,10312115.935,8.652207350625764e-12,1,0.10312115935089225579061058796215e8,1,1,516,325,302,301,4300,2862,3,0.002128,bounds_tightened=1071 fixed_columns=1 propagated_bounds=1056 redundant_rows=176 singleton_rows=15,0.002278,1.451249,0.083893,0.000114,1.53781,0.086561,2.07538,0.53757,179,simplex-dual+primal,019ab29d,Windows-AMD64,2026-09-30T06:45:49+00:00,presolve_bound_propagation=true
agg3,1a6e78a0b7d210c935c97527ce49449d0655f9605fcbc33bfdfc93952f3b12d1,parallel_rows,1,optimal,10312115.935089227,10312115.935,8.652568604351182e-12,1,0.10312115935089225579061058796215e8,1,1,516,464,302,301,4300,4156,3,0.0028726,bounds_tightened=22 fixed_columns=1 parallel_rows=17 redundant_rows=13 singleton_rows=22,0.002997,0.772708,0.003482,0.000115,0.77961,0.006902,1.78401,1.0044,171,simplex-dual+primal,019ab29d,Windows-AMD64,2026-09-30T06:45:49+00:00,presolve_parallel_rows=true
bandm,696daa77a79a0715c2fad877285e49bd7fcd7f5513f3cb83fbe0be916b6d8c81,base,1,optimal,-158.62801845012086,-158.62801845,7.61839614961652e-13,1,-0.15862801845012064052174123768736e3,1,1,305,219,472,380,2494,1903,4,0.001788,bounds_tightened=38 doubleton_equations=48 fixed_columns=44 singleton_rows=38,0.001907,2.181575,0.000536,0.000137,2.1843738,0.002799,2.36755,0.183176,520,simplex-dual+primal,019ab29d,Windows-AMD64,2026-09-30T06:45:49+00:00,
bandm,696daa77a79a0715c2fad877285e49bd7fcd7f5513f3cb83fbe0be916b6d8c81,implied_free,1,optimal,-158.62801845012078,-158.62801845,7.613020987704749e-13,1,-0.15862801845012064052174123768736e3,1,1,305,213,472,374,2494,1867,4,0.001914,bounds_tightened=38 doubleton_equations=48 fixed_columns=44 free_column_singletons=6 implied_free_column_singletons=6 singleton_rows=38,0.002097,0.027763,0.000507,0.000125,0.0307826,0.003019,0.780907,0.750124,427,simplex-dual+primal,019ab29d,Windows-AMD64,2026-09-30T06:45:49+00:00,presolve_implied_free=true
bandm,696daa77a79a0715c2fad877285e49bd7fcd7f5513f3cb83fbe0be916b6d8c81,bound_prop,1,optimal,-158.62801845012086,-158.62801845,7.61839614961652e-13,1,-0.15862801845012064052174123768736e3,1,1,305,219,472,380,2494,1903,4,0.0012591,bounds_tightened=38 doubleton_equations=48 fixed_columns=44 singleton_rows=38,0.001367,2.502825,0.002073,0.000641,2.5066348,0.00381,3.151099,0.644465,520,simplex-dual+primal,019ab29d,Windows-AMD64,2026-09-30T06:45:49+00:00,presolve_bound_propagation=true
bandm,696daa77a79a0715c2fad877285e49bd7fcd7f5513f3cb83fbe0be916b6d8c81,parallel_rows,1,optimal,-158.62801845012086,-158.62801845,7.61839614961652e-13,1,-0.15862801845012064052174123768736e3,1,1,305,219,472,380,2494,1903,4,0.0034606,bounds_tightened=38 doubleton_equations=48 fixed_columns=44 singleton_rows=38,0.004106,3.947762,0.002088,0.000653,3.9581453,0.010383,4.751425,0.79328,520,simplex-dual+primal,019ab29d,Windows-AMD64,2026-09-30T06:45:49+00:00,presolve_parallel_rows=true
beaconfd,7138e7b58b1d6160f1ad42112a61ed00b5db1c92d73dc48d77f6a26fc717dbfc,base,1,optimal,33592.485807200006,33592.485807,5.953974350258128e-12,1,0.335924858072e5,1,1,173,122,262,195,3375,2379,4,0.0015933,bounds_tightened=22 doubleton_equations=27 empty_columns=2 fixed_columns=38 redundant_rows=2 singleton_rows=22,0.0017,1.913664,0.002204,0.00058,1.9179871,0.004323,2.397283,0.479296,115,simplex-dual+primal,019ab29d,Windows-AMD64,2026-09-30T06:45:49+00:00,
beaconfd,7138e7b58b1d6160f1ad42112a61ed00b5db1c92d73dc48d77f6a26fc717dbfc,implied_free,1,optimal,33592.48580719999,33592.485807,5.953541160665908e-12,1,0.335924858072e5,1,1,173,91,262,164,3375,1537,4,0.0018957,bounds_tightened=20 doubleton_equations=23 empty_columns=2 fixed_columns=36 free_column_singletons=37 implied_free_column_singletons=37 redundant_rows=2 singleton_rows=20,0.001989,0.739953,0.000585,8.2e-05,0.7429202,0.002967,1.434233,0.691313,79,simplex-dual,019ab29d,Windows-AMD64,2026-09-30T06:45:49+00:00,presolve_implied_free=true
beaconfd,7138e7b58b1d6160f1ad42112a61ed00b5db1c92d73dc48d77f6a26fc717dbfc,bound_prop,1,optimal,33592.485807200006,33592.485807,5.953974350258128e-12,1,0.335924858072e5,1,1,173,122,262,195,3375,2379,4,0.0013714,bounds_tightened=22 doubleton_equations=27 empty_columns=2 fixed_columns=38 redundant_rows=2 singleton_rows=22,0.001496,0.848774,0.00057,8.3e-05,0.8512772,0.002503,1.461844,0.610567,115,simplex-dual+primal,019ab29d,Windows-AMD64,2026-09-30T06:45:49+00:00,presolve_bound_propagation=true
beaconfd,7138e7b58b1d6160f1ad42112a61ed00b5db1c92d73dc48d77f6a26fc717dbfc,parallel_rows,1,optimal,33592.485807200006,33592.485807,5.953974350258128e-12,1,0.335924858072e5,1,1,173,122,262,195,3375,2379,4,0.0027309,bounds_tightened=22 doubleton_equations=27 empty_columns=2 fixed_columns=38 redundant_rows=2 singleton_rows=22,0.002868,0.148029,0.000532,7.2e-05,0.1518138,0.003784,0.369929,0.218115,115,simplex-dual+primal,019ab29d,Windows-AMD64,2026-09-30T06:45:49+00:00,presolve_parallel_rows=true
blend,38e1d84a38f1e0adaa16d3dd0abe758f6cea13a21f33681aa92742b693260aef,base,1,optimal,-30.812149845828223,-30.812149846,5.574984541560087e-12,1,-0.30812149845828220173774356124984e2,1,1,74,68,83,77,491,463,2,0.0003787,doubleton_equations=6,0.000421,1.021724,0.000215,4.1e-05,1.0226518,0.000928,1.523817,0.501165,99,simplex-dual+primal,019ab29d,Windows-AMD64,2026-09-30T06:45:49+00:00,
blend,38e1d84a38f1e0adaa16d3dd0abe758f6cea13a21f33681aa92742b693260aef,implied_free,1,optimal,-30.812149845828223,-30.812149846,5.574984541560087e-12,1,-0.30812149845828220173774356124984e2,1,1,74,65,83,74,491,426,2,0.0004412,doubleton_equations=6 free_column_singletons=3 implied_free_column_singletons=3,0.000501,1.637896,0.000169,8.1e-05,1.639133,0.001237,1.981727,0.342594,82,simplex-dual+primal,019ab29d,Windows-AMD64,2026-09-30T06:45:49+00:00,presolve_implied_free=true
blend,38e1d84a38f1e0adaa16d3dd0abe758f6cea13a21f33681aa92742b693260aef,bound_prop,1,optimal,-30.812149845828223,-30.812149846,5.574984541560087e-12,1,-0.30812149845828220173774356124984e2,1,1,74,68,83,77,491,463,2,0.0005126,bounds_tightened=17 doubleton_equations=6 propagated_bounds=17,0.000558,0.008869,0.000142,4.3e-05,0.0099119,0.001043,0.785206,0.775295,81,simplex-dual+primal,019ab29d,Windows-AMD64,2026-09-30T06:45:49+00:00,presolve_bound_propagation=true
blend,38e1d84a38f1e0adaa16d3dd0abe758f6cea13a21f33681aa92742b693260aef,parallel_rows,1,optimal,-30.812149845828223,-30.812149846,5.574984541560087e-12,1,-0.30812149845828220173774356124984e2,1,1,74,68,83,77,491,463,2,0.0011233,doubleton_equations=6,0.001747,3.923544,0.001778,0.000764,3.9290033,0.005459,5.595177,1.666174,99,simplex-dual+primal,019ab29d,Windows-AMD64,2026-09-30T06:45:49+00:00,presolve_parallel_rows=true
bnl1,7a842adca058eaa3cb712b3bbae357602f22df6cc318c4d278f6600167fe2300,base,1,optimal,1977.629561522888,1977.6292856,1.3952204795477512e-07,1,0.19776295615228892439564398331821e4,1,1,643,516,1175,1112,5121,4921,3,0.0026808,bounds_tightened=44 doubleton_equations=62 empty_rows=11 fixed_columns=1 redundant_rows=10 singleton_rows=44,0.002917,12.289243,0.002551,0.001286,12.2989997,0.009757,12.794812,0.495812,1674,simplex-dual+primal,019ab29d,Windows-AMD64,2026-09-30T06:45:49+00:00,
bnl1,7a842adca058eaa3cb712b3bbae357602f22df6cc318c4d278f6600167fe2300,implied_free,1,optimal,1977.629561522888,1977.6292856,1.3952204795477512e-07,1,0.19776295615228892439564398331821e4,1,1,643,516,1175,1112,5121,4921,3,0.0041174,bounds_tightened=44 doubleton_equations=62 empty_rows=11 fixed_columns=1 redundant_rows=10 singleton_rows=44,0.004459,4.414075,0.002479,0.00083,4.4216135,0.007539,5.081471,0.659857,1674,simplex-dual+primal,019ab29d,Windows-AMD64,2026-09-30T06:45:49+00:00,presolve_implied_free=true
bnl1,7a842adca058eaa3cb712b3bbae357602f22df6cc318c4d278f6600167fe2300,bound_prop,1,optimal,1977.6295615228637,1977.6292856,1.3952203565268014e-07,1,0.19776295615228892439564398331821e4,1,1,643,512,1175,1082,5121,4793,4,0.0040483,bounds_tightened=546 doubleton_equations=58 empty_rows=15 fixed_columns=35 propagated_bounds=502 redundant_rows=14 singleton_rows=44,0.004807,11.943518,0.003126,0.000755,11.9563128,0.012795,12.619522,0.66321,1640,simplex-dual+primal,019ab29d,Windows-AMD64,2026-09-30T06:45:49+00:00,presolve_bound_propagation=true
bnl1,7a842adca058eaa3cb712b3bbae357602f22df6cc318c4d278f6600167fe2300,parallel_rows,1,optimal,1977.629561522888,1977.6292856,1.3952204795477512e-07,1,0.19776295615228892439564398331821e4,1,1,643,516,1175,1112,5121,4921,3,0.3032271,bounds_tightened=44 doubleton_equations=62 empty_rows=11 fixed_columns=1 redundant_rows=10 singleton_rows=44,0.303443,5.175094,0.003156,0.001003,5.482262,0.307169,6.322947,0.840685,1674,simplex-dual+primal,019ab29d,Windows-AMD64,2026-09-30T06:45:49+00:00,presolve_parallel_rows=true
bnl2,eafd7e49005db1a020d420b3fbed2e124bebf46740c0b2550edcbaa17b07ad6b,base,1,optimal,1811.236540358547,1811.2365404,2.2886546617622845e-11,1,0.1811236540358545170448413697691e4,1,1,2324,1634,3489,2959,13999,12635,3,0.0066321,bounds_tightened=120 doubleton_equations=499 empty_columns=5 empty_rows=44 fixed_columns=26 redundant_rows=27 singleton_rows=120,0.007967,4.107512,0.006057,0.001403,4.1269048,0.019393,5.248018,1.121113,2377,simplex-dual+primal,019ab29d,Windows-AMD64,2026-09-30T06:45:49+00:00,
bnl2,eafd7e49005db1a020d420b3fbed2e124bebf46740c0b2550edcbaa17b07ad6b,implied_free,1,optimal,1811.236540358547,1811.2365404,2.2886546617622845e-11,1,0.1811236540358545170448413697691e4,1,1,2324,1529,3489,2801,13999,12425,3,0.006469,bounds_tightened=120 doubleton_equations=355 empty_columns=58 empty_rows=44 fixed_columns=26 free_column_singletons=249 implied_free_column_singletons=249 redundant_rows=27 singleton_rows=120,0.007169,2.859645,0.003368,0.000705,2.871141,0.011496,3.612647,0.741506,2453,simplex-dual+primal,019ab29d,Windows-AMD64,2026-09-30T06:45:49+00:00,presolve_implied_free=true
bnl2,eafd7e49005db1a020d420b3fbed2e124bebf46740c0b2550edcbaa17b07ad6b,bound_prop,1,optimal,1811.2365403585466,1811.2365404,2.288679768772923e-11,1,0.1811236540358545170448413697691e4,1,1,2324,1628,3489,2941,13999,12547,4,0.0241764,bounds_tightened=911 doubleton_equations=494 empty_columns=5 empty_rows=50 fixed_columns=49 propagated_bounds=789 redundant_rows=30 singleton_rows=122,0.025593,1.691301,0.006585,0.000631,1.7243979,0.033097,2.15413,0.429732,2200,simplex-dual+primal,019ab29d,Windows-AMD64,2026-09-30T06:45:49+00:00,presolve_bound_propagation=true
bnl2,eafd7e49005db1a020d420b3fbed2e124bebf46740c0b2550edcbaa17b07ad6b,parallel_rows,1,optimal,1811.236540358547,1811.2365404,2.2886546617622845e-11,1,0.1811236540358545170448413697691e4,1,1,2324,1634,3489,2959,13999,12635,3,0.0103603,bounds_tightened=120 doubleton_equations=499 empty_columns=5 empty_rows=44 fixed_columns=26 redundant_rows=27 singleton_rows=120,0.011542,0.546917,0.003635,0.000735,0.5630933,0.016176,0.919067,0.355973,2377,simplex-dual+primal,019ab29d,Windows-AMD64,2026-09-30T06:45:49+00:00,presolve_parallel_rows=true
boeing1,1d9d58afaf41bad6866d5355330b261d3776ca86753d121eb9b688ee6128ab9e,base,1,optimal,-335.213567507127,-335.21356751,8.570765619133575e-12,1,-0.3352135675071266218429697314682e3,1,1,351,301,384,378,3485,2776,5,0.0012593,bounds_tightened=37 doubleton_equations=1 empty_rows=3 fixed_columns=5 redundant_rows=9 singleton_rows=37,0.001496,0.652361,0.000408,0.000103,0.6546469,0.002286,0.994229,0.339583,465,simplex-dual+primal,019ab29d,Windows-AMD64,2026-09-30T06:45:49+00:00,
boeing1,1d9d58afaf41bad6866d5355330b261d3776ca86753d121eb9b688ee6128ab9e,implied_free,1,optimal,-335.213567507127,-335.21356751,8.570765619133575e-12,1,-0.3352135675071266218429697314682e3,1,1,351,301,384,378,3485,2776,5,0.0012235,bounds_tightened=37 doubleton_equations=1 empty_rows=3 fixed_columns=5 redundant_rows=9 singleton_rows=37,0.001346,1.575763,0.000399,0.000104,1.5778416,0.002079,2.141512,0.563671,465,simplex-dual+primal,019ab29d,Windows-AMD64,2026-09-30T06:45:49+00:00,presolve_implied_free=true
boeing1,1d9d58afaf41bad6866d5355330b261d3776ca86753d121eb9b688ee6128ab9e,bound_prop,1,optimal,-335.2135675071273,-335.21356751,8.569748176684277e-12,1,-0.3352135675071266218429697314682e3,1,1,351,295,384,375,3485,2318,5,0.0023376,bounds_tightened=700 empty_rows=7 fixed_columns=9 propagated_bounds=667 redundant_rows=16 singleton_rows=33,0.002469,1.110803,0.000923,0.000143,1.114723,0.00392,1.432072,0.317349,349,simplex-dual+primal,019ab29d,Windows-AMD64,2026-09-30T06:45:49+00:00,presolve_bound_propagation=true
boeing1,1d9d58afaf41bad6866d5355330b261d3776ca86753d121eb9b688ee6128ab9e,parallel_rows,1,optimal,-335.21356750712687,-335.21356751,8.571104766616673e-12,1,-0.3352135675071266218429697314682e3,1,1,351,297,384,378,3485,2760,5,0.002426,bounds_tightened=37 doubleton_equations=1 empty_rows=3 fixed_columns=5 parallel_rows=7 redundant_rows=6 singleton_rows=37,0.002565,1.044585,0.00049,0.000117,1.0480349,0.00345,1.513746,0.465711,465,simplex-dual+primal,019ab29d,Windows-AMD64,2026-09-30T06:45:49+00:00,presolve_parallel_rows=true
boeing2,e12e729b8c09bf6e6934af40b728e460d4eb360c42419b791b68fb2271ddd61a,base,1,optimal,-315.0187280152028,-315.01872802,1.522843902485208e-11,1,-0.31501872801520287870462195913263e3,1,1,166,125,143,143,1196,801,2,0.0005045,empty_rows=26 redundant_rows=15,0.000551,0.707776,0.000177,6.2e-05,0.7088053,0.001029,0.842008,0.133203,223,simplex-dual+primal,019ab29d,Windows-AMD64,2026-09-30T06:45:49+00:00,
boeing2,e12e729b8c09bf6e6934af40b728e460d4eb360c42419b791b68fb2271ddd61a,implied_free,1,optimal,-315.0187280152028,-315.01872802,1.522843902485208e-11,1,-0.31501872801520287870462195913263e3,1,1,166,125,143,143,1196,801,2,0.0005027,empty_rows=26 redundant_rows=15,0.000545,1.070233,0.000158,8.8e-05,1.0714119,0.001178,1.340571,0.269159,223,simplex-dual+primal,019ab29d,Windows-AMD64,2026-09-30T06:45:49+00:00,presolve_implied_free=true
boeing2,e12e729b8c09bf6e6934af40b728e460d4eb360c42419b791b68fb2271ddd61a,bound_prop,1,optimal,-315.01872801520386,-315.01872802,1.522501057802562e-11,1,-0.31501872801520287870462195913263e3,1,1,166,125,143,143,1196,801,2,0.000702,bounds_tightened=240 empty_rows=26 propagated_bounds=240 redundant_rows=15,0.000745,0.318896,0.000256,9.9e-05,0.3202373,0.001341,0.686892,0.366654,191,simplex-dual+primal,019ab29d,Windows-AMD64,2026-09-30T06:45:49+00:00,presolve_bound_propagation=true
boeing2,e12e729b8c09bf6e6934af40b728e460d4eb360c42419b791b68fb2271ddd61a,parallel_rows,1,optimal,-315.0187280152027,-315.01872802,1.5228619469421892e-11,1,-0.31501872801520287870462195913263e3,1,1,166,122,143,143,1196,794,2,0.0009906,empty_rows=26 parallel_rows=3 redundant_rows=15,0.001052,0.408461,0.00014,6.2e-05,0.4100449,0.001583,0.585052,0.175007,221,simplex-dual+primal,019ab29d,Windows-AMD64,2026-09-30T06:45:49+00:00,presolve_parallel_rows=true
bore3d,c7cfe0d4abd466346e3cda4e16d00651f44f3ce1da317cf583c5fed5dfc0515a,base,1,optimal,1373.080394208493,1373.0803942,6.185427258816399e-12,1,0.13730803942084927215581987251301e4,1,1,233,158,315,237,1429,1146,4,0.00078,bounds_tightened=36 doubleton_equations=37 fixed_columns=41 redundant_rows=2 singleton_rows=36,0.000871,0.966075,0.000352,7.6e-05,0.9676118,0.001536,1.177467,0.209855,162,simplex-dual+primal,019ab29d,Windows-AMD64,2026-09-30T06:45:49+00:00,
bore3d,c7cfe0d4abd466346e3cda4e16d00651f44f3ce1da317cf583c5fed5dfc0515a,implied_free,1,optimal,1373.0803942084929,1373.0803942,6.1852616649615865e-12,1,0.13730803942084927215581987251301e4,1,1,233,110,315,189,1429,909,4,0.0012931,bounds_tightened=17 doubleton_equations=17 fixed_columns=22 free_column_singletons=87 implied_free_column_singletons=87 redundant_rows=2 singleton_rows=17,0.001715,0.455288,0.000411,7.2e-05,0.4577023,0.002414,0.94685,0.489147,97,simplex-dual,019ab29d,Windows-AMD64,2026-09-30T06:45:49+00:00,presolve_implied_free=true
bore3d,c7cfe0d4abd466346e3cda4e16d00651f44f3ce1da317cf583c5fed5dfc0515a,bound_prop,1,optimal,1373.080394208493,1373.0803942,6.185427258816399e-12,1,0.13730803942084927215581987251301e4,1,1,233,156,315,234,1429,1116,4,0.0013639,bounds_tightened=40 doubleton_equations=37 empty_rows=1 fixed_columns=44 propagated_bounds=3 redundant_rows=2 singleton_rows=37,0.001545,0.74762,0.000363,8.7e-05,0.7498624,0.002242,1.017858,0.267995,151,simplex-dual+primal,019ab29d,Windows-AMD64,2026-09-30T06:45:49+00:00,presolve_bound_propagation=true
bore3d,c7cfe0d4abd466346e3cda4e16d00651f44f3ce1da317cf583c5fed5dfc0515a,parallel_rows,1,optimal,1373.080394208493,1373.0803942,6.185427258816399e-12,1,0.13730803942084927215581987251301e4,1,1,233,157,315,237,1429,1144,4,0.0014831,bounds_tightened=36 doubleton_equations=37 fixed_columns=41 parallel_rows=1 redundant_rows=2 singleton_rows=36,0.001571,0.492947,0.000403,9.1e-05,0.4952128,0.002266,1.225412,0.730199,151,simplex-dual+primal,019ab29d,Windows-AMD64,2026-09-30T06:45:49+00:00,presolve_parallel_rows=true
brandy,56fa020b84a0a106b7883b7da006c2852449598898c41ec8dd2575151d0e0917,base,1,optimal,1518.509896488128,1518.5098965,7.818099666838409e-12,1,0.15185098964881283835426751550618e4,1,1,220,123,249,207,2148,1911,4,0.0011195,bounds_tightened=47 doubleton_equations=6 empty_rows=41 fixed_columns=36 redundant_rows=3 singleton_rows=47,0.001221,0.712666,0.00033,7.6e-05,0.7146469,0.001981,1.172855,0.458208,299,simplex-dual+primal,019ab29d,Windows-AMD64,2026-09-30T06:45:49+00:00,
brandy,56fa020b84a0a106b7883b7da006c2852449598898c41ec8dd2575151d0e0917,implied_free,1,optimal,1518.509896488128,1518.5098965,7.818099666838409e-12,1,0.15185098964881283835426751550618e4,1,1,220,122,249,206,2148,1895,4,0.0008911,bounds_tightened=46 doubleton_equations=6 empty_rows=41 fixed_columns=35 free_column_singletons=2 implied_free_column_singletons=2 redundant_rows=3 singleton_rows=46,0.000983,0.884856,0.000347,6.8e-05,0.8865187,0.001663,1.067632,0.181113,301,simplex-dual+primal,019ab29d,Windows-AMD64,2026-09-30T06:45:49+00:00,presolve_implied_free=true
brandy,56fa020b84a0a106b7883b7da006c2852449598898c41ec8dd2575151d0e0917,bound_prop,1,optimal,1518.509896488128,1518.5098965,7.818099666838409e-12,1,0.15185098964881283835426751550618e4,1,1,220,123,249,205,2148,1890,4,0.000921,bounds_tightened=121 doubleton_equations=5 empty_rows=41 fixed_columns=39 propagated_bounds=77 redundant_rows=7 singleton_rows=44,0.001066,0.974916,0.000371,7.9e-05,0.976787,0.001871,1.178763,0.201976,318,simplex-dual+primal,019ab29d,Windows-AMD64,2026-09-30T06:45:49+00:00,presolve_bound_propagation=true
brandy,56fa020b84a0a106b7883b7da006c2852449598898c41ec8dd2575151d0e0917,parallel_rows,1,optimal,1518.509896488128,1518.5098965,7.818099666838409e-12,1,0.15185098964881283835426751550618e4,1,1,220,123,249,207,2148,1911,4,0.0015092,bounds_tightened=47 doubleton_equations=6 empty_rows=41 fixed_columns=36 redundant_rows=3 singleton_rows=47,0.001606,0.593219,0.000527,7.7e-05,0.5957854,0.002566,0.833698,0.237913,299,simplex-dual+primal,019ab29d,Windows-AMD64,2026-09-30T06:45:49+00:00,presolve_parallel_rows=true
capri,4932bc8861fcdaf19256827b7ee229941fa6f2e84f2044b65300326c226fba78,base,1,optimal,2690.0129137681615,2690.0129138,1.1835884081310426e-11,1,0.26900129137681610087717280693754e4,1,1,271,232,353,298,1767,1550,3,0.0010127,bounds_tightened=5 doubleton_equations=24 fixed_columns=21 free_column_singletons=10 singleton_rows=5,0.001139,1.20144,0.00036,0.000109,1.2033122,0.001872,1.492957,0.289645,259,simplex-dual+primal,019ab29d,Windows-AMD64,2026-09-30T06:45:49+00:00,
capri,4932bc8861fcdaf19256827b7ee229941fa6f2e84f2044b65300326c226fba78,implied_free,1,optimal,2690.012913768164,2690.0129138,1.1835038830069153e-11,1,0.26900129137681610087717280693754e4,1,1,271,228,353,294,1767,1427,3,0.0007323,bounds_tightened=5 doubleton_equations=24 fixed_columns=21 free_column_singletons=14 implied_free_column_singletons=4 singleton_rows=5,0.000823,0.805893,0.000409,0.000103,0.8074482,0.001556,1.173981,0.366532,256,simplex-dual+primal,019ab29d,Windows-AMD64,2026-09-30T06:45:49+00:00,presolve_implied_free=true
capri,4932bc8861fcdaf19256827b7ee229941fa6f2e84f2044b65300326c226fba78,bound_prop,1,optimal,2690.0129137681615,2690.0129138,1.1835884081310426e-11,1,0.26900129137681610087717280693754e4,1,1,271,232,353,298,1767,1550,3,0.0008933,bounds_tightened=12 doubleton_equations=24 fixed_columns=21 free_column_singletons=10 propagated_bounds=7 singleton_rows=5,0.000975,0.799497,0.0004,9.4e-05,0.8011846,0.001687,1.476363,0.675178,259,simplex-dual+primal,019ab29d,Windows-AMD64,2026-09-30T06:45:49+00:00,presolve_bound_propagation=true
capri,4932bc8861fcdaf19256827b7ee229941fa6f2e84f2044b65300326c226fba78,parallel_rows,1,optimal,2690.0129137681615,2690.0129138,1.1835884081310426e-11,1,0.26900129137681610087717280693754e4,1,1,271,232,353,298,1767,1550,3,0.0018078,bounds_tightened=5 doubleton_equations=24 fixed_columns=21 free_column_singletons=10 singleton_rows=5,0.00193,0.519883,0.000375,9.7e-05,0.5225213,0.002638,0.606949,0.084428,259,simplex-dual+primal,019ab29d,Windows-AMD64,2026-09-30T06:45:49+00:00,presolve_parallel_rows=true
cycle,bfc8edde30952b8dfa354679ea3a3231c2e7eb762c0ff8f0f845505741816d53,base,1,optimal,-5.226393024894101,-5.2263930249,1.1287480745405875e-12,1,-0.52263930248941017172447233836217e1,1,1,1903,1393,2857,2499,20720,16431,4,0.0067461,bounds_tightened=80 doubleton_equations=242 empty_rows=17 fixed_columns=116 redundant_rows=171 singleton_rows=80,0.007467,0.891752,0.004378,0.000764,0.9047042,0.012952,1.359011,0.454307,335,simplex-dual+primal,019ab29d,Windows-AMD64,2026-09-30T06:45:49+00:00,
cycle,bfc8edde30952b8dfa354679ea3a3231c2e7eb762c0ff8f0f845505741816d53,implied_free,1,optimal,-5.2263930248941,-5.2263930249,1.1289180155334422e-12,1,-0.52263930248941017172447233836217e1,1,1,1903,1312,2857,2418,20720,15680,4,0.010367,bounds_tightened=59 doubleton_equations=209 empty_rows=17 fixed_columns=95 free_column_singletons=135 implied_free_column_singletons=135 redundant_rows=171 singleton_rows=59,0.011036,1.567021,0.004736,0.00095,1.5836908,0.01667,2.451508,0.867817,290,simplex-dual+primal,019ab29d,Windows-AMD64,2026-09-30T06:45:49+00:00,presolve_implied_free=true
cycle,bfc8edde30952b8dfa354679ea3a3231c2e7eb762c0ff8f0f845505741816d53,bound_prop,1,optimal,-5.226393024894101,-5.2263930249,1.1287480745405875e-12,1,-0.52263930248941017172447233836217e1,1,1,1903,1393,2857,2499,20720,16431,4,0.0092263,bounds_tightened=80 doubleton_equations=242 empty_rows=17 fixed_columns=116 redundant_rows=171 singleton_rows=80,0.010428,0.902028,0.004293,0.000835,0.9267531,0.024725,1.394534,0.467781,335,simplex-dual+primal,019ab29d,Windows-AMD64,2026-09-30T06:45:49+00:00,presolve_bound_propagation=true
cycle,bfc8edde30952b8dfa354679ea3a3231c2e7eb762c0ff8f0f845505741816d53,parallel_rows,1,optimal,-5.226393024894101,-5.2263930249,1.1287480745405875e-12,1,-0.52263930248941017172447233836217e1,1,1,1903,1393,2857,2499,20720,16431,4,0.0131235,bounds_tightened=80 doubleton_equations=242 empty_rows=17 fixed_columns=116 redundant_rows=171 singleton_rows=80,0.013938,0.77562,0.003047,0.000632,0.7944413,0.018821,1.149362,0.354921,335,simplex-dual+primal,019ab29d,Windows-AMD64,2026-09-30T06:45:49+00:00,presolve_parallel_rows=true
czprob,b1f30bd25705fcc3c4f195d7e627e437788035f81fae9198e3096471b947f704,base,1,optimal,2185196.698856578,2185196.6989,1.98709725951582e-11,1,0.21851966988565774858951155947191e7,1,1,929,540,3523,2907,10669,9023,3,0.00408,bounds_tightened=190 doubleton_equations=197 empty_rows=2 fixed_columns=419 singleton_rows=190,0.004461,1.656079,0.002662,0.000637,1.6643289,0.00825,2.051554,0.387225,981,simplex-dual+primal,019ab29d,Windows-AMD64,2026-09-30T06:45:49+00:00,
czprob,b1f30bd25705fcc3c4f195d7e627e437788035f81fae9198e3096471b947f704,implied_free,1,optimal,2185196.6988565777,2185196.6989,1.9871185693268564e-11,1,0.21851966988565774858951155947191e7,1,1,929,522,3523,2889,10669,5778,3,0.0042789,bounds_tightened=188 doubleton_equations=197 empty_rows=2 fixed_columns=417 free_column_singletons=20 implied_free_column_singletons=20 singleton_rows=188,0.004643,1.93484,0.00226,0.002016,1.9425075,0.007668,2.368527,0.42602,1304,simplex-dual+primal,019ab29d,Windows-AMD64,2026-09-30T06:45:49+00:00,presolve_implied_free=true
czprob,b1f30bd25705fcc3c4f195d7e627e437788035f81fae9198e3096471b947f704,bound_prop,1,optimal,2185196.6988565777,2185196.6989,1.9871185693268564e-11,1,0.21851966988565774858951155947191e7,1,1,929,727,3523,3026,10669,9105,3,0.0114106,bounds_tightened=6050 empty_rows=12 fixed_columns=497 propagated_bounds=5860 singleton_rows=190,0.012074,2.227334,0.003817,0.001133,2.2441142,0.01678,3.673275,1.429161,1165,simplex-dual+primal,019ab29d,Windows-AMD64,2026-09-30T06:45:49+00:00,presolve_bound_propagation=true
czprob,b1f30bd25705fcc3c4f195d7e627e437788035f81fae9198e3096471b947f704,parallel_rows,1,optimal,2185196.698856578,2185196.6989,1.98709725951582e-11,1,0.21851966988565774858951155947191e7,1,1,929,540,3523,2907,10669,9023,3,0.0067872,bounds_tightened=190 doubleton_equations=197 empty_rows=2 fixed_columns=419 singleton_rows=190,0.008022,2.169437,0.002698,0.000943,2.184606,0.015169,3.069204,0.884598,981,simplex-dual+primal,019ab29d,Windows-AMD64,2026-09-30T06:45:49+00:00,presolve_parallel_rows=true
d2q06c,fb1516a10aba6a4101cea6cec90c1da775ac60d2d2cd96e902bbe21a430790c9,base,1,optimal,122784.21081418934,122784.23615,2.0634416478016988e-07,1,0.12278421081418945895739128812392e6,1,1,2171,2000,5167,5058,32417,32120,3,0.0093751,bounds_tightened=72 doubleton_equations=99 fixed_columns=10 singleton_rows=72,0.010205,10.35545,0.005676,0.00152,10.3725464,0.017097,10.881184,0.508638,14998,simplex-dual+primal,019ab29d,Windows-AMD64,2026-09-30T06:45:49+00:00,
d2q06c,fb1516a10aba6a4101cea6cec90c1da775ac60d2d2cd96e902bbe21a430790c9,implied_free,1,optimal,122784.21081418933,122784.23615,2.0634416489868602e-07,1,0.12278421081418945895739128812392e6,1,1,2171,1976,5167,5031,32417,31236,3,0.104692,bounds_tightened=72 doubleton_equations=94 empty_columns=3 fixed_columns=10 free_column_singletons=29 implied_free_column_singletons=29 singleton_rows=72,0.10564,13.235563,0.003777,0.000886,13.346436,0.110873,14.516659,1.170223,15133,simplex-dual+primal,019ab29d,Windows-AMD64,2026-09-30T06:45:49+00:00,presolve_implied_free=true
d2q06c,fb1516a10aba6a4101cea6cec90c1da775ac60d2d2cd96e902bbe21a430790c9,bound_prop,1,optimal,122784.21081418938,122784.23615,2.0634416442462143e-07,1,0.12278421081418945895739128812392e6,1,1,2171,2011,5167,5069,32417,32142,3,0.0110214,bounds_tightened=1710 doubleton_equations=88 fixed_columns=10 propagated_bounds=1638 singleton_rows=72,0.011901,14.745985,0.005184,0.001084,14.7644853,0.018501,15.352697,0.588212,14611,simplex-dual+primal,019ab29d,Windows-AMD64,2026-09-30T06:45:49+00:00,presolve_bound_propagation=true
d2q06c,fb1516a10aba6a4101cea6cec90c1da775ac60d2d2cd96e902bbe21a430790c9,parallel_rows,1,optimal,122784.21081418936,122784.23615,2.0634416466165372e-07,1,0.12278421081418945895739128812392e6,1,1,2171,1998,5167,5058,32417,32093,3,0.1077235,bounds_tightened=72 doubleton_equations=99 fixed_columns=10 parallel_rows=2 singleton_rows=72,0.108884,13.210487,0.00605,0.00176,13.3274313,0.116945,13.909324,0.581893,14495,simplex-dual+primal,019ab29d,Windows-AMD64,2026-09-30T06:45:49+00:00,presolve_parallel_rows=true
d6cube,8cd94ee7783bcbce884acde1f4769f5c79739c9460fe73cb948924e724b02dfa,base,1,optimal,315.49166666666713,315.49166667,1.0563966300044954e-11,1,0.31549166666666666666666666666667e3,1,1,415,403,6184,6183,37704,37696,3,0.0102522,bounds_tightened=1 empty_rows=11 fixed_columns=1 singleton_rows=1,0.011544,1.397796,0.003864,0.001363,1.4154517,0.017656,1.963283,0.547831,868,simplex-dual+primal,019ab29d,Windows-AMD64,2026-09-30T06:45:49+00:00,
d6cube,8cd94ee7783bcbce884acde1f4769f5c79739c9460fe73cb948924e724b02dfa,implied_free,1,optimal,315.49166666666713,315.49166667,1.0563966300044954e-11,1,0.31549166666666666666666666666667e3,1,1,415,403,6184,6183,37704,37696,3,0.054956,bounds_tightened=1 empty_rows=11 fixed_columns=1 singleton_rows=1,0.055669,0.899758,0.002969,0.00079,0.9638262,0.064068,1.670435,0.706609,868,simplex-dual+primal,019ab29d,Windows-AMD64,2026-09-30T06:45:49+00:00,presolve_implied_free=true
d6cube,8cd94ee7783bcbce884acde1f4769f5c79739c9460fe73cb948924e724b02dfa,bound_prop,1,optimal,315.49166666666713,315.49166667,1.0563966300044954e-11,1,0.31549166666666666666666666666667e3,1,1,415,403,6184,6183,37704,37696,3,0.0413666,bounds_tightened=1 empty_rows=11 fixed_columns=1 singleton_rows=1,0.042044,2.172328,0.004005,0.001377,2.2196158,0.047287,2.522274,0.302659,868,simplex-dual+primal,019ab29d,Windows-AMD64,2026-09-30T06:45:49+00:00,presolve_bound_propagation=true
d6cube,8cd94ee7783bcbce884acde1f4769f5c79739c9460fe73cb948924e724b02dfa,parallel_rows,1,optimal,315.49166666666713,315.49166667,1.0563966300044954e-11,1,0.31549166666666666666666666666667e3,1,1,415,403,6184,6183,37704,37696,3,0.0268981,bounds_tightened=1 empty_rows=11 fixed_columns=1 singleton_rows=1,0.027664,1.472498,0.002412,0.00086,1.5047706,0.032273,1.780968,0.276198,868,simplex-dual+primal,019ab29d,Windows-AMD64,2026-09-30T06:45:49+00:00,presolve_parallel_rows=true
degen2,755cf6ca5f3a8ed1b8b68372e8d2d3b5efee784ee69b1dada923c6ff04ee0edb,base,1,optimal,-1435.178,-1435.178,0.0,1,-0.1435178e4,1,1,444,384,534,474,3978,3858,2,0.0018463,doubleton_equations=60,0.002066,0.420092,0.001106,0.000141,0.4236499,0.003558,0.610131,0.186482,611,simplex-dual+primal,019ab29d,Windows-AMD64,2026-09-30T06:45:49+00:00,
degen2,755cf6ca5f3a8ed1b8b68372e8d2d3b5efee784ee69b1dada923c6ff04ee0edb,implied_free,1,optimal,-1435.178,-1435.178,0.0,1,-0.1435178e4,1,1,444,384,534,474,3978,3858,2,0.0016215,doubleton_equations=60,0.001824,0.362171,0.001135,0.00016,0.3677009,0.00553,0.743435,0.375734,611,simplex-dual+primal,019ab29d,Windows-AMD64,2026-09-30T06:45:49+00:00,presolve_implied_free=true
degen2,755cf6ca5f3a8ed1b8b68372e8d2d3b5efee784ee69b1dada923c6ff04ee0edb,bound_prop,1,optimal,-1435.178,-1435.178,0.0,1,-0.1435178e4,1,1,444,384,534,474,3978,3858,2,0.001944,doubleton_equations=60,0.002145,0.90186,0.001079,0.000177,0.9055258,0.003665,0.985926,0.0804,611,simplex-dual+primal,019ab29d,Windows-AMD64,2026-09-30T06:45:49+00:00,presolve_bound_propagation=true
degen2,755cf6ca5f3a8ed1b8b68372e8d2d3b5efee784ee69b1dada923c6ff04ee0edb,parallel_rows,1,optimal,-1435.178,-1435.178,0.0,1,-0.1435178e4,1,1,444,383,534,474,3978,3855,2,0.0022982,doubleton_equations=60 parallel_rows=1,0.002483,0.18205,0.000905,0.000146,0.1858055,0.003755,0.599993,0.414188,617,simplex-dual+primal,019ab29d,Windows-AMD64,2026-09-30T06:45:49+00:00,presolve_parallel_rows=true
degen3,08d600688c524fea548e946af5551ef8c359c7a7e71b8841acc839b00eefadeb,base,1,optimal,-987.2939999999999,-987.294,1.151499327673581e-16,1,-0.987294e3,1,1,1503,1412,1818,1727,24646,24464,2,0.0115286,doubleton_equations=91,0.013692,1.512374,0.004322,0.000527,1.5337374,0.021363,1.854565,0.320828,3164,simplex-dual+primal,019ab29d,Windows-AMD64,2026-09-30T06:45:49+00:00,
degen3,08d600688c524fea548e946af5551ef8c359c7a7e71b8841acc839b00eefadeb,implied_free,1,optimal,-987.2939999999999,-987.294,1.151499327673581e-16,1,-0.987294e3,1,1,1503,1412,1818,1727,24646,24464,2,0.0181658,doubleton_equations=91,0.018875,2.186244,0.002606,0.00049,2.2087174,0.022474,3.027135,0.818418,3164,simplex-dual+primal,019ab29d,Windows-AMD64,2026-09-30T06:45:49+00:00,presolve_implied_free=true
degen3,08d600688c524fea548e946af5551ef8c359c7a7e71b8841acc839b00eefadeb,bound_prop,1,optimal,-987.2939999999999,-987.294,1.151499327673581e-16,1,-0.987294e3,1,1,1503,1412,1818,1727,24646,24464,2,0.0298027,doubleton_equations=91,0.03161,1.243231,0.002522,0.000633,1.278112,0.034881,1.474137,0.196025,3164,simplex-dual+primal,019ab29d,Windows-AMD64,2026-09-30T06:45:49+00:00,presolve_bound_propagation=true
degen3,08d600688c524fea548e946af5551ef8c359c7a7e71b8841acc839b00eefadeb,parallel_rows,1,optimal,-987.2939999999999,-987.294,1.151499327673581e-16,1,-0.987294e3,1,1,1503,1412,1818,1727,24646,24464,2,0.0176876,doubleton_equations=91,0.018898,1.85567,0.00288,0.000549,1.8782185,0.022549,1.989027,0.110809,3164,simplex-dual+primal,019ab29d,Windows-AMD64,2026-09-30T06:45:49+00:00,presolve_parallel_rows=true
dfl001,85d47c5f8a5fc53772eabac1805b7a1af72431cad9e14d26d673043980952730,base,1,time_limit,11214388.649918407,11266400.0,0.004616501285378896,0,0.11266396046671392202377652175477e8,0,,6071,6057,12230,12216,35632,35604,2,0.017332,doubleton_equations=14,0.018922,120.028142,0.014433,0.000499,120.0674032,0.039261,120.600383,0.53298,25102,simplex-dual,019ab29d,Windows-AMD64,2026-09-30T06:45:49+00:00,
dfl001,85d47c5f8a5fc53772eabac1805b7a1af72431cad9e14d26d673043980952730,implied_free,1,time_limit,11217761.121294167,11266400.0,0.004317162421521791,0,0.11266396046671392202377652175477e8,0,,6071,5970,12230,12129,35632,35310,3,0.0933994,doubleton_equations=14 free_column_singletons=87 implied_free_column_singletons=87,0.095204,120.88458,0.012559,0.000412,120.9993591,0.11478,122.45778,1.458421,24314,simplex-dual,019ab29d,Windows-AMD64,2026-09-30T06:45:49+00:00,presolve_implied_free=true
dfl001,85d47c5f8a5fc53772eabac1805b7a1af72431cad9e14d26d673043980952730,bound_prop,1,time_limit,10494069.041751994,11266400.0,0.06855170757722132,0,0.11266396046671392202377652175477e8,0,,6071,6057,12230,12216,35632,35604,2,0.0939993,doubleton_equations=14,0.095869,120.55639,0.010824,0.000279,120.6682055,0.111816,121.914149,1.245944,22891,simplex-dual,019ab29d,Windows-AMD64,2026-09-30T06:45:49+00:00,presolve_bound_propagation=true
dfl001,85d47c5f8a5fc53772eabac1805b7a1af72431cad9e14d26d673043980952730,parallel_rows,1,time_limit,10662232.181658361,11266400.0,0.053625631820425235,0,0.11266396046671392202377652175477e8,0,,6071,6057,12230,12216,35632,35604,2,0.0701357,doubleton_equations=14,0.071944,120.141227,0.010695,0.000261,120.230013,0.088786,121.870001,1.639988,28156,simplex-dual,019ab29d,Windows-AMD64,2026-09-30T06:45:49+00:00,presolve_parallel_rows=true
e226,ddf56486daea52c8592b520aeb83d329223a1b45a3e5a269bd663ef9195bd8d8,base,1,optimal,-11.638929066370528,-18.751929066,1.9759581631647916e-11,1,-0.18751929066370549102605687681285e2,1,1,223,162,282,269,2578,2426,4,0.0014394,bounds_tightened=45 doubleton_equations=2 fixed_columns=11 redundant_rows=14 singleton_rows=45,0.001556,2.248177,0.000301,0.002729,2.2504339,0.002257,2.869664,0.619231,435,simplex-dual+primal,019ab29d,Windows-AMD64,2026-09-30T06:45:49+00:00,
e226,ddf56486daea52c8592b520aeb83d329223a1b45a3e5a269bd663ef9195bd8d8,implied_free,1,optimal,-11.638929066370528,-18.751929066,1.9759581631647916e-11,1,-0.18751929066370549102605687681285e2,1,1,223,162,282,269,2578,2426,4,0.0030613,bounds_tightened=45 doubleton_equations=2 fixed_columns=11 redundant_rows=14 singleton_rows=45,0.003154,1.409733,0.000379,0.000111,1.4136337,0.003901,1.834993,0.421359,435,simplex-dual+primal,019ab29d,Windows-AMD64,2026-09-30T06:45:49+00:00,presolve_implied_free=true
e226,ddf56486daea52c8592b520aeb83d329223a1b45a3e5a269bd663ef9195bd8d8,bound_prop,1,optimal,-11.638929066370537,-18.751929066,1.9759960548789327e-11,1,-0.18751929066370549102605687681285e2,1,1,223,162,282,265,2578,2388,7,0.0020123,bounds_tightened=331 empty_rows=2 fixed_columns=17 propagated_bounds=288 redundant_rows=16 singleton_rows=43,0.002115,1.335088,0.000453,0.0001,1.3380401,0.002952,1.752005,0.413965,399,simplex-dual,019ab29d,Windows-AMD64,2026-09-30T06:45:49+00:00,presolve_bound_propagation=true
e226,ddf56486daea52c8592b520aeb83d329223a1b45a3e5a269bd663ef9195bd8d8,parallel_rows,1,optimal,-11.638929066370542,-18.751929066,1.9760339465930735e-11,1,-0.18751929066370549102605687681285e2,1,1,223,161,282,269,2578,2424,4,0.0018723,bounds_tightened=45 doubleton_equations=2 fixed_columns=11 parallel_rows=1 redundant_rows=14 singleton_rows=45,0.001973,2.24009,0.000377,8.9e-05,2.2428246,0.002734,2.66214,0.419316,435,simplex-dual+primal,019ab29d,Windows-AMD64,2026-09-30T06:45:49+00:00,presolve_parallel_rows=true
etamacro,41701e1add7af2ed2b21a421ab7271bc867e6bc7ad98ac189748d6522e7d4926,base,1,optimal,-755.7152333505866,-755.71521774,2.0656705394990964e-08,1,-0.7557152333749133350792583667773e3,1,1,400,329,688,537,2409,1860,4,0.0018507,bounds_tightened=47 doubleton_equations=22 fixed_columns=129 redundant_rows=2 singleton_rows=47,0.002051,2.925296,0.001675,0.000494,2.9294149,0.004119,5.409953,2.480538,779,simplex-dual+primal,019ab29d,Windows-AMD64,2026-09-30T06:45:49+00:00,
etamacro,41701e1add7af2ed2b21a421ab7271bc867e6bc7ad98ac189748d6522e7d4926,implied_free,1,optimal,-755.7152333505866,-755.71521774,2.0656705394990964e-08,1,-0.7557152333749133350792583667773e3,1,1,400,326,688,534,2409,1857,4,0.0012615,bounds_tightened=44 doubleton_equations=19 fixed_columns=126 free_column_singletons=9 implied_free_column_singletons=9 redundant_rows=2 singleton_rows=44,0.001379,3.559654,0.001049,0.00014,3.5625941,0.00294,4.242993,0.680399,779,simplex-dual+primal,019ab29d,Windows-AMD64,2026-09-30T06:45:49+00:00,presolve_implied_free=true
etamacro,41701e1add7af2ed2b21a421ab7271bc867e6bc7ad98ac189748d6522e7d4926,bound_prop,1,optimal,-755.7152333732042,-755.71521774,2.068663420252754e-08,1,-0.7557152333749133350792583667773e3,1,1,400,329,688,537,2409,1860,4,0.0013384,bounds_tightened=307 doubleton_equations=22 fixed_columns=129 propagated_bounds=260 redundant_rows=2 singleton_rows=47,0.001487,2.083037,0.0005,0.000132,2.0853923,0.002356,3.423301,1.337909,649,simplex-dual+primal,019ab29d,Windows-AMD64,2026-09-30T06:45:49+00:00,presolve_bound_propagation=true
etamacro,41701e1add7af2ed2b21a421ab7271bc867e6bc7ad98ac189748d6522e7d4926,parallel_rows,1,optimal,-755.7152333505866,-755.71521774,2.0656705394990964e-08,1,-0.7557152333749133350792583667773e3,1,1,400,329,688,537,2409,1860,4,0.0028291,bounds_tightened=47 doubleton_equations=22 fixed_columns=129 redundant_rows=2 singleton_rows=47,0.002987,2.368009,0.000472,0.00013,2.3718485,0.00384,2.855555,0.483707,779,simplex-dual+primal,019ab29d,Windows-AMD64,2026-09-30T06:45:49+00:00,presolve_parallel_rows=true
fffff800,9d6695686c15d5f1b4f43b2ce8830c1d38df3a204717d8875f144aa21b33901e,base,1,optimal,555679.5648174962,555679.61165,8.427968701579461e-08,1,0.555679564817496376532864378969e6,1,1,524,492,854,822,6227,6051,3,0.0017883,bounds_tightened=18 doubleton_equations=14 fixed_columns=18 singleton_rows=18,0.00194,1.267121,0.001321,0.000165,1.2708598,0.003739,1.419626,0.148766,706,simplex-dual+primal,019ab29d,Windows-AMD64,2026-09-30T06:45:49+00:00,
fffff800,9d6695686c15d5f1b4f43b2ce8830c1d38df3a204717d8875f144aa21b33901e,implied_free,1,optimal,555679.5648174962,555679.61165,8.427968701579461e-08,1,0.555679564817496376532864378969e6,1,1,524,344,854,674,6227,5017,3,0.0020529,bounds_tightened=18 doubleton_equations=14 fixed_columns=18 free_column_singletons=148 implied_free_column_singletons=148 singleton_rows=18,0.002243,1.567183,0.000877,0.00018,1.5707981,0.003615,2.09816,0.527362,375,simplex-dual+primal,019ab29d,Windows-AMD64,2026-09-30T06:45:49+00:00,presolve_implied_free=true
fffff800,9d6695686c15d5f1b4f43b2ce8830c1d38df3a204717d8875f144aa21b33901e,bound_prop,1,optimal,555679.5648174961,555679.61165,8.427968722529541e-08,1,0.555679564817496376532864378969e6,1,1,524,486,854,827,6227,6002,4,0.0831736,bounds_tightened=489 doubleton_equations=6 fixed_columns=21 propagated_bounds=468 redundant_rows=11 singleton_rows=21,0.08334,2.506467,0.000844,0.000222,2.5911691,0.084702,3.338255,0.747086,850,simplex-dual+primal,019ab29d,Windows-AMD64,2026-09-30T06:45:49+00:00,presolve_bound_propagation=true
fffff800,9d6695686c15d5f1b4f43b2ce8830c1d38df3a204717d8875f144aa21b33901e,parallel_rows,1,feasible,555679.5648174962,555679.61165,8.427968701579461e-08,0,0.555679564817496376532864378969e6,0,1,524,490,854,822,6227,6007,3,0.0258307,bounds_tightened=18 doubleton_equations=14 fixed_columns=18 parallel_rows=2 singleton_rows=18,0.027078,0.608595,0.001321,2.3e-05,0.6375298,0.028934,0.879639,0.242109,553,simplex-dual+primal,019ab29d,Windows-AMD64,2026-09-30T06:45:49+00:00,presolve_parallel_rows=true
finnis,891821f24a8cd14af78b95bb460a56f0e0b5410a59ad01ab58d9daf3387e7546,base,1,optimal,172791.06559561164,172790.96547,5.794609189835839e-07,1,0.17279106559561159432297900375543e6,1,1,497,382,614,525,2310,1874,5,0.0012722,bounds_tightened=67 doubleton_equations=19 empty_columns=2 fixed_columns=68 redundant_rows=29 singleton_rows=67,0.001412,6.649919,0.000522,0.000159,6.6521907,0.002272,7.803702,1.151511,398,simplex-dual+primal,019ab29d,Windows-AMD64,2026-09-30T06:45:49+00:00,
finnis,891821f24a8cd14af78b95bb460a56f0e0b5410a59ad01ab58d9daf3387e7546,implied_free,1,optimal,172791.06559561164,172790.96547,5.794609189835839e-07,1,0.17279106559561159432297900375543e6,1,1,497,378,614,521,2310,1866,5,0.0421886,bounds_tightened=65 doubleton_equations=16 empty_columns=2 fixed_columns=66 free_column_singletons=9 implied_free_column_singletons=9 redundant_rows=29 singleton_rows=65,0.042365,9.641874,0.000722,0.000215,9.6853927,0.043519,10.086203,0.400811,377,simplex-dual+primal,019ab29d,Windows-AMD64,2026-09-30T06:45:49+00:00,presolve_implied_free=true
finnis,891821f24a8cd14af78b95bb460a56f0e0b5410a59ad01ab58d9daf3387e7546,bound_prop,1,optimal,172791.06559561164,172790.96547,5.794609189835839e-07,1,0.17279106559561159432297900375543e6,1,1,497,382,614,525,2310,1874,5,0.0017839,bounds_tightened=251 doubleton_equations=19 empty_columns=2 empty_rows=1 fixed_columns=68 propagated_bounds=204 redundant_rows=48 singleton_rows=47,0.001913,6.002132,0.125577,0.000139,6.1299983,0.127867,7.810919,1.680921,345,simplex-dual+primal,019ab29d,Windows-AMD64,2026-09-30T06:45:49+00:00,presolve_bound_propagation=true
finnis,891821f24a8cd14af78b95bb460a56f0e0b5410a59ad01ab58d9daf3387e7546,parallel_rows,1,optimal,172791.06559561164,172790.96547,5.794609189835839e-07,1,0.17279106559561159432297900375543e6,1,1,497,382,614,525,2310,1874,5,0.0028152,bounds_tightened=67 doubleton_equations=19 empty_columns=2 fixed_columns=68 parallel_rows=3 redundant_rows=26 singleton_rows=67,0.00297,9.950798,0.43818,0.204662,10.392469,0.441671,13.908958,3.516489,398,simplex-dual+primal,019ab29d,Windows-AMD64,2026-09-30T06:45:49+00:00,presolve_parallel_rows=true
fit1d,59cee4fedd040a05c05d8410474ee014f42ef910e083689202be708491fe8717,base,1,optimal,-9146.378092420928,-9146.3780924,2.2880612277754342e-12,1,-0.91463780924209269467749025024617e4,1,1,24,24,1026,1026,13404,13404,1,0.0024449,,0.00257,0.454727,0.000722,0.000203,0.4584562,0.003729,0.907317,0.448861,56,simplex-dual,019ab29d,Windows-AMD64,2026-09-30T06:45:49+00:00,
fit1d,59cee4fedd040a05c05d8410474ee014f42ef910e083689202be708491fe8717,implied_free,1,optimal,-9146.378092420928,-9146.3780924,2.2880612277754342e-12,1,-0.91463780924209269467749025024617e4,1,1,24,24,1026,1026,13404,13404,1,0.002397,,0.002491,0.495532,0.000878,0.000196,0.499337,0.003805,0.950153,0.450816,56,simplex-dual,019ab29d,Windows-AMD64,2026-09-30T06:45:49+00:00,presolve_implied_free=true
fit1d,59cee4fedd040a05c05d8410474ee014f42ef910e083689202be708491fe8717,bound_prop,1,optimal,-9146.378092420928,-9146.3780924,2.2880612277754342e-12,1,-0.91463780924209269467749025024617e4,1,1,24,24,1026,1026,13404,13404,2,0.0596874,bounds_tightened=22 propagated_bounds=22,0.05978,0.546134,0.000727,0.000548,0.6070878,0.060954,1.182482,0.575394,66,simplex-dual,019ab29d,Windows-AMD64,2026-09-30T06:45:49+00:00,presolve_bound_propagation=true
fit1d,59cee4fedd040a05c05d8410474ee014f42ef910e083689202be708491fe8717,parallel_rows,1,optimal,-9146.378092420928,-9146.3780924,2.2880612277754342e-12,1,-0.91463780924209269467749025024617e4,1,1,24,24,1026,1026,13404,13404,1,0.0032972,,0.003409,0.813581,0.000592,0.000165,0.8179891,0.004408,1.411995,0.594006,56,simplex-dual,019ab29d,Windows-AMD64,2026-09-30T06:45:49+00:00,presolve_parallel_rows=true
fit1p,416e77d83daf74dee5ec1d253b77f8e252ff3e27cd123459218b02ef2be0df17,base,1,optimal,9146.378092420935,9146.3780924,2.288856729288785e-12,1,0.91463780924209269467749025024617e4,1,1,627,627,1677,1677,9868,9868,1,0.0037991,,0.004097,4.722071,0.41415,0.222568,5.1420772,0.420007,7.252686,2.110609,1088,simplex-dual+primal,019ab29d,Windows-AMD64,2026-09-30T06:45:49+00:00,
fit1p,416e77d83daf74dee5ec1d253b77f8e252ff3e27cd123459218b02ef2be0df17,implied_free,1,optimal,9146.378092420935,9146.3780924,2.288856729288785e-12,1,0.91463780924209269467749025024617e4,1,1,627,627,1677,1677,9868,9868,1,0.0043418,,0.005241,2.672869,0.649712,0.132794,3.4162131,0.743344,6.52495,3.108737,1088,simplex-dual+primal,019ab29d,Windows-AMD64,2026-09-30T06:45:49+00:00,presolve_implied_free=true
fit1p,416e77d83daf74dee5ec1d253b77f8e252ff3e27cd123459218b02ef2be0df17,bound_prop,1,optimal,9146.378092420935,9146.3780924,2.288856729288785e-12,1,0.91463780924209269467749025024617e4,1,1,627,627,1677,1677,9868,9868,1,0.007078,,0.007648,2.376606,0.001069,0.000238,2.4009153,0.024309,3.648854,1.247939,1088,simplex-dual+primal,019ab29d,Windows-AMD64,2026-09-30T06:45:49+00:00,presolve_bound_propagation=true
fit1p,416e77d83daf74dee5ec1d253b77f8e252ff3e27cd123459218b02ef2be0df17,parallel_rows,1,optimal,9146.378092420935,9146.3780924,2.288856729288785e-12,1,0.91463780924209269467749025024617e4,1,1,627,627,1677,1677,9868,9868,1,0.0642479,,0.064521,0.385579,0.001596,0.000331,0.452275,0.066696,0.96671,0.514435,1088,simplex-dual+primal,019ab29d,Windows-AMD64,2026-09-30T06:45:49+00:00,presolve_parallel_rows=true
fit2d,1c16c328c0358ab175596bdd6b9a2c5d1cb4bb53b099d5d1f2a208a889c7bafc,base,1,optimal,-68464.2932938321,-68464.293294,2.4523731981559937e-12,1,-0.68464293293832069575943518435837e5,1,1,25,25,10500,10500,129018,129018,1,0.1276061,,0.132037,2.367973,0.006758,0.00176,2.508354,0.140381,4.001854,1.4935,226,simplex-dual+primal,019ab29d,Windows-AMD64,2026-09-30T06:45:49+00:00,
fit2d,1c16c328c0358ab175596bdd6b9a2c5d1cb4bb53b099d5d1f2a208a889c7bafc,implied_free,1,optimal,-68464.2932938321,-68464.293294,2.4523731981559937e-12,1,-0.68464293293832069575943518435837e5,1,1,25,25,10500,10500,129018,129018,1,0.0271711,,0.028019,2.553634,0.008077,0.002951,2.5912056,0.037571,4.431358,1.840152,226,simplex-dual+primal,019ab29d,Windows-AMD64,2026-09-30T06:45:49+00:00,presolve_implied_free=true
fit2d,1c16c328c0358ab175596bdd6b9a2c5d1cb4bb53b099d5d1f2a208a889c7bafc,bound_prop,1,optimal,-68464.2932938321,-68464.293294,2.4523731981559937e-12,1,-0.68464293293832069575943518435837e5,1,1,25,25,10500,10500,129018,129018,1,0.0574806,,0.058597,2.281389,0.007423,0.007522,2.3491457,0.067757,3.590766,1.24162,226,simplex-dual+primal,019ab29d,Windows-AMD64,2026-09-30T06:45:49+00:00,presolve_bound_propagation=true
fit2d,1c16c328c0358ab175596bdd6b9a2c5d1cb4bb53b099d5d1f2a208a889c7bafc,parallel_rows,1,optimal,-68464.2932938321,-68464.293294,2.4523731981559937e-12,1,-0.68464293293832069575943518435837e5,1,1,25,25,10500,10500,129018,129018,1,0.1350829,,0.13616,0.627456,0.00608,0.002522,0.7716982,0.144243,2.162616,1.390918,226,simplex-dual+primal,019ab29d,Windows-AMD64,2026-09-30T06:45:49+00:00,presolve_parallel_rows=true
fit2p,0f44de8ea974ed4cc04fb60ccd2707c2f887dc65f8b6b9bd1e9f01bb59dd4a4f,base,1,optimal,68464.29329383219,68464.293232,9.031305346476276e-10,1,0.68464293293832069575943518435837e5,1,1,3000,3000,13525,13525,50284,50284,1,0.0464213,,0.048723,21.560095,0.005923,0.00255,21.6169011,0.056806,22.640285,1.023384,10207,simplex-dual+primal,019ab29d,Windows-AMD64,2026-09-30T06:45:49+00:00,
fit2p,0f44de8ea974ed4cc04fb60ccd2707c2f887dc65f8b6b9bd1e9f01bb59dd4a4f,implied_free,1,optimal,68464.29329383219,68464.293232,9.031305346476276e-10,1,0.68464293293832069575943518435837e5,1,1,3000,3000,13525,13525,50284,50284,1,0.0579474,,0.059276,19.21259,0.006553,0.002503,19.2802549,0.067665,20.083262,0.803008,10207,simplex-dual+primal,019ab29d,Windows-AMD64,2026-09-30T06:45:49+00:00,presolve_implied_free=true
fit2p,0f44de8ea974ed4cc04fb60ccd2707c2f887dc65f8b6b9bd1e9f01bb59dd4a4f,bound_prop,1,optimal,68464.29329383219,68464.293232,9.031305346476276e-10,1,0.68464293293832069575943518435837e5,1,1,3000,3000,13525,13525,50284,50284,1,0.0775759,,0.079639,20.927837,0.006104,0.002443,21.0152688,0.087432,21.768383,0.753114,10207,simplex-dual+primal,019ab29d,Windows-AMD64,2026-09-30T06:45:49+00:00,presolve_bound_propagation=true
fit2p,0f44de8ea974ed4cc04fb60ccd2707c2f887dc65f8b6b9bd1e9f01bb59dd4a4f,parallel_rows,1,optimal,68464.29329383219,68464.293232,9.031305346476276e-10,1,0.68464293293832069575943518435837e5,1,1,3000,3000,13525,13525,50284,50284,1,0.2217446,,0.223291,36.303172,0.005821,0.003217,36.5344034,0.231231,37.892927,1.358524,10207,simplex-dual+primal,019ab29d,Windows-AMD64,2026-09-30T06:45:49+00:00,presolve_parallel_rows=true
forplan,65ec816c0b3c58ec4d61574df130a3ce464abb42f3d49de21710a787bf3cfdc7,base,1,optimal,-664.2189612722065,-664.21873953,3.3383913049503697e-07,1,-0.66421896127220457481235119701692e3,1,1,161,133,421,417,4563,4491,2,0.009443,bounds_tightened=1 doubleton_equations=1 empty_rows=26 fixed_columns=3 singleton_rows=1,0.009532,1.868946,0.134526,9e-05,2.0134158,0.14447,2.913427,0.900012,298,simplex-dual+primal,019ab29d,Windows-AMD64,2026-09-30T06:45:49+00:00,
forplan,65ec816c0b3c58ec4d61574df130a3ce464abb42f3d49de21710a787bf3cfdc7,implied_free,1,optimal,-664.2189612722009,-664.21873953,3.338391221082591e-07,1,-0.66421896127220457481235119701692e3,1,1,161,121,421,405,4563,4431,2,0.0012417,bounds_tightened=1 empty_rows=26 fixed_columns=3 free_column_singletons=13 implied_free_column_singletons=13 singleton_rows=1,0.001326,1.762125,0.000398,0.000207,1.7642375,0.002112,2.519141,0.754903,244,simplex-dual+primal,019ab29d,Windows-AMD64,2026-09-30T06:45:49+00:00,presolve_implied_free=true
forplan,65ec816c0b3c58ec4d61574df130a3ce464abb42f3d49de21710a787bf3cfdc7,bound_prop,1,optimal,-664.2189612722065,-664.21873953,3.3383913049503697e-07,1,-0.66421896127220457481235119701692e3,1,1,161,133,421,417,4563,4491,20,0.0035859,bounds_tightened=48 doubleton_equations=1 empty_rows=26 fixed_columns=3 propagated_bounds=47 singleton_rows=1,0.00369,1.384868,0.000378,9.3e-05,1.3893575,0.00449,2.064734,0.675377,298,simplex-dual+primal,019ab29d,Windows-AMD64,2026-09-30T06:45:49+00:00,presolve_bound_propagation=true
forplan,65ec816c0b3c58ec4d61574df130a3ce464abb42f3d49de21710a787bf3cfdc7,parallel_rows,1,optimal,-664.2189612722065,-664.21873953,3.3383913049503697e-07,1,-0.66421896127220457481235119701692e3,1,1,161,133,421,417,4563,4491,2,0.1772696,bounds_tightened=1 doubleton_equations=1 empty_rows=26 fixed_columns=3 singleton_rows=1,0.177356,1.973478,0.000301,7.8e-05,2.1515191,0.178041,2.617859,0.46634,298,simplex-dual+primal,019ab29d,Windows-AMD64,2026-09-30T06:45:49+00:00,presolve_parallel_rows=true
ganges,f655f33ba979a59d659a8605acaf480c2fe5c610f3a50921bbcac7be40546067,base,1,optimal,-109585.73612927819,-109586.36356,5.72544522355929e-06,0,-0.10958573612927811623444890424357e6,1,1,1309,968,1681,1340,6912,6230,4,0.0030519,bounds_tightened=184 doubleton_equations=157 fixed_columns=184 singleton_rows=184,0.003383,2.491767,0.005294,0.000287,2.5010429,0.009275,3.251029,0.749986,1183,simplex-dual+primal,019ab29d,Windows-AMD64,2026-09-30T06:45:49+00:00,
ganges,f655f33ba979a59d659a8605acaf480c2fe5c610f3a50921bbcac7be40546067,implied_free,1,optimal,-109585.73612927819,-109586.36356,5.72544522355929e-06,0,-0.10958573612927811623444890424357e6,1,1,1309,960,1681,1332,6912,6206,4,0.2510444,bounds_tightened=180 doubleton_equations=153 fixed_columns=180 free_column_singletons=16 implied_free_column_singletons=16 singleton_rows=180,0.25145,2.376216,0.154328,0.059334,2.7826789,0.406462,3.888896,1.106217,1173,simplex-dual+primal,019ab29d,Windows-AMD64,2026-09-30T06:45:49+00:00,presolve_implied_free=true
ganges,f655f33ba979a59d659a8605acaf480c2fe5c610f3a50921bbcac7be40546067,bound_prop,1,optimal,-109585.73612927819,-109586.36356,5.72544522355929e-06,0,-0.10958573612927811623444890424357e6,1,1,1309,968,1681,1340,6912,6230,4,0.0033332,bounds_tightened=475 doubleton_equations=157 fixed_columns=184 propagated_bounds=291 singleton_rows=184,0.003692,1.209,0.001362,0.00072,1.2150449,0.006045,1.580647,0.365602,1181,simplex-dual+primal,019ab29d,Windows-AMD64,2026-09-30T06:45:49+00:00,presolve_bound_propagation=true
ganges,f655f33ba979a59d659a8605acaf480c2fe5c610f3a50921bbcac7be40546067,parallel_rows,1,optimal,-109585.73612927819,-109586.36356,5.72544522355929e-06,0,-0.10958573612927811623444890424357e6,1,1,1309,968,1681,1340,6912,6230,4,0.0091804,bounds_tightened=184 doubleton_equations=157 fixed_columns=184 singleton_rows=184,0.009532,0.246447,0.001437,0.000342,0.2585166,0.012069,0.614718,0.356202,1183,simplex-dual+primal,019ab29d,Windows-AMD64,2026-09-30T06:45:49+00:00,presolve_parallel_rows=true
gfrd-pnc,d66ea78a803e91e4f38dcd74ca4c575aa742e27e7120c1c3494d4d424ee5c936,base,1,optimal,6902235.999548811,6902235.9995,7.071845625346303e-12,1,0.69022359995488088295415596232193e7,1,1,616,513,1092,989,2377,2171,3,0.001548,bounds_tightened=10 doubleton_equations=93 fixed_columns=10 singleton_rows=10,0.001746,1.662059,0.000556,0.000186,1.6648845,0.002826,1.868194,0.203309,448,simplex-dual+primal,019ab29d,Windows-AMD64,2026-09-30T06:45:49+00:00,
gfrd-pnc,d66ea78a803e91e4f38dcd74ca4c575aa742e27e7120c1c3494d4d424ee5c936,implied_free,1,optimal,6902235.999548811,6902235.9995,7.071845625346303e-12,1,0.69022359995488088295415596232193e7,1,1,616,513,1092,989,2377,2171,3,0.0019529,bounds_tightened=10 doubleton_equations=93 fixed_columns=10 singleton_rows=10,0.002163,2.121221,0.000859,0.000301,2.1248863,0.003665,2.594181,0.469295,448,simplex-dual+primal,019ab29d,Windows-AMD64,2026-09-30T06:45:49+00:00,presolve_implied_free=true
gfrd-pnc,d66ea78a803e91e4f38dcd74ca4c575aa742e27e7120c1c3494d4d424ee5c936,bound_prop,1,optimal,6902235.999548811,6902235.9995,7.071845625346303e-12,1,0.69022359995488088295415596232193e7,1,1,616,513,1092,989,2377,2171,3,0.0016245,bounds_tightened=10 doubleton_equations=93 fixed_columns=10 singleton_rows=10,0.00182,2.161339,0.000725,0.000183,2.1643783,0.003039,2.716527,0.552149,448,simplex-dual+primal,019ab29d,Windows-AMD64,2026-09-30T06:45:49+00:00,presolve_bound_propagation=true
gfrd-pnc,d66ea78a803e91e4f38dcd74ca4c575aa742e27e7120c1c3494d4d424ee5c936,parallel_rows,1,optimal,6902235.999548811,6902235.9995,7.071845625346303e-12,1,0.69022359995488088295415596232193e7,1,1,616,513,1092,989,2377,2171,3,0.0023704,bounds_tightened=10 doubleton_equations=93 fixed_columns=10 singleton_rows=10,0.002542,1.892388,0.000597,0.000203,1.8960997,0.003712,2.52676,0.630661,448,simplex-dual+primal,019ab29d,Windows-AMD64,2026-09-30T06:45:49+00:00,presolve_parallel_rows=true
greenbea,cb701e3ba5153e385b8cb6426e34b5d23bad4b1b9c9a037802e351c24b0f653d,base,1,optimal,-72555248.12984598,-72462405.908,0.0012812467469524025,0,-0.72555248129845987457557870574845e8,1,1,2392,1929,5405,4801,30877,28883,4,0.0100207,bounds_tightened=69 doubleton_equations=385 empty_rows=3 fixed_columns=219 redundant_rows=6 singleton_rows=69,0.010995,6.425676,0.0049,0.00101,6.4427227,0.017047,7.244648,0.801925,8526,simplex-dual+primal,019ab29d,Windows-AMD64,2026-09-30T06:45:49+00:00,
greenbea,cb701e3ba5153e385b8cb6426e34b5d23bad4b1b9c9a037802e351c24b0f653d,implied_free,1,optimal,-72555248.12984599,-72462405.908,0.001281246746952608,0,-0.72555248129845987457557870574845e8,1,1,2392,1916,5405,4788,30877,28737,4,0.0120061,bounds_tightened=64 doubleton_equations=380 empty_rows=3 fixed_columns=214 free_column_singletons=23 implied_free_column_singletons=23 redundant_rows=6 singleton_rows=64,0.012984,15.3646,0.006352,0.001471,15.3852359,0.020636,15.864708,0.479472,8610,simplex-dual+primal,019ab29d,Windows-AMD64,2026-09-30T06:45:49+00:00,presolve_implied_free=true
greenbea,cb701e3ba5153e385b8cb6426e34b5d23bad4b1b9c9a037802e351c24b0f653d,bound_prop,1,optimal,-72555248.12984598,-72462405.908,0.0012812467469524025,0,-0.72555248129845987457557870574845e8,1,1,2392,1929,5405,4801,30877,28883,4,0.0953756,bounds_tightened=69 doubleton_equations=385 empty_rows=3 fixed_columns=219 redundant_rows=6 singleton_rows=69,0.096521,7.411645,0.005363,0.001111,7.5146982,0.103053,8.34584,0.831142,8526,simplex-dual+primal,019ab29d,Windows-AMD64,2026-09-30T06:45:49+00:00,presolve_bound_propagation=true
greenbea,cb701e3ba5153e385b8cb6426e34b5d23bad4b1b9c9a037802e351c24b0f653d,parallel_rows,1,optimal,-72555248.12984598,-72462405.908,0.0012812467469524025,0,-0.72555248129845987457557870574845e8,1,1,2392,1929,5405,4801,30877,28883,4,0.0436088,bounds_tightened=69 doubleton_equations=385 empty_rows=3 fixed_columns=219 redundant_rows=6 singleton_rows=69,0.044705,11.87566,0.006116,0.001618,11.9276748,0.052015,12.820211,0.892536,8526,simplex-dual+primal,019ab29d,Windows-AMD64,2026-09-30T06:45:49+00:00,presolve_parallel_rows=true
greenbeb,21f92f6a32f71ec72c8f693d6685e4a91ecb2debec732ec61302bc866f370865,base,1,optimal,-4302260.261206586,-4302147.6065,2.6185690703858075e-05,0,-0.43022602612065867539213672544432e7,1,1,2392,1925,5405,4786,30877,28538,4,0.0107883,bounds_tightened=72 doubleton_equations=383 empty_rows=3 fixed_columns=233 free_column_singletons=3 redundant_rows=6 singleton_rows=72,0.011728,13.02402,0.006509,0.001427,13.0435491,0.019529,14.219661,1.176112,10966,simplex-dual+primal,019ab29d,Windows-AMD64,2026-09-30T06:45:49+00:00,
greenbeb,21f92f6a32f71ec72c8f693d6685e4a91ecb2debec732ec61302bc866f370865,implied_free,1,optimal,-4302260.261206586,-4302147.6065,2.6185690703858075e-05,0,-0.43022602612065867539213672544432e7,1,1,2392,1915,5405,4776,30877,28443,4,0.0241348,bounds_tightened=67 doubleton_equations=379 empty_rows=3 fixed_columns=228 free_column_singletons=22 implied_free_column_singletons=19 redundant_rows=6 singleton_rows=67,0.0282,26.378454,0.006338,0.001695,26.5120941,0.13364,27.970779,1.458685,10127,simplex-dual+primal,019ab29d,Windows-AMD64,2026-09-30T06:45:49+00:00,presolve_implied_free=true
greenbeb,21f92f6a32f71ec72c8f693d6685e4a91ecb2debec732ec61302bc866f370865,bound_prop,1,optimal,-4302260.261206586,-4302147.6065,2.6185690703858075e-05,0,-0.43022602612065867539213672544432e7,1,1,2392,1925,5405,4786,30877,28538,4,0.3031983,bounds_tightened=72 doubleton_equations=383 empty_rows=3 fixed_columns=233 free_column_singletons=3 redundant_rows=6 singleton_rows=72,0.304096,10.201218,0.006108,0.001475,10.5128323,0.311615,11.529653,1.016821,10966,simplex-dual+primal,019ab29d,Windows-AMD64,2026-09-30T06:45:49+00:00,presolve_bound_propagation=true
greenbeb,21f92f6a32f71ec72c8f693d6685e4a91ecb2debec732ec61302bc866f370865,parallel_rows,1,optimal,-4302260.261206586,-4302147.6065,2.6185690703858075e-05,0,-0.43022602612065867539213672544432e7,1,1,2392,1925,5405,4786,30877,28538,4,0.081092,bounds_tightened=72 doubleton_equations=383 empty_rows=3 fixed_columns=233 free_column_singletons=3 redundant_rows=6 singleton_rows=72,0.082131,4.69245,0.004296,0.000912,4.7800319,0.087582,5.339609,0.559577,10966,simplex-dual+primal,019ab29d,Windows-AMD64,2026-09-30T06:45:49+00:00,presolve_parallel_rows=true
grow15,ab84e2f83d00c5bd26291e0505f23804b050bc96dc1e576d9da8f04e1f6ed51f,base,1,optimal,-106870941.29357535,-106870941.29,3.345474335878028e-11,1,-0.10687094129357533671604040930313e9,1,1,300,300,645,645,5620,5620,1,0.0022569,,0.002401,4.627215,0.000407,0.000129,4.6899467,0.062732,5.229511,0.539564,1238,simplex-dual+primal,019ab29d,Windows-AMD64,2026-09-30T06:45:49+00:00,
grow15,ab84e2f83d00c5bd26291e0505f23804b050bc96dc1e576d9da8f04e1f6ed51f,implied_free,1,optimal,-106870941.29357535,-106870941.29,3.345474335878028e-11,1,-0.10687094129357533671604040930313e9,1,1,300,300,645,645,5620,5620,1,0.002004,,0.002177,1.0031,0.000387,0.000116,1.0060127,0.002913,1.57462,0.568607,1238,simplex-dual+primal,019ab29d,Windows-AMD64,2026-09-30T06:45:49+00:00,presolve_implied_free=true
grow15,ab84e2f83d00c5bd26291e0505f23804b050bc96dc1e576d9da8f04e1f6ed51f,bound_prop,1,optimal,-106870941.29357535,-106870941.29,3.345474335878028e-11,1,-0.10687094129357533671604040930313e9,1,1,300,300,645,645,5620,5620,1,0.0069212,,0.008551,5.140214,0.000488,0.000131,5.1497289,0.009514,5.618568,0.468839,1238,simplex-dual+primal,019ab29d,Windows-AMD64,2026-09-30T06:45:49+00:00,presolve_bound_propagation=true
grow15,ab84e2f83d00c5bd26291e0505f23804b050bc96dc1e576d9da8f04e1f6ed51f,parallel_rows,1,optimal,-106870941.29357535,-106870941.29,3.345474335878028e-11,1,-0.10687094129357533671604040930313e9,1,1,300,300,645,645,5620,5620,1,0.1655727,,0.16575,1.551806,0.000415,0.000142,1.7185194,0.166713,2.423287,0.704768,1238,simplex-dual+primal,019ab29d,Windows-AMD64,2026-09-30T06:45:49+00:00,presolve_parallel_rows=true
grow22,671111a1623539730f4caa9366c7eda43fb472137773cd9444dc96ed87f9810e,base,1,optimal,-160834336.482563,-160834336.48,1.5935650194077246e-11,1,-0.16083433648256296718456039982613e9,1,1,440,440,946,946,8252,8252,1,0.0022306,,0.002445,1.769442,0.00057,0.000195,1.7728969,0.003455,2.359743,0.586846,2264,simplex-dual+primal,019ab29d,Windows-AMD64,2026-09-30T06:45:49+00:00,
grow22,671111a1623539730f4caa9366c7eda43fb472137773cd9444dc96ed87f9810e,implied_free,1,optimal,-160834336.482563,-160834336.48,1.5935650194077246e-11,1,-0.16083433648256296718456039982613e9,1,1,440,440,946,946,8252,8252,1,0.0023354,,0.002529,9.051406,0.00176,0.000734,9.0561483,0.004743,10.21907,1.162922,2264,simplex-dual+primal,019ab29d,Windows-AMD64,2026-09-30T06:45:49+00:00,presolve_implied_free=true
grow22,671111a1623539730f4caa9366c7eda43fb472137773cd9444dc96ed87f9810e,bound_prop,1,optimal,-160834336.482563,-160834336.48,1.5935650194077246e-11,1,-0.16083433648256296718456039982613e9,1,1,440,440,946,946,8252,8252,1,0.0022435,,0.002436,10.154104,0.001727,0.000776,10.1587065,0.004603,11.520538,1.361831,2264,simplex-dual+primal,019ab29d,Windows-AMD64,2026-09-30T06:45:49+00:00,presolve_bound_propagation=true
grow22,671111a1623539730f4caa9366c7eda43fb472137773cd9444dc96ed87f9810e,parallel_rows,1,optimal,-160834336.482563,-160834336.48,1.5935650194077246e-11,1,-0.16083433648256296718456039982613e9,1,1,440,440,946,946,8252,8252,1,0.0030772,,0.003743,6.403506,0.001721,0.000793,6.4122074,0.008701,7.440548,1.028341,2264,simplex-dual+primal,019ab29d,Windows-AMD64,2026-09-30T06:45:49+00:00,presolve_parallel_rows=true
grow7,6b8734ffdf991a36f17cfddf306834a4a3ced3e17964cac9fa2983a043906cd4,base,1,optimal,-47787811.8147115,-47787811.815,6.036977219428426e-12,1,-0.47787811814711502616766956242865e8,1,1,140,140,301,301,2612,2612,1,0.0008465,,0.00093,2.837504,0.001293,0.000615,2.8400764,0.002573,3.820428,0.980351,337,simplex-dual+primal,019ab29d,Windows-AMD64,2026-09-30T06:45:49+00:00,
grow7,6b8734ffdf991a36f17cfddf306834a4a3ced3e17964cac9fa2983a043906cd4,implied_free,1,optimal,-47787811.8147115,-47787811.815,6.036977219428426e-12,1,-0.47787811814711502616766956242865e8,1,1,140,140,301,301,2612,2612,1,0.0515353,,0.051632,1.418074,0.000184,7.4e-05,1.4702522,0.052178,2.093701,0.623449,337,simplex-dual+primal,019ab29d,Windows-AMD64,2026-09-30T06:45:49+00:00,presolve_implied_free=true
grow7,6b8734ffdf991a36f17cfddf306834a4a3ced3e17964cac9fa2983a043906cd4,bound_prop,1,optimal,-47787811.8147115,-47787811.815,6.036977219428426e-12,1,-0.47787811814711502616766956242865e8,1,1,140,140,301,301,2612,2612,1,0.002234,,0.002331,1.236682,0.000202,8e-05,1.2395439,0.002862,2.000396,0.760852,337,simplex-dual+primal,019ab29d,Windows-AMD64,2026-09-30T06:45:49+00:00,presolve_bound_propagation=true
grow7,6b8734ffdf991a36f17cfddf306834a4a3ced3e17964cac9fa2983a043906cd4,parallel_rows,1,optimal,-47787811.8147115,-47787811.815,6.036977219428426e-12,1,-0.47787811814711502616766956242865e8,1,1,140,140,301,301,2612,2612,1,0.0747286,,0.074877,1.814729,0.000197,8.3e-05,1.8902068,0.075478,2.5305,0.640293,337,simplex-dual+primal,019ab29d,Windows-AMD64,2026-09-30T06:45:49+00:00,presolve_parallel_rows=true
israel,96564e1fddcbb6e3d46447fceb54b9d18260b95e95075c3a19f5812f9bf5ceeb,base,1,optimal,-896644.821863046,-896644.82186,3.3971164739267804e-12,1,-0.89664482186304572966200464196045e6,1,1,174,163,142,142,2269,2258,2,0.001253,bounds_tightened=11 singleton_rows=11,0.001306,1.966159,0.005002,6.2e-05,1.9728368,0.006678,3.166135,1.193299,170,simplex-dual+primal,019ab29d,Windows-AMD64,2026-09-30T06:45:49+00:00,
israel,96564e1fddcbb6e3d46447fceb54b9d18260b95e95075c3a19f5812f9bf5ceeb,implied_free,1,optimal,-896644.821863046,-896644.82186,3.3971164739267804e-12,1,-0.89664482186304572966200464196045e6,1,1,174,163,142,142,2269,2258,2,0.0008121,bounds_tightened=11 singleton_rows=11,0.000902,0.703747,0.000347,7.7e-05,0.7053719,0.001625,1.619526,0.914154,170,simplex-dual+primal,019ab29d,Windows-AMD64,2026-09-30T06:45:49+00:00,presolve_implied_free=true
israel,96564e1fddcbb6e3d46447fceb54b9d18260b95e95075c3a19f5812f9bf5ceeb,bound_prop,1,optimal,-896644.821863046,-896644.82186,3.3971164739267804e-12,1,-0.89664482186304572966200464196045e6,1,1,174,163,142,142,2269,2258,4,0.00146,bounds_tightened=553 propagated_bounds=542 singleton_rows=11,0.001507,0.94834,0.00043,6.6e-05,0.9506581,0.002318,1.532046,0.581387,115,simplex-dual+primal,019ab29d,Windows-AMD64,2026-09-30T06:45:49+00:00,presolve_bound_propagation=true
israel,96564e1fddcbb6e3d46447fceb54b9d18260b95e95075c3a19f5812f9bf5ceeb,parallel_rows,1,optimal,-896644.821863046,-896644.82186,3.3971164739267804e-12,1,-0.89664482186304572966200464196045e6,1,1,174,163,142,142,2269,2258,2,0.0014349,bounds_tightened=11 singleton_rows=11,0.001488,1.275295,0.002543,0.000602,1.2797308,0.004436,1.535786,0.256056,170,simplex-dual+primal,019ab29d,Windows-AMD64,2026-09-30T06:45:49+00:00,presolve_parallel_rows=true
kb2,f0eb647d1d9aac84f49d88662b6b02c6cecc04496e5435be733eced36d7f48f2,base,1,optimal,-1749.9001299062058,-1749.9001299,3.5464521611883195e-12,1,-0.17499001299062057129526866493726e4,1,1,43,42,41,40,286,284,2,0.0005053,doubleton_equations=1,0.000541,1.360313,0.00174,0.000563,1.3628623,0.002549,2.903797,1.540935,51,simplex-dual+primal,019ab29d,Windows-AMD64,2026-09-30T06:45:49+00:00,
kb2,f0eb647d1d9aac84f49d88662b6b02c6cecc04496e5435be733eced36d7f48f2,implied_free,1,optimal,-1749.9001299062058,-1749.9001299,3.5464521611883195e-12,1,-0.17499001299062057129526866493726e4,1,1,43,42,41,40,286,284,2,0.0005366,doubleton_equations=1,0.00057,0.873849,8.4e-05,3.2e-05,0.8748332,0.000984,1.193739,0.318906,51,simplex-dual+primal,019ab29d,Windows-AMD64,2026-09-30T06:45:49+00:00,presolve_implied_free=true
kb2,f0eb647d1d9aac84f49d88662b6b02c6cecc04496e5435be733eced36d7f48f2,bound_prop,1,optimal,-1749.9001299062058,-1749.9001299,3.5464521611883195e-12,1,-0.17499001299062057129526866493726e4,1,1,43,42,41,40,286,284,2,0.0002604,doubleton_equations=1,0.000295,1.095121,0.000164,4.8e-05,1.0958878,0.000767,1.388255,0.292367,51,simplex-dual+primal,019ab29d,Windows-AMD64,2026-09-30T06:45:49+00:00,presolve_bound_propagation=true
kb2,f0eb647d1d9aac84f49d88662b6b02c6cecc04496e5435be733eced36d7f48f2,parallel_rows,1,optimal,-1749.9001299062058,-1749.9001299,3.5464521611883195e-12,1,-0.17499001299062057129526866493726e4,1,1,43,42,41,40,286,284,2,0.0006744,doubleton_equations=1,0.000709,1.434234,9.2e-05,3.5e-05,1.4360778,0.001844,2.544046,1.107968,51,simplex-dual+primal,019ab29d,Windows-AMD64,2026-09-30T06:45:49+00:00,presolve_parallel_rows=true
lotfi,fcb90a1b5e02b2eae67adacd0937a073d420ca92ac6af514ee13a348d7f31623,base,1,optimal,-25.264706061880016,-25.264706062,4.74900622496902e-12,1,-0.2526470606188e2,1,1,153,138,308,298,1078,1040,3,0.0718366,bounds_tightened=7 doubleton_equations=8 fixed_columns=2 singleton_rows=7,0.071917,1.782297,0.286543,0.103221,2.1411072,0.35881,4.85845,2.717342,200,simplex-dual+primal,019ab29d,Windows-AMD64,2026-09-30T06:45:49+00:00,
lotfi,fcb90a1b5e02b2eae67adacd0937a073d420ca92ac6af514ee13a348d7f31623,implied_free,1,optimal,-25.264706061880013,-25.264706062,4.7491468446014066e-12,1,-0.2526470606188e2,1,1,153,132,308,292,1078,833,3,0.0011006,bounds_tightened=7 doubleton_equations=2 fixed_columns=2 free_column_singletons=12 implied_free_column_singletons=12 singleton_rows=7,0.001174,2.097872,0.000243,6.1e-05,2.0995927,0.001721,2.830313,0.73072,148,simplex-dual+primal,019ab29d,Windows-AMD64,2026-09-30T06:45:49+00:00,presolve_implied_free=true
lotfi,fcb90a1b5e02b2eae67adacd0937a073d420ca92ac6af514ee13a348d7f31623,bound_prop,1,optimal,-25.264706061880027,-25.264706062,4.748584366071859e-12,1,-0.2526470606188e2,1,1,153,138,308,298,1078,1040,3,0.0008601,bounds_tightened=45 doubleton_equations=8 fixed_columns=2 propagated_bounds=40 redundant_rows=2 singleton_rows=5,0.000939,2.117841,0.046917,7.4e-05,2.1660757,0.048234,3.11644,0.950365,228,simplex-dual+primal,019ab29d,Windows-AMD64,2026-09-30T06:45:49+00:00,presolve_bound_propagation=true
lotfi,fcb90a1b5e02b2eae67adacd0937a073d420ca92ac6af514ee13a348d7f31623,parallel_rows,1,optimal,-25.264706061880016,-25.264706062,4.74900622496902e-12,1,-0.2526470606188e2,1,1,153,138,308,298,1078,1040,3,0.0010398,bounds_tightened=7 doubleton_equations=8 fixed_columns=2 singleton_rows=7,0.001132,2.089112,0.000193,8.2e-05,2.0907664,0.001655,2.472529,0.381762,200,simplex-dual+primal,019ab29d,Windows-AMD64,2026-09-30T06:45:49+00:00,presolve_parallel_rows=true
maros,4910e97a363fca07d2fb72838fa26629329a9a8dcd6a4da186f560424bd67077,base,1,optimal,-58063.743701125895,-58063.743701,2.1682359175205506e-12,1,-0.58063743701125895401208534974734e5,1,1,846,734,1443,1316,9614,9282,3,0.105468,bounds_tightened=24 doubleton_equations=77 empty_rows=2 fixed_columns=50 redundant_rows=9 singleton_rows=24,0.105811,0.840159,0.009995,0.002041,0.9565424,0.116383,1.643471,0.686929,1802,simplex-dual+primal,019ab29d,Windows-AMD64,2026-09-30T06:45:49+00:00,
maros,4910e97a363fca07d2fb72838fa26629329a9a8dcd6a4da186f560424bd67077,implied_free,1,optimal,-58063.743701125895,-58063.743701,2.1682359175205506e-12,1,-0.58063743701125895401208534974734e5,1,1,846,707,1443,1290,9614,8803,3,0.0205343,bounds_tightened=24 doubleton_equations=66 empty_rows=2 fixed_columns=49 free_column_singletons=38 implied_free_column_singletons=38 redundant_rows=9 singleton_rows=24,0.020914,6.816615,0.001278,0.000301,6.8396886,0.023073,8.170268,1.330579,1847,simplex-dual+primal,019ab29d,Windows-AMD64,2026-09-30T06:45:49+00:00,presolve_implied_free=true
maros,4910e97a363fca07d2fb72838fa26629329a9a8dcd6a4da186f560424bd67077,bound_prop,1,optimal,-58063.7437011259,-58063.743701,2.168361227346449e-12,1,-0.58063743701125895401208534974734e5,1,1,846,704,1443,1179,9614,8214,4,0.0063417,bounds_tightened=663 doubleton_equations=76 empty_rows=25 fixed_columns=188 propagated_bounds=633 redundant_rows=11 singleton_rows=30,0.006726,7.024437,0.520928,0.156438,7.5527649,0.528328,12.03709,4.484325,1671,simplex-dual+primal,019ab29d,Windows-AMD64,2026-09-30T06:45:49+00:00,presolve_bound_propagation=true
maros,4910e97a363fca07d2fb72838fa26629329a9a8dcd6a4da186f560424bd67077,parallel_rows,1,optimal,-58063.743701125895,-58063.743701,2.1682359175205506e-12,1,-0.58063743701125895401208534974734e5,1,1,846,734,1443,1316,9614,9282,3,0.0061662,bounds_tightened=24 doubleton_equations=77 empty_rows=2 fixed_columns=50 redundant_rows=9 singleton_rows=24,0.006585,4.234166,0.002069,0.000418,4.2434151,0.009249,4.576507,0.333092,1802,simplex-dual+primal,019ab29d,Windows-AMD64,2026-09-30T06:45:49+00:00,presolve_parallel_rows=true
maros-r7,e97f59ab32a8280526c26c210aacabd6e0c05300e67a0d4afd00b95d245f8db7,base,1,optimal,1497185.1664813687,1497185.1665,1.2444246278088076e-11,1,0.14971851664796437907337543903552e7,1,1,3136,3136,9408,9408,144848,144848,1,0.1088894,,0.110503,49.68857,0.016288,0.002482,49.819244,0.130674,52.110193,2.290949,28,ipm,019ab29d,Windows-AMD64,2026-09-30T06:45:49+00:00,
maros-r7,e97f59ab32a8280526c26c210aacabd6e0c05300e67a0d4afd00b95d245f8db7,implied_free,1,optimal,1497185.166481471,1497185.1665,1.2375976397480727e-11,1,0.14971851664796437907337543903552e7,1,1,3136,2152,9408,7440,144848,100486,2,0.1050871,empty_columns=984 free_column_singletons=984 implied_free_column_singletons=984,0.107019,28.876738,0.013376,0.002733,29.0144108,0.137673,32.099379,3.084968,24,ipm,019ab29d,Windows-AMD64,2026-09-30T06:45:49+00:00,presolve_implied_free=true
maros-r7,e97f59ab32a8280526c26c210aacabd6e0c05300e67a0d4afd00b95d245f8db7,bound_prop,1,optimal,1497185.1664813687,1497185.1665,1.2444246278088076e-11,1,0.14971851664796437907337543903552e7,1,1,3136,3136,9408,9408,144848,144848,1,0.0425986,,0.04419,35.483225,0.011122,0.003453,35.5423515,0.059127,37.300081,1.75773,28,ipm,019ab29d,Windows-AMD64,2026-09-30T06:45:49+00:00,presolve_bound_propagation=true
maros-r7,e97f59ab32a8280526c26c210aacabd6e0c05300e67a0d4afd00b95d245f8db7,parallel_rows,1,optimal,1497185.1664813687,1497185.1665,1.2444246278088076e-11,1,0.14971851664796437907337543903552e7,1,1,3136,3136,9408,9408,144848,144848,1,0.0345456,,0.036226,34.838606,0.009367,0.002641,34.8864114,0.047805,36.700854,1.814443,28,ipm,019ab29d,Windows-AMD64,2026-09-30T06:45:49+00:00,presolve_parallel_rows=true
modszk1,af109be42aa6bd62fc307b623184c69f1030db2f8e1682c636b387a49fd8da43,base,1,optimal,320.6197290642054,320.61972906,1.311644117001082e-11,1,0.32061972906431580494333823530763e3,1,1,687,654,1620,1588,3168,3103,3,0.0021294,bounds_tightened=1 doubleton_equations=29 empty_rows=1 fixed_columns=1 free_column_singletons=2 singleton_rows=1,0.002322,0.194878,0.00192,0.000249,0.1995803,0.004703,0.663677,0.464097,662,simplex-dual+primal,019ab29d,Windows-AMD64,2026-09-30T06:45:49+00:00,
modszk1,af109be42aa6bd62fc307b623184c69f1030db2f8e1682c636b387a49fd8da43,implied_free,1,optimal,320.6197290641828,320.61972906,1.304605611493669e-11,1,0.32061972906431580494333823530763e3,1,1,687,636,1620,1570,3168,3007,3,0.002145,doubleton_equations=29 empty_rows=1 free_column_singletons=21 implied_free_column_singletons=19,0.002556,1.576464,0.000582,0.00021,1.5800965,0.003633,1.966496,0.3864,652,simplex-dual+primal,019ab29d,Windows-AMD64,2026-09-30T06:45:49+00:00,presolve_implied_free=true
modszk1,af109be42aa6bd62fc307b623184c69f1030db2f8e1682c636b387a49fd8da43,bound_prop,1,optimal,320.6197290642054,320.61972906,1.311644117001082e-11,1,0.32061972906431580494333823530763e3,1,1,687,654,1620,1588,3168,3103,3,0.0019859,bounds_tightened=1 doubleton_equations=29 empty_rows=1 fixed_columns=1 free_column_singletons=2 singleton_rows=1,0.002216,0.952225,0.000903,0.000251,0.9559934,0.003768,1.638017,0.682024,662,simplex-dual+primal,019ab29d,Windows-AMD64,2026-09-30T06:45:49+00:00,presolve_bound_propagation=true
modszk1,af109be42aa6bd62fc307b623184c69f1030db2f8e1682c636b387a49fd8da43,parallel_rows,1,optimal,320.6197290642054,320.61972906,1.311644117001082e-11,1,0.32061972906431580494333823530763e3,1,1,687,654,1620,1588,3168,3103,3,0.0031956,bounds_tightened=1 doubleton_equations=29 empty_rows=1 fixed_columns=1 free_column_singletons=2 singleton_rows=1,0.003429,1.515391,0.001144,0.00035,1.5204845,0.005094,1.762409,0.241925,662,simplex-dual+primal,019ab29d,Windows-AMD64,2026-09-30T06:45:49+00:00,presolve_parallel_rows=true
nesm,20b55063a879a649ef5c7a1a701f81917717b414943f58dea37a1c30495bc5ba,base,1,optimal,14076036.48756271,14076073.035,2.596422823244446e-06,0,0.14076036487562728337980641375835e8,1,1,662,646,2923,2740,13288,13054,3,0.0042159,bounds_tightened=8 fixed_columns=183 redundant_rows=8 singleton_rows=8,0.004542,5.728434,0.001124,0.000418,5.7352112,0.006777,6.105302,0.370091,3321,simplex-dual+primal,019ab29d,Windows-AMD64,2026-09-30T06:45:49+00:00,
nesm,20b55063a879a649ef5c7a1a701f81917717b414943f58dea37a1c30495bc5ba,implied_free,1,optimal,14076036.48756271,14076073.035,2.596422823244446e-06,0,0.14076036487562728337980641375835e8,1,1,662,646,2923,2740,13288,13054,3,0.0056703,bounds_tightened=8 fixed_columns=183 redundant_rows=8 singleton_rows=8,0.006135,7.492815,0.003136,0.00095,7.502802,0.009987,8.068202,0.5654,3321,simplex-dual+primal,019ab29d,Windows-AMD64,2026-09-30T06:45:49+00:00,presolve_implied_free=true
nesm,20b55063a879a649ef5c7a1a701f81917717b414943f58dea37a1c30495bc5ba,bound_prop,1,optimal,14076036.48756271,14076073.035,2.596422823244446e-06,0,0.14076036487562728337980641375835e8,1,1,662,646,2923,2740,13288,13054,3,0.0107739,bounds_tightened=8 fixed_columns=183 redundant_rows=8 singleton_rows=8,0.014604,2.58874,0.003278,0.000967,2.6175886,0.028849,3.722481,1.104893,3321,simplex-dual+primal,019ab29d,Windows-AMD64,2026-09-30T06:45:49+00:00,presolve_bound_propagation=true
nesm,20b55063a879a649ef5c7a1a701f81917717b414943f58dea37a1c30495bc5ba,parallel_rows,1,optimal,14076036.487562714,14076073.035,2.5964228229797916e-06,0,0.14076036487562728337980641375835e8,1,1,662,599,2923,2740,13288,12960,3,0.1166353,bounds_tightened=8 fixed_columns=183 parallel_rows=47 redundant_rows=8 singleton_rows=8,0.116963,2.606077,0.001123,0.000422,2.7248735,0.118796,3.193329,0.468456,2530,simplex-dual+primal,019ab29d,Windows-AMD64,2026-09-30T06:45:49+00:00,presolve_parallel_rows=true
perold,040ed4572876366cd979b6811ee20d706abba6998616b0e53201ea1e043acacd,base,1,optimal,-9380.755278235163,-9380.7580773,2.9838365030633286e-07,1,-0.93807552782351606734833270386511e4,1,1,625,585,1376,1258,6018,5637,6,0.0854499,bounds_tightened=7 doubleton_equations=33 fixed_columns=85 singleton_rows=7,0.085716,9.465288,0.001125,0.000271,9.5526344,0.087346,10.35012,0.797485,2492,simplex-dual+primal,019ab29d,Windows-AMD64,2026-09-30T06:45:49+00:00,
perold,040ed4572876366cd979b6811ee20d706abba6998616b0e53201ea1e043acacd,implied_free,1,optimal,-9380.755278235163,-9380.7580773,2.9838365030633286e-07,1,-0.93807552782351606734833270386511e4,1,1,625,577,1376,1250,6018,5523,6,0.054121,bounds_tightened=7 doubleton_equations=33 fixed_columns=85 free_column_singletons=8 implied_free_column_singletons=8 singleton_rows=7,0.054358,4.850688,0.000891,0.000522,4.9064448,0.055757,5.359398,0.452953,2799,simplex-dual+primal,019ab29d,Windows-AMD64,2026-09-30T06:45:49+00:00,presolve_implied_free=true
perold,040ed4572876366cd979b6811ee20d706abba6998616b0e53201ea1e043acacd,bound_prop,1,optimal,-9380.755278235163,-9380.7580773,2.9838365030633286e-07,1,-0.93807552782351606734833270386511e4,1,1,625,585,1376,1258,6018,5637,6,0.0029437,bounds_tightened=175 doubleton_equations=33 fixed_columns=85 propagated_bounds=168 singleton_rows=7,0.003194,2.638978,0.088214,0.000277,2.7308904,0.091913,3.317252,0.586362,2656,simplex-dual+primal,019ab29d,Windows-AMD64,2026-09-30T06:45:49+00:00,presolve_bound_propagation=true
perold,040ed4572876366cd979b6811ee20d706abba6998616b0e53201ea1e043acacd,parallel_rows,1,optimal,-9380.755278235163,-9380.7580773,2.9838365030633286e-07,1,-0.93807552782351606734833270386511e4,1,1,625,585,1376,1258,6018,5637,6,0.0716406,bounds_tightened=7 doubleton_equations=33 fixed_columns=85 singleton_rows=7,0.071948,1.591958,0.000802,0.000265,1.6651682,0.073211,2.02065,0.355482,2492,simplex-dual+primal,019ab29d,Windows-AMD64,2026-09-30T06:45:49+00:00,presolve_parallel_rows=true
pilot,26916951225f695c68c474adb2e1e052e4c1b3479d6a11fbd579fd20d4e7d2eb,base,1,optimal,-557.4897292730848,-557.40430007,0.00015326254762310174,0,-0.55748972928406818073034256636894e3,1,1,1441,1407,3652,3416,43167,40949,8,0.0783014,bounds_tightened=9 doubleton_equations=17 empty_rows=1 fixed_columns=219 redundant_rows=7 singleton_rows=9,0.079181,47.020246,0.004471,0.001335,47.1050013,0.084755,48.241066,1.136065,9900,simplex-dual+primal,019ab29d,Windows-AMD64,2026-09-30T06:45:49+00:00,
pilot,26916951225f695c68c474adb2e1e052e4c1b3479d6a11fbd579fd20d4e7d2eb,implied_free,1,optimal,-557.4897292840682,-557.40430007,0.00015326256732764847,0,-0.55748972928406818073034256636894e3,1,1,1441,1399,3652,3408,43167,40925,9,0.1076653,bounds_tightened=9 doubleton_equations=17 empty_rows=1 fixed_columns=219 free_column_singletons=8 implied_free_column_singletons=8 redundant_rows=7 singleton_rows=9,0.108359,70.942195,0.004763,0.001677,71.0565694,0.114374,71.682575,0.626006,6891,simplex-dual+primal,019ab29d,Windows-AMD64,2026-09-30T06:45:49+00:00,presolve_implied_free=true
pilot,26916951225f695c68c474adb2e1e052e4c1b3479d6a11fbd579fd20d4e7d2eb,bound_prop,1,optimal,-557.4897292928364,-557.40430007,0.00015326258305808156,0,-0.55748972928406818073034256636894e3,1,1,1441,1405,3652,3406,43167,40883,15,0.1514979,bounds_tightened=14721 doubleton_equations=9 empty_rows=12 fixed_columns=237 propagated_bounds=14716 redundant_rows=10 singleton_rows=5,0.159112,15.731231,0.022014,0.000852,15.9136063,0.182375,16.857624,0.944018,6168,simplex-dual+primal,019ab29d,Windows-AMD64,2026-09-30T06:45:49+00:00,presolve_bound_propagation=true
pilot,26916951225f695c68c474adb2e1e052e4c1b3479d6a11fbd579fd20d4e7d2eb,parallel_rows,1,optimal,-557.4897292840682,-557.40430007,0.00015326256732764847,0,-0.55748972928406818073034256636894e3,1,1,1441,1407,3652,3416,43167,40949,8,0.0894585,bounds_tightened=9 doubleton_equations=17 empty_rows=1 fixed_columns=219 redundant_rows=7 singleton_rows=9,0.090129,78.81028,0.006797,0.001795,78.909533,0.099253,79.819891,0.910358,6891,simplex-dual+primal,019ab29d,Windows-AMD64,2026-09-30T06:45:49+00:00,presolve_parallel_rows=true
pilot.ja,c0cea98ca60001558b561e3195b84b8d3fd33eeeb695ddba6836bfa29d06d50f,base,1,feasible,-6113.136465581344,-6113.1344111,3.360765862554062e-07,0,-0.61131364655813432748848620538024e4,0,1,940,811,1988,1579,14698,11361,10,0.0613717,bounds_tightened=5 doubleton_equations=70 empty_rows=16 fixed_columns=339 redundant_rows=38 singleton_rows=5,0.0618,6.500987,0.003473,2.3e-05,6.5673834,0.066396,6.957405,0.390022,3220,simplex-dual+primal,019ab29d,Windows-AMD64,2026-09-30T06:45:49+00:00,
pilot.ja,c0cea98ca60001558b561e3195b84b8d3fd33eeeb695ddba6836bfa29d06d50f,implied_free,1,feasible,-6113.136465581343,-6113.1344111,3.3607658610662904e-07,0,-0.61131364655813432748848620538024e4,0,1,940,787,1988,1555,14698,11186,10,0.1406756,bounds_tightened=5 doubleton_equations=70 empty_rows=16 fixed_columns=339 free_column_singletons=24 implied_free_column_singletons=24 redundant_rows=38 singleton_rows=5,0.141092,5.88712,0.002926,2.7e-05,6.0318203,0.1447,7.801801,1.769981,3042,simplex-dual+primal,019ab29d,Windows-AMD64,2026-09-30T06:45:49+00:00,presolve_implied_free=true
pilot.ja,c0cea98ca60001558b561e3195b84b8d3fd33eeeb695ddba6836bfa29d06d50f,bound_prop,1,feasible,-6113.136465581344,-6113.1344111,3.360765862554062e-07,0,-0.61131364655813432748848620538024e4,0,1,940,811,1988,1579,14698,11361,10,0.0090513,bounds_tightened=261 doubleton_equations=70 empty_rows=16 fixed_columns=339 propagated_bounds=256 redundant_rows=38 singleton_rows=5,0.009431,2.680844,0.052424,2.2e-05,2.7433227,0.062478,3.503707,0.760384,3226,simplex-dual+primal,019ab29d,Windows-AMD64,2026-09-30T06:45:49+00:00,presolve_bound_propagation=true
pilot.ja,c0cea98ca60001558b561e3195b84b8d3fd33eeeb695ddba6836bfa29d06d50f,parallel_rows,1,feasible,-6113.136465581344,-6113.1344111,3.360765862554062e-07,0,-0.61131364655813432748848620538024e4,0,1,940,811,1988,1579,14698,11361,10,0.0476802,bounds_tightened=5 doubleton_equations=70 empty_rows=16 fixed_columns=339 redundant_rows=38 singleton_rows=5,0.048031,4.043398,0.003536,2.9e-05,4.095572,0.052174,4.687054,0.591482,3220,simplex-dual+primal,019ab29d,Windows-AMD64,2026-09-30T06:45:49+00:00,presolve_parallel_rows=true
pilot.we,5c3e8ed78a522c7df2cac39435efd0552273b8e942b03186997ee9011cd1015a,base,1,optimal,-2720107.5328449644,-2720102.7439,1.7605750279237147e-06,0,-0.27201075328449639629439185412556e7,1,1,722,670,2789,2649,9126,8678,5,0.0040945,bounds_tightened=1 doubleton_equations=51 fixed_columns=89 singleton_rows=1,0.004441,7.609025,0.404775,0.13228,8.0190578,0.410033,9.560598,1.54154,5254,simplex-dual+primal,019ab29d,Windows-AMD64,2026-09-30T06:45:49+00:00,
pilot.we,5c3e8ed78a522c7df2cac39435efd0552273b8e942b03186997ee9011cd1015a,implied_free,1,optimal,-2720107.5328449644,-2720102.7439,1.7605750279237147e-06,0,-0.27201075328449639629439185412556e7,1,1,722,666,2789,2645,9126,8642,5,0.3448981,bounds_tightened=1 doubleton_equations=51 fixed_columns=89 free_column_singletons=4 implied_free_column_singletons=4 singleton_rows=1,0.345244,1.866752,0.001349,0.000429,2.2141353,0.347383,5.704605,3.49047,5204,simplex-dual+primal,019ab29d,Windows-AMD64,2026-09-30T06:45:49+00:00,presolve_implied_free=true
pilot.we,5c3e8ed78a522c7df2cac39435efd0552273b8e942b03186997ee9011cd1015a,bound_prop,1,optimal,-2720107.5328449644,-2720102.7439,1.7605750279237147e-06,0,-0.27201075328449639629439185412556e7,1,1,722,671,2789,2650,9126,8680,5,0.0168292,bounds_tightened=152 doubleton_equations=50 fixed_columns=89 propagated_bounds=151 singleton_rows=1,0.017651,11.107857,0.012763,0.00212,11.1392875,0.03143,12.917575,1.778287,5200,simplex-dual+primal,019ab29d,Windows-AMD64,2026-09-30T06:45:49+00:00,presolve_bound_propagation=true
pilot.we,5c3e8ed78a522c7df2cac39435efd0552273b8e942b03186997ee9011cd1015a,parallel_rows,1,optimal,-2720107.5328449644,-2720102.7439,1.7605750279237147e-06,0,-0.27201075328449639629439185412556e7,1,1,722,670,2789,2649,9126,8678,5,0.1164287,bounds_tightened=1 doubleton_equations=51 fixed_columns=89 singleton_rows=1,0.116757,4.132468,0.001542,0.000466,4.2514804,0.119013,4.807286,0.555806,5254,simplex-dual+primal,019ab29d,Windows-AMD64,2026-09-30T06:45:49+00:00,presolve_parallel_rows=true
pilot4,67e872aae722a493f5c2c8f88e3d70d093eea116093874ea43852c864a687cba,base,1,optimal,-2581.1392588847157,-2581.1392641,2.0205358998229503e-09,1,-0.25811392588838886745830997266797e4,1,1,410,392,1000,951,5141,5003,3,0.0018642,bounds_tightened=8 doubleton_equations=10 fixed_columns=39 singleton_rows=8,0.002032,1.216113,0.000805,0.000218,1.2194543,0.003342,2.331222,1.111767,4,simplex-dual,019ab29d,Windows-AMD64,2026-09-30T06:45:49+00:00,
pilot4,67e872aae722a493f5c2c8f88e3d70d093eea116093874ea43852c864a687cba,implied_free,1,optimal,-2581.1392588847157,-2581.1392641,2.0205358998229503e-09,1,-0.25811392588838886745830997266797e4,1,1,410,391,1000,950,5141,4993,3,0.0018931,bounds_tightened=8 doubleton_equations=10 fixed_columns=39 free_column_singletons=1 implied_free_column_singletons=1 singleton_rows=8,0.002059,0.871523,0.000602,0.0002,0.8746342,0.003111,1.264091,0.389456,4,simplex-dual,019ab29d,Windows-AMD64,2026-09-30T06:45:49+00:00,presolve_implied_free=true
pilot4,67e872aae722a493f5c2c8f88e3d70d093eea116093874ea43852c864a687cba,bound_prop,1,optimal,-2581.1392588847157,-2581.1392641,2.0205358998229503e-09,1,-0.25811392588838886745830997266797e4,1,1,410,392,1000,951,5141,5003,3,0.002114,bounds_tightened=92 doubleton_equations=10 fixed_columns=39 propagated_bounds=84 singleton_rows=8,0.002279,3.02256,0.000657,0.0002,3.0259844,0.003424,3.432769,0.406785,4,simplex-dual,019ab29d,Windows-AMD64,2026-09-30T06:45:49+00:00,presolve_bound_propagation=true
pilot4,67e872aae722a493f5c2c8f88e3d70d093eea116093874ea43852c864a687cba,parallel_rows,1,optimal,-2581.1392588847157,-2581.1392641,2.0205358998229503e-09,1,-0.25811392588838886745830997266797e4,1,1,410,392,1000,951,5141,5003,3,0.0496002,bounds_tightened=8 doubleton_equations=10 fixed_columns=39 singleton_rows=8,0.049771,2.445508,0.000811,0.000198,2.4965134,0.051006,4.852147,2.355633,4,simplex-dual,019ab29d,Windows-AMD64,2026-09-30T06:45:49+00:00,presolve_parallel_rows=true
pilot87,0ecfcc173d82c8a0252f58a99b2a529d8ad0155ee9212b8451cc25c0e387caa4,base,1,time_limit,337.1748190507078,301.71072827,0.11754335347654957,0,0.3017103473331105277216600201995e3,0,,2030,1987,4883,4617,73152,70503,11,0.0229553,bounds_tightened=5 doubleton_equations=23 empty_columns=3 empty_rows=1 fixed_columns=240 redundant_rows=14 singleton_rows=5,0.023966,120.331984,0.00537,0.00028,120.3631747,0.03119,121.350189,0.987015,7131,simplex-dual+primal,019ab29d,Windows-AMD64,2026-09-30T06:45:49+00:00,
pilot87,0ecfcc173d82c8a0252f58a99b2a529d8ad0155ee9212b8451cc25c0e387caa4,implied_free,1,time_limit,335.80289064666266,301.71072827,0.11299618867431749,0,0.3017103473331105277216600201995e3,0,,2030,1964,4883,4594,73152,70375,11,0.0597905,bounds_tightened=5 doubleton_equations=23 empty_rows=1 fixed_columns=240 free_column_singletons=26 implied_free_column_singletons=26 redundant_rows=11 singleton_rows=5,0.060908,119.983079,0.006997,0.00031,120.0532599,0.070181,121.105888,1.052628,10155,simplex-dual+primal,019ab29d,Windows-AMD64,2026-09-30T06:45:49+00:00,presolve_implied_free=true
pilot87,0ecfcc173d82c8a0252f58a99b2a529d8ad0155ee9212b8451cc25c0e387caa4,bound_prop,1,time_limit,38.56810255345963,301.71072827,0.872168607412113,0,0.3017103473331105277216600201995e3,0,,2030,2005,4883,4651,73152,70617,19,0.4578027,bounds_tightened=16794 doubleton_equations=5 empty_columns=3 empty_rows=2 fixed_columns=224 propagated_bounds=16791 redundant_rows=15 singleton_rows=3,0.459276,120.065279,0.647375,0.074696,121.2493079,1.184029,126.575659,5.326351,21219,simplex-dual+primal,019ab29d,Windows-AMD64,2026-09-30T06:45:49+00:00,presolve_bound_propagation=true
pilot87,0ecfcc173d82c8a0252f58a99b2a529d8ad0155ee9212b8451cc25c0e387caa4,parallel_rows,1,time_limit,333.57661758264663,301.71072827,0.10561735572137144,0,0.3017103473331105277216600201995e3,0,,2030,1987,4883,4617,73152,70503,11,0.2605726,bounds_tightened=5 doubleton_equations=23 empty_columns=3 empty_rows=1 fixed_columns=240 redundant_rows=14 singleton_rows=5,0.261743,120.064015,0.007169,0.000313,120.3347002,0.270685,123.4034,3.068699,7550,simplex-dual+primal,019ab29d,Windows-AMD64,2026-09-30T06:45:49+00:00,presolve_parallel_rows=true
pilotnov,2b000b6da9fb539e3303d5b81f00cc74f430e7ed52d7666ff1ef835bf060773d,base,1,optimal,-4497.276188218868,-4497.2761882,4.195309960678878e-12,1,-0.44972761882188711430996211783943e4,1,1,975,847,2172,1884,13057,11796,10,0.0045356,bounds_tightened=9 doubleton_equations=60 empty_rows=24 fixed_columns=228 redundant_rows=35 singleton_rows=9,0.004875,7.620028,0.002913,0.000878,7.6284573,0.008429,9.091814,1.463357,2311,simplex-dual+primal,019ab29d,Windows-AMD64,2026-09-30T06:45:49+00:00,
pilotnov,2b000b6da9fb539e3303d5b81f00cc74f430e7ed52d7666ff1ef835bf060773d,implied_free,1,optimal,-4497.276188218868,-4497.2761882,4.195309960678878e-12,1,-0.44972761882188711430996211783943e4,1,1,975,813,2172,1850,13057,11611,10,0.0549054,bounds_tightened=9 doubleton_equations=60 empty_rows=24 fixed_columns=228 free_column_singletons=34 implied_free_column_singletons=34 redundant_rows=35 singleton_rows=9,0.05537,11.102964,0.002831,0.00086,11.1618255,0.058861,12.133828,0.972003,1994,simplex-dual+primal,019ab29d,Windows-AMD64,2026-09-30T06:45:49+00:00,presolve_implied_free=true
pilotnov,2b000b6da9fb539e3303d5b81f00cc74f430e7ed52d7666ff1ef835bf060773d,bound_prop,1,optimal,-4497.276188218899,-4497.2761882,4.202185860349308e-12,1,-0.44972761882188711430996211783943e4,1,1,975,854,2172,1891,13057,11810,10,0.0065767,bounds_tightened=609 doubleton_equations=53 empty_rows=24 fixed_columns=228 propagated_bounds=600 redundant_rows=35 singleton_rows=9,0.007798,0.37105,0.004216,0.000343,0.3836637,0.012614,0.971934,0.58827,1600,simplex-dual+primal,019ab29d,Windows-AMD64,2026-09-30T06:45:49+00:00,presolve_bound_propagation=true
pilotnov,2b000b6da9fb539e3303d5b81f00cc74f430e7ed52d7666ff1ef835bf060773d,parallel_rows,1,optimal,-4497.276188218868,-4497.2761882,4.195309960678878e-12,1,-0.44972761882188711430996211783943e4,1,1,975,847,2172,1884,13057,11796,10,0.1067993,bounds_tightened=9 doubleton_equations=60 empty_rows=24 fixed_columns=228 redundant_rows=35 singleton_rows=9,0.107203,4.091052,0.003255,0.001066,4.2022217,0.11117,5.639468,1.437247,2311,simplex-dual+primal,019ab29d,Windows-AMD64,2026-09-30T06:45:49+00:00,presolve_parallel_rows=true
recipe,277b34645cc89526db4a3365fa781ce28aa9768a65c4f301416a8a05c934af61,base,1,optimal,-266.61600000000027,-266.616,1.0660166468030429e-15,1,-0.266616e3,1,1,91,76,180,137,663,596,6,0.3245051,bounds_tightened=3 doubleton_equations=8 empty_rows=4 fixed_columns=35 singleton_rows=3,0.413285,1.490063,0.13183,0.050815,2.5246134,1.034551,9.536562,7.011948,40,simplex-dual,019ab29d,Windows-AMD64,2026-09-30T06:45:49+00:00,
recipe,277b34645cc89526db4a3365fa781ce28aa9768a65c4f301416a8a05c934af61,implied_free,1,optimal,-266.61600000000027,-266.616,1.0660166468030429e-15,1,-0.266616e3,1,1,91,66,180,127,663,556,5,0.1167038,bounds_tightened=1 doubleton_equations=7 empty_rows=4 fixed_columns=33 free_column_singletons=13 implied_free_column_singletons=13 singleton_rows=1,0.116745,0.134438,0.000156,4.9e-05,0.2516436,0.117205,6.203088,5.951445,40,simplex-dual,019ab29d,Windows-AMD64,2026-09-30T06:45:49+00:00,presolve_implied_free=true
recipe,277b34645cc89526db4a3365fa781ce28aa9768a65c4f301416a8a05c934af61,bound_prop,1,optimal,-266.61600000000027,-266.616,1.0660166468030429e-15,1,-0.266616e3,1,1,91,76,180,137,663,596,6,0.0005586,bounds_tightened=3 doubleton_equations=8 empty_rows=4 fixed_columns=35 singleton_rows=3,0.000597,0.111769,0.000159,0.000267,0.112904,0.001135,1.95402,1.841116,40,simplex-dual,019ab29d,Windows-AMD64,2026-09-30T06:45:49+00:00,presolve_bound_propagation=true
recipe,277b34645cc89526db4a3365fa781ce28aa9768a65c4f301416a8a05c934af61,parallel_rows,1,optimal,-266.61600000000027,-266.616,1.0660166468030429e-15,1,-0.266616e3,1,1,91,76,180,137,663,596,6,0.0809634,bounds_tightened=3 doubleton_equations=8 empty_rows=4 fixed_columns=35 singleton_rows=3,0.081004,0.021212,0.000126,4.9e-05,0.1026498,0.081438,3.046994,2.944344,40,simplex-dual,019ab29d,Windows-AMD64,2026-09-30T06:45:49+00:00,presolve_parallel_rows=true
sc105,062d034400be956757316a9bde8e6de3d221a88fb5dc502def743f1883e23ec3,base,1,optimal,-52.20206121170722,-52.202061212,5.608574210909634e-12,1,-0.52202061211707248062628010857689e2,1,1,105,96,103,95,280,264,2,0.0002694,doubleton_equations=8 empty_rows=1,0.000309,1.821803,0.00013,4.1e-05,1.8225263,0.000723,2.656739,0.834213,98,simplex-dual+primal,019ab29d,Windows-AMD64,2026-09-30T06:45:49+00:00,
sc105,062d034400be956757316a9bde8e6de3d221a88fb5dc502def743f1883e23ec3,implied_free,1,optimal,-52.20206121170722,-52.202061212,5.608574210909634e-12,1,-0.52202061211707248062628010857689e2,1,1,105,96,103,95,280,264,2,0.0003086,doubleton_equations=8 empty_rows=1,0.000347,2.273154,0.000136,0.0001,2.2739105,0.000757,3.046135,0.772224,98,simplex-dual+primal,019ab29d,Windows-AMD64,2026-09-30T06:45:49+00:00,presolve_implied_free=true
sc105,062d034400be956757316a9bde8e6de3d221a88fb5dc502def743f1883e23ec3,bound_prop,1,optimal,-52.20206121170722,-52.202061212,5.608574210909634e-12,1,-0.52202061211707248062628010857689e2,1,1,105,99,103,98,280,270,2,0.0006122,bounds_tightened=5 doubleton_equations=5 empty_rows=1 propagated_bounds=5,0.000651,3.783343,0.001664,0.000623,3.7859625,0.002619,4.51474,0.728777,108,simplex-dual+primal,019ab29d,Windows-AMD64,2026-09-30T06:45:49+00:00,presolve_bound_propagation=true
sc105,062d034400be956757316a9bde8e6de3d221a88fb5dc502def743f1883e23ec3,parallel_rows,1,optimal,-52.20206121170722,-52.202061212,5.608574210909634e-12,1,-0.52202061211707248062628010857689e2,1,1,105,96,103,95,280,264,2,0.0007449,doubleton_equations=8 empty_rows=1,0.000789,3.435288,0.003951,0.003057,3.4407804,0.005493,3.933508,0.492727,98,simplex-dual+primal,019ab29d,Windows-AMD64,2026-09-30T06:45:49+00:00,presolve_parallel_rows=true
sc205,bcecc8d8cafd08c6d97cf8e39a740f5d777e317600bb9f6f158f2ceb550005f9,base,1,optimal,-52.2020612117072,-52.202061212,5.608846438756298e-12,1,-0.52202061211707248062628010857689e2,1,1,205,190,203,189,551,524,3,0.0005057,bounds_tightened=1 doubleton_equations=13 empty_rows=1 fixed_columns=1 singleton_rows=1,0.000554,5.046997,0.001759,0.000573,5.0496569,0.00266,5.748677,0.699021,232,simplex-dual+primal,019ab29d,Windows-AMD64,2026-09-30T06:45:49+00:00,
sc205,bcecc8d8cafd08c6d97cf8e39a740f5d777e317600bb9f6f158f2ceb550005f9,implied_free,1,optimal,-52.2020612117072,-52.202061212,5.608846438756298e-12,1,-0.52202061211707248062628010857689e2,1,1,205,190,203,189,551,524,2,0.0072045,doubleton_equations=13 empty_rows=1 free_column_singletons=1 implied_free_column_singletons=1,0.007287,3.10344,0.001829,0.001164,3.1130518,0.009612,3.658049,0.544997,232,simplex-dual+primal,019ab29d,Windows-AMD64,2026-09-30T06:45:49+00:00,presolve_implied_free=true
sc205,bcecc8d8cafd08c6d97cf8e39a740f5d777e317600bb9f6f158f2ceb550005f9,bound_prop,1,optimal,-52.2020612117072,-52.202061212,5.608846438756298e-12,1,-0.52202061211707248062628010857689e2,1,1,205,193,203,192,551,530,3,0.0009304,bounds_tightened=6 doubleton_equations=10 empty_rows=1 fixed_columns=1 propagated_bounds=5 singleton_rows=1,0.000981,4.019099,0.001708,0.000577,4.0221177,0.003019,4.795935,0.773817,196,simplex-dual+primal,019ab29d,Windows-AMD64,2026-09-30T06:45:49+00:00,presolve_bound_propagation=true
sc205,bcecc8d8cafd08c6d97cf8e39a740f5d777e317600bb9f6f158f2ceb550005f9,parallel_rows,1,optimal,-52.2020612117072,-52.202061212,5.608846438756298e-12,1,-0.52202061211707248062628010857689e2,1,1,205,190,203,189,551,524,3,0.0016073,bounds_tightened=1 doubleton_equations=13 empty_rows=1 fixed_columns=1 singleton_rows=1,0.002216,2.996567,0.004092,0.000727,3.0058106,0.009244,3.83089,0.825079,232,simplex-dual+primal,019ab29d,Windows-AMD64,2026-09-30T06:45:49+00:00,presolve_parallel_rows=true
sc50a,36bfce2f419555712bf1b9a8477541199073c7654475d933475cea6db0abe2f2,base,1,optimal,-64.57507705856447,-64.575077059,6.744398679677553e-12,1,-0.64575077058564509026860413914575e2,1,1,50,43,48,42,130,118,2,0.0010726,doubleton_equations=6 empty_rows=1,0.001613,0.885564,0.00083,0.000345,0.8911883,0.005625,1.522747,0.631559,42,simplex-dual+primal,019ab29d,Windows-AMD64,2026-09-30T06:45:49+00:00,
sc50a,36bfce2f419555712bf1b9a8477541199073c7654475d933475cea6db0abe2f2,implied_free,1,optimal,-64.57507705856447,-64.575077059,6.744398679677553e-12,1,-0.64575077058564509026860413914575e2,1,1,50,43,48,42,130,118,2,0.0001621,doubleton_equations=6 empty_rows=1,0.000198,1.677829,0.001306,0.000443,1.6795963,0.001767,2.028138,0.348542,42,simplex-dual+primal,019ab29d,Windows-AMD64,2026-09-30T06:45:49+00:00,presolve_implied_free=true
sc50a,36bfce2f419555712bf1b9a8477541199073c7654475d933475cea6db0abe2f2,bound_prop,1,optimal,-64.57507705856449,-64.575077059,6.744178612503615e-12,1,-0.64575077058564509026860413914575e2,1,1,50,46,48,45,130,124,2,0.0053157,bounds_tightened=5 doubleton_equations=3 empty_rows=1 propagated_bounds=5,0.00535,1.489686,0.000102,4.6e-05,1.4954294,0.005743,4.341606,2.846176,52,simplex-dual+primal,019ab29d,Windows-AMD64,2026-09-30T06:45:49+00:00,presolve_bound_propagation=true
sc50a,36bfce2f419555712bf1b9a8477541199073c7654475d933475cea6db0abe2f2,parallel_rows,1,optimal,-64.57507705856447,-64.575077059,6.744398679677553e-12,1,-0.64575077058564509026860413914575e2,1,1,50,43,48,42,130,118,2,0.0009364,doubleton_equations=6 empty_rows=1,0.000974,2.437399,0.000101,3.2e-05,2.4387334,0.001335,5.21421,2.775476,42,simplex-dual+primal,019ab29d,Windows-AMD64,2026-09-30T06:45:49+00:00,presolve_parallel_rows=true
sc50b,bfc47ffcf8f037552130a75142a203dc768d82d15c3b7b9f718c444ffa472f15,base,1,optimal,-69.99999999999999,-70.0,2.0301221021717148e-16,1,-0.7e2,1,1,50,42,48,42,118,106,2,0.000184,doubleton_equations=6 empty_rows=2,0.000219,2.504213,0.001663,0.000609,2.5063826,0.00217,3.708143,1.20176,42,simplex-dual,019ab29d,Windows-AMD64,2026-09-30T06:45:49+00:00,
sc50b,bfc47ffcf8f037552130a75142a203dc768d82d15c3b7b9f718c444ffa472f15,implied_free,1,optimal,-69.99999999999999,-70.0,2.0301221021717148e-16,1,-0.7e2,1,1,50,42,48,42,118,106,2,0.0001723,doubleton_equations=6 empty_rows=2,0.000205,2.095019,0.000101,3.4e-05,2.0956,0.000581,2.800013,0.704413,42,simplex-dual,019ab29d,Windows-AMD64,2026-09-30T06:45:49+00:00,presolve_implied_free=true
sc50b,bfc47ffcf8f037552130a75142a203dc768d82d15c3b7b9f718c444ffa472f15,bound_prop,1,optimal,-69.99999999999999,-70.0,2.0301221021717148e-16,1,-0.7e2,1,1,50,45,48,45,118,112,2,0.0005062,bounds_tightened=3 doubleton_equations=3 empty_rows=2 propagated_bounds=3,0.000539,2.666989,9.6e-05,4.5e-05,2.6678819,0.000893,4.029523,1.361641,46,simplex-dual+primal,019ab29d,Windows-AMD64,2026-09-30T06:45:49+00:00,presolve_bound_propagation=true
sc50b,bfc47ffcf8f037552130a75142a203dc768d82d15c3b7b9f718c444ffa472f15,parallel_rows,1,optimal,-69.99999999999999,-70.0,2.0301221021717148e-16,1,-0.7e2,1,1,50,42,48,42,118,106,2,0.0005911,doubleton_equations=6 empty_rows=2,0.000629,1.758445,0.012775,0.002461,1.772203,0.013758,3.263421,1.491218,42,simplex-dual,019ab29d,Windows-AMD64,2026-09-30T06:45:49+00:00,presolve_parallel_rows=true
scagr25,7bac79b91dec46966af26a236d593c823f1e61eb055597426365e4f6bc36df76,base,1,optimal,-14753433.060768533,-14753433.061,1.5689039049257294e-11,1,-0.14753433060768523167790925075974e8,1,1,471,296,500,446,1554,1223,3,0.000887,bounds_tightened=122 doubleton_equations=53 fixed_columns=1 singleton_rows=122,0.001001,2.593836,0.001258,0.00011,2.5966039,0.002768,3.841573,1.244969,457,simplex-dual,019ab29d,Windows-AMD64,2026-09-30T06:45:49+00:00,
scagr25,7bac79b91dec46966af26a236d593c823f1e61eb055597426365e4f6bc36df76,implied_free,1,optimal,-14753433.060768533,-14753433.061,1.5689039049257294e-11,1,-0.14753433060768523167790925075974e8,1,1,471,295,500,445,1554,1221,3,0.001248,bounds_tightened=122 doubleton_equations=53 fixed_columns=1 free_column_singletons=1 implied_free_column_singletons=1 singleton_rows=122,0.001366,3.465614,0.000461,0.000119,3.4678648,0.002251,4.651164,1.183299,455,simplex-dual,019ab29d,Windows-AMD64,2026-09-30T06:45:49+00:00,presolve_implied_free=true
scagr25,7bac79b91dec46966af26a236d593c823f1e61eb055597426365e4f6bc36df76,bound_prop,1,optimal,-14753433.060768533,-14753433.061,1.5689039049257294e-11,1,-0.14753433060768523167790925075974e8,1,1,471,296,500,446,1554,1223,3,0.0011768,bounds_tightened=122 doubleton_equations=53 fixed_columns=1 singleton_rows=122,0.001352,3.528869,0.001594,0.000865,3.5347707,0.005902,5.213265,1.678494,457,simplex-dual,019ab29d,Windows-AMD64,2026-09-30T06:45:49+00:00,presolve_bound_propagation=true
scagr25,7bac79b91dec46966af26a236d593c823f1e61eb055597426365e4f6bc36df76,parallel_rows,1,optimal,-14753433.060768533,-14753433.061,1.5689039049257294e-11,1,-0.14753433060768523167790925075974e8,1,1,471,296,500,446,1554,1223,3,0.0018938,bounds_tightened=122 doubleton_equations=53 fixed_columns=1 singleton_rows=122,0.002138,0.96938,0.00259,0.000672,0.9745141,0.005134,1.74083,0.766316,457,simplex-dual,019ab29d,Windows-AMD64,2026-09-30T06:45:49+00:00,presolve_parallel_rows=true
scagr7,2170c16fd0cc04a823172c1564e89593e75aac5225e2c2f893a6837ba0b26085,base,1,optimal,-2331389.824330984,-2331389.2548,2.442882426212426e-07,1,-0.2331389824330984e7,1,1,129,80,140,122,420,323,3,0.000706,bounds_tightened=32 doubleton_equations=17 fixed_columns=1 singleton_rows=32,0.000789,0.615412,0.000238,4.8e-05,0.6167489,0.001337,1.271854,0.655106,111,simplex-dual,019ab29d,Windows-AMD64,2026-09-30T06:45:49+00:00,
scagr7,2170c16fd0cc04a823172c1564e89593e75aac5225e2c2f893a6837ba0b26085,implied_free,1,optimal,-2331389.824330984,-2331389.2548,2.442882426212426e-07,1,-0.2331389824330984e7,1,1,129,79,140,121,420,321,3,0.0005875,bounds_tightened=32 doubleton_equations=17 fixed_columns=1 free_column_singletons=1 implied_free_column_singletons=1 singleton_rows=32,0.000641,1.066427,0.000287,0.000105,1.0678792,0.001452,2.113073,1.045194,110,simplex-dual,019ab29d,Windows-AMD64,2026-09-30T06:45:49+00:00,presolve_implied_free=true
scagr7,2170c16fd0cc04a823172c1564e89593e75aac5225e2c2f893a6837ba0b26085,bound_prop,1,optimal,-2331389.824330984,-2331389.2548,2.442882426212426e-07,1,-0.2331389824330984e7,1,1,129,80,140,122,420,323,3,0.0004424,bounds_tightened=32 doubleton_equations=17 fixed_columns=1 singleton_rows=32,0.000485,2.052592,0.000217,0.0001,2.0536054,0.001014,2.950471,0.896865,111,simplex-dual,019ab29d,Windows-AMD64,2026-09-30T06:45:49+00:00,presolve_bound_propagation=true
scagr7,2170c16fd0cc04a823172c1564e89593e75aac5225e2c2f893a6837ba0b26085,parallel_rows,1,optimal,-2331389.824330984,-2331389.2548,2.442882426212426e-07,1,-0.2331389824330984e7,1,1,129,80,140,122,420,323,3,0.002793,bounds_tightened=32 doubleton_equations=17 fixed_columns=1 singleton_rows=32,0.002857,1.194168,0.003364,0.000653,1.2007517,0.006584,3.249354,2.048602,111,simplex-dual,019ab29d,Windows-AMD64,2026-09-30T06:45:49+00:00,presolve_parallel_rows=true
scfxm1,3e602523ca64bb4fd7387da7eca577d964e08d7c04326c59937a0d58add7de25,base,1,optimal,18416.759028348937,18416.759028,1.89466961451629e-11,1,0.18416759028348943683579089143655e5,1,1,330,277,457,438,2589,2490,3,0.0024089,bounds_tightened=40 doubleton_equations=10 fixed_columns=9 redundant_rows=3 singleton_rows=40,0.002558,4.237827,0.000433,0.000121,4.2412894,0.003462,5.859242,1.617953,433,simplex-dual+primal,019ab29d,Windows-AMD64,2026-09-30T06:45:49+00:00,
scfxm1,3e602523ca64bb4fd7387da7eca577d964e08d7c04326c59937a0d58add7de25,implied_free,1,optimal,18416.759028348937,18416.759028,1.89466961451629e-11,1,0.18416759028348943683579089143655e5,1,1,330,269,457,430,2589,2296,3,0.0018148,bounds_tightened=40 doubleton_equations=10 fixed_columns=9 free_column_singletons=8 implied_free_column_singletons=8 redundant_rows=3 singleton_rows=40,0.001948,1.556722,0.000463,0.000121,1.5594686,0.002746,2.632501,1.073033,478,simplex-dual+primal,019ab29d,Windows-AMD64,2026-09-30T06:45:49+00:00,presolve_implied_free=true
scfxm1,3e602523ca64bb4fd7387da7eca577d964e08d7c04326c59937a0d58add7de25,bound_prop,1,optimal,18416.759028348937,18416.759028,1.89466961451629e-11,1,0.18416759028348943683579089143655e5,1,1,330,277,457,438,2589,2490,10,0.0025264,bounds_tightened=247 doubleton_equations=10 fixed_columns=9 propagated_bounds=207 redundant_rows=3 singleton_rows=40,0.002757,1.390078,0.083768,0.000129,1.4771183,0.08704,3.296203,1.819085,400,simplex-dual+primal,019ab29d,Windows-AMD64,2026-09-30T06:45:49+00:00,presolve_bound_propagation=true
scfxm1,3e602523ca64bb4fd7387da7eca577d964e08d7c04326c59937a0d58add7de25,parallel_rows,1,optimal,18416.759028348937,18416.759028,1.89466961451629e-11,1,0.18416759028348943683579089143655e5,1,1,330,277,457,438,2589,2490,3,0.0017737,bounds_tightened=40 doubleton_equations=10 fixed_columns=9 redundant_rows=3 singleton_rows=40,0.001918,3.277641,0.000563,0.000132,3.2804792,0.002838,4.628513,1.348033,433,simplex-dual+primal,019ab29d,Windows-AMD64,2026-09-30T06:45:49+00:00,presolve_parallel_rows=true
scfxm2,64d44da9d2e6329705e73b1e083f52a7560124c13af4c67ff60d55b0a46b0f0e,base,1,optimal,36660.26156499881,36660.261565,3.254905987537467e-14,1,0.36660261564998812956939504848248e5,1,1,660,554,914,876,5183,4985,3,0.00197,bounds_tightened=80 doubleton_equations=20 fixed_columns=18 redundant_rows=6 singleton_rows=80,0.00215,1.495345,0.004395,0.001146,1.5024637,0.007118,3.745264,2.2428,937,simplex-dual+primal,019ab29d,Windows-AMD64,2026-09-30T06:45:49+00:00,
scfxm2,64d44da9d2e6329705e73b1e083f52a7560124c13af4c67ff60d55b0a46b0f0e,implied_free,1,optimal,36660.2615649988,36660.261565,3.2747529752663545e-14,1,0.36660261564998812956939504848248e5,1,1,660,538,914,860,5183,4597,3,0.0033986,bounds_tightened=80 doubleton_equations=20 fixed_columns=18 free_column_singletons=16 implied_free_column_singletons=16 redundant_rows=6 singleton_rows=80,0.003591,2.872189,0.000853,0.000218,2.877312,0.005123,5.557928,2.680616,944,simplex-dual+primal,019ab29d,Windows-AMD64,2026-09-30T06:45:49+00:00,presolve_implied_free=true
scfxm2,64d44da9d2e6329705e73b1e083f52a7560124c13af4c67ff60d55b0a46b0f0e,bound_prop,1,optimal,36660.26156499881,36660.261565,3.254905987537467e-14,1,0.36660261564998812956939504848248e5,1,1,660,554,914,876,5183,4985,10,0.0038036,bounds_tightened=494 doubleton_equations=20 fixed_columns=18 propagated_bounds=414 redundant_rows=6 singleton_rows=80,0.003997,1.871232,0.006853,0.000215,1.8825103,0.011278,2.610601,0.728091,925,simplex-dual+primal,019ab29d,Windows-AMD64,2026-09-30T06:45:49+00:00,presolve_bound_propagation=true
scfxm2,64d44da9d2e6329705e73b1e083f52a7560124c13af4c67ff60d55b0a46b0f0e,parallel_rows,1,optimal,36660.26156499881,36660.261565,3.254905987537467e-14,1,0.36660261564998812956939504848248e5,1,1,660,554,914,876,5183,4985,3,0.0030268,bounds_tightened=80 doubleton_equations=20 fixed_columns=18 redundant_rows=6 singleton_rows=80,0.003235,1.519891,0.000934,0.000216,1.5245027,0.004611,1.913424,0.388921,937,simplex-dual+primal,019ab29d,Windows-AMD64,2026-09-30T06:45:49+00:00,presolve_parallel_rows=true
scfxm3,515b442feba7cb583e03d4466da264782d898cc69093848052a7fa98ba4eac7b,base,1,optimal,54901.25454975145,54901.25455,4.527159062898059e-12,1,0.54901254549751454623888724925519e5,1,1,990,831,1371,1314,7777,7480,3,0.0913869,bounds_tightened=120 doubleton_equations=30 fixed_columns=27 redundant_rows=9 singleton_rows=120,0.091705,6.138922,0.560408,0.19727,6.7918921,0.652971,11.977597,5.185705,1641,simplex-dual+primal,019ab29d,Windows-AMD64,2026-09-30T06:45:49+00:00,
scfxm3,515b442feba7cb583e03d4466da264782d898cc69093848052a7fa98ba4eac7b,implied_free,1,optimal,54901.254549751444,54901.25455,4.527291590973672e-12,1,0.54901254549751454623888724925519e5,1,1,990,807,1371,1290,7777,6898,3,0.0063335,bounds_tightened=120 doubleton_equations=30 fixed_columns=27 free_column_singletons=24 implied_free_column_singletons=24 redundant_rows=9 singleton_rows=120,0.007229,4.389574,0.003979,0.001061,4.4117926,0.022218,5.518634,1.106841,1469,simplex-dual+primal,019ab29d,Windows-AMD64,2026-09-30T06:45:49+00:00,presolve_implied_free=true
scfxm3,515b442feba7cb583e03d4466da264782d898cc69093848052a7fa98ba4eac7b,bound_prop,1,optimal,54901.25454975145,54901.25455,4.527159062898059e-12,1,0.54901254549751454623888724925519e5,1,1,990,831,1371,1314,7777,7480,10,0.007569,bounds_tightened=741 doubleton_equations=30 fixed_columns=27 propagated_bounds=621 redundant_rows=9 singleton_rows=120,0.007861,5.686777,0.003027,0.000846,5.6986469,0.01187,7.179457,1.48081,1424,simplex-dual+primal,019ab29d,Windows-AMD64,2026-09-30T06:45:49+00:00,presolve_bound_propagation=true
scfxm3,515b442feba7cb583e03d4466da264782d898cc69093848052a7fa98ba4eac7b,parallel_rows,1,optimal,54901.25454975145,54901.25455,4.527159062898059e-12,1,0.54901254549751454623888724925519e5,1,1,990,831,1371,1314,7777,7480,3,0.1453818,bounds_tightened=120 doubleton_equations=30 fixed_columns=27 redundant_rows=9 singleton_rows=120,0.145676,3.096144,0.001323,0.000339,3.243856,0.147712,3.749859,0.506003,1641,simplex-dual+primal,019ab29d,Windows-AMD64,2026-09-30T06:45:49+00:00,presolve_parallel_rows=true
scorpion,39b61cae042ce4adffb441faec77f5cc003fa725baa25edfb1738aef93a83c5d,base,1,optimal,1878.1248227381068,1878.1248227,2.0289754267304842e-11,1,0.18781248227381066296479411763586e4,1,1,388,276,358,314,1426,1194,3,0.0007751,bounds_tightened=84 doubleton_equations=21 fixed_columns=23 redundant_rows=7 singleton_rows=84,0.000879,0.126521,0.000349,0.0002,0.1280746,0.001554,0.76782,0.639746,242,simplex-dual+primal,019ab29d,Windows-AMD64,2026-09-30T06:45:49+00:00,
scorpion,39b61cae042ce4adffb441faec77f5cc003fa725baa25edfb1738aef93a83c5d,implied_free,1,optimal,1878.1248227381068,1878.1248227,2.0289754267304842e-11,1,0.18781248227381066296479411763586e4,1,1,388,270,358,308,1426,1171,3,0.0011387,bounds_tightened=84 doubleton_equations=21 fixed_columns=23 free_column_singletons=6 implied_free_column_singletons=6 redundant_rows=7 singleton_rows=84,0.001255,1.091731,0.002441,0.000722,1.0957629,0.004032,1.901679,0.805916,229,simplex-dual+primal,019ab29d,Windows-AMD64,2026-09-30T06:45:49+00:00,presolve_implied_free=true
scorpion,39b61cae042ce4adffb441faec77f5cc003fa725baa25edfb1738aef93a83c5d,bound_prop,1,optimal,1878.1248227381068,1878.1248227,2.0289754267304842e-11,1,0.18781248227381066296479411763586e4,1,1,388,276,358,314,1426,1194,3,0.0008197,bounds_tightened=84 doubleton_equations=21 fixed_columns=23 redundant_rows=7 singleton_rows=84,0.000922,3.954458,0.002027,0.000685,3.9577842,0.003326,4.447669,0.489885,242,simplex-dual+primal,019ab29d,Windows-AMD64,2026-09-30T06:45:49+00:00,presolve_bound_propagation=true
scorpion,39b61cae042ce4adffb441faec77f5cc003fa725baa25edfb1738aef93a83c5d,parallel_rows,1,optimal,1878.1248227381068,1878.1248227,2.0289754267304842e-11,1,0.18781248227381066296479411763586e4,1,1,388,276,358,314,1426,1194,3,0.0027934,bounds_tightened=84 doubleton_equations=21 fixed_columns=23 redundant_rows=7 singleton_rows=84,0.003489,2.234042,0.299608,0.096722,2.539817,0.305775,6.586906,4.047089,242,simplex-dual+primal,019ab29d,Windows-AMD64,2026-09-30T06:45:49+00:00,presolve_parallel_rows=true
scrs8,33b12d5e3d07b47a8b837ab0bf445fbfb5980af5c825bf049c23e71fb3faf026,base,1,optimal,904.2969538007919,904.29998619,3.3533000712269414e-06,0,0.90429695380079143579923107948844e3,1,1,490,453,1169,1138,3182,3086,3,0.0015475,bounds_tightened=6 doubleton_equations=26 fixed_columns=5 redundant_rows=5 singleton_rows=6,0.001715,1.621902,0.008169,0.000909,1.6323363,0.010434,2.691208,1.058872,610,simplex-dual+primal,019ab29d,Windows-AMD64,2026-09-30T06:45:49+00:00,
scrs8,33b12d5e3d07b47a8b837ab0bf445fbfb5980af5c825bf049c23e71fb3faf026,implied_free,1,optimal,904.296953800792,904.29998619,3.3533000711012235e-06,0,0.90429695380079143579923107948844e3,1,1,490,436,1169,1121,3182,3021,17,0.006974,bounds_tightened=6 doubleton_equations=24 fixed_columns=5 free_column_singletons=19 implied_free_column_singletons=19 redundant_rows=5 singleton_rows=6,0.007161,2.897954,0.002677,0.001372,2.9082166,0.010262,3.817794,0.909577,596,simplex-dual+primal,019ab29d,Windows-AMD64,2026-09-30T06:45:49+00:00,presolve_implied_free=true
scrs8,33b12d5e3d07b47a8b837ab0bf445fbfb5980af5c825bf049c23e71fb3faf026,bound_prop,1,optimal,904.2969538007919,904.29998619,3.3533000712269414e-06,0,0.90429695380079143579923107948844e3,1,1,490,452,1169,1137,3182,3080,3,0.0016214,bounds_tightened=28 doubleton_equations=25 empty_rows=2 fixed_columns=7 propagated_bounds=22 redundant_rows=5 singleton_rows=6,0.001768,0.898966,0.000674,0.000219,0.9018461,0.00288,1.666269,0.764423,606,simplex-dual+primal,019ab29d,Windows-AMD64,2026-09-30T06:45:49+00:00,presolve_bound_propagation=true
scrs8,33b12d5e3d07b47a8b837ab0bf445fbfb5980af5c825bf049c23e71fb3faf026,parallel_rows,1,optimal,904.2969538007919,904.29998619,3.3533000712269414e-06,0,0.90429695380079143579923107948844e3,1,1,490,453,1169,1138,3182,3086,3,0.0028279,bounds_tightened=6 doubleton_equations=26 fixed_columns=5 redundant_rows=5 singleton_rows=6,0.003025,0.379798,0.000485,0.000184,0.3837132,0.003915,0.565741,0.182028,610,simplex-dual+primal,019ab29d,Windows-AMD64,2026-09-30T06:45:49+00:00,presolve_parallel_rows=true
scsd1,8c4aac4987a81ef66715b5cb2debdb1993afe6cb5e2a29f32556a03802bf55f5,base,1,optimal,8.666666674333365,8.6666666743,3.849843517507819e-12,1,0.86666666743333647292533502995263e1,1,1,77,77,760,760,2388,2388,1,0.0009081,,0.001007,1.836249,0.000517,0.000159,1.8383785,0.002129,2.435638,0.597259,98,simplex-dual+primal,019ab29d,Windows-AMD64,2026-09-30T06:45:49+00:00,
scsd1,8c4aac4987a81ef66715b5cb2debdb1993afe6cb5e2a29f32556a03802bf55f5,implied_free,1,optimal,8.666666674333365,8.6666666743,3.849843517507819e-12,1,0.86666666743333647292533502995263e1,1,1,77,77,760,760,2388,2388,1,0.0008748,,0.000964,2.438238,0.000189,0.000134,2.4397728,0.001535,2.866573,0.4268,98,simplex-dual+primal,019ab29d,Windows-AMD64,2026-09-30T06:45:49+00:00,presolve_implied_free=true
scsd1,8c4aac4987a81ef66715b5cb2debdb1993afe6cb5e2a29f32556a03802bf55f5,bound_prop,1,optimal,8.666666674333365,8.6666666743,3.849843517507819e-12,1,0.86666666743333647292533502995263e1,1,1,77,77,760,760,2388,2388,1,0.0009648,,0.001067,0.029374,0.00022,0.000101,0.031024,0.00165,2.215166,2.184142,98,simplex-dual+primal,019ab29d,Windows-AMD64,2026-09-30T06:45:49+00:00,presolve_bound_propagation=true
scsd1,8c4aac4987a81ef66715b5cb2debdb1993afe6cb5e2a29f32556a03802bf55f5,parallel_rows,1,optimal,8.666666674333365,8.6666666743,3.849843517507819e-12,1,0.86666666743333647292533502995263e1,1,1,77,77,760,760,2388,2388,1,0.0073145,,0.007417,1.15501,0.001557,0.000786,1.1644097,0.0094,2.151508,0.987099,98,simplex-dual+primal,019ab29d,Windows-AMD64,2026-09-30T06:45:49+00:00,presolve_parallel_rows=true
scsd6,f3da742cfa24cfadb99d510847ea1f7a361ba61537d4c2900c09b674912a5891,base,1,optimal,50.500000077641246,50.500000078,7.104020331310119e-12,1,0.50500000077144345289985489081569e2,1,1,147,147,1350,1350,4316,4316,1,0.0031902,,0.00438,2.078657,0.845807,0.141427,2.9351521,0.856495,7.501797,4.566645,399,simplex-dual+primal,019ab29d,Windows-AMD64,2026-09-30T06:45:49+00:00,
scsd6,f3da742cfa24cfadb99d510847ea1f7a361ba61537d4c2900c09b674912a5891,implied_free,1,optimal,50.500000077641246,50.500000078,7.104020331310119e-12,1,0.50500000077144345289985489081569e2,1,1,147,147,1350,1350,4316,4316,1,0.1497621,,0.150026,2.949681,0.00046,0.000164,3.1007065,0.151025,5.706152,2.605446,399,simplex-dual+primal,019ab29d,Windows-AMD64,2026-09-30T06:45:49+00:00,presolve_implied_free=true
scsd6,f3da742cfa24cfadb99d510847ea1f7a361ba61537d4c2900c09b674912a5891,bound_prop,1,optimal,50.500000077641246,50.500000078,7.104020331310119e-12,1,0.50500000077144345289985489081569e2,1,1,147,147,1350,1350,4316,4316,1,0.0016137,,0.001753,0.096188,0.000838,0.000563,0.0992034,0.003016,0.861909,0.762705,399,simplex-dual+primal,019ab29d,Windows-AMD64,2026-09-30T06:45:49+00:00,presolve_bound_propagation=true
scsd6,f3da742cfa24cfadb99d510847ea1f7a361ba61537d4c2900c09b674912a5891,parallel_rows,1,optimal,50.500000077641246,50.500000078,7.104020331310119e-12,1,0.50500000077144345289985489081569e2,1,1,147,147,1350,1350,4316,4316,1,0.0017404,,0.001894,1.125956,0.000384,0.000175,1.128686,0.00273,1.596247,0.467561,399,simplex-dual+primal,019ab29d,Windows-AMD64,2026-09-30T06:45:49+00:00,presolve_parallel_rows=true
scsd8,2090a22840fe2c75730cd76336702ece7c27a739d58740926b67c4b2e57b8e5c,base,1,optimal,904.9999999254642,904.99999993,5.011893662906241e-12,1,0.90499999992546440094445846417654e3,1,1,397,397,2750,2750,8584,8584,1,0.0026728,,0.002945,5.610106,0.003714,0.000923,5.61742,0.007314,6.289178,0.671758,1563,simplex-dual+primal,019ab29d,Windows-AMD64,2026-09-30T06:45:49+00:00,
scsd8,2090a22840fe2c75730cd76336702ece7c27a739d58740926b67c4b2e57b8e5c,implied_free,1,optimal,904.9999999254642,904.99999993,5.011893662906241e-12,1,0.90499999992546440094445846417654e3,1,1,397,397,2750,2750,8584,8584,1,0.1158791,,0.116156,15.04051,0.001938,0.000812,15.1592676,0.118757,16.071962,0.912694,1563,simplex-dual+primal,019ab29d,Windows-AMD64,2026-09-30T06:45:49+00:00,presolve_implied_free=true
scsd8,2090a22840fe2c75730cd76336702ece7c27a739d58740926b67c4b2e57b8e5c,bound_prop,1,optimal,904.9999999254642,904.99999993,5.011893662906241e-12,1,0.90499999992546440094445846417654e3,1,1,397,397,2750,2750,8584,8584,1,0.0025598,,0.002818,11.731036,0.002067,0.000829,11.7365582,0.005522,12.464056,0.727498,1563,simplex-dual+primal,019ab29d,Windows-AMD64,2026-09-30T06:45:49+00:00,presolve_bound_propagation=true
scsd8,2090a22840fe2c75730cd76336702ece7c27a739d58740926b67c4b2e57b8e5c,parallel_rows,1,optimal,904.9999999254642,904.99999993,5.011893662906241e-12,1,0.90499999992546440094445846417654e3,1,1,397,397,2750,2750,8584,8584,1,0.0031668,,0.003419,12.389753,0.001888,0.001106,12.3959289,0.006176,13.318828,0.922899,1563,simplex-dual+primal,019ab29d,Windows-AMD64,2026-09-30T06:45:49+00:00,presolve_parallel_rows=true
sctap1,2b1ab5950d3e37fd21327892e2bc830c5f0d8d3fc1f687c0f57a5cdefd9caa21,base,1,optimal,1412.2499999999998,1412.25,1.6100100934199472e-16,1,0.141225e4,1,1,300,284,480,480,1692,1638,2,0.0009989,redundant_rows=16,0.001087,2.465534,0.001099,0.000108,2.4681212,0.002587,3.07636,0.608239,278,simplex-dual+primal,019ab29d,Windows-AMD64,2026-09-30T06:45:49+00:00,
sctap1,2b1ab5950d3e37fd21327892e2bc830c5f0d8d3fc1f687c0f57a5cdefd9caa21,implied_free,1,optimal,1412.2499999999998,1412.25,1.6100100934199472e-16,1,0.141225e4,1,1,300,284,480,480,1692,1638,2,0.00123,redundant_rows=16,0.001312,3.245341,0.001737,0.001229,3.2488973,0.003556,3.478373,0.229476,278,simplex-dual+primal,019ab29d,Windows-AMD64,2026-09-30T06:45:49+00:00,presolve_implied_free=true
sctap1,2b1ab5950d3e37fd21327892e2bc830c5f0d8d3fc1f687c0f57a5cdefd9caa21,bound_prop,1,optimal,1412.2499999999998,1412.25,1.6100100934199472e-16,1,0.141225e4,1,1,300,284,480,480,1692,1638,2,0.0012588,redundant_rows=16,0.001346,1.867526,0.00163,0.000639,1.8708667,0.00334,2.101062,0.230195,278,simplex-dual+primal,019ab29d,Windows-AMD64,2026-09-30T06:45:49+00:00,presolve_bound_propagation=true
sctap1,2b1ab5950d3e37fd21327892e2bc830c5f0d8d3fc1f687c0f57a5cdefd9caa21,parallel_rows,1,optimal,1412.2499999999998,1412.25,1.6100100934199472e-16,1,0.141225e4,1,1,300,284,480,480,1692,1638,2,0.0015178,redundant_rows=16,0.001609,2.300947,0.000243,9.5e-05,2.3031128,0.002166,2.614874,0.311761,278,simplex-dual+primal,019ab29d,Windows-AMD64,2026-09-30T06:45:49+00:00,presolve_parallel_rows=true
sctap2,673d50e3b929f83b1719d28ee09500890294107099518161bcf2a4f452e95fb2,base,1,optimal,1724.8071428571432,1724.8071429,2.4847273369668418e-11,1,0.17248071428571428571428571428571e4,1,1,1090,1033,1880,1880,6714,6489,2,0.1711035,redundant_rows=57,0.171432,2.832624,0.000867,0.000285,3.0055427,0.172919,3.758847,0.753305,775,simplex-dual+primal,019ab29d,Windows-AMD64,2026-09-30T06:45:49+00:00,
sctap2,673d50e3b929f83b1719d28ee09500890294107099518161bcf2a4f452e95fb2,implied_free,1,optimal,1724.8071428571432,1724.8071429,2.4847273369668418e-11,1,0.17248071428571428571428571428571e4,1,1,1090,1033,1880,1880,6714,6489,2,0.1070037,redundant_rows=57,0.107297,1.481622,0.000845,0.00028,1.5903233,0.108702,2.054188,0.463865,775,simplex-dual+primal,019ab29d,Windows-AMD64,2026-09-30T06:45:49+00:00,presolve_implied_free=true
sctap2,673d50e3b929f83b1719d28ee09500890294107099518161bcf2a4f452e95fb2,bound_prop,1,optimal,1724.8071428571432,1724.8071429,2.4847273369668418e-11,1,0.17248071428571428571428571428571e4,1,1,1090,1033,1880,1880,6714,6489,2,0.0687913,redundant_rows=57,0.069082,3.55556,0.001063,0.00073,3.6262858,0.070726,4.553351,0.927065,775,simplex-dual+primal,019ab29d,Windows-AMD64,2026-09-30T06:45:49+00:00,presolve_bound_propagation=true
sctap2,673d50e3b929f83b1719d28ee09500890294107099518161bcf2a4f452e95fb2,parallel_rows,1,optimal,1724.8071428571432,1724.8071429,2.4847273369668418e-11,1,0.17248071428571428571428571428571e4,1,1,1090,1033,1880,1880,6714,6489,2,0.1664101,redundant_rows=57,0.166677,2.117062,0.23396,0.091727,2.5184336,0.401371,4.552541,2.034107,775,simplex-dual+primal,019ab29d,Windows-AMD64,2026-09-30T06:45:49+00:00,presolve_parallel_rows=true
sctap3,44e105b02a722bf19292b8aeb4779480c4eb81f40da35d64d8f4534f85000168,base,1,optimal,1424.0,1424.0,0.0,1,0.1424e4,1,1,1480,1408,2480,2480,8874,8595,2,0.03413,redundant_rows=72,0.038534,2.424606,0.195495,0.066198,2.7193975,0.294791,6.551076,3.831678,1111,simplex-dual+primal,019ab29d,Windows-AMD64,2026-09-30T06:45:49+00:00,
sctap3,44e105b02a722bf19292b8aeb4779480c4eb81f40da35d64d8f4534f85000168,implied_free,1,optimal,1424.0,1424.0,0.0,1,0.1424e4,1,1,1480,1408,2480,2480,8874,8595,2,0.0641655,redundant_rows=72,0.064478,0.190087,0.000999,0.000401,0.2562096,0.066122,3.483275,3.227066,1111,simplex-dual+primal,019ab29d,Windows-AMD64,2026-09-30T06:45:49+00:00,presolve_implied_free=true
sctap3,44e105b02a722bf19292b8aeb4779480c4eb81f40da35d64d8f4534f85000168,bound_prop,1,optimal,1424.0,1424.0,0.0,1,0.1424e4,1,1,1480,1408,2480,2480,8874,8595,2,0.0042127,redundant_rows=72,0.004569,1.618101,0.001473,0.000599,1.6247641,0.006663,2.933342,1.308578,1111,simplex-dual+primal,019ab29d,Windows-AMD64,2026-09-30T06:45:49+00:00,presolve_bound_propagation=true
sctap3,44e105b02a722bf19292b8aeb4779480c4eb81f40da35d64d8f4534f85000168,parallel_rows,1,optimal,1424.0,1424.0,0.0,1,0.1424e4,1,1,1480,1408,2480,2480,8874,8595,2,0.0049642,redundant_rows=72,0.005354,0.755278,0.00093,0.000383,0.7621324,0.006855,2.18252,1.420387,1111,simplex-dual+primal,019ab29d,Windows-AMD64,2026-09-30T06:45:49+00:00,presolve_parallel_rows=true
seba,539733cdb036e2d2e8e80e7ea1666848b6b67a36a34b1c6cf9a883e1c868ef1e,base,1,optimal,15711.599999999999,15711.6,1.1577365790536013e-16,1,0.157116e5,1,1,515,449,1028,896,4352,4112,5,0.0026855,doubleton_equations=66 fixed_columns=66,0.002886,1.890511,0.000673,0.000157,1.8945316,0.004021,2.123873,0.229341,439,simplex-dual,019ab29d,Windows-AMD64,2026-09-30T06:45:49+00:00,
seba,539733cdb036e2d2e8e80e7ea1666848b6b67a36a34b1c6cf9a883e1c868ef1e,implied_free,1,optimal,15711.6,15711.6,0.0,1,0.157116e5,1,1,515,448,1028,894,4352,4096,5,0.0039301,doubleton_equations=66 empty_columns=1 fixed_columns=66 free_column_singletons=1 implied_free_column_singletons=1,0.004104,2.206363,0.002181,0.000669,2.2131047,0.006742,3.16461,0.951505,438,simplex-dual,019ab29d,Windows-AMD64,2026-09-30T06:45:49+00:00,presolve_implied_free=true
seba,539733cdb036e2d2e8e80e7ea1666848b6b67a36a34b1c6cf9a883e1c868ef1e,bound_prop,1,optimal,15711.599999999999,15711.6,1.1577365790536013e-16,1,0.157116e5,1,1,515,449,1028,896,4352,4112,5,0.0132101,bounds_tightened=15 doubleton_equations=66 fixed_columns=66 propagated_bounds=15,0.013414,3.085153,0.610772,0.339127,3.7959919,0.710839,10.087117,6.291125,439,simplex-dual,019ab29d,Windows-AMD64,2026-09-30T06:45:49+00:00,presolve_bound_propagation=true
seba,539733cdb036e2d2e8e80e7ea1666848b6b67a36a34b1c6cf9a883e1c868ef1e,parallel_rows,1,optimal,15711.599999999999,15711.6,1.1577365790536013e-16,1,0.157116e5,1,1,515,449,1028,896,4352,4112,5,0.0240523,doubleton_equations=66 fixed_columns=66,0.024229,0.094831,0.000854,0.000169,0.1204152,0.025584,1.415054,1.294639,439,simplex-dual,019ab29d,Windows-AMD64,2026-09-30T06:45:49+00:00,presolve_parallel_rows=true
share1b,fafdf8b5e3d50d27f5eff40e46eb104d1e614bf2721cb5be38081f1678dbd562,base,1,optimal,-76589.31857918552,-76589.318579,2.4223007945303396e-12,1,-0.7658931857918568112797274346007e5,1,1,117,98,225,208,1151,1094,3,0.000645,bounds_tightened=7 doubleton_equations=12 fixed_columns=5 singleton_rows=7,0.000698,0.380131,0.000223,6.4e-05,0.3813698,0.001239,1.375643,0.994273,136,simplex-dual,019ab29d,Windows-AMD64,2026-09-30T06:45:49+00:00,
share1b,fafdf8b5e3d50d27f5eff40e46eb104d1e614bf2721cb5be38081f1678dbd562,implied_free,1,optimal,-76589.31857918552,-76589.318579,2.4223007945303396e-12,1,-0.7658931857918568112797274346007e5,1,1,117,98,225,208,1151,1094,3,0.0032752,bounds_tightened=7 doubleton_equations=12 fixed_columns=5 singleton_rows=7,0.003374,1.661414,0.000263,8.6e-05,1.6655238,0.00411,2.740051,1.074527,136,simplex-dual,019ab29d,Windows-AMD64,2026-09-30T06:45:49+00:00,presolve_implied_free=true
share1b,fafdf8b5e3d50d27f5eff40e46eb104d1e614bf2721cb5be38081f1678dbd562,bound_prop,1,optimal,-76589.31857918552,-76589.318579,2.4223007945303396e-12,1,-0.7658931857918568112797274346007e5,1,1,117,98,225,208,1151,1094,3,0.0006493,bounds_tightened=11 doubleton_equations=12 fixed_columns=5 propagated_bounds=6 redundant_rows=2 singleton_rows=5,0.000715,1.114806,0.000221,8e-05,1.1160675,0.001262,1.609713,0.493646,136,simplex-dual,019ab29d,Windows-AMD64,2026-09-30T06:45:49+00:00,presolve_bound_propagation=true
share1b,fafdf8b5e3d50d27f5eff40e46eb104d1e614bf2721cb5be38081f1678dbd562,parallel_rows,1,optimal,-76589.31857918552,-76589.318579,2.4223007945303396e-12,1,-0.7658931857918568112797274346007e5,1,1,117,98,225,208,1151,1094,3,0.0017233,bounds_tightened=7 doubleton_equations=12 fixed_columns=5 singleton_rows=7,0.002285,2.168553,0.003038,0.001409,2.176932,0.008379,3.648251,1.471319,136,simplex-dual,019ab29d,Windows-AMD64,2026-09-30T06:45:49+00:00,presolve_parallel_rows=true
share2b,2816c0a71096acc08fd88f65c960366856802c074601e5fa544f9c3eab640c96,base,1,optimal,-415.7322407414192,-415.73224074,3.4137589044612273e-12,1,-0.41573224074141948654519910873841e3,1,1,96,93,79,79,694,691,2,0.0003787,bounds_tightened=3 singleton_rows=3,0.000415,2.684422,0.000122,5.1e-05,2.6852853,0.000863,3.309467,0.624182,124,simplex-dual+primal,019ab29d,Windows-AMD64,2026-09-30T06:45:49+00:00,
share2b,2816c0a71096acc08fd88f65c960366856802c074601e5fa544f9c3eab640c96,implied_free,1,optimal,-415.7322407414192,-415.73224074,3.4137589044612273e-12,1,-0.41573224074141948654519910873841e3,1,1,96,93,79,79,694,691,2,0.003227,bounds_tightened=3 singleton_rows=3,0.003277,0.670599,0.000193,4.8e-05,0.6745632,0.003964,1.961642,1.287079,124,simplex-dual+primal,019ab29d,Windows-AMD64,2026-09-30T06:45:49+00:00,presolve_implied_free=true
share2b,2816c0a71096acc08fd88f65c960366856802c074601e5fa544f9c3eab640c96,bound_prop,1,optimal,-415.7322407414194,-415.73224074,3.4141690969838928e-12,1,-0.41573224074141948654519910873841e3,1,1,96,93,79,79,694,691,2,0.0009098,bounds_tightened=52 propagated_bounds=49 singleton_rows=3,0.00095,0.712785,0.000585,4.6e-05,0.7146575,0.001872,2.674517,1.959859,116,simplex-dual+primal,019ab29d,Windows-AMD64,2026-09-30T06:45:49+00:00,presolve_bound_propagation=true
share2b,2816c0a71096acc08fd88f65c960366856802c074601e5fa544f9c3eab640c96,parallel_rows,1,optimal,-415.7322407414192,-415.73224074,3.4137589044612273e-12,1,-0.41573224074141948654519910873841e3,1,1,96,93,79,79,694,691,2,0.0007854,bounds_tightened=3 singleton_rows=3,0.000825,2.518631,0.001768,0.00059,2.5215964,0.002965,3.312202,0.790606,124,simplex-dual+primal,019ab29d,Windows-AMD64,2026-09-30T06:45:49+00:00,presolve_parallel_rows=true
shell,e21331e8282f8d8616cbee27e093e50d140ea03f9bc3fd0b6da0ccff638d2f91,base,1,optimal,1208825346.0,1208825346.0,0.0,1,0.1208825346e10,1,1,536,399,1775,1388,3556,2782,3,0.001821,bounds_tightened=35 doubleton_equations=102 fixed_columns=285 singleton_rows=35,0.002023,4.237449,0.0044,0.004089,4.2443557,0.006906,5.038717,0.794362,461,simplex-dual+primal,019ab29d,Windows-AMD64,2026-09-30T06:45:49+00:00,
shell,e21331e8282f8d8616cbee27e093e50d140ea03f9bc3fd0b6da0ccff638d2f91,implied_free,1,optimal,1208825346.0,1208825346.0,0.0,1,0.1208825346e10,1,1,536,399,1775,1388,3556,2782,3,0.0020917,bounds_tightened=35 doubleton_equations=102 fixed_columns=285 singleton_rows=35,0.002321,2.864662,0.007164,0.000807,2.8746653,0.010003,3.319614,0.444949,461,simplex-dual+primal,019ab29d,Windows-AMD64,2026-09-30T06:45:49+00:00,presolve_implied_free=true
shell,e21331e8282f8d8616cbee27e093e50d140ea03f9bc3fd0b6da0ccff638d2f91,bound_prop,1,optimal,1208825346.0,1208825346.0,0.0,1,0.1208825346e10,1,1,536,405,1775,1394,3556,2794,3,0.0037861,bounds_tightened=41 doubleton_equations=96 fixed_columns=285 propagated_bounds=6 singleton_rows=35,0.004742,3.146887,0.002706,0.000815,3.1603231,0.013436,3.658354,0.498031,467,simplex-dual+primal,019ab29d,Windows-AMD64,2026-09-30T06:45:49+00:00,presolve_bound_propagation=true
shell,e21331e8282f8d8616cbee27e093e50d140ea03f9bc3fd0b6da0ccff638d2f91,parallel_rows,1,optimal,1208825346.0,1208825346.0,0.0,1,0.1208825346e10,1,1,536,399,1775,1388,3556,2782,3,0.0028606,bounds_tightened=35 doubleton_equations=102 fixed_columns=285 singleton_rows=35,0.003132,4.023738,0.002396,0.000785,4.0297518,0.006014,4.69553,0.665778,461,simplex-dual+primal,019ab29d,Windows-AMD64,2026-09-30T06:45:49+00:00,presolve_parallel_rows=true
ship04l,e7c46bfd6492a400220cf1f5f093f264901fd0e8534dd8cbb060d491612dc881,base,1,optimal,1793324.5379703562,1793324.538,1.6530061397825488e-11,1,0.17933245379703557625562556255626e7,1,1,402,340,2118,2102,6332,6260,3,0.0022221,bounds_tightened=4 doubleton_equations=8 empty_rows=42 fixed_columns=8 redundant_rows=8 singleton_rows=4,0.002396,2.082112,0.000705,0.000243,2.0857267,0.003615,2.901712,0.815986,447,simplex-dual,019ab29d,Windows-AMD64,2026-09-30T06:45:49+00:00,
ship04l,e7c46bfd6492a400220cf1f5f093f264901fd0e8534dd8cbb060d491612dc881,implied_free,1,optimal,1793324.5379703562,1793324.538,1.6530061397825488e-11,1,0.17933245379703557625562556255626e7,1,1,402,315,2118,2077,6332,4693,3,0.0089254,bounds_tightened=4 doubleton_equations=8 empty_rows=42 fixed_columns=8 free_column_singletons=25 implied_free_column_singletons=25 redundant_rows=8 singleton_rows=4,0.010359,0.579307,0.001583,0.000669,0.5972249,0.017918,2.368461,1.771236,425,simplex-dual+primal,019ab29d,Windows-AMD64,2026-09-30T06:45:49+00:00,presolve_implied_free=true
ship04l,e7c46bfd6492a400220cf1f5f093f264901fd0e8534dd8cbb060d491612dc881,bound_prop,1,optimal,1793324.5379703562,1793324.538,1.6530061397825488e-11,1,0.17933245379703557625562556255626e7,1,1,402,340,2118,2102,6332,6260,3,0.0029321,bounds_tightened=32 doubleton_equations=8 empty_rows=42 fixed_columns=8 propagated_bounds=28 redundant_rows=8 singleton_rows=4,0.003126,0.415264,0.000954,0.00031,0.4707516,0.055488,0.875488,0.404736,447,simplex-dual,019ab29d,Windows-AMD64,2026-09-30T06:45:49+00:00,presolve_bound_propagation=true
ship04l,e7c46bfd6492a400220cf1f5f093f264901fd0e8534dd8cbb060d491612dc881,parallel_rows,1,optimal,1793324.5379703562,1793324.538,1.6530061397825488e-11,1,0.17933245379703557625562556255626e7,1,1,402,340,2118,2102,6332,6260,3,0.1519416,bounds_tightened=4 doubleton_equations=8 empty_rows=42 fixed_columns=8 redundant_rows=8 singleton_rows=4,0.152142,1.717332,0.001321,0.000488,1.8715496,0.154218,3.12812,1.25657,447,simplex-dual,019ab29d,Windows-AMD64,2026-09-30T06:45:49+00:00,presolve_parallel_rows=true
ship04s,2ed2828b251173a05004349121cd9a271a3434bf2efe4e1b70d7e0bdf2d76f94,base,1,optimal,1798714.7004453922,1798714.7004,2.5235906848026957e-11,1,0.17987147004453921719954082726049e7,1,1,402,220,1458,1314,4352,3920,3,0.0017329,bounds_tightened=92 doubleton_equations=40 empty_rows=42 fixed_columns=104 redundant_rows=8 singleton_rows=92,0.001928,1.485845,0.004514,0.000952,1.4930916,0.007247,2.859829,1.366737,296,simplex-dual,019ab29d,Windows-AMD64,2026-09-30T06:45:49+00:00,
ship04s,2ed2828b251173a05004349121cd9a271a3434bf2efe4e1b70d7e0bdf2d76f94,implied_free,1,optimal,1798714.7004453917,1798714.7004,2.523564796245316e-11,1,0.17987147004453921719954082726049e7,1,1,402,195,1458,1289,4352,2918,3,0.1972152,bounds_tightened=92 doubleton_equations=40 empty_rows=42 fixed_columns=104 free_column_singletons=25 implied_free_column_singletons=25 redundant_rows=8 singleton_rows=92,0.197887,1.945433,0.003579,0.000749,2.1495157,0.204083,3.055466,0.905951,278,simplex-dual+primal,019ab29d,Windows-AMD64,2026-09-30T06:45:49+00:00,presolve_implied_free=true
ship04s,2ed2828b251173a05004349121cd9a271a3434bf2efe4e1b70d7e0bdf2d76f94,bound_prop,1,optimal,1798714.7004453922,1798714.7004,2.5235906848026957e-11,1,0.17987147004453921719954082726049e7,1,1,402,220,1458,1314,4352,3920,3,0.0114196,bounds_tightened=120 doubleton_equations=40 empty_rows=42 fixed_columns=104 propagated_bounds=28 redundant_rows=8 singleton_rows=92,0.011767,1.637082,0.001884,0.001012,1.651298,0.014216,2.993571,1.342273,296,simplex-dual,019ab29d,Windows-AMD64,2026-09-30T06:45:49+00:00,presolve_bound_propagation=true
ship04s,2ed2828b251173a05004349121cd9a271a3434bf2efe4e1b70d7e0bdf2d76f94,parallel_rows,1,optimal,1798714.7004453922,1798714.7004,2.5235906848026957e-11,1,0.17987147004453921719954082726049e7,1,1,402,220,1458,1314,4352,3920,3,0.0027341,bounds_tightened=92 doubleton_equations=40 empty_rows=42 fixed_columns=104 redundant_rows=8 singleton_rows=92,0.002911,1.67832,0.002492,0.000756,1.6844478,0.006127,2.217736,0.533288,296,simplex-dual,019ab29d,Windows-AMD64,2026-09-30T06:45:49+00:00,presolve_parallel_rows=true
ship08l,58b6142628facaa1b056f32f9f47167097db66825f0c6b42c6f65e4da1b5da07,base,1,optimal,1909055.211389131,1909055.2114,5.6933922299078996e-12,1,0.19090552113891315179803819998425e7,1,1,778,680,4283,4259,12802,12676,3,0.0111181,bounds_tightened=24 empty_rows=66 fixed_columns=24 redundant_rows=8 singleton_rows=24,0.011495,0.934237,0.001752,0.000612,0.9487374,0.0145,2.369267,1.420529,743,simplex-dual+primal,019ab29d,Windows-AMD64,2026-09-30T06:45:49+00:00,
ship08l,58b6142628facaa1b056f32f9f47167097db66825f0c6b42c6f65e4da1b5da07,implied_free,1,optimal,1909055.211389131,1909055.2114,5.6933922299078996e-12,1,0.19090552113891315179803819998425e7,1,1,778,630,4283,4209,12802,9504,3,0.0043439,bounds_tightened=24 empty_rows=66 fixed_columns=24 free_column_singletons=50 implied_free_column_singletons=50 redundant_rows=8 singleton_rows=24,0.004733,2.9071,0.018609,0.000617,2.9312233,0.024124,3.821772,0.890548,694,simplex-dual+primal,019ab29d,Windows-AMD64,2026-09-30T06:45:49+00:00,presolve_implied_free=true
ship08l,58b6142628facaa1b056f32f9f47167097db66825f0c6b42c6f65e4da1b5da07,bound_prop,1,optimal,1909055.211389131,1909055.2114,5.6933922299078996e-12,1,0.19090552113891315179803819998425e7,1,1,778,680,4283,4259,12802,12676,3,0.0059895,bounds_tightened=78 empty_rows=66 fixed_columns=24 propagated_bounds=54 redundant_rows=8 singleton_rows=24,0.006982,3.346379,0.005045,0.001079,3.3618834,0.015504,4.355744,0.993861,743,simplex-dual+primal,019ab29d,Windows-AMD64,2026-09-30T06:45:49+00:00,presolve_bound_propagation=true
ship08l,58b6142628facaa1b056f32f9f47167097db66825f0c6b42c6f65e4da1b5da07,parallel_rows,1,optimal,1909055.211389131,1909055.2114,5.6933922299078996e-12,1,0.19090552113891315179803819998425e7,1,1,778,680,4283,4259,12802,12676,3,0.0664135,bounds_tightened=24 empty_rows=66 fixed_columns=24 redundant_rows=8 singleton_rows=24,0.067078,0.927627,0.001389,0.000561,0.9968855,0.069259,3.528668,2.531783,743,simplex-dual+primal,019ab29d,Windows-AMD64,2026-09-30T06:45:49+00:00,presolve_parallel_rows=true
ship08s,bdf5671548dde27b0d83c244914036e58081c4683786b2fd132277f577c9a7d8,base,1,optimal,1920098.2105346182,1920098.2105,1.8029385805227774e-11,1,0.1920098210534619710172695474693e7,1,1,778,344,2387,2003,7114,5948,3,0.0030652,bounds_tightened=296 doubleton_equations=64 empty_rows=66 fixed_columns=320 redundant_rows=8 singleton_rows=296,0.003322,2.86907,0.004129,0.006165,2.8770951,0.008025,4.311432,1.434337,422,simplex-dual,019ab29d,Windows-AMD64,2026-09-30T06:45:49+00:00,
ship08s,bdf5671548dde27b0d83c244914036e58081c4683786b2fd132277f577c9a7d8,implied_free,1,optimal,1920098.2105346182,1920098.2105,1.8029385805227774e-11,1,0.1920098210534619710172695474693e7,1,1,778,294,2387,1953,7114,4428,3,0.0111009,bounds_tightened=296 doubleton_equations=64 empty_rows=66 fixed_columns=320 free_column_singletons=50 implied_free_column_singletons=50 redundant_rows=8 singleton_rows=296,0.014295,3.092487,0.002264,0.000692,3.2650573,0.17257,5.118368,1.853311,394,simplex-dual+primal,019ab29d,Windows-AMD64,2026-09-30T06:45:49+00:00,presolve_implied_free=true
ship08s,bdf5671548dde27b0d83c244914036e58081c4683786b2fd132277f577c9a7d8,bound_prop,1,optimal,1920098.2105346182,1920098.2105,1.8029385805227774e-11,1,0.1920098210534619710172695474693e7,1,1,778,344,2387,2003,7114,5948,3,0.0066466,bounds_tightened=350 doubleton_equations=64 empty_rows=66 fixed_columns=320 propagated_bounds=54 redundant_rows=8 singleton_rows=296,0.007062,0.921164,0.001344,0.0004,1.0155383,0.094375,1.853824,0.838285,422,simplex-dual,019ab29d,Windows-AMD64,2026-09-30T06:45:49+00:00,presolve_bound_propagation=true
ship08s,bdf5671548dde27b0d83c244914036e58081c4683786b2fd132277f577c9a7d8,parallel_rows,1,optimal,1920098.2105346182,1920098.2105,1.8029385805227774e-11,1,0.1920098210534619710172695474693e7,1,1,778,344,2387,2003,7114,5948,3,0.0037618,bounds_tightened=296 doubleton_equations=64 empty_rows=66 fixed_columns=320 redundant_rows=8 singleton_rows=296,0.004035,0.017617,0.001202,0.000336,0.0235014,0.005885,0.836923,0.813422,422,simplex-dual,019ab29d,Windows-AMD64,2026-09-30T06:45:49+00:00,presolve_parallel_rows=true
ship12l,87bf21f83ae0c5a87aa73ee2d8e2bd4a6a72b3c6cbdc603853dbb7b43b824911,base,1,optimal,1470187.919329266,1470187.9193,1.9906375934101617e-11,1,0.1470187919329264822702175543886e7,1,1,1151,833,5427,5223,16170,15504,3,0.1106571,bounds_tightened=204 empty_rows=109 fixed_columns=204 redundant_rows=5 singleton_rows=204,0.111103,2.103919,0.004294,0.001303,2.220427,0.116508,3.172253,0.951826,1063,simplex-dual,019ab29d,Windows-AMD64,2026-09-30T06:45:49+00:00,
ship12l,87bf21f83ae0c5a87aa73ee2d8e2bd4a6a72b3c6cbdc603853dbb7b43b824911,implied_free,1,optimal,1470187.919329266,1470187.9193,1.9906375934101617e-11,1,0.1470187919329264822702175543886e7,1,1,1151,756,5427,5146,16170,11467,3,0.0095435,bounds_tightened=204 empty_rows=109 fixed_columns=204 free_column_singletons=77 implied_free_column_singletons=77 redundant_rows=5 singleton_rows=204,0.010829,7.357862,0.003689,0.001311,7.3842209,0.026359,8.778847,1.394626,989,simplex-dual+primal,019ab29d,Windows-AMD64,2026-09-30T06:45:49+00:00,presolve_implied_free=true
ship12l,87bf21f83ae0c5a87aa73ee2d8e2bd4a6a72b3c6cbdc603853dbb7b43b824911,bound_prop,1,optimal,1470187.919329266,1470187.9193,1.9906375934101617e-11,1,0.1470187919329264822702175543886e7,1,1,1151,833,5427,5223,16170,15504,3,0.0737996,bounds_tightened=250 empty_rows=109 fixed_columns=204 propagated_bounds=46 redundant_rows=5 singleton_rows=204,0.074323,3.767658,0.001836,0.000683,3.845031,0.077373,4.424205,0.579174,1063,simplex-dual,019ab29d,Windows-AMD64,2026-09-30T06:45:49+00:00,presolve_bound_propagation=true
ship12l,87bf21f83ae0c5a87aa73ee2d8e2bd4a6a72b3c6cbdc603853dbb7b43b824911,parallel_rows,1,optimal,1470187.9193292663,1470187.9193,1.9906534302049413e-11,1,0.1470187919329264822702175543886e7,1,1,1151,832,5427,5223,16170,15496,3,0.0134057,bounds_tightened=204 empty_rows=109 fixed_columns=204 parallel_rows=1 redundant_rows=5 singleton_rows=204,0.013943,3.097349,0.003392,0.001222,3.1158029,0.018453,3.882453,0.76665,1063,simplex-dual,019ab29d,Windows-AMD64,2026-09-30T06:45:49+00:00,presolve_parallel_rows=true
ship12s,43bacbc026b0b5588ed9bec06b11fadfbff8beb19b4e84881370a57cc6540e5d,base,1,optimal,1489236.1344061326,1489236.1344,4.1179005676423585e-12,1,0.14892361344061291565686421605401e7,1,1,1151,365,2763,2067,8178,6108,3,0.0032358,bounds_tightened=576 doubleton_equations=96 empty_rows=109 fixed_columns=600 redundant_rows=5 singleton_rows=576,0.003579,3.792948,0.048856,0.001482,3.8466153,0.053667,4.505263,0.658648,590,simplex-dual+primal,019ab29d,Windows-AMD64,2026-09-30T06:45:49+00:00,
ship12s,43bacbc026b0b5588ed9bec06b11fadfbff8beb19b4e84881370a57cc6540e5d,implied_free,1,optimal,1489236.1344061326,1489236.1344,4.1179005676423585e-12,1,0.14892361344061291565686421605401e7,1,1,1151,288,2763,1990,8178,4449,3,0.0207975,bounds_tightened=576 doubleton_equations=96 empty_rows=109 fixed_columns=600 free_column_singletons=77 implied_free_column_singletons=77 redundant_rows=5 singleton_rows=576,0.021098,3.192519,0.004121,0.001016,3.2188946,0.026375,3.847912,0.629017,517,simplex-dual+primal,019ab29d,Windows-AMD64,2026-09-30T06:45:49+00:00,presolve_implied_free=true
ship12s,43bacbc026b0b5588ed9bec06b11fadfbff8beb19b4e84881370a57cc6540e5d,bound_prop,1,optimal,1489236.1344061326,1489236.1344,4.1179005676423585e-12,1,0.14892361344061291565686421605401e7,1,1,1151,365,2763,2067,8178,6108,3,0.0040293,bounds_tightened=622 doubleton_equations=96 empty_rows=109 fixed_columns=600 propagated_bounds=46 redundant_rows=5 singleton_rows=576,0.004442,3.156687,0.002267,0.000626,3.1641222,0.007436,3.938256,0.774133,590,simplex-dual+primal,019ab29d,Windows-AMD64,2026-09-30T06:45:49+00:00,presolve_bound_propagation=true
ship12s,43bacbc026b0b5588ed9bec06b11fadfbff8beb19b4e84881370a57cc6540e5d,parallel_rows,1,optimal,1489236.1344061324,1489236.1344,4.1177442253147214e-12,1,0.14892361344061291565686421605401e7,1,1,1151,364,2763,2067,8178,6100,3,0.151748,bounds_tightened=576 doubleton_equations=96 empty_rows=109 fixed_columns=600 parallel_rows=1 redundant_rows=5 singleton_rows=576,0.152188,2.231885,0.004795,0.001815,2.3896318,0.157747,3.670817,1.281185,590,simplex-dual+primal,019ab29d,Windows-AMD64,2026-09-30T06:45:49+00:00,presolve_parallel_rows=true
sierra,dbabb4bb56b9de7efbca7df842922c7c1ef620bcbee2aeb28f4bf3c5a3868cc9,base,1,optimal,15394362.183631925,15394362.184,2.3909756110385417e-11,1,0.1539436218363193e8,1,1,1227,1132,2036,1936,7302,7062,2,0.0753849,doubleton_equations=80 empty_rows=5 fixed_columns=20 redundant_rows=10,0.104442,5.399599,0.005152,0.000931,5.7175467,0.317948,8.364658,2.647112,550,simplex-dual+primal,019ab29d,Windows-AMD64,2026-09-30T06:45:49+00:00,
sierra,dbabb4bb56b9de7efbca7df842922c7c1ef620bcbee2aeb28f4bf3c5a3868cc9,implied_free,1,optimal,15394362.183631925,15394362.184,2.3909756110385417e-11,1,0.1539436218363193e8,1,1,1227,1132,2036,1936,7302,7062,2,0.0039444,doubleton_equations=80 empty_rows=5 fixed_columns=20 redundant_rows=10,0.004299,2.841046,0.002468,0.000798,2.8486241,0.007578,3.962904,1.11428,550,simplex-dual+primal,019ab29d,Windows-AMD64,2026-09-30T06:45:49+00:00,presolve_implied_free=true
sierra,dbabb4bb56b9de7efbca7df842922c7c1ef620bcbee2aeb28f4bf3c5a3868cc9,bound_prop,1,optimal,15394362.183631925,15394362.184,2.3909756110385417e-11,1,0.1539436218363193e8,1,1,1227,1132,2036,1936,7302,7062,2,0.1105212,doubleton_equations=80 empty_rows=5 fixed_columns=20 redundant_rows=10,0.110852,2.202619,0.136598,0.039754,2.4513768,0.248758,4.177095,1.725719,550,simplex-dual+primal,019ab29d,Windows-AMD64,2026-09-30T06:45:49+00:00,presolve_bound_propagation=true
sierra,dbabb4bb56b9de7efbca7df842922c7c1ef620bcbee2aeb28f4bf3c5a3868cc9,parallel_rows,1,optimal,15394362.183631925,15394362.184,2.3909756110385417e-11,1,0.1539436218363193e8,1,1,1227,1107,2036,1936,7302,7012,2,0.0047872,doubleton_equations=80 empty_rows=5 fixed_columns=20 parallel_rows=25 redundant_rows=10,0.005238,2.882714,0.001075,0.000336,2.8902044,0.00749,3.524743,0.634539,552,simplex-dual+primal,019ab29d,Windows-AMD64,2026-09-30T06:45:49+00:00,presolve_parallel_rows=true
stair,30a16ec0d02cf6c490495340d2a718f533d8e5d88f839693eb4bc06671bd8649,base,1,optimal,-251.2669511929633,-251.26695119,1.17934501716146e-11,1,-0.25126695119296330352803637106304e3,1,1,356,322,467,351,3856,3598,2,0.0032716,doubleton_equations=34 fixed_columns=82,0.003448,2.824787,0.000491,0.000112,2.8290827,0.004296,3.967813,1.13873,445,simplex-dual+primal,019ab29d,Windows-AMD64,2026-09-30T06:45:49+00:00,
stair,30a16ec0d02cf6c490495340d2a718f533d8e5d88f839693eb4bc06671bd8649,implied_free,1,optimal,-251.2669511929633,-251.26695119,1.17934501716146e-11,1,-0.25126695119296330352803637106304e3,1,1,356,322,467,351,3856,3598,2,0.0014149,doubleton_equations=34 fixed_columns=82,0.001564,1.522593,0.000768,0.000213,1.5253485,0.002755,2.278688,0.753339,445,simplex-dual+primal,019ab29d,Windows-AMD64,2026-09-30T06:45:49+00:00,presolve_implied_free=true
stair,30a16ec0d02cf6c490495340d2a718f533d8e5d88f839693eb4bc06671bd8649,bound_prop,1,optimal,-251.2669511929633,-251.26695119,1.17934501716146e-11,1,-0.25126695119296330352803637106304e3,1,1,356,322,467,351,3856,3598,2,0.0033375,bounds_tightened=1 doubleton_equations=34 fixed_columns=82 propagated_bounds=1,0.003517,4.813558,0.002448,0.000698,4.8199451,0.006387,5.913766,1.09382,445,simplex-dual+primal,019ab29d,Windows-AMD64,2026-09-30T06:45:49+00:00,presolve_bound_propagation=true
stair,30a16ec0d02cf6c490495340d2a718f533d8e5d88f839693eb4bc06671bd8649,parallel_rows,1,optimal,-251.2669511929633,-251.26695119,1.17934501716146e-11,1,-0.25126695119296330352803637106304e3,1,1,356,322,467,351,3856,3598,2,0.002261,doubleton_equations=34 fixed_columns=82,0.002423,5.843363,0.002133,0.000855,5.8482879,0.004925,7.539417,1.691129,445,simplex-dual+primal,019ab29d,Windows-AMD64,2026-09-30T06:45:49+00:00,presolve_parallel_rows=true
standata,a513e8587cb8d72ac1f6fb07b33642a212f55646fb2c04521cdfd04b959c6fb1,base,1,optimal,1257.6995000000002,1257.6995,1.8078537476021266e-16,1,0.12576995e4,1,1,359,299,1075,1034,3031,2865,4,0.0015316,bounds_tightened=35 doubleton_equations=12 empty_rows=1 fixed_columns=29 redundant_rows=12 singleton_rows=35,0.001695,0.73854,0.001997,0.001662,0.7426379,0.004098,2.671788,1.92915,51,simplex-dual+primal,019ab29d,Windows-AMD64,2026-09-30T06:45:49+00:00,
standata,a513e8587cb8d72ac1f6fb07b33642a212f55646fb2c04521cdfd04b959c6fb1,implied_free,1,optimal,1257.6995,1257.6995,0.0,1,0.12576995e4,1,1,359,290,1075,1025,3031,2012,4,0.0019884,bounds_tightened=35 doubleton_equations=12 empty_rows=1 fixed_columns=29 free_column_singletons=9 implied_free_column_singletons=9 redundant_rows=12 singleton_rows=35,0.002153,1.129621,0.00053,0.000146,1.132674,0.003053,1.608195,0.475521,50,simplex-dual,019ab29d,Windows-AMD64,2026-09-30T06:45:49+00:00,presolve_implied_free=true
standata,a513e8587cb8d72ac1f6fb07b33642a212f55646fb2c04521cdfd04b959c6fb1,bound_prop,1,optimal,1257.6995000000002,1257.6995,1.8078537476021266e-16,1,0.12576995e4,1,1,359,289,1075,1026,3031,2819,4,0.0024874,bounds_tightened=539 doubleton_equations=12 empty_rows=7 fixed_columns=37 propagated_bounds=504 redundant_rows=16 singleton_rows=35,0.002663,1.029104,0.000707,0.000152,1.0328916,0.003788,1.794717,0.761825,59,simplex-dual+primal,019ab29d,Windows-AMD64,2026-09-30T06:45:49+00:00,presolve_bound_propagation=true
standata,a513e8587cb8d72ac1f6fb07b33642a212f55646fb2c04521cdfd04b959c6fb1,parallel_rows,1,optimal,1257.6995000000002,1257.6995,1.8078537476021266e-16,1,0.12576995e4,1,1,359,299,1075,1034,3031,2865,4,0.0050653,bounds_tightened=35 doubleton_equations=12 empty_rows=1 fixed_columns=29 redundant_rows=12 singleton_rows=35,0.006526,2.705978,0.002141,0.000767,2.7278698,0.021892,4.060239,1.332369,51,simplex-dual+primal,019ab29d,Windows-AMD64,2026-09-30T06:45:49+00:00,presolve_parallel_rows=true
standmps,93bd6bc6251b7fee0f943e1c69a7b7e836b4b34e4c011c1a871be66a1cb7e00d,base,1,optimal,1406.0175000000002,1406.0175,1.617146838095771e-16,1,0.14060175e4,1,1,467,407,1075,1034,3679,3513,4,0.0016169,bounds_tightened=35 doubleton_equations=12 empty_rows=1 fixed_columns=29 redundant_rows=12 singleton_rows=35,0.0018,1.192258,0.000845,0.000536,1.1953815,0.003123,1.918829,0.723448,197,simplex-dual+primal,019ab29d,Windows-AMD64,2026-09-30T06:45:49+00:00,
standmps,93bd6bc6251b7fee0f943e1c69a7b7e836b4b34e4c011c1a871be66a1cb7e00d,implied_free,1,optimal,1406.0174999999997,1406.0175,1.617146838095771e-16,1,0.14060175e4,1,1,467,398,1075,1025,3679,2660,4,0.0017631,bounds_tightened=35 doubleton_equations=12 empty_rows=1 fixed_columns=29 free_column_singletons=9 implied_free_column_singletons=9 redundant_rows=12 singleton_rows=35,0.001913,2.244873,0.00258,0.000934,2.2497439,0.004871,3.614855,1.365111,187,simplex-dual+primal,019ab29d,Windows-AMD64,2026-09-30T06:45:49+00:00,presolve_implied_free=true
standmps,93bd6bc6251b7fee0f943e1c69a7b7e836b4b34e4c011c1a871be66a1cb7e00d,bound_prop,1,optimal,1406.0175000000002,1406.0175,1.617146838095771e-16,1,0.14060175e4,1,1,467,397,1075,1026,3679,3467,4,0.0021322,bounds_tightened=539 doubleton_equations=12 empty_rows=7 fixed_columns=37 propagated_bounds=504 redundant_rows=16 singleton_rows=35,0.002307,1.650065,0.001916,0.000725,1.6547115,0.004647,2.650979,0.996267,196,simplex-dual+primal,019ab29d,Windows-AMD64,2026-09-30T06:45:49+00:00,presolve_bound_propagation=true
standmps,93bd6bc6251b7fee0f943e1c69a7b7e836b4b34e4c011c1a871be66a1cb7e00d,parallel_rows,1,optimal,1406.0175000000002,1406.0175,1.617146838095771e-16,1,0.14060175e4,1,1,467,407,1075,1034,3679,3513,4,0.0044312,bounds_tightened=35 doubleton_equations=12 empty_rows=1 fixed_columns=29 redundant_rows=12 singleton_rows=35,0.005159,3.885437,0.002269,0.000734,3.8958359,0.010399,5.851788,1.955952,197,simplex-dual+primal,019ab29d,Windows-AMD64,2026-09-30T06:45:49+00:00,presolve_parallel_rows=true
stocfor1,98e1cb3940233e044e3d0e50869539087acdf8f0862916f777e553afc705ba90,base,1,optimal,-41131.97621943643,-41131.976219,1.0610571280306333e-11,1,-0.41131976219436406065682760731514e5,1,1,117,95,111,96,447,394,4,0.0038472,bounds_tightened=16 doubleton_equations=6 fixed_columns=9 singleton_rows=16,0.004616,2.848507,0.000851,0.000358,2.8576772,0.00917,7.45234,4.594663,104,simplex-dual+primal,019ab29d,Windows-AMD64,2026-09-30T06:45:49+00:00,
stocfor1,98e1cb3940233e044e3d0e50869539087acdf8f0862916f777e553afc705ba90,implied_free,1,optimal,-41131.976219436416,-41131.976219,1.0610217494357637e-11,1,-0.41131976219436406065682760731514e5,1,1,117,92,111,93,447,357,4,0.0005176,bounds_tightened=16 doubleton_equations=5 fixed_columns=9 free_column_singletons=4 implied_free_column_singletons=4 singleton_rows=16,0.00056,1.68233,0.000172,4.8e-05,1.6833469,0.001017,2.436487,0.75314,87,simplex-dual+primal,019ab29d,Windows-AMD64,2026-09-30T06:45:49+00:00,presolve_implied_free=true
stocfor1,98e1cb3940233e044e3d0e50869539087acdf8f0862916f777e553afc705ba90,bound_prop,1,optimal,-41131.97621943643,-41131.976219,1.0610571280306333e-11,1,-0.41131976219436406065682760731514e5,1,1,117,95,111,96,447,394,4,0.0004731,bounds_tightened=17 doubleton_equations=6 fixed_columns=9 propagated_bounds=1 singleton_rows=16,0.000521,1.953724,0.000154,4.4e-05,1.954802,0.001078,2.490185,0.535383,100,simplex-dual+primal,019ab29d,Windows-AMD64,2026-09-30T06:45:49+00:00,presolve_bound_propagation=true
stocfor1,98e1cb3940233e044e3d0e50869539087acdf8f0862916f777e553afc705ba90,parallel_rows,1,optimal,-41131.97621943643,-41131.976219,1.0610571280306333e-11,1,-0.41131976219436406065682760731514e5,1,1,117,95,111,96,447,394,4,0.0492666,bounds_tightened=16 doubleton_equations=6 fixed_columns=9 singleton_rows=16,0.04931,0.842484,0.300311,0.097912,1.1925114,0.350028,4.264964,3.072452,104,simplex-dual+primal,019ab29d,Windows-AMD64,2026-09-30T06:45:49+00:00,presolve_parallel_rows=true
stocfor2,d54988bc39e9c48d13c8a3248913e9b6b77c2f8e9b9f4c3e4c76b060f6096b50,base,1,optimal,-39024.4085378821,-39024.408538,3.021362720283912e-12,1,-0.39024408537882029604587908772433e5,1,1,2157,2045,2031,1927,8343,8099,4,0.0035017,bounds_tightened=18 doubleton_equations=94 fixed_columns=10 singleton_rows=18,0.003905,5.768824,0.002286,0.000684,5.7761853,0.007362,6.923204,1.147019,1877,simplex-dual+primal,019ab29d,Windows-AMD64,2026-09-30T06:45:49+00:00,
stocfor2,d54988bc39e9c48d13c8a3248913e9b6b77c2f8e9b9f4c3e4c76b060f6096b50,implied_free,1,optimal,-39024.4085378821,-39024.408538,3.021362720283912e-12,1,-0.39024408537882029604587908772433e5,1,1,2157,1916,2031,1798,8343,6972,4,0.0133918,bounds_tightened=18 doubleton_equations=62 fixed_columns=10 free_column_singletons=161 implied_free_column_singletons=161 singleton_rows=18,0.019032,2.974986,0.003777,0.000943,3.0190228,0.044037,12.571725,9.552702,1730,simplex-dual+primal,019ab29d,Windows-AMD64,2026-09-30T06:45:49+00:00,presolve_implied_free=true
stocfor2,d54988bc39e9c48d13c8a3248913e9b6b77c2f8e9b9f4c3e4c76b060f6096b50,bound_prop,1,optimal,-39024.4085378821,-39024.408538,3.021362720283912e-12,1,-0.39024408537882029604587908772433e5,1,1,2157,2045,2031,1927,8343,8099,4,0.0097744,bounds_tightened=20 doubleton_equations=94 fixed_columns=10 propagated_bounds=2 singleton_rows=18,0.010249,1.054293,0.002041,0.00046,1.0673061,0.013013,2.157234,1.089928,1857,simplex-dual+primal,019ab29d,Windows-AMD64,2026-09-30T06:45:49+00:00,presolve_bound_propagation=true
stocfor2,d54988bc39e9c48d13c8a3248913e9b6b77c2f8e9b9f4c3e4c76b060f6096b50,parallel_rows,1,optimal,-39024.4085378821,-39024.408538,3.021362720283912e-12,1,-0.39024408537882029604587908772433e5,1,1,2157,2045,2031,1927,8343,8099,4,0.0104859,bounds_tightened=18 doubleton_equations=94 fixed_columns=10 singleton_rows=18,0.011049,0.601234,0.001582,0.000498,0.6147245,0.01349,3.850878,3.236154,1877,simplex-dual+primal,019ab29d,Windows-AMD64,2026-09-30T06:45:49+00:00,presolve_parallel_rows=true
stocfor3,be37b15c7a6f0751476f4a940af74c9fb2876fdc0887b5c820c49277db0e20b1,base,1,optimal,-39976.78394364947,-39976.661576,3.0609771963442328e-06,0,-0.39976783943649587403509204700686e5,1,1,16675,15929,15695,14959,64875,63311,4,0.0245245,bounds_tightened=22 doubleton_equations=724 fixed_columns=12 singleton_rows=22,0.027723,28.238812,1.161136,0.324936,29.5441063,1.305294,33.079215,3.535108,14487,simplex-dual+primal,019ab29d,Windows-AMD64,2026-09-30T06:45:49+00:00,
stocfor3,be37b15c7a6f0751476f4a940af74c9fb2876fdc0887b5c820c49277db0e20b1,implied_free,1,optimal,-39976.78394364946,-39976.661576,3.060977196162228e-06,0,-0.39976783943649587403509204700686e5,1,1,16675,14904,15695,13934,64875,54344,4,0.0490897,bounds_tightened=22 doubleton_equations=468 fixed_columns=12 free_column_singletons=1281 implied_free_column_singletons=1281 singleton_rows=22,0.074006,33.890139,0.013585,0.004404,33.9813633,0.091224,35.421139,1.439776,13985,simplex-dual+primal,019ab29d,Windows-AMD64,2026-09-30T06:45:49+00:00,presolve_implied_free=true
stocfor3,be37b15c7a6f0751476f4a940af74c9fb2876fdc0887b5c820c49277db0e20b1,bound_prop,1,optimal,-39976.78394364947,-39976.661576,3.0609771963442328e-06,0,-0.39976783943649587403509204700686e5,1,1,16675,15929,15695,14959,64875,63311,4,0.5610156,bounds_tightened=26 doubleton_equations=724 fixed_columns=12 propagated_bounds=4 singleton_rows=22,0.564987,38.651787,0.086168,0.007956,39.3124749,0.660688,41.988325,2.67585,15144,simplex-dual+primal,019ab29d,Windows-AMD64,2026-09-30T06:45:49+00:00,presolve_bound_propagation=true
stocfor3,be37b15c7a6f0751476f4a940af74c9fb2876fdc0887b5c820c49277db0e20b1,parallel_rows,1,optimal,-39976.78394364947,-39976.661576,3.0609771963442328e-06,0,-0.39976783943649587403509204700686e5,1,1,16675,15929,15695,14959,64875,63311,4,0.1114725,bounds_tightened=22 doubleton_equations=724 fixed_columns=12 singleton_rows=22,0.115537,31.621668,0.096425,0.028898,31.8371281,0.21546,34.334224,2.497096,14487,simplex-dual+primal,019ab29d,Windows-AMD64,2026-09-30T06:45:49+00:00,presolve_parallel_rows=true
truss,fcabea737e4cdd5cf70e70918632f6be7a7c93a4941c176bc2d5e1fd75170547,base,1,optimal,458815.84718561673,458815.84719,9.55344006592823e-12,1,0.45881584718561673163624258476816e6,1,1,1000,1000,8806,8806,27836,27836,1,0.0071215,,0.007775,17.142071,0.005054,0.001829,17.1561518,0.014081,18.491173,1.335022,14279,simplex-dual+primal,019ab29d,Windows-AMD64,2026-09-30T06:45:49+00:00,
truss,fcabea737e4cdd5cf70e70918632f6be7a7c93a4941c176bc2d5e1fd75170547,implied_free,1,optimal,458815.84718561673,458815.84719,9.55344006592823e-12,1,0.45881584718561673163624258476816e6,1,1,1000,1000,8806,8806,27836,27836,1,0.0093589,,0.010031,13.664509,0.003572,0.001598,13.6805024,0.015994,15.58695,1.906448,14279,simplex-dual+primal,019ab29d,Windows-AMD64,2026-09-30T06:45:49+00:00,presolve_implied_free=true
truss,fcabea737e4cdd5cf70e70918632f6be7a7c93a4941c176bc2d5e1fd75170547,bound_prop,1,optimal,458815.84718561673,458815.84719,9.55344006592823e-12,1,0.45881584718561673163624258476816e6,1,1,1000,1000,8806,8806,27836,27836,1,0.0099748,,0.010708,28.086367,0.004652,0.001601,28.1033526,0.016985,29.641186,1.537834,14279,simplex-dual+primal,019ab29d,Windows-AMD64,2026-09-30T06:45:49+00:00,presolve_bound_propagation=true
truss,fcabea737e4cdd5cf70e70918632f6be7a7c93a4941c176bc2d5e1fd75170547,parallel_rows,1,optimal,458815.84718561673,458815.84719,9.55344006592823e-12,1,0.45881584718561673163624258476816e6,1,1,1000,1000,8806,8806,27836,27836,1,0.0800276,,0.081394,27.353242,0.003625,0.001787,27.4397889,0.086547,28.44264,1.002851,14279,simplex-dual+primal,019ab29d,Windows-AMD64,2026-09-30T06:45:49+00:00,presolve_parallel_rows=true
tuff,768782d2ab2d7d044061f56ba54ddd53cf5ea0666a965edd33d48803098e15e2,base,1,optimal,0.29214776509361284,0.29214776509,3.612832255583953e-12,1,0.29214776509361284488226309994302e0,1,1,333,268,587,558,4520,4378,3,0.0014667,bounds_tightened=2 doubleton_equations=22 empty_rows=39 fixed_columns=5 free_column_singletons=2 singleton_rows=2,0.001563,1.176043,0.001274,0.000127,1.1793189,0.003276,1.464432,0.285114,242,simplex-dual+primal,019ab29d,Windows-AMD64,2026-09-30T06:45:49+00:00,
tuff,768782d2ab2d7d044061f56ba54ddd53cf5ea0666a965edd33d48803098e15e2,implied_free,1,optimal,0.2921477650936128,0.29214776509,3.612776744432722e-12,1,0.29214776509361284488226309994302e0,1,1,333,244,587,534,4520,4213,3,0.0846118,bounds_tightened=1 doubleton_equations=19 empty_rows=39 fixed_columns=4 free_column_singletons=30 implied_free_column_singletons=28 singleton_rows=1,0.084719,1.345124,0.00073,0.000128,1.4309991,0.085875,2.615017,1.184018,239,simplex-dual+primal,019ab29d,Windows-AMD64,2026-09-30T06:45:49+00:00,presolve_implied_free=true
tuff,768782d2ab2d7d044061f56ba54ddd53cf5ea0666a965edd33d48803098e15e2,bound_prop,1,optimal,0.29214776509361284,0.29214776509,3.612832255583953e-12,1,0.29214776509361284488226309994302e0,1,1,333,268,587,558,4520,4378,3,0.0015336,bounds_tightened=2 doubleton_equations=22 empty_rows=39 fixed_columns=5 free_column_singletons=2 singleton_rows=2,0.001649,1.329382,0.002296,0.000696,1.3339288,0.004547,1.709726,0.375797,242,simplex-dual+primal,019ab29d,Windows-AMD64,2026-09-30T06:45:49+00:00,presolve_bound_propagation=true
tuff,768782d2ab2d7d044061f56ba54ddd53cf5ea0666a965edd33d48803098e15e2,parallel_rows,1,optimal,0.29214776509361284,0.29214776509,3.612832255583953e-12,1,0.29214776509361284488226309994302e0,1,1,333,268,587,558,4520,4378,3,0.0551306,bounds_tightened=2 doubleton_equations=22 empty_rows=39 fixed_columns=5 free_column_singletons=2 singleton_rows=2,0.055227,1.066491,0.000477,0.000141,1.122772,0.056281,1.505329,0.382557,242,simplex-dual+primal,019ab29d,Windows-AMD64,2026-09-30T06:45:49+00:00,presolve_parallel_rows=true
vtp.base,7c34b37d7714796bc0fe30d920f3ecf9866c018a018ee0349ceb85350581dc68,base,1,optimal,129831.46246136139,129831.46246,1.0485824094402891e-11,1,0.1298314624613613657395984384889e6,1,1,198,164,203,181,908,731,3,0.0005419,bounds_tightened=25 empty_rows=1 fixed_columns=21 free_column_singletons=1 redundant_rows=7 singleton_rows=25,0.000602,1.572596,0.000175,6.3e-05,1.5737079,0.001112,2.139772,0.566064,162,simplex-dual+primal,019ab29d,Windows-AMD64,2026-09-30T06:45:49+00:00,
vtp.base,7c34b37d7714796bc0fe30d920f3ecf9866c018a018ee0349ceb85350581dc68,implied_free,1,optimal,129831.46246136137,129831.46246,1.0485712011284111e-11,1,0.1298314624613613657395984384889e6,1,1,198,141,203,158,908,555,3,0.000943,bounds_tightened=23 empty_rows=1 fixed_columns=19 free_column_singletons=26 implied_free_column_singletons=25 redundant_rows=7 singleton_rows=23,0.000997,1.094414,0.002811,0.000644,1.0987354,0.004322,1.653765,0.55503,100,simplex-dual,019ab29d,Windows-AMD64,2026-09-30T06:45:49+00:00,presolve_implied_free=true
vtp.base,7c34b37d7714796bc0fe30d920f3ecf9866c018a018ee0349ceb85350581dc68,bound_prop,1,optimal,129831.46246136139,129831.46246,1.0485824094402891e-11,1,0.1298314624613613657395984384889e6,1,1,198,164,203,181,908,731,3,0.0009262,bounds_tightened=57 empty_rows=1 fixed_columns=21 free_column_singletons=1 propagated_bounds=33 redundant_rows=8 singleton_rows=24,0.000993,2.216971,0.001556,0.00058,2.2198301,0.002859,2.921005,0.701175,162,simplex-dual+primal,019ab29d,Windows-AMD64,2026-09-30T06:45:49+00:00,presolve_bound_propagation=true
vtp.base,7c34b37d7714796bc0fe30d920f3ecf9866c018a018ee0349ceb85350581dc68,parallel_rows,1,optimal,129831.46246136139,129831.46246,1.0485824094402891e-11,1,0.1298314624613613657395984384889e6,1,1,198,164,203,181,908,731,3,0.0011544,bounds_tightened=25 empty_rows=1 fixed_columns=21 free_column_singletons=1 redundant_rows=7 singleton_rows=25,0.001232,4.037062,0.001329,6.5e-05,4.0401051,0.003043,4.682802,0.642696,162,simplex-dual+primal,019ab29d,Windows-AMD64,2026-09-30T06:45:49+00:00,presolve_parallel_rows=true
wood1p,af3cac48f0727f1d9e1f1ecfa6de30168678800b39e38a808b5df90a48d61330,base,1,optimal,1.4429024115734101,1.4429024116,1.8428024810276435e-11,1,0.14429024115734092400010936668043e1,1,1,244,243,2594,2594,70215,70214,2,0.0183556,bounds_tightened=1 singleton_rows=1,0.019589,0.113764,0.003289,0.000958,0.1377221,0.023958,1.179558,1.041836,219,simplex-dual+primal,019ab29d,Windows-AMD64,2026-09-30T06:45:49+00:00,
wood1p,af3cac48f0727f1d9e1f1ecfa6de30168678800b39e38a808b5df90a48d61330,implied_free,1,optimal,1.44290241157341,1.4429024116,1.8428178697748754e-11,1,0.14429024115734092400010936668043e1,1,1,244,242,2594,2593,70215,67709,2,0.1103768,bounds_tightened=1 free_column_singletons=1 implied_free_column_singletons=1 singleton_rows=1,0.110978,0.896648,0.003924,0.000908,1.0129157,0.116268,2.331793,1.318877,365,simplex-dual+primal,019ab29d,Windows-AMD64,2026-09-30T06:45:49+00:00,presolve_implied_free=true
wood1p,af3cac48f0727f1d9e1f1ecfa6de30168678800b39e38a808b5df90a48d61330,bound_prop,1,optimal,1.4429024115734101,1.4429024116,1.8428024810276435e-11,1,0.14429024115734092400010936668043e1,1,1,244,243,2594,2594,70215,70214,2,0.0122494,bounds_tightened=1 singleton_rows=1,0.012752,0.371963,0.004573,0.001066,0.3902241,0.018261,1.536877,1.146653,219,simplex-dual+primal,019ab29d,Windows-AMD64,2026-09-30T06:45:49+00:00,presolve_bound_propagation=true
wood1p,af3cac48f0727f1d9e1f1ecfa6de30168678800b39e38a808b5df90a48d61330,parallel_rows,1,optimal,1.4429024115734101,1.4429024116,1.8428024810276435e-11,1,0.14429024115734092400010936668043e1,1,1,244,243,2594,2594,70215,70214,2,0.0981826,bounds_tightened=1 singleton_rows=1,0.098688,0.397002,0.002662,0.000592,0.4993282,0.102326,1.257909,0.758581,219,simplex-dual+primal,019ab29d,Windows-AMD64,2026-09-30T06:45:49+00:00,presolve_parallel_rows=true
woodw,01450b5407d3bb282595e2874e78c26dd7cdde87d70d663065e58bd3e6c288b0,base,1,optimal,1.3044763330842293,1.3044763331,1.2089692748447418e-11,1,0.1304476333084229269005552085566e1,1,1,1098,1093,8405,8401,37474,37405,2,0.0467674,bounds_tightened=1 doubleton_equations=4 singleton_rows=1,0.047523,5.772566,0.002858,0.001654,5.8243507,0.051784,6.22637,0.402019,2495,simplex-dual+primal,019ab29d,Windows-AMD64,2026-09-30T06:45:49+00:00,
woodw,01450b5407d3bb282595e2874e78c26dd7cdde87d70d663065e58bd3e6c288b0,implied_free,1,optimal,1.304476333084229,1.3044763331,1.2089862965874359e-11,1,0.1304476333084229269005552085566e1,1,1,1098,1089,8405,8397,37474,31497,2,0.0920074,bounds_tightened=1 doubleton_equations=4 free_column_singletons=4 implied_free_column_singletons=4 singleton_rows=1,0.157933,1.6098,0.386288,0.105027,2.2233954,0.613595,4.730956,2.50756,1324,simplex-dual+primal,019ab29d,Windows-AMD64,2026-09-30T06:45:49+00:00,presolve_implied_free=true
woodw,01450b5407d3bb282595e2874e78c26dd7cdde87d70d663065e58bd3e6c288b0,bound_prop,1,optimal,1.3044763330842293,1.3044763331,1.2089692748447418e-11,1,0.1304476333084229269005552085566e1,1,1,1098,1093,8405,8401,37474,37405,2,0.009794,bounds_tightened=1441 doubleton_equations=4 propagated_bounds=1440 singleton_rows=1,0.010577,2.636915,0.002938,0.001104,2.6518367,0.014922,3.159361,0.507524,2977,simplex-dual+primal,019ab29d,Windows-AMD64,2026-09-30T06:45:49+00:00,presolve_bound_propagation=true
woodw,01450b5407d3bb282595e2874e78c26dd7cdde87d70d663065e58bd3e6c288b0,parallel_rows,1,optimal,1.3044763330842293,1.3044763331,1.2089692748447418e-11,1,0.1304476333084229269005552085566e1,1,1,1098,1093,8405,8401,37474,37405,2,0.0541589,bounds_tightened=1 doubleton_equations=4 singleton_rows=1,0.054942,1.932982,0.008421,0.002518,1.9989301,0.065948,3.009487,1.010557,2495,simplex-dual+primal,019ab29d,Windows-AMD64,2026-09-30T06:45:49+00:00,presolve_parallel_rows=true
