instance,problem_type,listed_convex,instance_sha256,qps_sha256,rows,cols,nnz,integer_columns,read_ok,engine,refusal,status,message,solved,our_objective,reference_objective,abs_gap,rel_gap,tolerance,matches_reference,beats_reference,verified,verifier_message,wall_seconds,solver_seconds,iterations,nodes,time_limit,jobs,git_commit,machine,timestamp_utc
QPLIB_0018,QCL,0,4e122ceeccc01ebc3780f638e3e8c05ad3a3e96ce26426d7c50783a06737b41d,19b7c4de721090a4453f248ed1a53c170f044a9dfd7937d793220e9f5f113df2,1,50,50,0,1,qp-ipm,nonconvex,model_error,"the quadratic objective is not convex: sparse LDL^T of Q + 3.88e-12 I reached a pivot of -17.4694 at column 48 (x49) in minimization sense; it exhibits a direction x with x^T Q x / x^T x = -2.79403, a",0,,-6.386014982,,,1e-06,0,,,,0.003139,0.000116495,0,0,60.0,1,8860d2a,"E2E TIR C3 container, 16 vCPU 29 GB (cgroup limits), AMD EPYC 9555 64-Core Processor host, nothing else running; AMD EPYC 9555 64-Core Processor; 256 cores; 1512 GiB RAM; Linux-x86_64",2026-10-03T08:07:41+00:00
QPLIB_0031,QML,0,abb45e99d066e665e5f7174636ac0ce4b2e8d042c915855f1907d9a9131c808d,5fe9d623929a21ec5b61ecd5e3a85b4bfe721f41e0bc5c1bc462355733690f9f,32,60,120,30,1,branch-and-bound,nonconvex,model_error,the continuous relaxation was refused: the quadratic objective is not convex: sparse LDL^T of Q + 8.12e-09 I reached a pivot of -634493 at column 29 (x30) in minimization sense; it exhibits a directio,0,,15.38637379,,,0.0001,0,,,,0.003044,0.0,0,0,60.0,1,8860d2a,"E2E TIR C3 container, 16 vCPU 29 GB (cgroup limits), AMD EPYC 9555 64-Core Processor host, nothing else running; AMD EPYC 9555 64-Core Processor; 256 cores; 1512 GiB RAM; Linux-x86_64",2026-10-03T08:07:41+00:00
QPLIB_0032,QML,0,3cfffd5eeaa0520d5785b43bd60c96929c27f00342ef6837b528f7b95cc54046,34b02a4c451db44e2e6d9d0abef0f91960d3b48313bbc5682da235fd0fb78695,52,100,200,50,1,branch-and-bound,nonconvex,model_error,the continuous relaxation was refused: the quadratic objective is not convex: sparse LDL^T of Q + 3.07e-09 I reached a pivot of -130808 at column 49 (x50) in minimization sense; it exhibits a directio,0,,10.12639121,,,0.0001,0,,,,0.002684,0.0,0,0,60.0,1,8860d2a,"E2E TIR C3 container, 16 vCPU 29 GB (cgroup limits), AMD EPYC 9555 64-Core Processor host, nothing else running; AMD EPYC 9555 64-Core Processor; 256 cores; 1512 GiB RAM; Linux-x86_64",2026-10-03T08:07:41+00:00
QPLIB_0067,QBL,0,874ce58281dc10d2948edd9d7c6c07c4403b61895c4c2b4becb4f2895fb2b22c,43139407592b35a5372cd8d17ab306f1fee58d797e449d86bf99314c85119ff6,1,80,80,80,1,branch-and-bound,nonconvex,model_error,the continuous relaxation was refused: the quadratic objective is not convex: sparse LDL^T of Q + 1e-12 I reached a pivot of -4.58e+15 at column 29 (x30) in minimization sense; it exhibits a direction,0,,-110942.0,,,0.0001,0,,,,0.002712,0.0,0,0,60.0,1,8860d2a,"E2E TIR C3 container, 16 vCPU 29 GB (cgroup limits), AMD EPYC 9555 64-Core Processor host, nothing else running; AMD EPYC 9555 64-Core Processor; 256 cores; 1512 GiB RAM; Linux-x86_64",2026-10-03T08:07:41+00:00
QPLIB_0343,QCL,0,21249b60454f5667b08080f7e1403f145e4f7afd33290efac8e603f8090d36dd,5a7a5cfe1c6e0f7c0443c719097200dca28a4dbfaa2b5dc5df48a5b1581f214e,1,50,50,0,1,qp-ipm,nonconvex,model_error,"the quadratic objective is not convex: sparse LDL^T of Q + 3.88e-12 I reached a pivot of -17.4694 at column 48 (x49) in minimization sense; it exhibits a direction x with x^T Q x / x^T x = -2.79403, a",0,,-6.386014982,,,1e-06,0,,,,0.002783,0.000140141,0,0,60.0,1,8860d2a,"E2E TIR C3 container, 16 vCPU 29 GB (cgroup limits), AMD EPYC 9555 64-Core Processor host, nothing else running; AMD EPYC 9555 64-Core Processor; 256 cores; 1512 GiB RAM; Linux-x86_64",2026-10-03T08:07:41+00:00
QPLIB_0633,QBL,0,fb2223b3747cb0fbbf31f86e31ee9a3f93e941d5af8e2c27d28c5164074ab725,6958eddfa2c6fdba6057b5984009b419d7ffdb690352875ba401aeed4947300e,1,75,75,75,1,branch-and-bound,nonconvex,model_error,the continuous relaxation was refused: the quadratic objective is not convex: sparse LDL^T of Q + 1e-12 I reached a pivot of -1.30125e+12 at column 73 (x74) in minimization sense; it exhibits a direct,0,,79.56070622,,,0.0001,0,,,,0.003435,0.0,0,0,60.0,1,8860d2a,"E2E TIR C3 container, 16 vCPU 29 GB (cgroup limits), AMD EPYC 9555 64-Core Processor host, nothing else running; AMD EPYC 9555 64-Core Processor; 256 cores; 1512 GiB RAM; Linux-x86_64",2026-10-03T08:07:41+00:00
QPLIB_0678,LMQ,0,7814d4e9d95aeadc7f861ef0242cf9ca16ba3c5b8254eb5d07346dca00b286f6,2a9fe22e9c3ef4218ef75d366ea823c75106aed60c56ab87363b092c842f70bc,,,,9600,0,,quadratic_constraints,read_error,error: /home/jovyan/run-cpu/SANKHYA/data/qplib/QPLIB_0678.qps:71116: QCMATRIX section: quadratic constraints are not supported. This solver reads a quadratic OBJECTIVE only (QUADOBJ); a model with bil,0,,48000000.0,,,0.0001,0,,,,0.015399,,,,60.0,1,8860d2a,"E2E TIR C3 container, 16 vCPU 29 GB (cgroup limits), AMD EPYC 9555 64-Core Processor host, nothing else running; AMD EPYC 9555 64-Core Processor; 256 cores; 1512 GiB RAM; Linux-x86_64",2026-10-03T08:07:41+00:00
QPLIB_0681,LMQ,0,a33e215cb02680c41bb9a0e50b146c65c5f4c5e4e20b322228302a93cb35d449,8184ab2ae025e89be66a30223418efa725222d619234827870adb272daed6448,,,,72,0,,quadratic_constraints,read_error,error: /home/jovyan/run-cpu/SANKHYA/data/qplib/QPLIB_0681.qps:2525: QCMATRIX section: quadratic constraints are not supported. This solver reads a quadratic OBJECTIVE only (QUADOBJ); a model with bili,0,,45.24444817,,,0.0001,0,,,,0.001697,,,,60.0,1,8860d2a,"E2E TIR C3 container, 16 vCPU 29 GB (cgroup limits), AMD EPYC 9555 64-Core Processor host, nothing else running; AMD EPYC 9555 64-Core Processor; 256 cores; 1512 GiB RAM; Linux-x86_64",2026-10-03T08:07:41+00:00
QPLIB_0682,LMQ,0,232d27e3b95ef819b1acb2bd3283f7ba651611a0516fed5773e4281f4be1ddaa,564627ab13e1d0d58e35dcd2d84a9eb7c626e481ff7ab196dbb79286b242004d,,,,71,0,,quadratic_constraints,read_error,error: /home/jovyan/run-cpu/SANKHYA/data/qplib/QPLIB_0682.qps:3135: QCMATRIX section: quadratic constraints are not supported. This solver reads a quadratic OBJECTIVE only (QUADOBJ); a model with bili,0,,39.6096563,,,0.0001,0,,,,0.002419,,,,60.0,1,8860d2a,"E2E TIR C3 container, 16 vCPU 29 GB (cgroup limits), AMD EPYC 9555 64-Core Processor host, nothing else running; AMD EPYC 9555 64-Core Processor; 256 cores; 1512 GiB RAM; Linux-x86_64",2026-10-03T08:07:41+00:00
QPLIB_0684,LMQ,0,244c3c5064f4fcb36ad56199799aeda79d076dc44713dbdd21e58ea0f51f320a,7fb061d72012d419d33763edaea01390f85e45b9c0af598675df256afc525f12,,,,101,0,,quadratic_constraints,read_error,error: /home/jovyan/run-cpu/SANKHYA/data/qplib/QPLIB_0684.qps:4775: QCMATRIX section: quadratic constraints are not supported. This solver reads a quadratic OBJECTIVE only (QUADOBJ); a model with bili,0,,9.2266,,,0.0001,0,,,,0.002019,,,,60.0,1,8860d2a,"E2E TIR C3 container, 16 vCPU 29 GB (cgroup limits), AMD EPYC 9555 64-Core Processor host, nothing else running; AMD EPYC 9555 64-Core Processor; 256 cores; 1512 GiB RAM; Linux-x86_64",2026-10-03T08:07:41+00:00
QPLIB_0685,LMQ,0,fe782ae68066aedda20970f163bbc3603229ce82772ee776723800831be6d7d7,a925e6f668939311adffa175ebc080bf583524c984197e2b291425f355d091e5,,,,256,0,,quadratic_constraints,read_error,error: /home/jovyan/run-cpu/SANKHYA/data/qplib/QPLIB_0685.qps:9542: QCMATRIX section: quadratic constraints are not supported. This solver reads a quadratic OBJECTIVE only (QUADOBJ); a model with bili,0,,,,,0.0001,,,,,0.003895,,,,60.0,1,8860d2a,"E2E TIR C3 container, 16 vCPU 29 GB (cgroup limits), AMD EPYC 9555 64-Core Processor host, nothing else running; AMD EPYC 9555 64-Core Processor; 256 cores; 1512 GiB RAM; Linux-x86_64",2026-10-03T08:07:41+00:00
QPLIB_0686,LMQ,0,c9e91cc9d6ea8876a9526a12e5cba7a6748ccb7b687a8f57bdf1002be4a27fb5,717a4d2949c004b997ce8f5eacfe2f463a2ba221b3afba083291b649c1e639ed,,,,692,0,,quadratic_constraints,read_error,error: /home/jovyan/run-cpu/SANKHYA/data/qplib/QPLIB_0686.qps:26736: QCMATRIX section: quadratic constraints are not supported. This solver reads a quadratic OBJECTIVE only (QUADOBJ); a model with bil,0,,,,,0.0001,,,,,0.005816,,,,60.0,1,8860d2a,"E2E TIR C3 container, 16 vCPU 29 GB (cgroup limits), AMD EPYC 9555 64-Core Processor host, nothing else running; AMD EPYC 9555 64-Core Processor; 256 cores; 1512 GiB RAM; Linux-x86_64",2026-10-03T08:07:41+00:00
QPLIB_0687,LMQ,0,f6394bb02f0a54605dd7007ee3efb258e3637a84676a12f902ca2024e203eef0,581744761809baf2c92f04ff8c025d8b965c8aadd24ac1b1dd7ce39e12fb8732,,,,672,0,,quadratic_constraints,read_error,error: /home/jovyan/run-cpu/SANKHYA/data/qplib/QPLIB_0687.qps:29121: QCMATRIX section: quadratic constraints are not supported. This solver reads a quadratic OBJECTIVE only (QUADOBJ); a model with bil,0,,,,,0.0001,,,,,0.00655,,,,60.0,1,8860d2a,"E2E TIR C3 container, 16 vCPU 29 GB (cgroup limits), AMD EPYC 9555 64-Core Processor host, nothing else running; AMD EPYC 9555 64-Core Processor; 256 cores; 1512 GiB RAM; Linux-x86_64",2026-10-03T08:07:41+00:00
QPLIB_0688,LMQ,0,1285d8f5a0aca9064a8b6c89b42dea94f238ff187a7e74aab2031b61647694af,6820e0713be360041c08af77f2a8deff09d651ed9d0e9ed21be26e018ce08886,,,,1964,0,,quadratic_constraints,read_error,error: /home/jovyan/run-cpu/SANKHYA/data/qplib/QPLIB_0688.qps:105789: QCMATRIX section: quadratic constraints are not supported. This solver reads a quadratic OBJECTIVE only (QUADOBJ); a model with bi,0,,,,,0.0001,,,,,0.021392,,,,60.0,1,8860d2a,"E2E TIR C3 container, 16 vCPU 29 GB (cgroup limits), AMD EPYC 9555 64-Core Processor host, nothing else running; AMD EPYC 9555 64-Core Processor; 256 cores; 1512 GiB RAM; Linux-x86_64",2026-10-03T08:07:41+00:00
QPLIB_0689,LMQ,0,30759e35ba4948217bcde00c18ef96f0158a9d78f012dd73e8540f9b7fa9ab2b,21a31c4cb2c9b6c732d7266c520dbc8b2b4a9c0c6407cf1345dd9ae1e4894786,,,,756,0,,quadratic_constraints,read_error,error: /home/jovyan/run-cpu/SANKHYA/data/qplib/QPLIB_0689.qps:47636: QCMATRIX section: quadratic constraints are not supported. This solver reads a quadratic OBJECTIVE only (QUADOBJ); a model with bil,0,,115.0613338,,,0.0001,0,,,,0.009841,,,,60.0,1,8860d2a,"E2E TIR C3 container, 16 vCPU 29 GB (cgroup limits), AMD EPYC 9555 64-Core Processor host, nothing else running; AMD EPYC 9555 64-Core Processor; 256 cores; 1512 GiB RAM; Linux-x86_64",2026-10-03T08:07:41+00:00
QPLIB_0690,LMQ,0,8f8f83ae70a03f7ff4f328088535b08ad1dfde29e65a7d237cd6ef23c1461eec,bf54d335054d00709747a194855aae4688d53f8c73a5652df854c8d3064219be,,,,6428,0,,quadratic_constraints,read_error,error: /home/jovyan/run-cpu/SANKHYA/data/qplib/QPLIB_0690.qps:516158: QCMATRIX section: quadratic constraints are not supported. This solver reads a quadratic OBJECTIVE only (QUADOBJ); a model with bi,0,,226.49,,,0.0001,0,,,,0.106993,,,,60.0,1,8860d2a,"E2E TIR C3 container, 16 vCPU 29 GB (cgroup limits), AMD EPYC 9555 64-Core Processor host, nothing else running; AMD EPYC 9555 64-Core Processor; 256 cores; 1512 GiB RAM; Linux-x86_64",2026-10-03T08:07:41+00:00
QPLIB_0696,LMQ,0,b462667e75e1c39f70076b625b587411e83446523bb48850ec8333c49aedd715,4ce96b64acd5ae75c798fecd3f2bad9a10f0064ed6b479b45cd5147157898aaf,,,,187,0,,quadratic_constraints,read_error,error: /home/jovyan/run-cpu/SANKHYA/data/qplib/QPLIB_0696.qps:3157: QCMATRIX section: quadratic constraints are not supported. This solver reads a quadratic OBJECTIVE only (QUADOBJ); a model with bili,0,,1086187.137,,,0.0001,0,,,,0.002389,,,,60.0,1,8860d2a,"E2E TIR C3 container, 16 vCPU 29 GB (cgroup limits), AMD EPYC 9555 64-Core Processor host, nothing else running; AMD EPYC 9555 64-Core Processor; 256 cores; 1512 GiB RAM; Linux-x86_64",2026-10-03T08:07:41+00:00
QPLIB_0698,LMQ,0,bb7a534bf0b31fde58558f97af2b913565e660866a4e616a84afdc33c5a8a773,f8f8189e6de44af766fa8476064eabbd0e80fe44db2b7ba38e2c9b34e1b56fb1,,,,55,0,,quadratic_constraints,read_error,error: /home/jovyan/run-cpu/SANKHYA/data/qplib/QPLIB_0698.qps:1009: QCMATRIX section: quadratic constraints are not supported. This solver reads a quadratic OBJECTIVE only (QUADOBJ); a model with bili,0,,1086187.137,,,0.0001,0,,,,0.001753,,,,60.0,1,8860d2a,"E2E TIR C3 container, 16 vCPU 29 GB (cgroup limits), AMD EPYC 9555 64-Core Processor host, nothing else running; AMD EPYC 9555 64-Core Processor; 256 cores; 1512 GiB RAM; Linux-x86_64",2026-10-03T08:07:41+00:00
QPLIB_0752,QBL,0,c7494e773873fa49bc19d0bd40b4326836fb5deba8c7cca7b082ebe3b67d3682,da0086e1c670196a910ff06e01ab37606a6022262023b04e27179be0aa445f6f,1,250,250,250,1,branch-and-bound,nonconvex,model_error,the continuous relaxation was refused: the quadratic objective is not convex: sparse LDL^T of Q + 2e-10 I reached a pivot of -1.2005e+13 at column 221 (x222) in minimization sense; it exhibits a direc,0,,24071.0,,,0.0001,0,,,,0.00325,0.0,0,0,60.0,1,8860d2a,"E2E TIR C3 container, 16 vCPU 29 GB (cgroup limits), AMD EPYC 9555 64-Core Processor host, nothing else running; AMD EPYC 9555 64-Core Processor; 256 cores; 1512 GiB RAM; Linux-x86_64",2026-10-03T08:07:41+00:00
QPLIB_0911,QCQ,0,80188bfdacb5f7375c8dc6ab414b18e1ee75f7c587398634291db8d15ae14582,814a752681ad7fa2e4d98d0271eed7cb3246fcce4e1698dbb3c2aa1779353954,,,,0,0,,quadratic_constraints,read_error,error: /home/jovyan/run-cpu/SANKHYA/data/qplib/QPLIB_0911.qps:3408: QCMATRIX section: quadratic constraints are not supported. This solver reads a quadratic OBJECTIVE only (QUADOBJ); a model with bili,0,,-32.14755832,,,1e-06,0,,,,0.002818,,,,60.0,1,8860d2a,"E2E TIR C3 container, 16 vCPU 29 GB (cgroup limits), AMD EPYC 9555 64-Core Processor host, nothing else running; AMD EPYC 9555 64-Core Processor; 256 cores; 1512 GiB RAM; Linux-x86_64",2026-10-03T08:07:41+00:00
QPLIB_0975,QCQ,0,fe97be580b7f45de3a6935727093153228bb6c9fb72a73348ae885085fbaab9d,8b2214595e0310c00cca4aedf7f78e12989e9c4f22329662d46940f78308a08c,,,,0,0,,quadratic_constraints,read_error,error: /home/jovyan/run-cpu/SANKHYA/data/qplib/QPLIB_0975.qps:1328: QCMATRIX section: quadratic constraints are not supported. This solver reads a quadratic OBJECTIVE only (QUADOBJ); a model with bili,0,,-37.85351052,,,1e-06,0,,,,0.002255,,,,60.0,1,8860d2a,"E2E TIR C3 container, 16 vCPU 29 GB (cgroup limits), AMD EPYC 9555 64-Core Processor host, nothing else running; AMD EPYC 9555 64-Core Processor; 256 cores; 1512 GiB RAM; Linux-x86_64",2026-10-03T08:07:41+00:00
QPLIB_10001,LMC,1,a463c40dbe4051e760508cda7241a8d705f3d529e75437878695fa9c806e5e4a,0db1b453592caee8bb85fd5eb0511ea644022b67ccacbcfb6d0ede1c582d63ee,,,,426,0,,quadratic_constraints,read_error,error: /home/jovyan/run-cpu/SANKHYA/data/qplib/QPLIB_10001.qps:2717: QCMATRIX section: quadratic constraints are not supported. This solver reads a quadratic OBJECTIVE only (QUADOBJ); a model with bil,0,,-25766.82,,,0.0001,0,,,,0.001708,,,,60.0,1,8860d2a,"E2E TIR C3 container, 16 vCPU 29 GB (cgroup limits), AMD EPYC 9555 64-Core Processor host, nothing else running; AMD EPYC 9555 64-Core Processor; 256 cores; 1512 GiB RAM; Linux-x86_64",2026-10-03T08:07:41+00:00
QPLIB_10002,LMC,1,398b7f387a5b0e6f322e5724d2036e12471dd49c5149f6740f299e4023518df3,71d02b0b3878b9fc7c1fc2d23d82c344285bc3fb40effa919aa140ab065ffbe8,,,,426,0,,quadratic_constraints,read_error,error: /home/jovyan/run-cpu/SANKHYA/data/qplib/QPLIB_10002.qps:2717: QCMATRIX section: quadratic constraints are not supported. This solver reads a quadratic OBJECTIVE only (QUADOBJ); a model with bil,0,,-21931.57,,,0.0001,0,,,,0.002037,,,,60.0,1,8860d2a,"E2E TIR C3 container, 16 vCPU 29 GB (cgroup limits), AMD EPYC 9555 64-Core Processor host, nothing else running; AMD EPYC 9555 64-Core Processor; 256 cores; 1512 GiB RAM; Linux-x86_64",2026-10-03T08:07:41+00:00
QPLIB_10003,LMC,1,d414589e5aaa0a44093c3d785d09f45286e5381ccfa3838920781ecc9f7ce79d,bd988b0615d440b5757828dc3e7b46b59c8329dfe1f04b9d159c5556e227fd02,,,,999,0,,quadratic_constraints,read_error,error: /home/jovyan/run-cpu/SANKHYA/data/qplib/QPLIB_10003.qps:6722: QCMATRIX section: quadratic constraints are not supported. This solver reads a quadratic OBJECTIVE only (QUADOBJ); a model with bil,0,,-21944.87,,,0.0001,0,,,,0.002944,,,,60.0,1,8860d2a,"E2E TIR C3 container, 16 vCPU 29 GB (cgroup limits), AMD EPYC 9555 64-Core Processor host, nothing else running; AMD EPYC 9555 64-Core Processor; 256 cores; 1512 GiB RAM; Linux-x86_64",2026-10-03T08:07:41+00:00
QPLIB_10004,LMC,1,bcdbb1359dc7b9bab0cd2cef28a1c4a6a41b40dc04f6430cf7e839db81326e0e,78dd167a8fde2a9bb85643abc7cb082e697349b83e1a2f78c96d7e2dc2153c5b,,,,150,0,,quadratic_constraints,read_error,error: /home/jovyan/run-cpu/SANKHYA/data/qplib/QPLIB_10004.qps:1410: QCMATRIX section: quadratic constraints are not supported. This solver reads a quadratic OBJECTIVE only (QUADOBJ); a model with bil,0,,-2588.21,,,0.0001,0,,,,0.002239,,,,60.0,1,8860d2a,"E2E TIR C3 container, 16 vCPU 29 GB (cgroup limits), AMD EPYC 9555 64-Core Processor host, nothing else running; AMD EPYC 9555 64-Core Processor; 256 cores; 1512 GiB RAM; Linux-x86_64",2026-10-03T08:07:41+00:00
QPLIB_10005,LMC,1,e2b9bdb8fa4af20bc9e1dd42f57dfdce2b931be6e12c57e6e0800f0f7c7ba30c,bb0fd99ee9c8723c7d556061c0c248c23602691d0355d90760d8ec05615876d2,,,,1000,0,,quadratic_constraints,read_error,error: /home/jovyan/run-cpu/SANKHYA/data/qplib/QPLIB_10005.qps:8389: QCMATRIX section: quadratic constraints are not supported. This solver reads a quadratic OBJECTIVE only (QUADOBJ); a model with bil,0,,-9820.91,,,0.0001,0,,,,0.00275,,,,60.0,1,8860d2a,"E2E TIR C3 container, 16 vCPU 29 GB (cgroup limits), AMD EPYC 9555 64-Core Processor host, nothing else running; AMD EPYC 9555 64-Core Processor; 256 cores; 1512 GiB RAM; Linux-x86_64",2026-10-03T08:07:41+00:00
QPLIB_10006,LMC,1,3e55f786dab51636ef373a7b9be0b174abf9f6c241d36dd553d0d4b5bfffcfa3,e98c3747e5668f9023aeed0c96850ec0bea027fbb7ac3b1397603407958baac2,,,,1875,0,,quadratic_constraints,read_error,error: /home/jovyan/run-cpu/SANKHYA/data/qplib/QPLIB_10006.qps:14477: QCMATRIX section: quadratic constraints are not supported. This solver reads a quadratic OBJECTIVE only (QUADOBJ); a model with bi,0,,-12527.2,,,0.0001,0,,,,0.004276,,,,60.0,1,8860d2a,"E2E TIR C3 container, 16 vCPU 29 GB (cgroup limits), AMD EPYC 9555 64-Core Processor host, nothing else running; AMD EPYC 9555 64-Core Processor; 256 cores; 1512 GiB RAM; Linux-x86_64",2026-10-03T08:07:41+00:00
QPLIB_10007,LMC,1,feadd10b34170c4bafc6a2c2640b0c3e64708a6562aa15d8272bdf578dee01cf,8e4be41c61c96e003b123b810f0f4b38de777525a3324de7cd2dd3e808398ca7,,,,2625,0,,quadratic_constraints,read_error,error: /home/jovyan/run-cpu/SANKHYA/data/qplib/QPLIB_10007.qps:20268: QCMATRIX section: quadratic constraints are not supported. This solver reads a quadratic OBJECTIVE only (QUADOBJ); a model with bi,0,,-17869.72,,,0.0001,0,,,,0.004711,,,,60.0,1,8860d2a,"E2E TIR C3 container, 16 vCPU 29 GB (cgroup limits), AMD EPYC 9555 64-Core Processor host, nothing else running; AMD EPYC 9555 64-Core Processor; 256 cores; 1512 GiB RAM; Linux-x86_64",2026-10-03T08:07:41+00:00
QPLIB_10008,LMC,1,9745f7003d148f91d053927dc385aab3ee14d0d495c86ca70501cefce5f1386b,d0cf62d38b3e4184f8cc0eacb9e5c95948c090df99d081e7def5bff500ed8435,,,,713,0,,quadratic_constraints,read_error,error: /home/jovyan/run-cpu/SANKHYA/data/qplib/QPLIB_10008.qps:4371: QCMATRIX section: quadratic constraints are not supported. This solver reads a quadratic OBJECTIVE only (QUADOBJ); a model with bil,0,,-23176.19,,,0.0001,0,,,,0.002477,,,,60.0,1,8860d2a,"E2E TIR C3 container, 16 vCPU 29 GB (cgroup limits), AMD EPYC 9555 64-Core Processor host, nothing else running; AMD EPYC 9555 64-Core Processor; 256 cores; 1512 GiB RAM; Linux-x86_64",2026-10-03T08:07:41+00:00
QPLIB_10009,LMC,1,cd3708f64eea9e2ca07909a5ce0c4cfce5f86a69451a49a6f70a160578d4b053,ae510048497bd0b5dad34339474ba09890150666e868ddc81f7645a107847081,,,,473,0,,quadratic_constraints,read_error,error: /home/jovyan/run-cpu/SANKHYA/data/qplib/QPLIB_10009.qps:2901: QCMATRIX section: quadratic constraints are not supported. This solver reads a quadratic OBJECTIVE only (QUADOBJ); a model with bil,0,,-23176.19,,,0.0001,0,,,,0.001681,,,,60.0,1,8860d2a,"E2E TIR C3 container, 16 vCPU 29 GB (cgroup limits), AMD EPYC 9555 64-Core Processor host, nothing else running; AMD EPYC 9555 64-Core Processor; 256 cores; 1512 GiB RAM; Linux-x86_64",2026-10-03T08:07:41+00:00
QPLIB_10010,LMC,1,642f7ab7a526a58a14c4144bdab5e902d9bc5cccdac0a10cf27722a76a685b96,af4e087015f0c80af8f1d4b5439393d45ea6d5249044c83c1d48ff25b54a193c,,,,262,0,,quadratic_constraints,read_error,error: /home/jovyan/run-cpu/SANKHYA/data/qplib/QPLIB_10010.qps:1510: QCMATRIX section: quadratic constraints are not supported. This solver reads a quadratic OBJECTIVE only (QUADOBJ); a model with bil,0,,-23003.31,,,0.0001,0,,,,0.001411,,,,60.0,1,8860d2a,"E2E TIR C3 container, 16 vCPU 29 GB (cgroup limits), AMD EPYC 9555 64-Core Processor host, nothing else running; AMD EPYC 9555 64-Core Processor; 256 cores; 1512 GiB RAM; Linux-x86_64",2026-10-03T08:07:41+00:00
QPLIB_10011,LMC,1,5d307dcab8fef7d3b40010d5bb5ea2980fadfffd2f55d54f4369b129d142334a,23164d47f33cc71b5a73447f40c568e423419faa5ec35270a2f6fa25fb8566b3,,,,1258,0,,quadratic_constraints,read_error,error: /home/jovyan/run-cpu/SANKHYA/data/qplib/QPLIB_10011.qps:7922: QCMATRIX section: quadratic constraints are not supported. This solver reads a quadratic OBJECTIVE only (QUADOBJ); a model with bil,0,,-23176.19,,,0.0001,0,,,,0.002592,,,,60.0,1,8860d2a,"E2E TIR C3 container, 16 vCPU 29 GB (cgroup limits), AMD EPYC 9555 64-Core Processor host, nothing else running; AMD EPYC 9555 64-Core Processor; 256 cores; 1512 GiB RAM; Linux-x86_64",2026-10-03T08:07:41+00:00
QPLIB_10012,LMC,1,44e40511b545e5ce6d26deab4648b14a53f29bfd5d70ecbb61f2ba935e4758b5,177a2c4703822daec6fe73cfdaa08498dea6ba96e726b451fac5b5090476ee2a,,,,835,0,,quadratic_constraints,read_error,error: /home/jovyan/run-cpu/SANKHYA/data/qplib/QPLIB_10012.qps:5225: QCMATRIX section: quadratic constraints are not supported. This solver reads a quadratic OBJECTIVE only (QUADOBJ); a model with bil,0,,-23176.19,,,0.0001,0,,,,0.002474,,,,60.0,1,8860d2a,"E2E TIR C3 container, 16 vCPU 29 GB (cgroup limits), AMD EPYC 9555 64-Core Processor host, nothing else running; AMD EPYC 9555 64-Core Processor; 256 cores; 1512 GiB RAM; Linux-x86_64",2026-10-03T08:07:41+00:00
QPLIB_10013,LMQ,0,e418508785844afb7a0c0a228923f3ede9eb2706bd7d6b0eea6dd856b6a126af,3dd3755659c51ed749c64500e71f38646da4162a105b47eab286d79c1785c42c,,,,3600,0,,quadratic_constraints,read_error,error: /home/jovyan/run-cpu/SANKHYA/data/qplib/QPLIB_10013.qps:283077: QCMATRIX section: quadratic constraints are not supported. This solver reads a quadratic OBJECTIVE only (QUADOBJ); a model with b,0,,27642056.81,,,0.0001,0,,,,0.071485,,,,60.0,1,8860d2a,"E2E TIR C3 container, 16 vCPU 29 GB (cgroup limits), AMD EPYC 9555 64-Core Processor host, nothing else running; AMD EPYC 9555 64-Core Processor; 256 cores; 1512 GiB RAM; Linux-x86_64",2026-10-03T08:07:41+00:00
QPLIB_10014,LMQ,0,0de0a5d951f0e9d4685abb472a01324d4b4b03aa5543f7a1e6564034a0502b6b,0db60df184e7f28de52203ffe5dead9e7ad7fef37d681d033fe58acf1df81dca,,,,3600,0,,quadratic_constraints,read_error,error: /home/jovyan/run-cpu/SANKHYA/data/qplib/QPLIB_10014.qps:282553: QCMATRIX section: quadratic constraints are not supported. This solver reads a quadratic OBJECTIVE only (QUADOBJ); a model with b,0,,25579413.86,,,0.0001,0,,,,0.061011,,,,60.0,1,8860d2a,"E2E TIR C3 container, 16 vCPU 29 GB (cgroup limits), AMD EPYC 9555 64-Core Processor host, nothing else running; AMD EPYC 9555 64-Core Processor; 256 cores; 1512 GiB RAM; Linux-x86_64",2026-10-03T08:07:41+00:00
QPLIB_10015,LMQ,0,a8f5936112f02b36dfdbaf5d916713f44cdca2b8894b7bacdcf2341eee4a3bbd,f552dbf68b91340c689037d401f8dcf5376040586a1ea48101a4ed80b06ebafa,,,,3600,0,,quadratic_constraints,read_error,error: /home/jovyan/run-cpu/SANKHYA/data/qplib/QPLIB_10015.qps:271923: QCMATRIX section: quadratic constraints are not supported. This solver reads a quadratic OBJECTIVE only (QUADOBJ); a model with b,0,,27069722.86,,,0.0001,0,,,,0.06041,,,,60.0,1,8860d2a,"E2E TIR C3 container, 16 vCPU 29 GB (cgroup limits), AMD EPYC 9555 64-Core Processor host, nothing else running; AMD EPYC 9555 64-Core Processor; 256 cores; 1512 GiB RAM; Linux-x86_64",2026-10-03T08:07:41+00:00
QPLIB_10016,LMQ,0,91aeed30b633872e95401f792012b708a5ab4afdb0694be89f5d975a77998a42,b439a273ac9858c029a938cb2fd81fc62ddb5afdcec86917b205ce5d995ec3cf,,,,3600,0,,quadratic_constraints,read_error,error: /home/jovyan/run-cpu/SANKHYA/data/qplib/QPLIB_10016.qps:273595: QCMATRIX section: quadratic constraints are not supported. This solver reads a quadratic OBJECTIVE only (QUADOBJ); a model with b,0,,29934289.13,,,0.0001,0,,,,0.060625,,,,60.0,1,8860d2a,"E2E TIR C3 container, 16 vCPU 29 GB (cgroup limits), AMD EPYC 9555 64-Core Processor host, nothing else running; AMD EPYC 9555 64-Core Processor; 256 cores; 1512 GiB RAM; Linux-x86_64",2026-10-03T08:07:41+00:00
QPLIB_10017,LMQ,0,1bf1d7f6292baead4ca6d6dc9a5396714df47495d08440562fa1f5bc862acc9c,45c5768cc42eda061ed965b750130c36f23f8ba07d21a058ee0bd0954ebed32b,,,,4800,0,,quadratic_constraints,read_error,error: /home/jovyan/run-cpu/SANKHYA/data/qplib/QPLIB_10017.qps:376687: QCMATRIX section: quadratic constraints are not supported. This solver reads a quadratic OBJECTIVE only (QUADOBJ); a model with b,0,,31154937.63,,,0.0001,0,,,,0.085442,,,,60.0,1,8860d2a,"E2E TIR C3 container, 16 vCPU 29 GB (cgroup limits), AMD EPYC 9555 64-Core Processor host, nothing else running; AMD EPYC 9555 64-Core Processor; 256 cores; 1512 GiB RAM; Linux-x86_64",2026-10-03T08:07:41+00:00
QPLIB_10018,LMQ,0,fb782ff8426e2373f9030b76da37fd56128ae34da41c3dd4b4393f14bd0c6017,bc419bcd80cd497a3f8f7c321ce5146bff601c4cd33f7b00831d2084fccd68da,,,,4800,0,,quadratic_constraints,read_error,error: /home/jovyan/run-cpu/SANKHYA/data/qplib/QPLIB_10018.qps:380645: QCMATRIX section: quadratic constraints are not supported. This solver reads a quadratic OBJECTIVE only (QUADOBJ); a model with b,0,,34222560.14,,,0.0001,0,,,,0.086115,,,,60.0,1,8860d2a,"E2E TIR C3 container, 16 vCPU 29 GB (cgroup limits), AMD EPYC 9555 64-Core Processor host, nothing else running; AMD EPYC 9555 64-Core Processor; 256 cores; 1512 GiB RAM; Linux-x86_64",2026-10-03T08:07:41+00:00
QPLIB_10019,LMQ,0,b2f7575c8588b7ac295380c45c2468b3b2253e11bb8b4562a92ab09b77a6c84a,c4703a09a0346e129bcde54555f76208ca126d17be3dd1f525048e95c4bd8e99,,,,4800,0,,quadratic_constraints,read_error,error: /home/jovyan/run-cpu/SANKHYA/data/qplib/QPLIB_10019.qps:361407: QCMATRIX section: quadratic constraints are not supported. This solver reads a quadratic OBJECTIVE only (QUADOBJ); a model with b,0,,40389511.78,,,0.0001,0,,,,0.082763,,,,60.0,1,8860d2a,"E2E TIR C3 container, 16 vCPU 29 GB (cgroup limits), AMD EPYC 9555 64-Core Processor host, nothing else running; AMD EPYC 9555 64-Core Processor; 256 cores; 1512 GiB RAM; Linux-x86_64",2026-10-03T08:07:41+00:00
QPLIB_10020,LMQ,0,7e50e7282d5cebdde840ceeca2f0d811faa72a03e85be0cbc01a2979c0f7262c,0a5d13c1a203ce1767fae754e369d3fe3a567b106f978e4e5e926bd44a667193,,,,4800,0,,quadratic_constraints,read_error,error: /home/jovyan/run-cpu/SANKHYA/data/qplib/QPLIB_10020.qps:363091: QCMATRIX section: quadratic constraints are not supported. This solver reads a quadratic OBJECTIVE only (QUADOBJ); a model with b,0,,33161690.23,,,0.0001,0,,,,0.084577,,,,60.0,1,8860d2a,"E2E TIR C3 container, 16 vCPU 29 GB (cgroup limits), AMD EPYC 9555 64-Core Processor host, nothing else running; AMD EPYC 9555 64-Core Processor; 256 cores; 1512 GiB RAM; Linux-x86_64",2026-10-03T08:07:41+00:00
QPLIB_10021,LMQ,0,b12e8d08d09a54aff37af1420582a1c2fac2b2c43a5e4b13407e32b4121dee9f,a39d18e00895e9be0e2f29451b82c8ead7b0f3444de480fdcb79b12270b4b4bf,,,,3000,0,,quadratic_constraints,read_error,error: /home/jovyan/run-cpu/SANKHYA/data/qplib/QPLIB_10021.qps:72190: QCMATRIX section: quadratic constraints are not supported. This solver reads a quadratic OBJECTIVE only (QUADOBJ); a model with bi,0,,305256.2943,,,0.0001,0,,,,0.016562,,,,60.0,1,8860d2a,"E2E TIR C3 container, 16 vCPU 29 GB (cgroup limits), AMD EPYC 9555 64-Core Processor host, nothing else running; AMD EPYC 9555 64-Core Processor; 256 cores; 1512 GiB RAM; Linux-x86_64",2026-10-03T08:07:41+00:00
QPLIB_10022,LMQ,0,f13f009f86714b4259e1bea2cc21015c09fa1ef78bb4523cddd24115e7af41f9,796d6e5c30799ed24f6a74cc5c63caa009034bfc642fbd4bc6f3ffa16f6dfa63,,,,3000,0,,quadratic_constraints,read_error,error: /home/jovyan/run-cpu/SANKHYA/data/qplib/QPLIB_10022.qps:72183: QCMATRIX section: quadratic constraints are not supported. This solver reads a quadratic OBJECTIVE only (QUADOBJ); a model with bi,0,,1070374.161,,,0.0001,0,,,,0.015777,,,,60.0,1,8860d2a,"E2E TIR C3 container, 16 vCPU 29 GB (cgroup limits), AMD EPYC 9555 64-Core Processor host, nothing else running; AMD EPYC 9555 64-Core Processor; 256 cores; 1512 GiB RAM; Linux-x86_64",2026-10-03T08:07:41+00:00
QPLIB_10023,LMQ,0,c3e953cefcd4c09ac1dfd67f68acc796cf79b9955df60cd082c36ffd3a8be237,bbed4db0b6410cfcabd22d986a1739116498c6a2a5a0551a16275fb4255fdde0,,,,3000,0,,quadratic_constraints,read_error,error: /home/jovyan/run-cpu/SANKHYA/data/qplib/QPLIB_10023.qps:72185: QCMATRIX section: quadratic constraints are not supported. This solver reads a quadratic OBJECTIVE only (QUADOBJ); a model with bi,0,,721348.9732,,,0.0001,0,,,,0.014784,,,,60.0,1,8860d2a,"E2E TIR C3 container, 16 vCPU 29 GB (cgroup limits), AMD EPYC 9555 64-Core Processor host, nothing else running; AMD EPYC 9555 64-Core Processor; 256 cores; 1512 GiB RAM; Linux-x86_64",2026-10-03T08:07:41+00:00
QPLIB_10024,LMQ,0,4febea0b4197c92168688ac979d189fa87de9c47237658461021113863bf1367,64968f53309740e1f37c655a898984631873a32ba502cbb4c4d0006dab659915,,,,3000,0,,quadratic_constraints,read_error,error: /home/jovyan/run-cpu/SANKHYA/data/qplib/QPLIB_10024.qps:72107: QCMATRIX section: quadratic constraints are not supported. This solver reads a quadratic OBJECTIVE only (QUADOBJ); a model with bi,0,,115311.7109,,,0.0001,0,,,,0.015126,,,,60.0,1,8860d2a,"E2E TIR C3 container, 16 vCPU 29 GB (cgroup limits), AMD EPYC 9555 64-Core Processor host, nothing else running; AMD EPYC 9555 64-Core Processor; 256 cores; 1512 GiB RAM; Linux-x86_64",2026-10-03T08:07:41+00:00
QPLIB_10025,CMQ,0,4bde358d4f6560bda7644cbb5e941b0e99eb0719c4ba25ccfe9f7135af4ab59c,47adada89fb283b5024489362752efab09edb13b6a06a78fe6b10b8ca6f8ace1,,,,400,0,,quadratic_constraints,read_error,error: /home/jovyan/run-cpu/SANKHYA/data/qplib/QPLIB_10025.qps:90216: QCMATRIX section: quadratic constraints are not supported. This solver reads a quadratic OBJECTIVE only (QUADOBJ); a model with bi,0,,128.9160937,,,0.0001,0,,,,0.014904,,,,60.0,1,8860d2a,"E2E TIR C3 container, 16 vCPU 29 GB (cgroup limits), AMD EPYC 9555 64-Core Processor host, nothing else running; AMD EPYC 9555 64-Core Processor; 256 cores; 1512 GiB RAM; Linux-x86_64",2026-10-03T08:07:41+00:00
QPLIB_10026,CMQ,0,ae901390c2380ef56bbe0708905f5221a87b5322147acc84171bbc45de29d6c7,b65a037a588c6d001ed718c3c5e92fafd3206a33489a712595d6e2a554c52171,,,,400,0,,quadratic_constraints,read_error,error: /home/jovyan/run-cpu/SANKHYA/data/qplib/QPLIB_10026.qps:90216: QCMATRIX section: quadratic constraints are not supported. This solver reads a quadratic OBJECTIVE only (QUADOBJ); a model with bi,0,,143.8460104,,,0.0001,0,,,,0.015069,,,,60.0,1,8860d2a,"E2E TIR C3 container, 16 vCPU 29 GB (cgroup limits), AMD EPYC 9555 64-Core Processor host, nothing else running; AMD EPYC 9555 64-Core Processor; 256 cores; 1512 GiB RAM; Linux-x86_64",2026-10-03T08:07:41+00:00
QPLIB_10027,CMQ,0,42d5eefbaaebca5707678e6207219ec55b48419449c3546c1f0dd6252e6ba264,49eac423c84871e645e2017ef6ff0372f5ddaa4e341cb3880e0608753d889c3d,,,,400,0,,quadratic_constraints,read_error,error: /home/jovyan/run-cpu/SANKHYA/data/qplib/QPLIB_10027.qps:90216: QCMATRIX section: quadratic constraints are not supported. This solver reads a quadratic OBJECTIVE only (QUADOBJ); a model with bi,0,,130.5620185,,,0.0001,0,,,,0.015038,,,,60.0,1,8860d2a,"E2E TIR C3 container, 16 vCPU 29 GB (cgroup limits), AMD EPYC 9555 64-Core Processor host, nothing else running; AMD EPYC 9555 64-Core Processor; 256 cores; 1512 GiB RAM; Linux-x86_64",2026-10-03T08:07:41+00:00
QPLIB_10028,CMQ,0,11d1ae0ac446cfac3510a0e6665122888ecece1c80c231c9b06777850be3fcb0,27ff5bbfd28c05834134e45c24e9f01cabfa3e43c5ea1566be456e4a9d5b8c3e,,,,400,0,,quadratic_constraints,read_error,error: /home/jovyan/run-cpu/SANKHYA/data/qplib/QPLIB_10028.qps:90216: QCMATRIX section: quadratic constraints are not supported. This solver reads a quadratic OBJECTIVE only (QUADOBJ); a model with bi,0,,125.061293,,,0.0001,0,,,,0.015787,,,,60.0,1,8860d2a,"E2E TIR C3 container, 16 vCPU 29 GB (cgroup limits), AMD EPYC 9555 64-Core Processor host, nothing else running; AMD EPYC 9555 64-Core Processor; 256 cores; 1512 GiB RAM; Linux-x86_64",2026-10-03T08:07:41+00:00
QPLIB_10029,CMQ,0,df9f0d150a6f7598c53972e0e2aa2a71c706e69da2bb0f513e3e0a03e772c0c0,769850bd14a2b31b6f2d3abe3af9a3de93ee32f2b3b8aa28caad065e684678b7,,,,400,0,,quadratic_constraints,read_error,error: /home/jovyan/run-cpu/SANKHYA/data/qplib/QPLIB_10029.qps:90216: QCMATRIX section: quadratic constraints are not supported. This solver reads a quadratic OBJECTIVE only (QUADOBJ); a model with bi,0,,133.9004219,,,0.0001,0,,,,0.014888,,,,60.0,1,8860d2a,"E2E TIR C3 container, 16 vCPU 29 GB (cgroup limits), AMD EPYC 9555 64-Core Processor host, nothing else running; AMD EPYC 9555 64-Core Processor; 256 cores; 1512 GiB RAM; Linux-x86_64",2026-10-03T08:07:41+00:00
QPLIB_10030,LMQ,0,3fa6339941c9030542dd84de49136b8f00d8266e7bac1761f833b59490aa9236,4c38268ea21d82242ffd1b35fae02936457bfff86c485cee317314e7f4f7dcfe,,,,3000,0,,quadratic_constraints,read_error,error: /home/jovyan/run-cpu/SANKHYA/data/qplib/QPLIB_10030.qps:63011: QCMATRIX section: quadratic constraints are not supported. This solver reads a quadratic OBJECTIVE only (QUADOBJ); a model with bi,0,,14509419100.0,,,0.0001,0,,,,0.013498,,,,60.0,1,8860d2a,"E2E TIR C3 container, 16 vCPU 29 GB (cgroup limits), AMD EPYC 9555 64-Core Processor host, nothing else running; AMD EPYC 9555 64-Core Processor; 256 cores; 1512 GiB RAM; Linux-x86_64",2026-10-03T08:07:41+00:00
QPLIB_10031,LMQ,0,225595bbcc698c1f2c8d61a8b92b2ef42e34143a6ffccf668464cd43976c5a49,ff251c7bda8256ec0e6a2e14457137cc72a2dc52fb0b59541bb4717fd2e273ae,,,,3000,0,,quadratic_constraints,read_error,error: /home/jovyan/run-cpu/SANKHYA/data/qplib/QPLIB_10031.qps:63011: QCMATRIX section: quadratic constraints are not supported. This solver reads a quadratic OBJECTIVE only (QUADOBJ); a model with bi,0,,14426128900.0,,,0.0001,0,,,,0.013314,,,,60.0,1,8860d2a,"E2E TIR C3 container, 16 vCPU 29 GB (cgroup limits), AMD EPYC 9555 64-Core Processor host, nothing else running; AMD EPYC 9555 64-Core Processor; 256 cores; 1512 GiB RAM; Linux-x86_64",2026-10-03T08:07:41+00:00
QPLIB_10032,LMQ,0,52c30e6bed60c172314d56a1d18a347cab34b24a28935d5a3802a670451e9288,b34a88cb9204a55d97a250d7cb3c8f5d1416b8e9a880b79dc7af645be1768639,,,,3000,0,,quadratic_constraints,read_error,error: /home/jovyan/run-cpu/SANKHYA/data/qplib/QPLIB_10032.qps:63011: QCMATRIX section: quadratic constraints are not supported. This solver reads a quadratic OBJECTIVE only (QUADOBJ); a model with bi,0,,14465997920.0,,,0.0001,0,,,,0.013991,,,,60.0,1,8860d2a,"E2E TIR C3 container, 16 vCPU 29 GB (cgroup limits), AMD EPYC 9555 64-Core Processor host, nothing else running; AMD EPYC 9555 64-Core Processor; 256 cores; 1512 GiB RAM; Linux-x86_64",2026-10-03T08:07:41+00:00
QPLIB_10033,LMQ,0,94ae283469948ca6687150d8779dde805019442bf31fecbeff3df2933eaf3062,76c412d023108bf3b273399e5c3812a6b5411e951f034c255286ef9b1a2d1dbf,,,,3000,0,,quadratic_constraints,read_error,error: /home/jovyan/run-cpu/SANKHYA/data/qplib/QPLIB_10033.qps:63011: QCMATRIX section: quadratic constraints are not supported. This solver reads a quadratic OBJECTIVE only (QUADOBJ); a model with bi,0,,14487197400.0,,,0.0001,0,,,,0.013563,,,,60.0,1,8860d2a,"E2E TIR C3 container, 16 vCPU 29 GB (cgroup limits), AMD EPYC 9555 64-Core Processor host, nothing else running; AMD EPYC 9555 64-Core Processor; 256 cores; 1512 GiB RAM; Linux-x86_64",2026-10-03T08:07:41+00:00
QPLIB_10034,DCL,1,d5adc2d674eff19adf9f081efd65f154b46c9ac85844ea61fbbdea0177ecbba2,a94b8f8b9f57ed0644c1dd6e7d673b766e93d92aec36e16b87fc5ee1e3ce2425,40200,40400,239603,0,1,qp-ipm,,time_limit,"stopped at the time limit of 59.9923s after 59.99s, 102 iterations, 0 nodes",0,-0.06440278307323384,-0.06601017605,0.0016073929767661532,0.0016073929767661532,1e-06,0,0,0,"model     /home/jovyan/run-cpu/SANKHYA/data/qplib/QPLIB_10034.qps
solution  /tmp/tmphfwdtvv1/solution.sol
problem   QPLIB_10034  40200 rows x 40400 columns  minimize
status    time_limit

Independent checks (this script shares no code with the solver):
  [PASS] structure                         4020",60.127339,59.992923607,102,0,60.0,1,8860d2a,"E2E TIR C3 container, 16 vCPU 29 GB (cgroup limits), AMD EPYC 9555 64-Core Processor host, nothing else running; AMD EPYC 9555 64-Core Processor; 256 cores; 1512 GiB RAM; Linux-x86_64",2026-10-03T08:07:41+00:00
QPLIB_10035,LCQ,0,ba56be8b6595b1bfbd6e1982826b6917da0aeef219ff18446d8fc23eaadb8e73,98d31752517b3513478e40bef31cc6649c4d769ffc5fd124268b5210955ea1dd,,,,0,0,,quadratic_constraints,read_error,error: /home/jovyan/run-cpu/SANKHYA/data/qplib/QPLIB_10035.qps:360814: QCMATRIX section: quadratic constraints are not supported. This solver reads a quadratic OBJECTIVE only (QUADOBJ); a model with b,0,,0.0005420935803,,,1e-06,0,,,,0.092455,,,,60.0,1,8860d2a,"E2E TIR C3 container, 16 vCPU 29 GB (cgroup limits), AMD EPYC 9555 64-Core Processor host, nothing else running; AMD EPYC 9555 64-Core Processor; 256 cores; 1512 GiB RAM; Linux-x86_64",2026-10-03T08:07:41+00:00
QPLIB_10036,LCQ,0,8942d9b3230caaa56ce5ad505c6f9968e80d0cbc1c18507544d457ea0cf11225,07405225c0ace2c13b11c891b8f43309d2d0e66c70008ab07b2eafa9af1d2cfe,,,,0,0,,quadratic_constraints,read_error,error: /home/jovyan/run-cpu/SANKHYA/data/qplib/QPLIB_10036.qps:360814: QCMATRIX section: quadratic constraints are not supported. This solver reads a quadratic OBJECTIVE only (QUADOBJ); a model with b,0,,0.06666666666,,,1e-06,0,,,,0.091704,,,,60.0,1,8860d2a,"E2E TIR C3 container, 16 vCPU 29 GB (cgroup limits), AMD EPYC 9555 64-Core Processor host, nothing else running; AMD EPYC 9555 64-Core Processor; 256 cores; 1512 GiB RAM; Linux-x86_64",2026-10-03T08:07:41+00:00
QPLIB_10037,LCQ,0,0c5cc949fbd3363e22b28e675711c14ff845231bd7fc93d2646b99676abdbabe,3c08203ecd904e4429584119be052b68bee09522d6911661c8127ac5d05009c3,,,,0,0,,quadratic_constraints,read_error,error: /home/jovyan/run-cpu/SANKHYA/data/qplib/QPLIB_10037.qps:320614: QCMATRIX section: quadratic constraints are not supported. This solver reads a quadratic OBJECTIVE only (QUADOBJ); a model with b,0,,0.06637131601,,,1e-06,0,,,,0.108967,,,,60.0,1,8860d2a,"E2E TIR C3 container, 16 vCPU 29 GB (cgroup limits), AMD EPYC 9555 64-Core Processor host, nothing else running; AMD EPYC 9555 64-Core Processor; 256 cores; 1512 GiB RAM; Linux-x86_64",2026-10-03T08:07:41+00:00
QPLIB_10038,DCL,1,266a46cad0f274f9e2bf319d4a5f95d795f9ece45c94788f662fa3d5635ad9b6,ef39e16125239c51e6b5547230cc9f1249f9e274322caa4c33eacb123ce954ba,160400,160800,959203,0,1,qp-ipm,,time_limit,"stopped at the time limit of 59.9657s after 59.97s, 23 iterations, 0 nodes",0,-0.050066651606364025,0.0,0.050066651606364025,0.050066651606364025,1e-06,0,1,1,,60.70052,59.96818257,23,0,60.0,1,8860d2a,"E2E TIR C3 container, 16 vCPU 29 GB (cgroup limits), AMD EPYC 9555 64-Core Processor host, nothing else running; AMD EPYC 9555 64-Core Processor; 256 cores; 1512 GiB RAM; Linux-x86_64",2026-10-03T08:07:41+00:00
QPLIB_10039,LCQ,0,8ecbeb5a0e8511410147b06b51ce4698f5dd4813db69d251e75db56f36a9717c,2eec1ac0433da95660b2b0a1800b47064d10e5f9c373b7eceae023681c4f6cc5,,,,0,0,,quadratic_constraints,read_error,error: /home/jovyan/run-cpu/SANKHYA/data/qplib/QPLIB_10039.qps:124344: QCMATRIX section: quadratic constraints are not supported. This solver reads a quadratic OBJECTIVE only (QUADOBJ); a model with b,0,,2.316338609,,,1e-06,0,,,,0.039157,,,,60.0,1,8860d2a,"E2E TIR C3 container, 16 vCPU 29 GB (cgroup limits), AMD EPYC 9555 64-Core Processor host, nothing else running; AMD EPYC 9555 64-Core Processor; 256 cores; 1512 GiB RAM; Linux-x86_64",2026-10-03T08:07:41+00:00
QPLIB_10040,QBL,0,8979a62e125ca08e01d4884a4a9a9b170223b35635ed368d06cfb537d5d4c452,ad9597b07ce0fede6734d564a388f76b53e0d99e0e44c00b69c5491a07f8f4ed,6,125,750,125,1,branch-and-bound,nonconvex,model_error,the continuous relaxation was refused: the quadratic objective is not convex: sparse LDL^T of Q + 1.24e-12 I reached a pivot of -5.37949e-10 at column 15 (x16) in minimization sense; it exhibits a dir,0,,-0.0,,,0.0001,0,,,,0.012628,0.0,0,0,60.0,1,8860d2a,"E2E TIR C3 container, 16 vCPU 29 GB (cgroup limits), AMD EPYC 9555 64-Core Processor host, nothing else running; AMD EPYC 9555 64-Core Processor; 256 cores; 1512 GiB RAM; Linux-x86_64",2026-10-03T08:07:41+00:00
QPLIB_10041,QBL,0,e81b385ef07c01d8eeb55ca13e9a7c0c7f297e61e144e1a250a48e0bedfcd29c,453b2727f878995fc036fe5e01d8d86f1b2101afe0d219122d3fb2a764ae205f,6,125,750,125,1,branch-and-bound,nonconvex,model_error,the continuous relaxation was refused: the quadratic objective is not convex: sparse LDL^T of Q + 1.31e-12 I reached a pivot of -3.11158e-08 at column 107 (x108) in minimization sense; it exhibits a d,0,,-0.0,,,0.0001,0,,,,0.005151,0.0,0,0,60.0,1,8860d2a,"E2E TIR C3 container, 16 vCPU 29 GB (cgroup limits), AMD EPYC 9555 64-Core Processor host, nothing else running; AMD EPYC 9555 64-Core Processor; 256 cores; 1512 GiB RAM; Linux-x86_64",2026-10-03T08:07:41+00:00
QPLIB_10042,QBL,0,49f589de7c364c324461762e7cc2ee83d61c060bf82b2e9882771cd6fc39791d,01632cd8ce6f7750cc49f8b4e19b49be8c0ddae20f9f1828395e0872def0af35,5,125,625,125,1,branch-and-bound,nonconvex,model_error,the continuous relaxation was refused: the quadratic objective is not convex: sparse LDL^T of Q + 3.15e-12 I reached a pivot of -6.46292e-09 at column 89 (x90) in minimization sense; it exhibits a dir,0,,-20.8819262,,,0.0001,0,,,,0.005083,0.0,0,0,60.0,1,8860d2a,"E2E TIR C3 container, 16 vCPU 29 GB (cgroup limits), AMD EPYC 9555 64-Core Processor host, nothing else running; AMD EPYC 9555 64-Core Processor; 256 cores; 1512 GiB RAM; Linux-x86_64",2026-10-03T08:07:41+00:00
QPLIB_10043,QBL,0,f38112b5567c5653f73e583b627fc6498ee6ae08a8e558407df38de80a05c147,a8567d3f5b4100edf2a421d2bd1f8cc8b4e33429124df9337ba217c711a644ea,10,150,1498,150,1,branch-and-bound,nonconvex,model_error,the continuous relaxation was refused: the quadratic objective is not convex: sparse LDL^T of Q + 4.17e-12 I reached a pivot of -1.05571e-11 at column 56 (x57) in minimization sense; it exhibits a dir,0,,-0.0,,,0.0001,0,,,,0.006714,0.0,0,0,60.0,1,8860d2a,"E2E TIR C3 container, 16 vCPU 29 GB (cgroup limits), AMD EPYC 9555 64-Core Processor host, nothing else running; AMD EPYC 9555 64-Core Processor; 256 cores; 1512 GiB RAM; Linux-x86_64",2026-10-03T08:07:41+00:00
QPLIB_10044,QBL,0,0bb31fb5a410e2feb477399cced3dd665c6bfb4a8cb35a01403ad7a312ab6f44,6576c54f0993975f7952ec3f4646157d0bc2a6dadadb75438c09faf169ffe17a,6,150,900,150,1,branch-and-bound,nonconvex,model_error,the continuous relaxation was refused: the quadratic objective is not convex: sparse LDL^T of Q + 4.78e-12 I reached a pivot of -9.2468e-08 at column 73 (x74) in minimization sense; it exhibits a dire,0,,-7.868866549,,,0.0001,0,,,,0.006078,0.0,0,0,60.0,1,8860d2a,"E2E TIR C3 container, 16 vCPU 29 GB (cgroup limits), AMD EPYC 9555 64-Core Processor host, nothing else running; AMD EPYC 9555 64-Core Processor; 256 cores; 1512 GiB RAM; Linux-x86_64",2026-10-03T08:07:41+00:00
QPLIB_10045,QBL,0,44c9263b343e53e8ffc6187d7bad724067143668aedb57acf4fd6a3367cb0ea6,ab1cdd72c67b902ca68f8840ab6520fa29e04c5ccefa86e1550261c696d1b9d9,10,150,1498,150,1,branch-and-bound,nonconvex,model_error,the continuous relaxation was refused: the quadratic objective is not convex: sparse LDL^T of Q + 5.8e-12 I reached a pivot of -0.000413059 at column 112 (x113) in minimization sense; it exhibits a di,0,,-0.0,,,0.0001,0,,,,0.005821,0.0,0,0,60.0,1,8860d2a,"E2E TIR C3 container, 16 vCPU 29 GB (cgroup limits), AMD EPYC 9555 64-Core Processor host, nothing else running; AMD EPYC 9555 64-Core Processor; 256 cores; 1512 GiB RAM; Linux-x86_64",2026-10-03T08:07:41+00:00
QPLIB_10046,QBL,0,d860b24702af617ae2a19e697d0a8e233538500ac09c3c122607f34cf46777c9,e47d5434d783f6e937d4584f5b54d106bb60c9eeed06b05854318c85d0223cb0,6,150,900,150,1,branch-and-bound,nonconvex,model_error,the continuous relaxation was refused: the quadratic objective is not convex: sparse LDL^T of Q + 7.95e-12 I reached a pivot of -2.10961e-10 at column 31 (x32) in minimization sense; it exhibits a dir,0,,-0.7127002361,,,0.0001,0,,,,0.005743,0.0,0,0,60.0,1,8860d2a,"E2E TIR C3 container, 16 vCPU 29 GB (cgroup limits), AMD EPYC 9555 64-Core Processor host, nothing else running; AMD EPYC 9555 64-Core Processor; 256 cores; 1512 GiB RAM; Linux-x86_64",2026-10-03T08:07:41+00:00
QPLIB_10047,QBL,0,daab682847c573a0c3a5e85de59802e74a1f129f32aa84822558b0ceb9ef6547,fb15b87c03ee142ba6ee398f82f6a10b31da240742483f893a91e10bf61da9a1,10,150,1498,150,1,branch-and-bound,nonconvex,model_error,the continuous relaxation was refused: the quadratic objective is not convex: sparse LDL^T of Q + 1.49e-12 I reached a pivot of -3.04283e-09 at column 74 (x75) in minimization sense; it exhibits a dir,0,,-0.0,,,0.0001,0,,,,0.005569,0.0,0,0,60.0,1,8860d2a,"E2E TIR C3 container, 16 vCPU 29 GB (cgroup limits), AMD EPYC 9555 64-Core Processor host, nothing else running; AMD EPYC 9555 64-Core Processor; 256 cores; 1512 GiB RAM; Linux-x86_64",2026-10-03T08:07:41+00:00
QPLIB_10048,QBL,0,e8dddd972af66210d2ceaf94baed3491f7a4aac98961cea0b8375dcb870fdb6d,fb3af860a06ded0289a52e989a101cc7b87a4c32197336171805625cd83ce0e8,5,150,750,150,1,branch-and-bound,nonconvex,model_error,the continuous relaxation was refused: the quadratic objective is not convex: sparse LDL^T of Q + 4.28e-12 I reached a pivot of -4.27775e-11 at column 115 (x116) in minimization sense; it exhibits a d,0,,-13.56267356,,,0.0001,0,,,,0.00604,0.0,0,0,60.0,1,8860d2a,"E2E TIR C3 container, 16 vCPU 29 GB (cgroup limits), AMD EPYC 9555 64-Core Processor host, nothing else running; AMD EPYC 9555 64-Core Processor; 256 cores; 1512 GiB RAM; Linux-x86_64",2026-10-03T08:07:41+00:00
QPLIB_10049,QBL,0,da01d5e7bb4599b877dbcbe150467e08720bd5d6918564b26b6364eb03067e5c,0ddd0aa4c8d26d60a9be51c9954f007620101e6360535186616d42c80f22819b,10,150,1498,150,1,branch-and-bound,nonconvex,model_error,the continuous relaxation was refused: the quadratic objective is not convex: sparse LDL^T of Q + 4.63e-12 I reached a pivot of -2.26916e-09 at column 74 (x75) in minimization sense; it exhibits a dir,0,,-0.0,,,0.0001,0,,,,0.005634,0.0,0,0,60.0,1,8860d2a,"E2E TIR C3 container, 16 vCPU 29 GB (cgroup limits), AMD EPYC 9555 64-Core Processor host, nothing else running; AMD EPYC 9555 64-Core Processor; 256 cores; 1512 GiB RAM; Linux-x86_64",2026-10-03T08:07:41+00:00
QPLIB_10050,CBL,1,6cb0208f5dca368308a6038885ce7e6fef0c572484536a535ec1bfac22a657ab,4fb94840604f65e8330e32f270bf15edac3b8e8d00ba0010bb95754c4b17849d,5,150,750,150,1,branch-and-bound,,iteration_limit,"the node LP at node 1 stopped at the iteration limit, so the tree cannot go on: a node whose bound is unknown cannot be fathomed without risking the optimum (stopped at the iteration limit of 2000000 ",0,inf,-25.69766163,inf,inf,0.0001,0,0,1,,48.159563,48.154102787,0,1,60.0,1,8860d2a,"E2E TIR C3 container, 16 vCPU 29 GB (cgroup limits), AMD EPYC 9555 64-Core Processor host, nothing else running; AMD EPYC 9555 64-Core Processor; 256 cores; 1512 GiB RAM; Linux-x86_64",2026-10-03T08:07:41+00:00
QPLIB_10051,QBL,0,7e9bb978da1f47568ab0732a29a4e2b02be2d5317ac309f605f2087f332f019c,92325da50e692d0c9c701754cf2eefce726e539ae26b0b2a8b92f4e1e0055dbe,10,150,1498,150,1,branch-and-bound,nonconvex,model_error,the continuous relaxation was refused: the quadratic objective is not convex: sparse LDL^T of Q + 4.34e-12 I reached a pivot of -2.97428e-08 at column 52 (x53) in minimization sense; it exhibits a dir,0,,-0.0,,,0.0001,0,,,,0.007238,0.0,0,0,60.0,1,8860d2a,"E2E TIR C3 container, 16 vCPU 29 GB (cgroup limits), AMD EPYC 9555 64-Core Processor host, nothing else running; AMD EPYC 9555 64-Core Processor; 256 cores; 1512 GiB RAM; Linux-x86_64",2026-10-03T08:07:41+00:00
QPLIB_10052,QBL,0,264b04f9804c2869fc68b6a507abd9008d00e9b6f92439bc08ecba667412c859,dc6b2d67aef13b6644cfed0413559949239bf4c2541e7efc4a95174837c9d620,6,150,900,150,1,branch-and-bound,nonconvex,model_error,the continuous relaxation was refused: the quadratic objective is not convex: sparse LDL^T of Q + 5e-12 I reached a pivot of -3.21789e-09 at column 88 (x89) in minimization sense; it exhibits a direct,0,,-11.81057614,,,0.0001,0,,,,0.007053,0.0,0,0,60.0,1,8860d2a,"E2E TIR C3 container, 16 vCPU 29 GB (cgroup limits), AMD EPYC 9555 64-Core Processor host, nothing else running; AMD EPYC 9555 64-Core Processor; 256 cores; 1512 GiB RAM; Linux-x86_64",2026-10-03T08:07:41+00:00
QPLIB_10053,QBL,0,c2a5a690959239bce73e8722ea7db6c7639250748f53d8630094a15d786f92b5,934b59492c3c651fe9f71c919d5307291b4e7a72d7553caf9c1e7d3dfb8f4f1c,10,150,1498,150,1,branch-and-bound,nonconvex,model_error,the continuous relaxation was refused: the quadratic objective is not convex: sparse LDL^T of Q + 6.8e-12 I reached a pivot of -1.39053e-09 at column 137 (x138) in minimization sense; it exhibits a di,0,,-0.0,,,0.0001,0,,,,0.006851,0.0,0,0,60.0,1,8860d2a,"E2E TIR C3 container, 16 vCPU 29 GB (cgroup limits), AMD EPYC 9555 64-Core Processor host, nothing else running; AMD EPYC 9555 64-Core Processor; 256 cores; 1512 GiB RAM; Linux-x86_64",2026-10-03T08:07:41+00:00
QPLIB_10054,QBL,0,a60f3bf3cd0a5a8ac96537e1557c79961114de2d4c9812ed9dee398ebf66263e,fac875501a9d529bcab2cbc4fe3efb15378bc8a90243ada51933b858f77f86ad,11,175,1925,175,1,branch-and-bound,nonconvex,model_error,the continuous relaxation was refused: the quadratic objective is not convex: sparse LDL^T of Q + 4.54e-12 I reached a pivot of -0.000101127 at column 60 (x61) in minimization sense; it exhibits a dir,0,,-10.19706381,,,0.0001,0,,,,0.007881,0.0,0,0,60.0,1,8860d2a,"E2E TIR C3 container, 16 vCPU 29 GB (cgroup limits), AMD EPYC 9555 64-Core Processor host, nothing else running; AMD EPYC 9555 64-Core Processor; 256 cores; 1512 GiB RAM; Linux-x86_64",2026-10-03T08:07:41+00:00
QPLIB_10055,QBL,0,0a712d82763c6c5911ecac740e5047d7ddb7b830502fb2896934358e4d0f1a16,45732fec724c37c551980846300b46231ddbfbdd6cc002fd75ac63e06f3295b5,5,175,874,175,1,branch-and-bound,nonconvex,model_error,the continuous relaxation was refused: the quadratic objective is not convex: sparse LDL^T of Q + 6.56e-12 I reached a pivot of -1.38665e-05 at column 49 (x50) in minimization sense; it exhibits a dir,0,,-1.258548474,,,0.0001,0,,,,0.00752,0.0,0,0,60.0,1,8860d2a,"E2E TIR C3 container, 16 vCPU 29 GB (cgroup limits), AMD EPYC 9555 64-Core Processor host, nothing else running; AMD EPYC 9555 64-Core Processor; 256 cores; 1512 GiB RAM; Linux-x86_64",2026-10-03T08:07:41+00:00
QPLIB_10056,CBL,1,83d0301c758e2b0dffb43a2c2cd550812114e5151cb1577b2e9b36c9984710f1,512cb3fd9c2ee3f790975b89e022b373f07d63f172fd5d6aeb8184c4ae8a178c,5,175,874,175,1,branch-and-bound,,time_limit,"; no feasible point had been found when the limit stopped the search, so none is reported (the objective is the worst representable value, not a solution)",0,inf,-33.85678866,inf,inf,0.0001,0,0,1,,60.006721,59.999856145,0,1,60.0,1,8860d2a,"E2E TIR C3 container, 16 vCPU 29 GB (cgroup limits), AMD EPYC 9555 64-Core Processor host, nothing else running; AMD EPYC 9555 64-Core Processor; 256 cores; 1512 GiB RAM; Linux-x86_64",2026-10-03T08:07:41+00:00
QPLIB_10057,QBL,0,97a2bf322ecde23896b649efdd5228d9cf8f528df9cc5a1a96d2369f38e12734,952cce474426be5b9280d4cae7cb463c85d00706820c4c5c3faf2285027f3d9d,11,200,2199,200,1,branch-and-bound,nonconvex,model_error,the continuous relaxation was refused: the quadratic objective is not convex: sparse LDL^T of Q + 8.35e-12 I reached a pivot of -5.59564e-10 at column 61 (x62) in minimization sense; it exhibits a dir,0,,-0.0,,,0.0001,0,,,,0.008772,0.0,0,0,60.0,1,8860d2a,"E2E TIR C3 container, 16 vCPU 29 GB (cgroup limits), AMD EPYC 9555 64-Core Processor host, nothing else running; AMD EPYC 9555 64-Core Processor; 256 cores; 1512 GiB RAM; Linux-x86_64",2026-10-03T08:07:41+00:00
QPLIB_10058,QBL,0,b17cd47bc8c1a21fa4d464fdada2a79d69b90bc686d9c075178ade76e929f0f1,f920eabcc37b4cbea8176d4ce9e80b080eb07bba0d7238a86f857bccdf257cfc,11,200,2197,200,1,branch-and-bound,nonconvex,model_error,the continuous relaxation was refused: the quadratic objective is not convex: sparse LDL^T of Q + 6.72e-12 I reached a pivot of -7.1482e-08 at column 55 (x56) in minimization sense; it exhibits a dire,0,,-3.566525619,,,0.0001,0,,,,0.010323,0.0,0,0,60.0,1,8860d2a,"E2E TIR C3 container, 16 vCPU 29 GB (cgroup limits), AMD EPYC 9555 64-Core Processor host, nothing else running; AMD EPYC 9555 64-Core Processor; 256 cores; 1512 GiB RAM; Linux-x86_64",2026-10-03T08:07:41+00:00
QPLIB_10059,QBL,0,194d55492b3c221bf87ed891344852b280f5f0fcf3c8d78fe9d331d4634774bb,a15aa252cf19e3bb61c233ca9c87e13e7654a8005decc19d1d0f384287d8b21c,10,200,1996,200,1,branch-and-bound,nonconvex,model_error,the continuous relaxation was refused: the quadratic objective is not convex: sparse LDL^T of Q + 4.74e-12 I reached a pivot of -2.25145e-10 at column 43 (x44) in minimization sense; it exhibits a dir,0,,-0.0,,,0.0001,0,,,,0.008049,0.0,0,0,60.0,1,8860d2a,"E2E TIR C3 container, 16 vCPU 29 GB (cgroup limits), AMD EPYC 9555 64-Core Processor host, nothing else running; AMD EPYC 9555 64-Core Processor; 256 cores; 1512 GiB RAM; Linux-x86_64",2026-10-03T08:07:41+00:00
QPLIB_10060,QBL,0,d5f398543d8e11622e89925fb8522bd10667d5e8562fc3e17cfa5fcd84b7a8d8,934358a6ea4a2b2e9607ae105e1069c67dd969727cb84ebd634010158fab5905,10,200,1996,200,1,branch-and-bound,nonconvex,model_error,the continuous relaxation was refused: the quadratic objective is not convex: sparse LDL^T of Q + 7.94e-12 I reached a pivot of -2.98898e-05 at column 76 (x77) in minimization sense; it exhibits a dir,0,,-0.0,,,0.0001,0,,,,0.010096,0.0,0,0,60.0,1,8860d2a,"E2E TIR C3 container, 16 vCPU 29 GB (cgroup limits), AMD EPYC 9555 64-Core Processor host, nothing else running; AMD EPYC 9555 64-Core Processor; 256 cores; 1512 GiB RAM; Linux-x86_64",2026-10-03T08:07:41+00:00
QPLIB_10061,QBL,0,201d5389dd974773e06b5f861c47157eeeb282cdd1560092f4f63d15a46afd7f,5069025ef9eda645abfde26a820e5c0e28291276c369896fcc145559476603c2,5,200,999,200,1,branch-and-bound,nonconvex,model_error,the continuous relaxation was refused: the quadratic objective is not convex: sparse LDL^T of Q + 1.13e-11 I reached a pivot of -3.98268e-05 at column 57 (x58) in minimization sense; it exhibits a dir,0,,-23.99855941,,,0.0001,0,,,,0.009673,0.0,0,0,60.0,1,8860d2a,"E2E TIR C3 container, 16 vCPU 29 GB (cgroup limits), AMD EPYC 9555 64-Core Processor host, nothing else running; AMD EPYC 9555 64-Core Processor; 256 cores; 1512 GiB RAM; Linux-x86_64",2026-10-03T08:07:41+00:00
QPLIB_10062,QBL,0,8a681ad81aacd8870a7fd69d44ce8d81896b6a805fa14505fc45dcfad7ea67df,93445ce795b122865c64e1d0f0ada8e10c56b241a85745d0a249384ec177b88a,10,200,1996,200,1,branch-and-bound,nonconvex,model_error,the continuous relaxation was refused: the quadratic objective is not convex: sparse LDL^T of Q + 9.61e-12 I reached a pivot of -4.74565e-07 at column 167 (x168) in minimization sense; it exhibits a d,0,,-0.0,,,0.0001,0,,,,0.00923,0.0,0,0,60.0,1,8860d2a,"E2E TIR C3 container, 16 vCPU 29 GB (cgroup limits), AMD EPYC 9555 64-Core Processor host, nothing else running; AMD EPYC 9555 64-Core Processor; 256 cores; 1512 GiB RAM; Linux-x86_64",2026-10-03T08:07:41+00:00
QPLIB_10063,QBL,0,e13fe52e6d0716a294fff6786e08325fd64a98f4d5f3c9a4efc511c19880e4d9,0ebf16d66e28961ed382b96cef2ac304434988bb22f689ef67036247717c9e30,5,200,999,200,1,branch-and-bound,nonconvex,model_error,the continuous relaxation was refused: the quadratic objective is not convex: sparse LDL^T of Q + 1.29e-12 I reached a pivot of -0.000184996 at column 177 (x178) in minimization sense; it exhibits a d,0,,-42.51597243,,,0.0001,0,,,,0.009663,0.0,0,0,60.0,1,8860d2a,"E2E TIR C3 container, 16 vCPU 29 GB (cgroup limits), AMD EPYC 9555 64-Core Processor host, nothing else running; AMD EPYC 9555 64-Core Processor; 256 cores; 1512 GiB RAM; Linux-x86_64",2026-10-03T08:07:41+00:00
QPLIB_10064,QBL,0,9d3bfa7379e72bda075932f5b724ef2a9aa66453f55d1c1a1c6c4b3e8ea9bf4a,7f54af0a0b33ac2436b04b26494090c646158b784ea6108b673032b78e16f7b8,11,200,2199,200,1,branch-and-bound,nonconvex,model_error,the continuous relaxation was refused: the quadratic objective is not convex: sparse LDL^T of Q + 2.67e-12 I reached a pivot of -2.92407e-06 at column 176 (x177) in minimization sense; it exhibits a d,0,,-0.0,,,0.0001,0,,,,0.009618,0.0,0,0,60.0,1,8860d2a,"E2E TIR C3 container, 16 vCPU 29 GB (cgroup limits), AMD EPYC 9555 64-Core Processor host, nothing else running; AMD EPYC 9555 64-Core Processor; 256 cores; 1512 GiB RAM; Linux-x86_64",2026-10-03T08:07:41+00:00
QPLIB_10065,QBL,0,b2acb673f6f46c93e0f2f7620651c3231e3133a4d1fa4b39657541be708a10be,311f2af408ea6226056f8a4c34df3a3ac5291a8cd4496876d4934d5c57cc3cc2,11,200,2199,200,1,branch-and-bound,nonconvex,model_error,the continuous relaxation was refused: the quadratic objective is not convex: sparse LDL^T of Q + 4.23e-12 I reached a pivot of -1.16688e-07 at column 105 (x106) in minimization sense; it exhibits a d,0,,-29.82242097,,,0.0001,0,,,,0.008896,0.0,0,0,60.0,1,8860d2a,"E2E TIR C3 container, 16 vCPU 29 GB (cgroup limits), AMD EPYC 9555 64-Core Processor host, nothing else running; AMD EPYC 9555 64-Core Processor; 256 cores; 1512 GiB RAM; Linux-x86_64",2026-10-03T08:07:41+00:00
QPLIB_10066,QBL,0,35227e1632dfacf524a223f0df6519db5a1492575d2aa008e49cc92db57f3c56,87f60f044c641eb8cdb814d08c9a0c1baa0c28919267e245a9b4fcde11e0ef1a,11,200,2197,200,1,branch-and-bound,nonconvex,model_error,the continuous relaxation was refused: the quadratic objective is not convex: sparse LDL^T of Q + 3.47e-12 I reached a pivot of -4.64532e-09 at column 19 (x20) in minimization sense; it exhibits a dir,0,,-32.97988603,,,0.0001,0,,,,0.008809,0.0,0,0,60.0,1,8860d2a,"E2E TIR C3 container, 16 vCPU 29 GB (cgroup limits), AMD EPYC 9555 64-Core Processor host, nothing else running; AMD EPYC 9555 64-Core Processor; 256 cores; 1512 GiB RAM; Linux-x86_64",2026-10-03T08:07:41+00:00
QPLIB_10067,QBL,0,f501852a09be78af9797b0bf3a66cb9f49fdeff8eb9e31f308cb8466eab4d7bb,3be398547acaf3f50a6555b1565e578b2ca11a70800955e1bbdbb21ca235e703,5,200,999,200,1,branch-and-bound,nonconvex,model_error,the continuous relaxation was refused: the quadratic objective is not convex: sparse LDL^T of Q + 7.74e-12 I reached a pivot of -1.24712e-05 at column 12 (x13) in minimization sense; it exhibits a dir,0,,-31.56870096,,,0.0001,0,,,,0.008668,0.0,0,0,60.0,1,8860d2a,"E2E TIR C3 container, 16 vCPU 29 GB (cgroup limits), AMD EPYC 9555 64-Core Processor host, nothing else running; AMD EPYC 9555 64-Core Processor; 256 cores; 1512 GiB RAM; Linux-x86_64",2026-10-03T08:07:41+00:00
QPLIB_10068,QBL,0,145d3c299d2a9ddddc8ad6704367501b3e962288830a84e8b0779481d9a3b324,660e3f85009cb5ebb296bc47ed0beb0f694a8000d16705c4ea770f4b8b1ec75b,11,200,2197,200,1,branch-and-bound,nonconvex,model_error,the continuous relaxation was refused: the quadratic objective is not convex: sparse LDL^T of Q + 6.3e-12 I reached a pivot of -1.23992e-05 at column 159 (x160) in minimization sense; it exhibits a di,0,,-31.6396972,,,0.0001,0,,,,0.009526,0.0,0,0,60.0,1,8860d2a,"E2E TIR C3 container, 16 vCPU 29 GB (cgroup limits), AMD EPYC 9555 64-Core Processor host, nothing else running; AMD EPYC 9555 64-Core Processor; 256 cores; 1512 GiB RAM; Linux-x86_64",2026-10-03T08:07:41+00:00
QPLIB_10069,CBL,1,19d444d1100502924ec41cec815c92a89781b05958a8127f95ba53ffccfcda67,5b81cbdac6e74404e63cfcb62ad30c5295172d5d8602d49e6caccff45b072186,10,200,1996,200,1,branch-and-bound,,optimal,,1,0.0,-0.0,0.0,0.0,0.0001,1,0,1,,1.223556,1.21582029,0,1,60.0,1,8860d2a,"E2E TIR C3 container, 16 vCPU 29 GB (cgroup limits), AMD EPYC 9555 64-Core Processor host, nothing else running; AMD EPYC 9555 64-Core Processor; 256 cores; 1512 GiB RAM; Linux-x86_64",2026-10-03T08:07:41+00:00
QPLIB_10070,QBL,0,f1168a9c31c33dd4636748a330f9a4aeaa38e4e30bde8f1e17a516c47deba3cd,6cd1d6840c2e8a7c3359dc29bee17146c2db3993bb314c409b2f99dbfe7c1b51,11,200,2197,200,1,branch-and-bound,nonconvex,model_error,the continuous relaxation was refused: the quadratic objective is not convex: sparse LDL^T of Q + 8.42e-12 I reached a pivot of -0.00390678 at column 174 (x175) in minimization sense; it exhibits a di,0,,-25.33284987,,,0.0001,0,,,,0.009929,0.0,0,0,60.0,1,8860d2a,"E2E TIR C3 container, 16 vCPU 29 GB (cgroup limits), AMD EPYC 9555 64-Core Processor host, nothing else running; AMD EPYC 9555 64-Core Processor; 256 cores; 1512 GiB RAM; Linux-x86_64",2026-10-03T08:07:41+00:00
QPLIB_10071,QBL,0,fb3e4b7c29754fb8796c02d9b6d378a6fa3af3319e23d03cdad633c83f69f7d1,779068db27725736c99aced9c0315b9975bd242e4f651054ed6ada04f5f88ae1,11,200,2199,200,1,branch-and-bound,nonconvex,model_error,the continuous relaxation was refused: the quadratic objective is not convex: sparse LDL^T of Q + 7.89e-12 I reached a pivot of -1.35224e-08 at column 95 (x96) in minimization sense; it exhibits a dir,0,,-0.0,,,0.0001,0,,,,0.010098,0.0,0,0,60.0,1,8860d2a,"E2E TIR C3 container, 16 vCPU 29 GB (cgroup limits), AMD EPYC 9555 64-Core Processor host, nothing else running; AMD EPYC 9555 64-Core Processor; 256 cores; 1512 GiB RAM; Linux-x86_64",2026-10-03T08:07:41+00:00
QPLIB_10072,QBL,0,39e35539d4015a68b35df4b3aa6e3b146d17b13de45e0675bcab6e34fdd3385c,245f50b7c970ff9972493ccfeb224ddb5cf97649c73879b555a9d70488af561f,10,75,749,75,1,branch-and-bound,nonconvex,model_error,the continuous relaxation was refused: the quadratic objective is not convex: sparse LDL^T of Q + 1.28e-12 I reached a pivot of -1.95126e-06 at column 59 (x60) in minimization sense; it exhibits a dir,0,,-0.0,,,0.0001,0,,,,0.002939,0.0,0,0,60.0,1,8860d2a,"E2E TIR C3 container, 16 vCPU 29 GB (cgroup limits), AMD EPYC 9555 64-Core Processor host, nothing else running; AMD EPYC 9555 64-Core Processor; 256 cores; 1512 GiB RAM; Linux-x86_64",2026-10-03T08:07:41+00:00
QPLIB_10073,QBL,0,4d9efa03cca2901014904d160e6b8ad0e6856fa230a6cb246e194cbcc1b9abfa,a18cea17b1247f24f403a574b8cf0f258e3c0b5218012c006ce41faed575cfa4,6,75,450,75,1,branch-and-bound,nonconvex,model_error,the continuous relaxation was refused: the quadratic objective is not convex: sparse LDL^T of Q + 3.04e-12 I reached a pivot of -2.85407e-05 at column 61 (x62) in minimization sense; it exhibits a dir,0,,-0.0,,,0.0001,0,,,,0.002556,0.0,0,0,60.0,1,8860d2a,"E2E TIR C3 container, 16 vCPU 29 GB (cgroup limits), AMD EPYC 9555 64-Core Processor host, nothing else running; AMD EPYC 9555 64-Core Processor; 256 cores; 1512 GiB RAM; Linux-x86_64",2026-10-03T08:07:41+00:00
QPLIB_10074,QBL,0,e67572afdc79546cbf1af7ae16bdc246a9a7df04562a29567f549145eeacbc8c,d1149cd8caf3a909abf6b11ebac0e95588f24bc396f4812bc63df30f888cab1b,10,75,749,75,1,branch-and-bound,nonconvex,model_error,the continuous relaxation was refused: the quadratic objective is not convex: sparse LDL^T of Q + 2.44e-12 I reached a pivot of -3.36993e-11 at column 43 (x44) in minimization sense; it exhibits a dir,0,,-0.0,,,0.0001,0,,,,0.003013,0.0,0,0,60.0,1,8860d2a,"E2E TIR C3 container, 16 vCPU 29 GB (cgroup limits), AMD EPYC 9555 64-Core Processor host, nothing else running; AMD EPYC 9555 64-Core Processor; 256 cores; 1512 GiB RAM; Linux-x86_64",2026-10-03T08:07:41+00:00
QPLIB_1055,QCQ,0,98785174de0dd8ec3f86910c8ebb6e84908b506ec7397998236691c3d634dc8f,598e5f798d3ea0e70e0599b8bc32ac33e3d8fd03cfaf0b5e4111c79ccd8d2304,,,,0,0,,quadratic_constraints,read_error,error: /home/jovyan/run-cpu/SANKHYA/data/qplib/QPLIB_1055.qps:1788: QCMATRIX section: quadratic constraints are not supported. This solver reads a quadratic OBJECTIVE only (QUADOBJ); a model with bili,0,,-33.03702314,,,1e-06,0,,,,0.001619,,,,60.0,1,8860d2a,"E2E TIR C3 container, 16 vCPU 29 GB (cgroup limits), AMD EPYC 9555 64-Core Processor host, nothing else running; AMD EPYC 9555 64-Core Processor; 256 cores; 1512 GiB RAM; Linux-x86_64",2026-10-03T08:07:41+00:00
QPLIB_1143,QCQ,0,3f5b82fabc8fa3b69fc48ae8d7918f1d2d5b818aaecf90c15ccc44e72af14721,8cb5b183ba8590073e21d17bc9e4ec4eac935b03e5d9276439c2ecd22d5b9fc7,,,,0,0,,quadratic_constraints,read_error,error: /home/jovyan/run-cpu/SANKHYA/data/qplib/QPLIB_1143.qps:1928: QCMATRIX section: quadratic constraints are not supported. This solver reads a quadratic OBJECTIVE only (QUADOBJ); a model with bili,0,,-57.24667411,,,1e-06,0,,,,0.002425,,,,60.0,1,8860d2a,"E2E TIR C3 container, 16 vCPU 29 GB (cgroup limits), AMD EPYC 9555 64-Core Processor host, nothing else running; AMD EPYC 9555 64-Core Processor; 256 cores; 1512 GiB RAM; Linux-x86_64",2026-10-03T08:07:41+00:00
QPLIB_1157,QCQ,0,1fe95a863d82b2a2dcd6489a6c289c95564c2f51043ee1f6afc4897777446f60,ca8d90a0a20fb0c0e6f043c4ca60e950d32406a44ae99504a3645b8624d4c281,,,,0,0,,quadratic_constraints,read_error,error: /home/jovyan/run-cpu/SANKHYA/data/qplib/QPLIB_1157.qps:1281: QCMATRIX section: quadratic constraints are not supported. This solver reads a quadratic OBJECTIVE only (QUADOBJ); a model with bili,0,,-10.94820362,,,1e-06,0,,,,0.001606,,,,60.0,1,8860d2a,"E2E TIR C3 container, 16 vCPU 29 GB (cgroup limits), AMD EPYC 9555 64-Core Processor host, nothing else running; AMD EPYC 9555 64-Core Processor; 256 cores; 1512 GiB RAM; Linux-x86_64",2026-10-03T08:07:41+00:00
QPLIB_1353,QCQ,0,43ded7eed46f8c6ab7e0f6d5cfc2df34d078b6afb7ca4fef8f964712cfc48db9,06932a6b698dba5902600d4fb0162f8999a1833d531bb45ac84d15c12cd29f44,,,,0,0,,quadratic_constraints,read_error,error: /home/jovyan/run-cpu/SANKHYA/data/qplib/QPLIB_1353.qps:1691: QCMATRIX section: quadratic constraints are not supported. This solver reads a quadratic OBJECTIVE only (QUADOBJ); a model with bili,0,,-7.714162166,,,1e-06,0,,,,0.002522,,,,60.0,1,8860d2a,"E2E TIR C3 container, 16 vCPU 29 GB (cgroup limits), AMD EPYC 9555 64-Core Processor host, nothing else running; AMD EPYC 9555 64-Core Processor; 256 cores; 1512 GiB RAM; Linux-x86_64",2026-10-03T08:07:41+00:00
QPLIB_1423,QCQ,0,5184617d3dde31f90fe69708ef90b6f5fb48c57ba150c9a884312beb18bd5b4e,4503e6a7e163fc2279568f645ebb58e6302e3343be182366667e243e99bcf308,,,,0,0,,quadratic_constraints,read_error,error: /home/jovyan/run-cpu/SANKHYA/data/qplib/QPLIB_1423.qps:1912: QCMATRIX section: quadratic constraints are not supported. This solver reads a quadratic OBJECTIVE only (QUADOBJ); a model with bili,0,,-14.96746772,,,1e-06,0,,,,0.001683,,,,60.0,1,8860d2a,"E2E TIR C3 container, 16 vCPU 29 GB (cgroup limits), AMD EPYC 9555 64-Core Processor host, nothing else running; AMD EPYC 9555 64-Core Processor; 256 cores; 1512 GiB RAM; Linux-x86_64",2026-10-03T08:07:41+00:00
QPLIB_1437,QCQ,0,638198e1290d2b9c34a6cb9500240a684ca0adbf53e7450dfc1e03a8be174c38,9ec1e253d7aaeec6e17a931ade83c152b4add866773b71f6a69620b8b9805a8b,,,,0,0,,quadratic_constraints,read_error,error: /home/jovyan/run-cpu/SANKHYA/data/qplib/QPLIB_1437.qps:1947: QCMATRIX section: quadratic constraints are not supported. This solver reads a quadratic OBJECTIVE only (QUADOBJ); a model with bili,0,,-7.789172855,,,1e-06,0,,,,0.001598,,,,60.0,1,8860d2a,"E2E TIR C3 container, 16 vCPU 29 GB (cgroup limits), AMD EPYC 9555 64-Core Processor host, nothing else running; AMD EPYC 9555 64-Core Processor; 256 cores; 1512 GiB RAM; Linux-x86_64",2026-10-03T08:07:41+00:00
QPLIB_1451,QCQ,0,6c0e89996e8f8f7ce2faaca39b14c16be3525216e0fa40749eb79ae361cebc8e,dbe000ce4adc03dad614cf56b9825fe1d5114f42fdc2989138dc0ea3fdf43487,,,,0,0,,quadratic_constraints,read_error,error: /home/jovyan/run-cpu/SANKHYA/data/qplib/QPLIB_1451.qps:5156: QCMATRIX section: quadratic constraints are not supported. This solver reads a quadratic OBJECTIVE only (QUADOBJ); a model with bili,0,,-87.5764866,,,1e-06,0,,,,0.002575,,,,60.0,1,8860d2a,"E2E TIR C3 container, 16 vCPU 29 GB (cgroup limits), AMD EPYC 9555 64-Core Processor host, nothing else running; AMD EPYC 9555 64-Core Processor; 256 cores; 1512 GiB RAM; Linux-x86_64",2026-10-03T08:07:41+00:00
QPLIB_1493,QCQ,0,3b42a3399579069f47f8e5ea6262b64320f60843a15cdaf4c3fbefe6a27b858d,21cac3fa825a0ab16d6a83cfdaefc38d23dadc42c040f4b3908d0ceb33440062,,,,0,0,,quadratic_constraints,read_error,error: /home/jovyan/run-cpu/SANKHYA/data/qplib/QPLIB_1493.qps:1136: QCMATRIX section: quadratic constraints are not supported. This solver reads a quadratic OBJECTIVE only (QUADOBJ); a model with bili,0,,-43.16043152,,,1e-06,0,,,,0.001515,,,,60.0,1,8860d2a,"E2E TIR C3 container, 16 vCPU 29 GB (cgroup limits), AMD EPYC 9555 64-Core Processor host, nothing else running; AMD EPYC 9555 64-Core Processor; 256 cores; 1512 GiB RAM; Linux-x86_64",2026-10-03T08:07:41+00:00
QPLIB_1507,QCQ,0,356fa9956ef76d02b589deaa5eab2c078b2cdc3a28b96930048284dffd54b9c9,af23b97eaabd50da38cbf8430e9a25299de20d278e4d315a99005a3e9abb3dba,,,,0,0,,quadratic_constraints,read_error,error: /home/jovyan/run-cpu/SANKHYA/data/qplib/QPLIB_1507.qps:1597: QCMATRIX section: quadratic constraints are not supported. This solver reads a quadratic OBJECTIVE only (QUADOBJ); a model with bili,0,,-8.301376966,,,1e-06,0,,,,0.001599,,,,60.0,1,8860d2a,"E2E TIR C3 container, 16 vCPU 29 GB (cgroup limits), AMD EPYC 9555 64-Core Processor host, nothing else running; AMD EPYC 9555 64-Core Processor; 256 cores; 1512 GiB RAM; Linux-x86_64",2026-10-03T08:07:41+00:00
QPLIB_1535,QCQ,0,66d9ba7508aabf03c246b0d2c3c2025bfecc855ecc1967a1cb4f7dfd593cd5e1,8a9faab02ad25cf28c53a63b29ff408bc16d73cd4650112f6210901f25eb1b53,,,,0,0,,quadratic_constraints,read_error,error: /home/jovyan/run-cpu/SANKHYA/data/qplib/QPLIB_1535.qps:5987: QCMATRIX section: quadratic constraints are not supported. This solver reads a quadratic OBJECTIVE only (QUADOBJ); a model with bili,0,,-11.5861351,,,1e-06,0,,,,0.002353,,,,60.0,1,8860d2a,"E2E TIR C3 container, 16 vCPU 29 GB (cgroup limits), AMD EPYC 9555 64-Core Processor host, nothing else running; AMD EPYC 9555 64-Core Processor; 256 cores; 1512 GiB RAM; Linux-x86_64",2026-10-03T08:07:41+00:00
QPLIB_1619,QCQ,0,d0d22b77df13b85940a05376cec3a4afb8aa0412ddb39d89457969c95d1360f9,3c37bd24c2cd32445d6b9bf2554ff228a0791a0afc0cf8c48196de1a45d50586,,,,0,0,,quadratic_constraints,read_error,error: /home/jovyan/run-cpu/SANKHYA/data/qplib/QPLIB_1619.qps:2927: QCMATRIX section: quadratic constraints are not supported. This solver reads a quadratic OBJECTIVE only (QUADOBJ); a model with bili,0,,-9.217302263,,,1e-06,0,,,,0.002187,,,,60.0,1,8860d2a,"E2E TIR C3 container, 16 vCPU 29 GB (cgroup limits), AMD EPYC 9555 64-Core Processor host, nothing else running; AMD EPYC 9555 64-Core Processor; 256 cores; 1512 GiB RAM; Linux-x86_64",2026-10-03T08:07:41+00:00
QPLIB_1661,QCQ,0,716defd8f6799adb826d4c66fc09483d738be1847030a6850174321f120052e6,98def91ad830f2defe507c1a3e8406a07fd037f92f4c968e79b2e445e302a641,,,,0,0,,quadratic_constraints,read_error,error: /home/jovyan/run-cpu/SANKHYA/data/qplib/QPLIB_1661.qps:2738: QCMATRIX section: quadratic constraints are not supported. This solver reads a quadratic OBJECTIVE only (QUADOBJ); a model with bili,0,,-15.95489773,,,1e-06,0,,,,0.001713,,,,60.0,1,8860d2a,"E2E TIR C3 container, 16 vCPU 29 GB (cgroup limits), AMD EPYC 9555 64-Core Processor host, nothing else running; AMD EPYC 9555 64-Core Processor; 256 cores; 1512 GiB RAM; Linux-x86_64",2026-10-03T08:07:41+00:00
QPLIB_1675,QCQ,0,1e32aa95eb998a5d0806a6706e8573576ebd013c299d5e5ebf3ab473e94a5179,7dda4393e3a4240be83a4b073a7a730deb9d74dbf2fe19fc83a549a9130ceb73,,,,0,0,,quadratic_constraints,read_error,error: /home/jovyan/run-cpu/SANKHYA/data/qplib/QPLIB_1675.qps:1886: QCMATRIX section: quadratic constraints are not supported. This solver reads a quadratic OBJECTIVE only (QUADOBJ); a model with bili,0,,-75.66868248,,,1e-06,0,,,,0.00163,,,,60.0,1,8860d2a,"E2E TIR C3 container, 16 vCPU 29 GB (cgroup limits), AMD EPYC 9555 64-Core Processor host, nothing else running; AMD EPYC 9555 64-Core Processor; 256 cores; 1512 GiB RAM; Linux-x86_64",2026-10-03T08:07:41+00:00
QPLIB_1703,QCQ,0,b181c058dd67943d8a29ca79dda6e69d52dbfc28f5bcf7837e45a9d0fbf42c74,9b98b548c2aa4666a08cfcd3b7fca21f45370808ae8eb0e535e980ef93dd6237,,,,0,0,,quadratic_constraints,read_error,error: /home/jovyan/run-cpu/SANKHYA/data/qplib/QPLIB_1703.qps:4200: QCMATRIX section: quadratic constraints are not supported. This solver reads a quadratic OBJECTIVE only (QUADOBJ); a model with bili,0,,-132.8020247,,,1e-06,0,,,,0.002346,,,,60.0,1,8860d2a,"E2E TIR C3 container, 16 vCPU 29 GB (cgroup limits), AMD EPYC 9555 64-Core Processor host, nothing else running; AMD EPYC 9555 64-Core Processor; 256 cores; 1512 GiB RAM; Linux-x86_64",2026-10-03T08:07:41+00:00
QPLIB_1745,QCQ,0,4618cb67f026d446ada91ef353d0f73af3ff15529e6b585cd61552e782acfd33,3db558189480126f88fe855c7f22cc1f74ece22c87cf16df2b3e196a1751d8aa,,,,0,0,,quadratic_constraints,read_error,error: /home/jovyan/run-cpu/SANKHYA/data/qplib/QPLIB_1745.qps:3625: QCMATRIX section: quadratic constraints are not supported. This solver reads a quadratic OBJECTIVE only (QUADOBJ); a model with bili,0,,-72.37658976,,,1e-06,0,,,,0.00197,,,,60.0,1,8860d2a,"E2E TIR C3 container, 16 vCPU 29 GB (cgroup limits), AMD EPYC 9555 64-Core Processor host, nothing else running; AMD EPYC 9555 64-Core Processor; 256 cores; 1512 GiB RAM; Linux-x86_64",2026-10-03T08:07:41+00:00
QPLIB_1773,QCQ,0,8a1759a4a2302f012cec405765722dc356ce2d507e9ed02ac917eabae09bcbef,e4132eded1c673a7e280df8696af12c8e5fbd07ec8413be5872a8904b36e94a3,,,,0,0,,quadratic_constraints,read_error,error: /home/jovyan/run-cpu/SANKHYA/data/qplib/QPLIB_1773.qps:2355: QCMATRIX section: quadratic constraints are not supported. This solver reads a quadratic OBJECTIVE only (QUADOBJ); a model with bili,0,,-14.64186129,,,1e-06,0,,,,0.001684,,,,60.0,1,8860d2a,"E2E TIR C3 container, 16 vCPU 29 GB (cgroup limits), AMD EPYC 9555 64-Core Processor host, nothing else running; AMD EPYC 9555 64-Core Processor; 256 cores; 1512 GiB RAM; Linux-x86_64",2026-10-03T08:07:41+00:00
QPLIB_1886,QCQ,0,f5da8fe1883f559b2e2bcf8b5ee6ca17a58f88b84eb2a1937ff2c8b145f4a987,3ba7c38a47c17b01f0328196f289f03d366bdbe7ca0c11dd3f1f8fc954fa6423,,,,0,0,,quadratic_constraints,read_error,error: /home/jovyan/run-cpu/SANKHYA/data/qplib/QPLIB_1886.qps:3374: QCMATRIX section: quadratic constraints are not supported. This solver reads a quadratic OBJECTIVE only (QUADOBJ); a model with bili,0,,-78.67156135,,,1e-06,0,,,,0.001879,,,,60.0,1,8860d2a,"E2E TIR C3 container, 16 vCPU 29 GB (cgroup limits), AMD EPYC 9555 64-Core Processor host, nothing else running; AMD EPYC 9555 64-Core Processor; 256 cores; 1512 GiB RAM; Linux-x86_64",2026-10-03T08:07:41+00:00
QPLIB_1913,QCQ,0,c3144b4c65c4f0ab11ff2a0e0564c42db27ae6e5873788bff7d4e3c2e24be3df,69e271f2c0d8f4acc2829b1495c3e6ed4f00ed86e7e3dba0ade42919c4f0302c,,,,0,0,,quadratic_constraints,read_error,error: /home/jovyan/run-cpu/SANKHYA/data/qplib/QPLIB_1913.qps:2827: QCMATRIX section: quadratic constraints are not supported. This solver reads a quadratic OBJECTIVE only (QUADOBJ); a model with bili,0,,-52.1084813,,,1e-06,0,,,,0.001742,,,,60.0,1,8860d2a,"E2E TIR C3 container, 16 vCPU 29 GB (cgroup limits), AMD EPYC 9555 64-Core Processor host, nothing else running; AMD EPYC 9555 64-Core Processor; 256 cores; 1512 GiB RAM; Linux-x86_64",2026-10-03T08:07:41+00:00
QPLIB_1922,QCQ,0,bb08e4b7a754c756d98307c687ca80ec72f251827b325724ec6242303d19fd9a,987a6c6e517c4f46e78da20a33ead2e3dce8588edfee36c9c4c6c7862409e6f5,,,,0,0,,quadratic_constraints,read_error,error: /home/jovyan/run-cpu/SANKHYA/data/qplib/QPLIB_1922.qps:2236: QCMATRIX section: quadratic constraints are not supported. This solver reads a quadratic OBJECTIVE only (QUADOBJ); a model with bili,0,,-35.9505868,,,1e-06,0,,,,0.001751,,,,60.0,1,8860d2a,"E2E TIR C3 container, 16 vCPU 29 GB (cgroup limits), AMD EPYC 9555 64-Core Processor host, nothing else running; AMD EPYC 9555 64-Core Processor; 256 cores; 1512 GiB RAM; Linux-x86_64",2026-10-03T08:07:41+00:00
QPLIB_1931,QCQ,0,7a52493b75420c234e83cd259535f9d02040f8036aeb016452558c5cfc53e4ed,5fa5afec9723ae7b01350634926d42ac17bfa917874c25facd4ae4db647fdb27,,,,0,0,,quadratic_constraints,read_error,error: /home/jovyan/run-cpu/SANKHYA/data/qplib/QPLIB_1931.qps:2205: QCMATRIX section: quadratic constraints are not supported. This solver reads a quadratic OBJECTIVE only (QUADOBJ); a model with bili,0,,-55.70887522,,,1e-06,0,,,,0.001655,,,,60.0,1,8860d2a,"E2E TIR C3 container, 16 vCPU 29 GB (cgroup limits), AMD EPYC 9555 64-Core Processor host, nothing else running; AMD EPYC 9555 64-Core Processor; 256 cores; 1512 GiB RAM; Linux-x86_64",2026-10-03T08:07:41+00:00
QPLIB_1940,QCQ,0,9e95490a09887cadc7d894bcebd44fb8ba6811bfad0bc501a8f86a0726a5497c,7c36f4690b72aeaa5e5e28c57997ed40168e255ee94c97924d25b49e80f00f21,,,,0,0,,quadratic_constraints,read_error,error: /home/jovyan/run-cpu/SANKHYA/data/qplib/QPLIB_1940.qps:5216: QCMATRIX section: quadratic constraints are not supported. This solver reads a quadratic OBJECTIVE only (QUADOBJ); a model with bili,0,,-38.31010813,,,1e-06,0,,,,0.002258,,,,60.0,1,8860d2a,"E2E TIR C3 container, 16 vCPU 29 GB (cgroup limits), AMD EPYC 9555 64-Core Processor host, nothing else running; AMD EPYC 9555 64-Core Processor; 256 cores; 1512 GiB RAM; Linux-x86_64",2026-10-03T08:07:41+00:00
QPLIB_1967,QCQ,0,cc01e15ee8f3121d348aaf88db6ed848ec4f033fb79892c3f0c2c1078b652945,732bdd748470f6dcb839063b8bb386f085c12716514292e7772cd39caa04c40a,,,,0,0,,quadratic_constraints,read_error,error: /home/jovyan/run-cpu/SANKHYA/data/qplib/QPLIB_1967.qps:5315: QCMATRIX section: quadratic constraints are not supported. This solver reads a quadratic OBJECTIVE only (QUADOBJ); a model with bili,0,,-107.5813416,,,1e-06,0,,,,0.00262,,,,60.0,1,8860d2a,"E2E TIR C3 container, 16 vCPU 29 GB (cgroup limits), AMD EPYC 9555 64-Core Processor host, nothing else running; AMD EPYC 9555 64-Core Processor; 256 cores; 1512 GiB RAM; Linux-x86_64",2026-10-03T08:07:41+00:00
QPLIB_1976,QBQ,0,aa10f940977c68690270dd907c4185cbe119effb407f1b8c1050c324d5938a2a,5dc0bce641361f045a33d689ee9dc91c41f40c81b985af19c92b5299386eff2e,,,,152,0,,quadratic_constraints,read_error,error: /home/jovyan/run-cpu/SANKHYA/data/qplib/QPLIB_1976.qps:1842: QCMATRIX section: quadratic constraints are not supported. This solver reads a quadratic OBJECTIVE only (QUADOBJ); a model with bili,0,,-9594.0,,,0.0001,0,,,,0.00159,,,,60.0,1,8860d2a,"E2E TIR C3 container, 16 vCPU 29 GB (cgroup limits), AMD EPYC 9555 64-Core Processor host, nothing else running; AMD EPYC 9555 64-Core Processor; 256 cores; 1512 GiB RAM; Linux-x86_64",2026-10-03T08:07:41+00:00
QPLIB_2017,QBQ,0,a3ae4855cfdae63970e53ad13a2611475f1ede384a78a1a5bd307ef69577d206,2b84c721f5b497a2e72ba8b039e4e22f6f80f7d0c1a4a3d8c1e5a763d9b60554,,,,252,0,,quadratic_constraints,read_error,error: /home/jovyan/run-cpu/SANKHYA/data/qplib/QPLIB_2017.qps:3460: QCMATRIX section: quadratic constraints are not supported. This solver reads a quadratic OBJECTIVE only (QUADOBJ); a model with bili,0,,-22984.0,,,0.0001,0,,,,0.001837,,,,60.0,1,8860d2a,"E2E TIR C3 container, 16 vCPU 29 GB (cgroup limits), AMD EPYC 9555 64-Core Processor host, nothing else running; AMD EPYC 9555 64-Core Processor; 256 cores; 1512 GiB RAM; Linux-x86_64",2026-10-03T08:07:41+00:00
QPLIB_2022,QBQ,0,5a7be5ea50ad86d1cec020d93d5afe460b5ece548e72e8a3ce653cf2397c8606,5f6244f3098fe35317c0588777339543f65764032365aa1f5165d11562066907,,,,275,0,,quadratic_constraints,read_error,error: /home/jovyan/run-cpu/SANKHYA/data/qplib/QPLIB_2022.qps:3858: QCMATRIX section: quadratic constraints are not supported. This solver reads a quadratic OBJECTIVE only (QUADOBJ); a model with bili,0,,-22747.5,,,0.0001,0,,,,0.001911,,,,60.0,1,8860d2a,"E2E TIR C3 container, 16 vCPU 29 GB (cgroup limits), AMD EPYC 9555 64-Core Processor host, nothing else running; AMD EPYC 9555 64-Core Processor; 256 cores; 1512 GiB RAM; Linux-x86_64",2026-10-03T08:07:41+00:00
QPLIB_2029,QBQ,0,4aa0ed9d1263ba636c11b6ba0fe0fef40c97ec259fffc431004e87f77bd3630b,78dafa45b29db8179729afd33053b80308360d952e08a5433bdc73d6684a07bf,,,,299,0,,quadratic_constraints,read_error,error: /home/jovyan/run-cpu/SANKHYA/data/qplib/QPLIB_2029.qps:4308: QCMATRIX section: quadratic constraints are not supported. This solver reads a quadratic OBJECTIVE only (QUADOBJ); a model with bili,0,,-34704.0,,,0.0001,0,,,,0.00202,,,,60.0,1,8860d2a,"E2E TIR C3 container, 16 vCPU 29 GB (cgroup limits), AMD EPYC 9555 64-Core Processor host, nothing else running; AMD EPYC 9555 64-Core Processor; 256 cores; 1512 GiB RAM; Linux-x86_64",2026-10-03T08:07:41+00:00
QPLIB_2036,QBQ,0,899023a0630b8a80fde14a902dade82c683b0373f9e477cf611cf8be16731c4b,c654d83db3d8573552813710e1b8c092ddae3a12d5e53b2223c8230034921136,,,,324,0,,quadratic_constraints,read_error,error: /home/jovyan/run-cpu/SANKHYA/data/qplib/QPLIB_2036.qps:4751: QCMATRIX section: quadratic constraints are not supported. This solver reads a quadratic OBJECTIVE only (QUADOBJ); a model with bili,0,,-30820.0,,,0.0001,0,,,,0.001992,,,,60.0,1,8860d2a,"E2E TIR C3 container, 16 vCPU 29 GB (cgroup limits), AMD EPYC 9555 64-Core Processor host, nothing else running; AMD EPYC 9555 64-Core Processor; 256 cores; 1512 GiB RAM; Linux-x86_64",2026-10-03T08:07:41+00:00
QPLIB_2047,LBQ,0,2811bfa437af8f0930694358b5e028bad0a1cb495cfa0988c7d6d6db0355c2c0,56e5c20e4a40cf33db70c9860d137ec74a2aace9e531802a86a7b7731c8a2f46,,,,136,0,,quadratic_constraints,read_error,error: /home/jovyan/run-cpu/SANKHYA/data/qplib/QPLIB_2047.qps:8610: QCMATRIX section: quadratic constraints are not supported. This solver reads a quadratic OBJECTIVE only (QUADOBJ); a model with bili,0,,1182604.5,,,0.0001,0,,,,0.002849,,,,60.0,1,8860d2a,"E2E TIR C3 container, 16 vCPU 29 GB (cgroup limits), AMD EPYC 9555 64-Core Processor host, nothing else running; AMD EPYC 9555 64-Core Processor; 256 cores; 1512 GiB RAM; Linux-x86_64",2026-10-03T08:07:41+00:00
QPLIB_2055,LBQ,0,d9945fc228dd7f2e48876d2c814a15af4005cedaf810b3cd0dc6784c2ccae4cc,8d591a100d6ecd559bc643cd7b9cec8d877ec1e9f5dcc77c71d47f80fc2e7f00,,,,153,0,,quadratic_constraints,read_error,error: /home/jovyan/run-cpu/SANKHYA/data/qplib/QPLIB_2055.qps:10295: QCMATRIX section: quadratic constraints are not supported. This solver reads a quadratic OBJECTIVE only (QUADOBJ); a model with bil,0,,3389110.0,,,0.0001,0,,,,0.003043,,,,60.0,1,8860d2a,"E2E TIR C3 container, 16 vCPU 29 GB (cgroup limits), AMD EPYC 9555 64-Core Processor host, nothing else running; AMD EPYC 9555 64-Core Processor; 256 cores; 1512 GiB RAM; Linux-x86_64",2026-10-03T08:07:41+00:00
QPLIB_2060,LBQ,0,0e755dc8e8973195addb1776583aea4135d9dafaca0f336b366abc0165882876,47f3007ed775c09d93164f7d447b90ee734d03c2f36c1467c1f9dfa07a504ba7,,,,171,0,,quadratic_constraints,read_error,error: /home/jovyan/run-cpu/SANKHYA/data/qplib/QPLIB_2060.qps:12187: QCMATRIX section: quadratic constraints are not supported. This solver reads a quadratic OBJECTIVE only (QUADOBJ); a model with bil,0,,2528144.0,,,0.0001,0,,,,0.003461,,,,60.0,1,8860d2a,"E2E TIR C3 container, 16 vCPU 29 GB (cgroup limits), AMD EPYC 9555 64-Core Processor host, nothing else running; AMD EPYC 9555 64-Core Processor; 256 cores; 1512 GiB RAM; Linux-x86_64",2026-10-03T08:07:41+00:00
QPLIB_2067,LBQ,0,e1c07bc476230e411ea386901944f8f3eba4a41074d0c31aac29498bfde54051,a6b015ab055dcce9ee99fbf0d3a431bdffac6f28c5c68c30f1374b47c668b347,,,,190,0,,quadratic_constraints,read_error,error: /home/jovyan/run-cpu/SANKHYA/data/qplib/QPLIB_2067.qps:14298: QCMATRIX section: quadratic constraints are not supported. This solver reads a quadratic OBJECTIVE only (QUADOBJ); a model with bil,0,,3311060.0,,,0.0001,0,,,,0.003957,,,,60.0,1,8860d2a,"E2E TIR C3 container, 16 vCPU 29 GB (cgroup limits), AMD EPYC 9555 64-Core Processor host, nothing else running; AMD EPYC 9555 64-Core Processor; 256 cores; 1512 GiB RAM; Linux-x86_64",2026-10-03T08:07:41+00:00
QPLIB_2073,LBQ,0,ae37977a0c99670e48c60f1329c5dc6f7e33981d7b0fe29b03bd0b353efb69dc,b3eca61fee25ee61e31a3e798d38fab3f291c89ac2233efe1cac20445ca312b8,,,,210,0,,quadratic_constraints,read_error,error: /home/jovyan/run-cpu/SANKHYA/data/qplib/QPLIB_2073.qps:16640: QCMATRIX section: quadratic constraints are not supported. This solver reads a quadratic OBJECTIVE only (QUADOBJ); a model with bil,0,,7600750.0,,,0.0001,0,,,,0.004285,,,,60.0,1,8860d2a,"E2E TIR C3 container, 16 vCPU 29 GB (cgroup limits), AMD EPYC 9555 64-Core Processor host, nothing else running; AMD EPYC 9555 64-Core Processor; 256 cores; 1512 GiB RAM; Linux-x86_64",2026-10-03T08:07:41+00:00
QPLIB_2077,LBQ,0,aeef2296904ef2072baced560c1037d0678c6d29a173fac1dfa49782b715c3f9,aad96ddbee20bebb00b28ed0c6aa510b11edcf0fe6e1a7718cded6473fd6d54e,,,,231,0,,quadratic_constraints,read_error,error: /home/jovyan/run-cpu/SANKHYA/data/qplib/QPLIB_2077.qps:19224: QCMATRIX section: quadratic constraints are not supported. This solver reads a quadratic OBJECTIVE only (QUADOBJ); a model with bil,0,,2373966.0,,,0.0001,0,,,,0.004519,,,,60.0,1,8860d2a,"E2E TIR C3 container, 16 vCPU 29 GB (cgroup limits), AMD EPYC 9555 64-Core Processor host, nothing else running; AMD EPYC 9555 64-Core Processor; 256 cores; 1512 GiB RAM; Linux-x86_64",2026-10-03T08:07:41+00:00
QPLIB_2085,LBQ,0,432da1a3a5ba8f49924a7e455ce1deebd753f5671af58dd89d5b4bf79a76a625,54c6ef3e87d62aa7699ace9c916651700d925e82f7fc2e3d3880980ac9a85b2f,,,,253,0,,quadratic_constraints,read_error,error: /home/jovyan/run-cpu/SANKHYA/data/qplib/QPLIB_2085.qps:22063: QCMATRIX section: quadratic constraints are not supported. This solver reads a quadratic OBJECTIVE only (QUADOBJ); a model with bil,0,,7034580.0,,,0.0001,0,,,,0.005464,,,,60.0,1,8860d2a,"E2E TIR C3 container, 16 vCPU 29 GB (cgroup limits), AMD EPYC 9555 64-Core Processor host, nothing else running; AMD EPYC 9555 64-Core Processor; 256 cores; 1512 GiB RAM; Linux-x86_64",2026-10-03T08:07:41+00:00
QPLIB_2087,LBQ,0,35fb3c26de735ea87524be8f94b8641edfd3063fd2d6972d333b1a3c48cd30a6,833124e2d496297e114e077323e6c4c7462a91478a664caaf7333c140e5c2d8e,,,,276,0,,quadratic_constraints,read_error,error: /home/jovyan/run-cpu/SANKHYA/data/qplib/QPLIB_2087.qps:25173: QCMATRIX section: quadratic constraints are not supported. This solver reads a quadratic OBJECTIVE only (QUADOBJ); a model with bil,0,,3312579.0,,,0.0001,0,,,,0.005741,,,,60.0,1,8860d2a,"E2E TIR C3 container, 16 vCPU 29 GB (cgroup limits), AMD EPYC 9555 64-Core Processor host, nothing else running; AMD EPYC 9555 64-Core Processor; 256 cores; 1512 GiB RAM; Linux-x86_64",2026-10-03T08:07:41+00:00
QPLIB_2096,LBQ,0,8eb1773516b091087261771826689fe96a8daa22b2e123bcfa5d2ada39fba92b,bdeeb8a892b8d0b96440b233a2b13709a4a80a138aa76324b47920052785c884,,,,300,0,,quadratic_constraints,read_error,error: /home/jovyan/run-cpu/SANKHYA/data/qplib/QPLIB_2096.qps:28554: QCMATRIX section: quadratic constraints are not supported. This solver reads a quadratic OBJECTIVE only (QUADOBJ); a model with bil,0,,7064664.0,,,0.0001,0,,,,0.006759,,,,60.0,1,8860d2a,"E2E TIR C3 container, 16 vCPU 29 GB (cgroup limits), AMD EPYC 9555 64-Core Processor host, nothing else running; AMD EPYC 9555 64-Core Processor; 256 cores; 1512 GiB RAM; Linux-x86_64",2026-10-03T08:07:41+00:00
QPLIB_2165,LMQ,0,950fee4899be162fe36ad2fdefaa3d05d87ed90d223bbe2bc452f095d9a4b9bf,f9c68d2b138f68f51149c7159d2e71eacfde0beb45ed55046e323381c843782c,,,,683,0,,quadratic_constraints,read_error,error: /home/jovyan/run-cpu/SANKHYA/data/qplib/QPLIB_2165.qps:15728: QCMATRIX section: quadratic constraints are not supported. This solver reads a quadratic OBJECTIVE only (QUADOBJ); a model with bil,0,,11.0,,,0.0001,0,,,,0.00395,,,,60.0,1,8860d2a,"E2E TIR C3 container, 16 vCPU 29 GB (cgroup limits), AMD EPYC 9555 64-Core Processor host, nothing else running; AMD EPYC 9555 64-Core Processor; 256 cores; 1512 GiB RAM; Linux-x86_64",2026-10-03T08:07:41+00:00
QPLIB_2166,LMQ,0,4ed0e7f848975d3e1e23972a814e6160b26c75f0dec3e3d431a0638bff22e295,8b0dc74addde5bf232854ca5fdbab28a150c0fa4c04827ee978cb613b7901bf2,,,,345,0,,quadratic_constraints,read_error,error: /home/jovyan/run-cpu/SANKHYA/data/qplib/QPLIB_2166.qps:6907: QCMATRIX section: quadratic constraints are not supported. This solver reads a quadratic OBJECTIVE only (QUADOBJ); a model with bili,0,,83.0,,,0.0001,0,,,,0.002375,,,,60.0,1,8860d2a,"E2E TIR C3 container, 16 vCPU 29 GB (cgroup limits), AMD EPYC 9555 64-Core Processor host, nothing else running; AMD EPYC 9555 64-Core Processor; 256 cores; 1512 GiB RAM; Linux-x86_64",2026-10-03T08:07:41+00:00
QPLIB_2167,LMQ,0,1ba1b97f8c68b378f3cd36335feca031838e76bf0d1fc955db94b477b0f3131e,1e52377402ec156a6ed39d194c7d134f969538b0095957f2c82e95310c1e8235,,,,61,0,,quadratic_constraints,read_error,error: /home/jovyan/run-cpu/SANKHYA/data/qplib/QPLIB_2167.qps:1307: QCMATRIX section: quadratic constraints are not supported. This solver reads a quadratic OBJECTIVE only (QUADOBJ); a model with bili,0,,6.0,,,0.0001,0,,,,0.00138,,,,60.0,1,8860d2a,"E2E TIR C3 container, 16 vCPU 29 GB (cgroup limits), AMD EPYC 9555 64-Core Processor host, nothing else running; AMD EPYC 9555 64-Core Processor; 256 cores; 1512 GiB RAM; Linux-x86_64",2026-10-03T08:07:41+00:00
QPLIB_2168,LMQ,0,2fa736179e36d480c6ef1e57f444cad47cd708774c26f0b71d124006ce699a87,3070c30cd26a8d6af5862988fdeae84326b3789ce2d11de1f063e80e21b79449,,,,214,0,,quadratic_constraints,read_error,error: /home/jovyan/run-cpu/SANKHYA/data/qplib/QPLIB_2168.qps:4549: QCMATRIX section: quadratic constraints are not supported. This solver reads a quadratic OBJECTIVE only (QUADOBJ); a model with bili,0,,36.0,,,0.0001,0,,,,0.002299,,,,60.0,1,8860d2a,"E2E TIR C3 container, 16 vCPU 29 GB (cgroup limits), AMD EPYC 9555 64-Core Processor host, nothing else running; AMD EPYC 9555 64-Core Processor; 256 cores; 1512 GiB RAM; Linux-x86_64",2026-10-03T08:07:41+00:00
QPLIB_2169,LMQ,0,0e3025d91db5287f36a27db87ec80bedb47007d9d7b8ae05cc6ed62088cde753,0d1f4ecfb72998f2d2c78fa79f9da085062f71fea1eda8088318899e7c36d114,,,,297,0,,quadratic_constraints,read_error,error: /home/jovyan/run-cpu/SANKHYA/data/qplib/QPLIB_2169.qps:7010: QCMATRIX section: quadratic constraints are not supported. This solver reads a quadratic OBJECTIVE only (QUADOBJ); a model with bili,0,,29.0,,,0.0001,0,,,,0.00241,,,,60.0,1,8860d2a,"E2E TIR C3 container, 16 vCPU 29 GB (cgroup limits), AMD EPYC 9555 64-Core Processor host, nothing else running; AMD EPYC 9555 64-Core Processor; 256 cores; 1512 GiB RAM; Linux-x86_64",2026-10-03T08:07:41+00:00
QPLIB_2170,LMQ,0,848f943124b04901da662d75bf5047cef85b6e83e7c7a326f91f1abc4b5d3901,0c85354cdd3fc74fdbf87c0956e39b3d97319d6567a9eccd716af52dded76601,,,,351,0,,quadratic_constraints,read_error,error: /home/jovyan/run-cpu/SANKHYA/data/qplib/QPLIB_2170.qps:15470: QCMATRIX section: quadratic constraints are not supported. This solver reads a quadratic OBJECTIVE only (QUADOBJ); a model with bil,0,,6.0,,,0.0001,0,,,,0.004474,,,,60.0,1,8860d2a,"E2E TIR C3 container, 16 vCPU 29 GB (cgroup limits), AMD EPYC 9555 64-Core Processor host, nothing else running; AMD EPYC 9555 64-Core Processor; 256 cores; 1512 GiB RAM; Linux-x86_64",2026-10-03T08:07:41+00:00
QPLIB_2171,LMQ,0,6659e524c0d4a721336bf7d3775f0daea0d914effd0af37c218700823791ced3,7939b903eb1c274ceda504ea6e4a33e6292fd6c5c43cdf816053d4ddfd305d76,,,,150,0,,quadratic_constraints,read_error,error: /home/jovyan/run-cpu/SANKHYA/data/qplib/QPLIB_2171.qps:2714: QCMATRIX section: quadratic constraints are not supported. This solver reads a quadratic OBJECTIVE only (QUADOBJ); a model with bili,0,,25.0,,,0.0001,0,,,,0.001864,,,,60.0,1,8860d2a,"E2E TIR C3 container, 16 vCPU 29 GB (cgroup limits), AMD EPYC 9555 64-Core Processor host, nothing else running; AMD EPYC 9555 64-Core Processor; 256 cores; 1512 GiB RAM; Linux-x86_64",2026-10-03T08:07:41+00:00
QPLIB_2173,LMQ,0,28f51c1ad2015574d95b6842de0c0e902f884644e1e059fee6eed5f95680cf80,4fb1990dcfd174a00886b5a207c65b084e45ec1362582027e15b63b733c360f6,,,,215,0,,quadratic_constraints,read_error,error: /home/jovyan/run-cpu/SANKHYA/data/qplib/QPLIB_2173.qps:4096: QCMATRIX section: quadratic constraints are not supported. This solver reads a quadratic OBJECTIVE only (QUADOBJ); a model with bili,0,,11.0,,,0.0001,0,,,,0.00196,,,,60.0,1,8860d2a,"E2E TIR C3 container, 16 vCPU 29 GB (cgroup limits), AMD EPYC 9555 64-Core Processor host, nothing else running; AMD EPYC 9555 64-Core Processor; 256 cores; 1512 GiB RAM; Linux-x86_64",2026-10-03T08:07:41+00:00
QPLIB_2174,LMQ,0,b8527bd73ebada001e6d45562e93d9f8fdab3e287d1a465da11a89c5e2fc900b,395d6bb3aaafe218cac6dda792ee471d74bb831153bc02e9a8a7597df33fdae5,,,,768,0,,quadratic_constraints,read_error,error: /home/jovyan/run-cpu/SANKHYA/data/qplib/QPLIB_2174.qps:16151: QCMATRIX section: quadratic constraints are not supported. This solver reads a quadratic OBJECTIVE only (QUADOBJ); a model with bil,0,,147.0,,,0.0001,0,,,,0.004045,,,,60.0,1,8860d2a,"E2E TIR C3 container, 16 vCPU 29 GB (cgroup limits), AMD EPYC 9555 64-Core Processor host, nothing else running; AMD EPYC 9555 64-Core Processor; 256 cores; 1512 GiB RAM; Linux-x86_64",2026-10-03T08:07:41+00:00
QPLIB_2181,LMQ,0,7b533f43b5f5b59beee580ada82bb875198a3c8346aac351edae469a260bb473,09e12eb54a23c1953591283dd95c58ba89e947970f589fa7585559aa37480b42,,,,90,0,,quadratic_constraints,read_error,error: /home/jovyan/run-cpu/SANKHYA/data/qplib/QPLIB_2181.qps:2079: QCMATRIX section: quadratic constraints are not supported. This solver reads a quadratic OBJECTIVE only (QUADOBJ); a model with bili,0,,22.0,,,0.0001,0,,,,0.001579,,,,60.0,1,8860d2a,"E2E TIR C3 container, 16 vCPU 29 GB (cgroup limits), AMD EPYC 9555 64-Core Processor host, nothing else running; AMD EPYC 9555 64-Core Processor; 256 cores; 1512 GiB RAM; Linux-x86_64",2026-10-03T08:07:41+00:00
QPLIB_2187,LMQ,0,d69e7856405981742e49b3a35626a8c3e4f9f1032e7fbf97d76c269c8a0d7d61,9ec040916f9f2e49d3667d2f6f92500c807bfb5f2b17d9047c13b66e6472dd90,,,,90,0,,quadratic_constraints,read_error,error: /home/jovyan/run-cpu/SANKHYA/data/qplib/QPLIB_2187.qps:2530: QCMATRIX section: quadratic constraints are not supported. This solver reads a quadratic OBJECTIVE only (QUADOBJ); a model with bili,0,,13.0,,,0.0001,0,,,,0.001635,,,,60.0,1,8860d2a,"E2E TIR C3 container, 16 vCPU 29 GB (cgroup limits), AMD EPYC 9555 64-Core Processor host, nothing else running; AMD EPYC 9555 64-Core Processor; 256 cores; 1512 GiB RAM; Linux-x86_64",2026-10-03T08:07:41+00:00
QPLIB_2192,LMQ,0,7851c43263926538f5342af7de61258d9bab2a26d87e2f6748e999c2ea2310f4,3cdc88793256cc90cde680e6efa467e347ffa7463aa4847961985b5449c652c2,,,,90,0,,quadratic_constraints,read_error,error: /home/jovyan/run-cpu/SANKHYA/data/qplib/QPLIB_2192.qps:2981: QCMATRIX section: quadratic constraints are not supported. This solver reads a quadratic OBJECTIVE only (QUADOBJ); a model with bili,0,,10.0,,,0.0001,0,,,,0.001697,,,,60.0,1,8860d2a,"E2E TIR C3 container, 16 vCPU 29 GB (cgroup limits), AMD EPYC 9555 64-Core Processor host, nothing else running; AMD EPYC 9555 64-Core Processor; 256 cores; 1512 GiB RAM; Linux-x86_64",2026-10-03T08:07:41+00:00
QPLIB_2195,LMQ,0,316e7ab5280855f89a35d03715dd7b028424b63338dc917ee5c037eb1cad06d8,dd29ce245406e40bc3bf64a6e2f813f19ff3fbca17b23e59a805d44afe1a6b7b,,,,90,0,,quadratic_constraints,read_error,error: /home/jovyan/run-cpu/SANKHYA/data/qplib/QPLIB_2195.qps:3430: QCMATRIX section: quadratic constraints are not supported. This solver reads a quadratic OBJECTIVE only (QUADOBJ); a model with bili,0,,9.0,,,0.0001,0,,,,0.002585,,,,60.0,1,8860d2a,"E2E TIR C3 container, 16 vCPU 29 GB (cgroup limits), AMD EPYC 9555 64-Core Processor host, nothing else running; AMD EPYC 9555 64-Core Processor; 256 cores; 1512 GiB RAM; Linux-x86_64",2026-10-03T08:07:41+00:00
QPLIB_2202,LMQ,0,fa3cad18b83731d321f34cc554faec183dc0d0f8b5bfc796c9f8274e7f39f458,02c93f3f05590d658c2fac752fa49b1360a467a70be96c5b7fe2d8705e0b9001,,,,90,0,,quadratic_constraints,read_error,error: /home/jovyan/run-cpu/SANKHYA/data/qplib/QPLIB_2202.qps:1628: QCMATRIX section: quadratic constraints are not supported. This solver reads a quadratic OBJECTIVE only (QUADOBJ); a model with bili,0,,30.0,,,0.0001,0,,,,0.001543,,,,60.0,1,8860d2a,"E2E TIR C3 container, 16 vCPU 29 GB (cgroup limits), AMD EPYC 9555 64-Core Processor host, nothing else running; AMD EPYC 9555 64-Core Processor; 256 cores; 1512 GiB RAM; Linux-x86_64",2026-10-03T08:07:41+00:00
QPLIB_2203,LMQ,0,02717d85ac4a8f8bda9ddc7ec6f0dbd0b2da47314201f18658bae1082d852a79,e0898083c6b5d86f505b465ff2a2335b0d91a9a9563c5a1e39224cb8bfccac69,,,,100,0,,quadratic_constraints,read_error,error: /home/jovyan/run-cpu/SANKHYA/data/qplib/QPLIB_2203.qps:1807: QCMATRIX section: quadratic constraints are not supported. This solver reads a quadratic OBJECTIVE only (QUADOBJ); a model with bili,0,,33.0,,,0.0001,0,,,,0.001561,,,,60.0,1,8860d2a,"E2E TIR C3 container, 16 vCPU 29 GB (cgroup limits), AMD EPYC 9555 64-Core Processor host, nothing else running; AMD EPYC 9555 64-Core Processor; 256 cores; 1512 GiB RAM; Linux-x86_64",2026-10-03T08:07:41+00:00
QPLIB_2204,LMQ,0,be1914f7ccee14b05860cd9d72c4a70354169586281e90573c19154bb29aada8,75f2025ba3bd8ef6ee0d171fbbb79fcf1dcfc57b0ae949ea327477a8c5cff313,,,,110,0,,quadratic_constraints,read_error,error: /home/jovyan/run-cpu/SANKHYA/data/qplib/QPLIB_2204.qps:1986: QCMATRIX section: quadratic constraints are not supported. This solver reads a quadratic OBJECTIVE only (QUADOBJ); a model with bili,0,,38.0,,,0.0001,0,,,,0.001638,,,,60.0,1,8860d2a,"E2E TIR C3 container, 16 vCPU 29 GB (cgroup limits), AMD EPYC 9555 64-Core Processor host, nothing else running; AMD EPYC 9555 64-Core Processor; 256 cores; 1512 GiB RAM; Linux-x86_64",2026-10-03T08:07:41+00:00
QPLIB_2205,LMQ,0,1962ce052d07c26790ec65472927fc4e691672bc732362cca436bffb5ec947cd,f4ea4799a82f6a892f2c1113b888f1c381cdd32dc461cdeec877da11aed96e0b,,,,958,0,,quadratic_constraints,read_error,error: /home/jovyan/run-cpu/SANKHYA/data/qplib/QPLIB_2205.qps:19738: QCMATRIX section: quadratic constraints are not supported. This solver reads a quadratic OBJECTIVE only (QUADOBJ); a model with bil,0,,86.0,,,0.0001,0,,,,0.004616,,,,60.0,1,8860d2a,"E2E TIR C3 container, 16 vCPU 29 GB (cgroup limits), AMD EPYC 9555 64-Core Processor host, nothing else running; AMD EPYC 9555 64-Core Processor; 256 cores; 1512 GiB RAM; Linux-x86_64",2026-10-03T08:07:41+00:00
QPLIB_2206,LMQ,0,3005de9203227a288f2b7a17d9d9c49ceabc21dcaa67365448230faa8b2d65bd,714f5ed5ed1df845f098779a98a85a58efe525d15640f1e7bbd8613a3fb0a853,,,,194,0,,quadratic_constraints,read_error,error: /home/jovyan/run-cpu/SANKHYA/data/qplib/QPLIB_2206.qps:8879: QCMATRIX section: quadratic constraints are not supported. This solver reads a quadratic OBJECTIVE only (QUADOBJ); a model with bili,0,,13.0,,,0.0001,0,,,,0.002931,,,,60.0,1,8860d2a,"E2E TIR C3 container, 16 vCPU 29 GB (cgroup limits), AMD EPYC 9555 64-Core Processor host, nothing else running; AMD EPYC 9555 64-Core Processor; 256 cores; 1512 GiB RAM; Linux-x86_64",2026-10-03T08:07:41+00:00
QPLIB_2315,QBL,0,4994d5e609cc442e657f8a511f28abb90e7e4139ead58329b0a03c6e1b0e5271,1d63518f0bfa4e220c542472d8486ddc13ccc788680efa85756d4ac81b9cbd53,13090,595,39270,595,1,branch-and-bound,nonconvex,model_error,the continuous relaxation was refused: the quadratic objective is not convex: sparse LDL^T of Q + 1e-12 I reached a pivot of -3.6e+15 at column 227 (x228) in minimization sense; it exhibits a directio,0,,-29432.0,,,0.0001,0,,,,0.025746,0.0,0,0,60.0,1,8860d2a,"E2E TIR C3 container, 16 vCPU 29 GB (cgroup limits), AMD EPYC 9555 64-Core Processor host, nothing else running; AMD EPYC 9555 64-Core Processor; 256 cores; 1512 GiB RAM; Linux-x86_64",2026-10-03T08:07:41+00:00
QPLIB_2353,QML,0,76d061fe2af8dba2708620a411364a2c570d3f2d4b9f0a104a4c8e7d9ca8277e,0dec4db1f416245168c9eb9942523b0379e1dcffb63ffdbe7e1f6efe705d3c11,2240,240,6720,147,1,branch-and-bound,nonconvex,model_error,the continuous relaxation was refused: the quadratic objective is not convex: sparse LDL^T of Q + 1e-12 I reached a pivot of -4e+12 at column 163 (x164) in minimization sense; it exhibits a direction ,0,,-1674.0,,,0.0001,0,,,,0.006853,0.0,0,0,60.0,1,8860d2a,"E2E TIR C3 container, 16 vCPU 29 GB (cgroup limits), AMD EPYC 9555 64-Core Processor host, nothing else running; AMD EPYC 9555 64-Core Processor; 256 cores; 1512 GiB RAM; Linux-x86_64",2026-10-03T08:07:41+00:00
QPLIB_2357,QBL,0,a5665a42edc111e6f0a8cbe32b53899e1db121b9b346442cc06e99e1071cb91b,6bf7d652696fc335ddf868db044c4da1794eb94cd4cf7031a13c6abc472b29c4,2240,240,6720,240,1,branch-and-bound,nonconvex,model_error,the continuous relaxation was refused: the quadratic objective is not convex: sparse LDL^T of Q + 1e-12 I reached a pivot of -4e+12 at column 32 (x33) in minimization sense; it exhibits a direction x ,0,,-647.0,,,0.0001,0,,,,0.005272,0.0,0,0,60.0,1,8860d2a,"E2E TIR C3 container, 16 vCPU 29 GB (cgroup limits), AMD EPYC 9555 64-Core Processor host, nothing else running; AMD EPYC 9555 64-Core Processor; 256 cores; 1512 GiB RAM; Linux-x86_64",2026-10-03T08:07:41+00:00
QPLIB_2359,QBL,0,68e4b1297de5e68994f5ed368e55861e36105356e8ebc0c02d3e9f39bebfa15e,f69265c90ca304f42deae4e87274ca4519173dde6a6ac3d02daa2f4e02a2a9e8,3264,306,9792,306,1,branch-and-bound,nonconvex,model_error,the continuous relaxation was refused: the quadratic objective is not convex: sparse LDL^T of Q + 1e-12 I reached a pivot of -4e+12 at column 268 (x269) in minimization sense; it exhibits a direction ,0,,-648.0,,,0.0001,0,,,,0.006243,0.0,0,0,60.0,1,8860d2a,"E2E TIR C3 container, 16 vCPU 29 GB (cgroup limits), AMD EPYC 9555 64-Core Processor host, nothing else running; AMD EPYC 9555 64-Core Processor; 256 cores; 1512 GiB RAM; Linux-x86_64",2026-10-03T08:07:41+00:00
QPLIB_2416,LCQ,0,f4485ca9091a2b4101f81d9dd2c4ed9a50b1d402239ff75d083bd66668309c73,088f6a9cd1d06a2dd4de78807fbf69b63bb78510afd0ea69342f2976834fe2a0,,,,0,0,,quadratic_constraints,read_error,error: /home/jovyan/run-cpu/SANKHYA/data/qplib/QPLIB_2416.qps:1781: QCMATRIX section: quadratic constraints are not supported. This solver reads a quadratic OBJECTIVE only (QUADOBJ); a model with bili,0,,9.988706875,,,1e-06,0,,,,0.00177,,,,60.0,1,8860d2a,"E2E TIR C3 container, 16 vCPU 29 GB (cgroup limits), AMD EPYC 9555 64-Core Processor host, nothing else running; AMD EPYC 9555 64-Core Processor; 256 cores; 1512 GiB RAM; Linux-x86_64",2026-10-03T08:07:41+00:00
QPLIB_2430,LCQ,0,562a0b1a5ab56909f6d1ce4aa780fdedaae2918e1fcbae8225ce1a10b7adf61a,4f96a57af6d73e567f69e942744718269109f7655b30b67701c22faad6dc6f17,,,,0,0,,quadratic_constraints,read_error,error: /home/jovyan/run-cpu/SANKHYA/data/qplib/QPLIB_2430.qps:526: QCMATRIX section: quadratic constraints are not supported. This solver reads a quadratic OBJECTIVE only (QUADOBJ); a model with bilin,0,,-3.256119092,,,1e-06,0,,,,0.001379,,,,60.0,1,8860d2a,"E2E TIR C3 container, 16 vCPU 29 GB (cgroup limits), AMD EPYC 9555 64-Core Processor host, nothing else running; AMD EPYC 9555 64-Core Processor; 256 cores; 1512 GiB RAM; Linux-x86_64",2026-10-03T08:07:41+00:00
QPLIB_2445,LCQ,0,09d1a871dbda9b6827409b69f78d8259ba9e6275c981b1351780fc04653b1e13,31c1bc1c548f75c889d98f2f6d121cbd895ef2e67c4d7b3749edf5b1dbafa405,,,,0,0,,quadratic_constraints,read_error,error: /home/jovyan/run-cpu/SANKHYA/data/qplib/QPLIB_2445.qps:974: QCMATRIX section: quadratic constraints are not supported. This solver reads a quadratic OBJECTIVE only (QUADOBJ); a model with bilin,0,,323.5051042,,,1e-06,0,,,,0.001443,,,,60.0,1,8860d2a,"E2E TIR C3 container, 16 vCPU 29 GB (cgroup limits), AMD EPYC 9555 64-Core Processor host, nothing else running; AMD EPYC 9555 64-Core Processor; 256 cores; 1512 GiB RAM; Linux-x86_64",2026-10-03T08:07:41+00:00
QPLIB_2456,LCD,1,8f9c49f73f208ad636bf26adbf38e4bf70b08162a49abd8c0d6cabe7f796a363,90395e88bfd198cdff63c0f47cc54f2def3b4c04de28fc4b043b3cbf87bd4c22,,,,0,0,,quadratic_constraints,read_error,error: /home/jovyan/run-cpu/SANKHYA/data/qplib/QPLIB_2456.qps:65521: QCMATRIX section: quadratic constraints are not supported. This solver reads a quadratic OBJECTIVE only (QUADOBJ); a model with bil,0,,-0.9449662766,,,1e-06,0,,,,0.019284,,,,60.0,1,8860d2a,"E2E TIR C3 container, 16 vCPU 29 GB (cgroup limits), AMD EPYC 9555 64-Core Processor host, nothing else running; AMD EPYC 9555 64-Core Processor; 256 cores; 1512 GiB RAM; Linux-x86_64",2026-10-03T08:07:41+00:00
QPLIB_2468,LCD,1,9a461fede5aae85802c28345bd3388997440ecac182e41bb68e7aa81ad845cbe,caae34ac3976635c9edfdc1ecf7da656aa6a7950fbcf2cb6ab04ca99bb96726d,,,,0,0,,quadratic_constraints,read_error,error: /home/jovyan/run-cpu/SANKHYA/data/qplib/QPLIB_2468.qps:180121: QCMATRIX section: quadratic constraints are not supported. This solver reads a quadratic OBJECTIVE only (QUADOBJ); a model with bi,0,,-0.9364048895,,,1e-06,0,,,,0.0525,,,,60.0,1,8860d2a,"E2E TIR C3 container, 16 vCPU 29 GB (cgroup limits), AMD EPYC 9555 64-Core Processor host, nothing else running; AMD EPYC 9555 64-Core Processor; 256 cores; 1512 GiB RAM; Linux-x86_64",2026-10-03T08:07:41+00:00
QPLIB_2480,LCQ,0,8482e45f26b42d220a09263bc4d7cc696bf3b0eb7182a439b4ea5e294e18bac9,f698cd61fb0091ad3ceb6aa005b138ce69d6616e8131c1db5be768dbe94faee2,,,,0,0,,quadratic_constraints,read_error,error: /home/jovyan/run-cpu/SANKHYA/data/qplib/QPLIB_2480.qps:2006: QCMATRIX section: quadratic constraints are not supported. This solver reads a quadratic OBJECTIVE only (QUADOBJ); a model with bili,0,,-4.27849041,,,1e-06,0,,,,0.002044,,,,60.0,1,8860d2a,"E2E TIR C3 container, 16 vCPU 29 GB (cgroup limits), AMD EPYC 9555 64-Core Processor host, nothing else running; AMD EPYC 9555 64-Core Processor; 256 cores; 1512 GiB RAM; Linux-x86_64",2026-10-03T08:07:41+00:00
QPLIB_2482,LCD,1,0377acce932e62bb92e07369805247c670c4fb0eaf2ac065dddb02b22fa2bdd4,e1026be908a80f2022fddfe9dc29c64a6083d9e91296055e6e7d50ba6935e5f3,,,,0,0,,quadratic_constraints,read_error,error: /home/jovyan/run-cpu/SANKHYA/data/qplib/QPLIB_2482.qps:13648: QCMATRIX section: quadratic constraints are not supported. This solver reads a quadratic OBJECTIVE only (QUADOBJ); a model with bil,0,,-0.9681989608,,,1e-06,0,,,,0.004383,,,,60.0,1,8860d2a,"E2E TIR C3 container, 16 vCPU 29 GB (cgroup limits), AMD EPYC 9555 64-Core Processor host, nothing else running; AMD EPYC 9555 64-Core Processor; 256 cores; 1512 GiB RAM; Linux-x86_64",2026-10-03T08:07:41+00:00
QPLIB_2483,LCQ,0,406aa3e5549b6a26623e9bc736632c4a918800aa7fbc7755f604a8c29aa464ff,40a0fb6caf7660a64691baa24c7396cbbc3f656ec8034ea47afd535067fcc9bb,,,,0,0,,quadratic_constraints,read_error,error: /home/jovyan/run-cpu/SANKHYA/data/qplib/QPLIB_2483.qps:3545: QCMATRIX section: quadratic constraints are not supported. This solver reads a quadratic OBJECTIVE only (QUADOBJ); a model with bili,0,,1812.170327,,,1e-06,0,,,,0.001799,,,,60.0,1,8860d2a,"E2E TIR C3 container, 16 vCPU 29 GB (cgroup limits), AMD EPYC 9555 64-Core Processor host, nothing else running; AMD EPYC 9555 64-Core Processor; 256 cores; 1512 GiB RAM; Linux-x86_64",2026-10-03T08:07:41+00:00
QPLIB_2492,QBL,0,10edfac2fe35145545447456e8f1f0bc65ad6af547c223b65b06b51b37aa4686,b9e55ab5fd74951dbdd26539a8b393b4988a7b40ae93f075806267a5d24ac4dc,28,196,392,196,1,branch-and-bound,nonconvex,model_error,the continuous relaxation was refused: the quadratic objective is not convex: sparse LDL^T of Q + 1e-12 I reached a pivot of -4.39e+16 at column 169 (x170) in minimization sense; it exhibits a directi,0,,2724.0,,,0.0001,0,,,,0.00582,0.0,0,0,60.0,1,8860d2a,"E2E TIR C3 container, 16 vCPU 29 GB (cgroup limits), AMD EPYC 9555 64-Core Processor host, nothing else running; AMD EPYC 9555 64-Core Processor; 256 cores; 1512 GiB RAM; Linux-x86_64",2026-10-03T08:07:41+00:00
QPLIB_2505,LCQ,0,eb0b5fe5be709720e2b4f488b4365da044f32b8216c087d65a9fbdf83efe7858,14244595dda846515d1816287663f7c0219985c196fc40bb1012102f541aaa99,,,,0,0,,quadratic_constraints,read_error,error: /home/jovyan/run-cpu/SANKHYA/data/qplib/QPLIB_2505.qps:5851: QCMATRIX section: quadratic constraints are not supported. This solver reads a quadratic OBJECTIVE only (QUADOBJ); a model with bili,0,,1564.957983,,,1e-06,0,,,,0.00222,,,,60.0,1,8860d2a,"E2E TIR C3 container, 16 vCPU 29 GB (cgroup limits), AMD EPYC 9555 64-Core Processor host, nothing else running; AMD EPYC 9555 64-Core Processor; 256 cores; 1512 GiB RAM; Linux-x86_64",2026-10-03T08:07:41+00:00
QPLIB_2512,QBL,0,945fe939dfd88fa48ce9ff587e1e12743a0b48d4a44f7edfd8805e84e5743336,ded9202de31d19dce8c6a310b9a0127720a9188975962e1927356c9462a75669,20,100,200,100,1,branch-and-bound,nonconvex,model_error,the continuous relaxation was refused: the quadratic objective is not convex: sparse LDL^T of Q + 1e-12 I reached a pivot of -5.08661e+20 at column 81 (x82) in minimization sense; it exhibits a direct,0,,135028.0,,,0.0001,0,,,,0.002518,0.0,0,0,60.0,1,8860d2a,"E2E TIR C3 container, 16 vCPU 29 GB (cgroup limits), AMD EPYC 9555 64-Core Processor host, nothing else running; AMD EPYC 9555 64-Core Processor; 256 cores; 1512 GiB RAM; Linux-x86_64",2026-10-03T08:07:41+00:00
QPLIB_2519,LCD,1,505a7923eee6878831162270c5fb57606dd44094fc4cf8f940218a4b434cd4b7,f4ee357f4da68fe756dc41643023c24697f2dc0fc8c76b200e1e12e8fcf4ce3a,,,,0,0,,quadratic_constraints,read_error,error: /home/jovyan/run-cpu/SANKHYA/data/qplib/QPLIB_2519.qps:37132: QCMATRIX section: quadratic constraints are not supported. This solver reads a quadratic OBJECTIVE only (QUADOBJ); a model with bil,0,,-0.9511095024,,,1e-06,0,,,,0.010237,,,,60.0,1,8860d2a,"E2E TIR C3 container, 16 vCPU 29 GB (cgroup limits), AMD EPYC 9555 64-Core Processor host, nothing else running; AMD EPYC 9555 64-Core Processor; 256 cores; 1512 GiB RAM; Linux-x86_64",2026-10-03T08:07:41+00:00
QPLIB_2540,LCQ,0,9f327984d40ee03bb1b2a3215ec761f0de76737940d5b1af1b05067e6cb14729,9ab89e6437a4f62eb792555a07778397f151964b2a132146f93af9653e39d8f5,,,,0,0,,quadratic_constraints,read_error,error: /home/jovyan/run-cpu/SANKHYA/data/qplib/QPLIB_2540.qps:3451: QCMATRIX section: quadratic constraints are not supported. This solver reads a quadratic OBJECTIVE only (QUADOBJ); a model with bili,0,,124.3594463,,,1e-06,0,,,,0.001851,,,,60.0,1,8860d2a,"E2E TIR C3 container, 16 vCPU 29 GB (cgroup limits), AMD EPYC 9555 64-Core Processor host, nothing else running; AMD EPYC 9555 64-Core Processor; 256 cores; 1512 GiB RAM; Linux-x86_64",2026-10-03T08:07:41+00:00
QPLIB_2546,CCQ,0,630801b088e297c5db5b76cbcec43ee5f7c78ba0b2b450394acf850e4e30a028,090e6d7ddd2a127d480a405886744c94f109e6bd64f397aa4af915a8e391cffb,,,,0,0,,quadratic_constraints,read_error,error: /home/jovyan/run-cpu/SANKHYA/data/qplib/QPLIB_2546.qps:6430: QCMATRIX section: quadratic constraints are not supported. This solver reads a quadratic OBJECTIVE only (QUADOBJ); a model with bili,0,,-8668213.409,,,1e-06,0,,,,0.002395,,,,60.0,1,8860d2a,"E2E TIR C3 container, 16 vCPU 29 GB (cgroup limits), AMD EPYC 9555 64-Core Processor host, nothing else running; AMD EPYC 9555 64-Core Processor; 256 cores; 1512 GiB RAM; Linux-x86_64",2026-10-03T08:07:41+00:00
QPLIB_2590,LCQ,0,4df7b0fa18d4cc0be910d511a324c856440f6d94d5d32e46d5f39bc34e7268a1,d9d5efa709cd5afb2d904def70cee4d490f56d1a28874fcfe358c2c3df65130a,,,,0,0,,quadratic_constraints,read_error,error: /home/jovyan/run-cpu/SANKHYA/data/qplib/QPLIB_2590.qps:1277: QCMATRIX section: quadratic constraints are not supported. This solver reads a quadratic OBJECTIVE only (QUADOBJ); a model with bili,0,,10.93834722,,,1e-06,0,,,,0.001463,,,,60.0,1,8860d2a,"E2E TIR C3 container, 16 vCPU 29 GB (cgroup limits), AMD EPYC 9555 64-Core Processor host, nothing else running; AMD EPYC 9555 64-Core Processor; 256 cores; 1512 GiB RAM; Linux-x86_64",2026-10-03T08:07:41+00:00
QPLIB_2626,LCD,1,41f00ca2abff1f054459a3de84a647b07d6f1d061ee58a30da9f4f91fd852f9c,e545779f0715855b09627adf667a2557cb271888820c9cecc2af8b2b71dcce07,,,,0,0,,quadratic_constraints,read_error,error: /home/jovyan/run-cpu/SANKHYA/data/qplib/QPLIB_2626.qps:137435: QCMATRIX section: quadratic constraints are not supported. This solver reads a quadratic OBJECTIVE only (QUADOBJ); a model with bi,0,,-6.382103498,,,1e-06,0,,,,0.035038,,,,60.0,1,8860d2a,"E2E TIR C3 container, 16 vCPU 29 GB (cgroup limits), AMD EPYC 9555 64-Core Processor host, nothing else running; AMD EPYC 9555 64-Core Processor; 256 cores; 1512 GiB RAM; Linux-x86_64",2026-10-03T08:07:41+00:00
QPLIB_2635,LCQ,0,2b0288185bc9aab489243b208212f9492632a9f9eb01b7831d8129137e8d1357,4fac812aaefc57ecf5a65089164105eff07dc96cfd5e5116c8e522cf98210b15,,,,0,0,,quadratic_constraints,read_error,error: /home/jovyan/run-cpu/SANKHYA/data/qplib/QPLIB_2635.qps:2669: QCMATRIX section: quadratic constraints are not supported. This solver reads a quadratic OBJECTIVE only (QUADOBJ); a model with bili,0,,75.10582011,,,1e-06,0,,,,0.00154,,,,60.0,1,8860d2a,"E2E TIR C3 container, 16 vCPU 29 GB (cgroup limits), AMD EPYC 9555 64-Core Processor host, nothing else running; AMD EPYC 9555 64-Core Processor; 256 cores; 1512 GiB RAM; Linux-x86_64",2026-10-03T08:07:41+00:00
QPLIB_2650,LCQ,0,bab8cc0e730383f9c2209bc163bd28c90b00bb79de230c28a885f66acfa91f0d,32c4e7943bf9a2796b783980a1371b0798c24c06ee35f5b09fc554d0f04a5c79,,,,0,0,,quadratic_constraints,read_error,error: /home/jovyan/run-cpu/SANKHYA/data/qplib/QPLIB_2650.qps:6253: QCMATRIX section: quadratic constraints are not supported. This solver reads a quadratic OBJECTIVE only (QUADOBJ); a model with bili,0,,5.316106579,,,1e-06,0,,,,0.00271,,,,60.0,1,8860d2a,"E2E TIR C3 container, 16 vCPU 29 GB (cgroup limits), AMD EPYC 9555 64-Core Processor host, nothing else running; AMD EPYC 9555 64-Core Processor; 256 cores; 1512 GiB RAM; Linux-x86_64",2026-10-03T08:07:41+00:00
QPLIB_2658,LCQ,0,2ab82b3cadee7b6df5476595d42a420e4287660c998bde28e7f94db08a016cbe,cd537420edf4442c94a61f6385ab088c585a29af8f60672d95f2b11622b05892,,,,0,0,,quadratic_constraints,read_error,error: /home/jovyan/run-cpu/SANKHYA/data/qplib/QPLIB_2658.qps:1009: QCMATRIX section: quadratic constraints are not supported. This solver reads a quadratic OBJECTIVE only (QUADOBJ); a model with bili,0,,7.164500275,,,1e-06,0,,,,0.001543,,,,60.0,1,8860d2a,"E2E TIR C3 container, 16 vCPU 29 GB (cgroup limits), AMD EPYC 9555 64-Core Processor host, nothing else running; AMD EPYC 9555 64-Core Processor; 256 cores; 1512 GiB RAM; Linux-x86_64",2026-10-03T08:07:41+00:00
QPLIB_2676,LCD,1,d9faca1df44c9e38e1684297761213ef2dafddec5cc2b11ef75e2466faabcc9d,d62559486c0a417692b736e49dd0c2eb3b4a230879a2cb700dbc605aa9effcc4,,,,0,0,,quadratic_constraints,read_error,error: /home/jovyan/run-cpu/SANKHYA/data/qplib/QPLIB_2676.qps:16804: QCMATRIX section: quadratic constraints are not supported. This solver reads a quadratic OBJECTIVE only (QUADOBJ); a model with bil,0,,-0.9670769923,,,1e-06,0,,,,0.005641,,,,60.0,1,8860d2a,"E2E TIR C3 container, 16 vCPU 29 GB (cgroup limits), AMD EPYC 9555 64-Core Processor host, nothing else running; AMD EPYC 9555 64-Core Processor; 256 cores; 1512 GiB RAM; Linux-x86_64",2026-10-03T08:07:41+00:00
QPLIB_2693,LCQ,0,6de67836f00fca0f69c4517f59fabd02474a7023d843745be8d25605a549ad1b,894162ac30e46a68ee0969322c19251e44c02f3ad1f26f934ac2628fef0d31aa,,,,0,0,,quadratic_constraints,read_error,error: /home/jovyan/run-cpu/SANKHYA/data/qplib/QPLIB_2693.qps:4499: QCMATRIX section: quadratic constraints are not supported. This solver reads a quadratic OBJECTIVE only (QUADOBJ); a model with bili,0,,5.783005108,,,1e-06,0,,,,0.001966,,,,60.0,1,8860d2a,"E2E TIR C3 container, 16 vCPU 29 GB (cgroup limits), AMD EPYC 9555 64-Core Processor host, nothing else running; AMD EPYC 9555 64-Core Processor; 256 cores; 1512 GiB RAM; Linux-x86_64",2026-10-03T08:07:41+00:00
QPLIB_2696,QCQ,0,6fce197b5ff15ee614d2904993a491ff3365267e2883e3720314d149f21d8087,abc387c9cf1dce502eb202cdb7dec34f0f023b70019af08b1f7fe6464c2880bf,,,,0,0,,quadratic_constraints,read_error,error: /home/jovyan/run-cpu/SANKHYA/data/qplib/QPLIB_2696.qps:22027: QCMATRIX section: quadratic constraints are not supported. This solver reads a quadratic OBJECTIVE only (QUADOBJ); a model with bil,0,,-38011.57283,,,1e-06,0,,,,0.006046,,,,60.0,1,8860d2a,"E2E TIR C3 container, 16 vCPU 29 GB (cgroup limits), AMD EPYC 9555 64-Core Processor host, nothing else running; AMD EPYC 9555 64-Core Processor; 256 cores; 1512 GiB RAM; Linux-x86_64",2026-10-03T08:07:41+00:00
QPLIB_2698,LCQ,0,12073a276c1bf2dd37a614dca730ae7f7546ab185bf21ee3a02857d988db7ec0,9d65861c492402b8fe17686aabd0cbf11f92f81560877f7887d991b43702a2a5,,,,0,0,,quadratic_constraints,read_error,error: /home/jovyan/run-cpu/SANKHYA/data/qplib/QPLIB_2698.qps:888: QCMATRIX section: quadratic constraints are not supported. This solver reads a quadratic OBJECTIVE only (QUADOBJ); a model with bilin,0,,1201.038462,,,1e-06,0,,,,0.001376,,,,60.0,1,8860d2a,"E2E TIR C3 container, 16 vCPU 29 GB (cgroup limits), AMD EPYC 9555 64-Core Processor host, nothing else running; AMD EPYC 9555 64-Core Processor; 256 cores; 1512 GiB RAM; Linux-x86_64",2026-10-03T08:07:41+00:00
QPLIB_2702,QML,0,906981378c6f485dfda420454089d44d746e068d3381bbe11ed9eefee2aab308,14dcc309933d53c59efc504feb843cd2c29b8b65329ee9903ecee9b4948a5ff4,212,260,8619,259,1,branch-and-bound,nonconvex,model_error,the continuous relaxation was refused: the quadratic objective is not convex: sparse LDL^T of Q + 1e-12 I reached a pivot of -0.0115918 at column 204 (x205) in minimization sense; it exhibits a direct,0,,2814.190749,,,0.0001,0,,,,0.004528,0.0,0,0,60.0,1,8860d2a,"E2E TIR C3 container, 16 vCPU 29 GB (cgroup limits), AMD EPYC 9555 64-Core Processor host, nothing else running; AMD EPYC 9555 64-Core Processor; 256 cores; 1512 GiB RAM; Linux-x86_64",2026-10-03T08:07:41+00:00
QPLIB_2703,LCQ,0,aca738fe3499b5d737f3bc7f97ad0d22f3bce57af13b666ad7e81bae39c54e91,82a56c317854e3155541e5e406620370de03cd196a0955dde00d65633193b111,,,,0,0,,quadratic_constraints,read_error,error: /home/jovyan/run-cpu/SANKHYA/data/qplib/QPLIB_2703.qps:4006: QCMATRIX section: quadratic constraints are not supported. This solver reads a quadratic OBJECTIVE only (QUADOBJ); a model with bili,0,,-4.275658867,,,1e-06,0,,,,0.001931,,,,60.0,1,8860d2a,"E2E TIR C3 container, 16 vCPU 29 GB (cgroup limits), AMD EPYC 9555 64-Core Processor host, nothing else running; AMD EPYC 9555 64-Core Processor; 256 cores; 1512 GiB RAM; Linux-x86_64",2026-10-03T08:07:41+00:00
QPLIB_2707,LCQ,0,78418447d9935f789461ccb96eb2884c9ed08c269577ded994e982dcc2a273ef,966c119a327663515199b7ee2d91d6083932375cad8303ac2c72dd9393958593,,,,0,0,,quadratic_constraints,read_error,error: /home/jovyan/run-cpu/SANKHYA/data/qplib/QPLIB_2707.qps:3367: QCMATRIX section: quadratic constraints are not supported. This solver reads a quadratic OBJECTIVE only (QUADOBJ); a model with bili,0,,6.340367535,,,1e-06,0,,,,0.002666,,,,60.0,1,8860d2a,"E2E TIR C3 container, 16 vCPU 29 GB (cgroup limits), AMD EPYC 9555 64-Core Processor host, nothing else running; AMD EPYC 9555 64-Core Processor; 256 cores; 1512 GiB RAM; Linux-x86_64",2026-10-03T08:07:41+00:00
QPLIB_2708,LMQ,0,b3b95bf5525b97989b372d7be0d43a53446da57e0772cde983a4dfa79dcbece7,e77db6404a38fb92e7a7920582dae71b4a0964db3f0f2d2be34411f2a99aa81d,,,,108,0,,quadratic_constraints,read_error,error: /home/jovyan/run-cpu/SANKHYA/data/qplib/QPLIB_2708.qps:2829: QCMATRIX section: quadratic constraints are not supported. This solver reads a quadratic OBJECTIVE only (QUADOBJ); a model with bili,0,,1033013.037,,,0.0001,0,,,,0.002795,,,,60.0,1,8860d2a,"E2E TIR C3 container, 16 vCPU 29 GB (cgroup limits), AMD EPYC 9555 64-Core Processor host, nothing else running; AMD EPYC 9555 64-Core Processor; 256 cores; 1512 GiB RAM; Linux-x86_64",2026-10-03T08:07:41+00:00
QPLIB_2712,QCL,0,316e7b499e56991db36b5094e1a97df754f8eba1b739cf04e4dddceac53cb7a9,b9b4ef2562aea765d7f9038b04144022b60d344581c610b2926f7f9d0d9e2e5d,1,200,200,0,1,qp-ipm,nonconvex,model_error,"the quadratic objective is not convex: sparse LDL^T of Q + 2e-12 I reached a pivot of -0.905341 at column 196 (x197) in minimization sense; it exhibits a direction x with x^T Q x / x^T x = -0.550292, ",0,,0.01286883278,,,1e-06,0,,,,0.007815,0.001072132,0,0,60.0,1,8860d2a,"E2E TIR C3 container, 16 vCPU 29 GB (cgroup limits), AMD EPYC 9555 64-Core Processor host, nothing else running; AMD EPYC 9555 64-Core Processor; 256 cores; 1512 GiB RAM; Linux-x86_64",2026-10-03T08:07:41+00:00
QPLIB_2714,LCQ,0,c8480809db67e019411ca3b3ac4dc9dbcce25fca67f014ade5cd99932957fdc5,b4c9a84a906cdef512120beb18e0969371d822b58a2f643541bdf78b682a4b37,,,,0,0,,quadratic_constraints,read_error,error: /home/jovyan/run-cpu/SANKHYA/data/qplib/QPLIB_2714.qps:16608: QCMATRIX section: quadratic constraints are not supported. This solver reads a quadratic OBJECTIVE only (QUADOBJ); a model with bil,0,,1.119122703,,,1e-06,0,,,,0.005935,,,,60.0,1,8860d2a,"E2E TIR C3 container, 16 vCPU 29 GB (cgroup limits), AMD EPYC 9555 64-Core Processor host, nothing else running; AMD EPYC 9555 64-Core Processor; 256 cores; 1512 GiB RAM; Linux-x86_64",2026-10-03T08:07:41+00:00
QPLIB_2733,QBL,0,03379c42251100256d872ef25827f16c088576b65f01d39c5b4a0fd90e3397d6,8939833c79bb9ab9162ad3060d4f20bb7c2ab3d51b5e47d53972a029907c466b,36,324,648,324,1,branch-and-bound,nonconvex,model_error,the continuous relaxation was refused: the quadratic objective is not convex: sparse LDL^T of Q + 1e-12 I reached a pivot of -1.68192e+17 at column 289 (x290) in minimization sense; it exhibits a dire,0,,5358.0,,,0.0001,0,,,,0.014137,0.0,0,0,60.0,1,8860d2a,"E2E TIR C3 container, 16 vCPU 29 GB (cgroup limits), AMD EPYC 9555 64-Core Processor host, nothing else running; AMD EPYC 9555 64-Core Processor; 256 cores; 1512 GiB RAM; Linux-x86_64",2026-10-03T08:07:41+00:00
QPLIB_2738,LCQ,0,550ebfa9409e713b354f025b136b0d2e02855cb015622b7c899860a45d2c6824,dc8ebad72e4774bc06c064489c48ca47111e170cce44a750e139f077d84e52da,,,,0,0,,quadratic_constraints,read_error,error: /home/jovyan/run-cpu/SANKHYA/data/qplib/QPLIB_2738.qps:1006: QCMATRIX section: quadratic constraints are not supported. This solver reads a quadratic OBJECTIVE only (QUADOBJ); a model with bili,0,,-4.284146268,,,1e-06,0,,,,0.001716,,,,60.0,1,8860d2a,"E2E TIR C3 container, 16 vCPU 29 GB (cgroup limits), AMD EPYC 9555 64-Core Processor host, nothing else running; AMD EPYC 9555 64-Core Processor; 256 cores; 1512 GiB RAM; Linux-x86_64",2026-10-03T08:07:41+00:00
QPLIB_2758,LCQ,0,80e13b63810164b0dd2daf4fd0a359aa3e5314b39b44cb5a493927dd8a25762e,25f53fdf8c3345b74e54839eba0a8a01e41226c9b15d4d27d874877b68bedbc2,,,,0,0,,quadratic_constraints,read_error,error: /home/jovyan/run-cpu/SANKHYA/data/qplib/QPLIB_2758.qps:1766: QCMATRIX section: quadratic constraints are not supported. This solver reads a quadratic OBJECTIVE only (QUADOBJ); a model with bili,0,,2127.115385,,,1e-06,0,,,,0.001604,,,,60.0,1,8860d2a,"E2E TIR C3 container, 16 vCPU 29 GB (cgroup limits), AMD EPYC 9555 64-Core Processor host, nothing else running; AMD EPYC 9555 64-Core Processor; 256 cores; 1512 GiB RAM; Linux-x86_64",2026-10-03T08:07:41+00:00
QPLIB_2761,QCL,0,63d885277dd982eb3fa9a9e534c6642a35bc138eff8f942cd1d42d8e633991dd,460f81be9789e918347cf1bd331b1957eaaa5a099117c200aa509f252a3b89a5,1,500,500,0,1,qp-ipm,nonconvex,model_error,"the quadratic objective is not convex: sparse LDL^T of Q + 2e-12 I reached a pivot of -52.4106 at column 498 (x499) in minimization sense; it exhibits a direction x with x^T Q x / x^T x = -0.850776, a",0,,0.001048529199,,,1e-06,0,,,,0.035191,0.006222395,0,0,60.0,1,8860d2a,"E2E TIR C3 container, 16 vCPU 29 GB (cgroup limits), AMD EPYC 9555 64-Core Processor host, nothing else running; AMD EPYC 9555 64-Core Processor; 256 cores; 1512 GiB RAM; Linux-x86_64",2026-10-03T08:07:41+00:00
QPLIB_2784,LCD,1,5bcafde5d27b52b38a42ff322d05aab0ecc4933d705e8bdd9dbb6a85fbd35b89,7b308f8368bdb12d805d01c76dbbbae6dbf79fa312d0e6fa382260ecd465add1,,,,0,0,,quadratic_constraints,read_error,error: /home/jovyan/run-cpu/SANKHYA/data/qplib/QPLIB_2784.qps:28758: QCMATRIX section: quadratic constraints are not supported. This solver reads a quadratic OBJECTIVE only (QUADOBJ); a model with bil,0,,-0.9460284722,,,1e-06,0,,,,0.011019,,,,60.0,1,8860d2a,"E2E TIR C3 container, 16 vCPU 29 GB (cgroup limits), AMD EPYC 9555 64-Core Processor host, nothing else running; AMD EPYC 9555 64-Core Processor; 256 cores; 1512 GiB RAM; Linux-x86_64",2026-10-03T08:07:41+00:00
QPLIB_2819,LCQ,0,7637f9dbefd553d3830bb4df55ad0f270aa962da057c76ea9ab92fd31cb4c78d,e1b18490bddae9331ab59b248fe4fc0f53473d161f191c8fd5ee73290f93fb7a,,,,0,0,,quadratic_constraints,read_error,error: /home/jovyan/run-cpu/SANKHYA/data/qplib/QPLIB_2819.qps:1802: QCMATRIX section: quadratic constraints are not supported. This solver reads a quadratic OBJECTIVE only (QUADOBJ); a model with bili,0,,797.9771512,,,1e-06,0,,,,0.002514,,,,60.0,1,8860d2a,"E2E TIR C3 container, 16 vCPU 29 GB (cgroup limits), AMD EPYC 9555 64-Core Processor host, nothing else running; AMD EPYC 9555 64-Core Processor; 256 cores; 1512 GiB RAM; Linux-x86_64",2026-10-03T08:07:41+00:00
QPLIB_2823,LCQ,0,d833d25b6f76cf4b7e71a13938f56b04b63b3d9bfc27f90f71b38bd94d9e4f6e,32c149c704d354b84287136ec239a020fc530a06226d39a9518a0fce3693445a,,,,0,0,,quadratic_constraints,read_error,error: /home/jovyan/run-cpu/SANKHYA/data/qplib/QPLIB_2823.qps:2090: QCMATRIX section: quadratic constraints are not supported. This solver reads a quadratic OBJECTIVE only (QUADOBJ); a model with bili,0,,6.295168217,,,1e-06,0,,,,0.001989,,,,60.0,1,8860d2a,"E2E TIR C3 container, 16 vCPU 29 GB (cgroup limits), AMD EPYC 9555 64-Core Processor host, nothing else running; AMD EPYC 9555 64-Core Processor; 256 cores; 1512 GiB RAM; Linux-x86_64",2026-10-03T08:07:41+00:00
QPLIB_2834,LCQ,0,9ec1764dc624ec40fe7bd076f393c2ac1cd1e76fdc943dc481b60819bda20bf4,b21a7e6490328514027f7add709db517894dd8980c0d25a11d452b98b876627c,,,,0,0,,quadratic_constraints,read_error,error: /home/jovyan/run-cpu/SANKHYA/data/qplib/QPLIB_2834.qps:948: QCMATRIX section: quadratic constraints are not supported. This solver reads a quadratic OBJECTIVE only (QUADOBJ); a model with bilin,0,,365.7836065,,,1e-06,0,,,,0.003714,,,,60.0,1,8860d2a,"E2E TIR C3 container, 16 vCPU 29 GB (cgroup limits), AMD EPYC 9555 64-Core Processor host, nothing else running; AMD EPYC 9555 64-Core Processor; 256 cores; 1512 GiB RAM; Linux-x86_64",2026-10-03T08:07:41+00:00
QPLIB_2862,LCD,1,e58ac3a1d072faeb2bfadf8cc9b5b44b16ca4227d77cbd2112aa8baa03dce888,d507520b1d287b257948eb4f57ddd41d97e9b8ac750c0ad9abea0982f34adaca,,,,0,0,,quadratic_constraints,read_error,error: /home/jovyan/run-cpu/SANKHYA/data/qplib/QPLIB_2862.qps:259058: QCMATRIX section: quadratic constraints are not supported. This solver reads a quadratic OBJECTIVE only (QUADOBJ); a model with bi,0,,-0.931383145,,,1e-06,0,,,,0.074399,,,,60.0,1,8860d2a,"E2E TIR C3 container, 16 vCPU 29 GB (cgroup limits), AMD EPYC 9555 64-Core Processor host, nothing else running; AMD EPYC 9555 64-Core Processor; 256 cores; 1512 GiB RAM; Linux-x86_64",2026-10-03T08:07:41+00:00
QPLIB_2880,QBL,0,6b334774116836439ae6d993a97b4954af0dc5cf8bfb2448228d529d0bec4db0,9d8eccac1a85be97f2a4d89260db98ad56bdc0ddd6b6527c1a871902c3992258,50,625,1250,625,1,branch-and-bound,nonconvex,model_error,the continuous relaxation was refused: the quadratic objective is not convex: sparse LDL^T of Q + 1e-12 I reached a pivot of -4.33816e+21 at column 624 (x625) in minimization sense; it exhibits a dire,0,,1172056.0,,,0.0001,0,,,,0.049603,0.0,0,0,60.0,1,8860d2a,"E2E TIR C3 container, 16 vCPU 29 GB (cgroup limits), AMD EPYC 9555 64-Core Processor host, nothing else running; AMD EPYC 9555 64-Core Processor; 256 cores; 1512 GiB RAM; Linux-x86_64",2026-10-03T08:07:41+00:00
QPLIB_2881,LCQ,0,323c2bf7d8755424ce15883ac1068ba7f3af305a8b8755915b1dda59e83c5448,f486486915fe82eab6cd84b393c71c87214c7b307ae82de62e3bd83565304720,,,,0,0,,quadratic_constraints,read_error,error: /home/jovyan/run-cpu/SANKHYA/data/qplib/QPLIB_2881.qps:4473: QCMATRIX section: quadratic constraints are not supported. This solver reads a quadratic OBJECTIVE only (QUADOBJ); a model with bili,0,,0.03090042153,,,1e-06,0,,,,0.002239,,,,60.0,1,8860d2a,"E2E TIR C3 container, 16 vCPU 29 GB (cgroup limits), AMD EPYC 9555 64-Core Processor host, nothing else running; AMD EPYC 9555 64-Core Processor; 256 cores; 1512 GiB RAM; Linux-x86_64",2026-10-03T08:07:41+00:00
QPLIB_2882,LMQ,0,96c65f769826903b4c76c38558a3c1a2249d4cd47d2807d99ff8fc2e5033679b,4118604ed7d87b5a70d7b6fb8dc7926408685ab9ed4a0e195e76a69da659ddb7,,,,56,0,,quadratic_constraints,read_error,error: /home/jovyan/run-cpu/SANKHYA/data/qplib/QPLIB_2882.qps:1744: QCMATRIX section: quadratic constraints are not supported. This solver reads a quadratic OBJECTIVE only (QUADOBJ); a model with bili,0,,22.38189652,,,0.0001,0,,,,0.002162,,,,60.0,1,8860d2a,"E2E TIR C3 container, 16 vCPU 29 GB (cgroup limits), AMD EPYC 9555 64-Core Processor host, nothing else running; AMD EPYC 9555 64-Core Processor; 256 cores; 1512 GiB RAM; Linux-x86_64",2026-10-03T08:07:41+00:00
QPLIB_2894,LCQ,0,670193ebf0eea97960a329468be254787b388d977148630b7b733b8a8c31e6e1,1b3cede7e6e1513028913ad33e8ed9cb13676735888d87d4e573cae685f45a15,,,,0,0,,quadratic_constraints,read_error,error: /home/jovyan/run-cpu/SANKHYA/data/qplib/QPLIB_2894.qps:593: QCMATRIX section: quadratic constraints are not supported. This solver reads a quadratic OBJECTIVE only (QUADOBJ); a model with bilin,0,,4.999875265,,,1e-06,0,,,,0.001796,,,,60.0,1,8860d2a,"E2E TIR C3 container, 16 vCPU 29 GB (cgroup limits), AMD EPYC 9555 64-Core Processor host, nothing else running; AMD EPYC 9555 64-Core Processor; 256 cores; 1512 GiB RAM; Linux-x86_64",2026-10-03T08:07:41+00:00
QPLIB_2935,LMQ,0,0ae6845cab2953e2d94cdd1f439fea4b8113b5c4eba8700d755b15f0fc14a203,4d1fa5a7f203acc13724d7364cb173a38f2e54a0071237744df3211374eb6bdc,,,,72,0,,quadratic_constraints,read_error,error: /home/jovyan/run-cpu/SANKHYA/data/qplib/QPLIB_2935.qps:2208: QCMATRIX section: quadratic constraints are not supported. This solver reads a quadratic OBJECTIVE only (QUADOBJ); a model with bili,0,,23.46428571,,,0.0001,0,,,,0.001781,,,,60.0,1,8860d2a,"E2E TIR C3 container, 16 vCPU 29 GB (cgroup limits), AMD EPYC 9555 64-Core Processor host, nothing else running; AMD EPYC 9555 64-Core Processor; 256 cores; 1512 GiB RAM; Linux-x86_64",2026-10-03T08:07:41+00:00
QPLIB_2957,QBL,0,61d9ffbd92e34bac8d06a0637b1847a832109dbddf1c11f4ed39bf747e9567f7,d4401c23460e555233607f863fbe4620eb467c655d729dd36b677fa0a9fd62d0,44,484,968,484,1,branch-and-bound,nonconvex,model_error,the continuous relaxation was refused: the quadratic objective is not convex: sparse LDL^T of Q + 1e-12 I reached a pivot of -3.564e+17 at column 294 (x295) in minimization sense; it exhibits a direct,0,,3596.0,,,0.0001,0,,,,0.024296,0.0,0,0,60.0,1,8860d2a,"E2E TIR C3 container, 16 vCPU 29 GB (cgroup limits), AMD EPYC 9555 64-Core Processor host, nothing else running; AMD EPYC 9555 64-Core Processor; 256 cores; 1512 GiB RAM; Linux-x86_64",2026-10-03T08:07:41+00:00
QPLIB_2958,LMQ,0,6d2b09b23bee865f4038c06d58f5fc0576499cb929f19ad1a1db53dfbab2475a,63eff8a7aa87d4ebc0b318a5a6207855f485d0b357acc72f205fb3627673ea19,,,,42,0,,quadratic_constraints,read_error,error: /home/jovyan/run-cpu/SANKHYA/data/qplib/QPLIB_2958.qps:1333: QCMATRIX section: quadratic constraints are not supported. This solver reads a quadratic OBJECTIVE only (QUADOBJ); a model with bili,0,,131.6531381,,,0.0001,0,,,,0.001537,,,,60.0,1,8860d2a,"E2E TIR C3 container, 16 vCPU 29 GB (cgroup limits), AMD EPYC 9555 64-Core Processor host, nothing else running; AMD EPYC 9555 64-Core Processor; 256 cores; 1512 GiB RAM; Linux-x86_64",2026-10-03T08:07:41+00:00
QPLIB_2967,QCC,0,a9acc1887a75a0389d01be39e2e0e99ad358fdf6949487ac2a8fd079ddf55d13,4853a9bad82e63ba3706fdf8807cd5336d5f9c821b1aa7efe76d66600acc548c,,,,0,0,,quadratic_constraints,read_error,error: /home/jovyan/run-cpu/SANKHYA/data/qplib/QPLIB_2967.qps:524: QCMATRIX section: quadratic constraints are not supported. This solver reads a quadratic OBJECTIVE only (QUADOBJ); a model with bilin,0,,10.92820323,,,1e-06,0,,,,0.001292,,,,60.0,1,8860d2a,"E2E TIR C3 container, 16 vCPU 29 GB (cgroup limits), AMD EPYC 9555 64-Core Processor host, nothing else running; AMD EPYC 9555 64-Core Processor; 256 cores; 1512 GiB RAM; Linux-x86_64",2026-10-03T08:07:41+00:00
QPLIB_2981,CCQ,0,346958a50404379e6caa70187b91be97c43d372e7e1f93a26bfe68bca12de869,7f27869b1304194366eab016608c5c262dafcb9081fd12a56050c50a1528dd51,,,,0,0,,quadratic_constraints,read_error,error: /home/jovyan/run-cpu/SANKHYA/data/qplib/QPLIB_2981.qps:11350: QCMATRIX section: quadratic constraints are not supported. This solver reads a quadratic OBJECTIVE only (QUADOBJ); a model with bil,0,,-8668219.079,,,1e-06,0,,,,0.003587,,,,60.0,1,8860d2a,"E2E TIR C3 container, 16 vCPU 29 GB (cgroup limits), AMD EPYC 9555 64-Core Processor host, nothing else running; AMD EPYC 9555 64-Core Processor; 256 cores; 1512 GiB RAM; Linux-x86_64",2026-10-03T08:07:41+00:00
QPLIB_2987,LCQ,0,f349481baccb4988d9c06974dbe87ab7b35b8aff6e14e8d46201bc1f882639a7,ba695c68cc57978f3cba954e33feb6a1843f60612d3a7a93f257fe0013b39131,,,,0,0,,quadratic_constraints,read_error,error: /home/jovyan/run-cpu/SANKHYA/data/qplib/QPLIB_2987.qps:1306: QCMATRIX section: quadratic constraints are not supported. This solver reads a quadratic OBJECTIVE only (QUADOBJ); a model with bili,0,,513.0008681,,,1e-06,0,,,,0.001448,,,,60.0,1,8860d2a,"E2E TIR C3 container, 16 vCPU 29 GB (cgroup limits), AMD EPYC 9555 64-Core Processor host, nothing else running; AMD EPYC 9555 64-Core Processor; 256 cores; 1512 GiB RAM; Linux-x86_64",2026-10-03T08:07:41+00:00
QPLIB_2993,LCQ,0,ca1b7fe3b9d164031b841cd2e33951272340fc19e7a2c6f64fb58d104a430365,f3e87eb99cacfbb96da086d81ded456108d95991b047a8df200fe215b3cfe046,,,,0,0,,quadratic_constraints,read_error,error: /home/jovyan/run-cpu/SANKHYA/data/qplib/QPLIB_2993.qps:1899: QCMATRIX section: quadratic constraints are not supported. This solver reads a quadratic OBJECTIVE only (QUADOBJ); a model with bili,0,,109.401405,,,1e-06,0,,,,0.001602,,,,60.0,1,8860d2a,"E2E TIR C3 container, 16 vCPU 29 GB (cgroup limits), AMD EPYC 9555 64-Core Processor host, nothing else running; AMD EPYC 9555 64-Core Processor; 256 cores; 1512 GiB RAM; Linux-x86_64",2026-10-03T08:07:41+00:00
QPLIB_3029,LCD,1,d0e66e32fe1c606fb037ae86cacf847a57f3fe64761a2a22a02383bbb0a89c46,06822bf551c0fba12bb22bc1fac85d8c33086c4675f1264ef52ea74ae8eb955f,,,,0,0,,quadratic_constraints,read_error,error: /home/jovyan/run-cpu/SANKHYA/data/qplib/QPLIB_3029.qps:34535: QCMATRIX section: quadratic constraints are not supported. This solver reads a quadratic OBJECTIVE only (QUADOBJ); a model with bil,0,,-6.295315542,,,1e-06,0,,,,0.009168,,,,60.0,1,8860d2a,"E2E TIR C3 container, 16 vCPU 29 GB (cgroup limits), AMD EPYC 9555 64-Core Processor host, nothing else running; AMD EPYC 9555 64-Core Processor; 256 cores; 1512 GiB RAM; Linux-x86_64",2026-10-03T08:07:41+00:00
QPLIB_3034,LCQ,0,2d529fd9747cad8ff5eadd7b5a3f11cd5c0825b2401e3586cbd9f05ab6d4dc63,25165c470ca2ae6378b3cec3d6973e8acd3f33ee15b27b99c9bbbccfc2f3fc92,,,,0,0,,quadratic_constraints,read_error,error: /home/jovyan/run-cpu/SANKHYA/data/qplib/QPLIB_3034.qps:3767: QCMATRIX section: quadratic constraints are not supported. This solver reads a quadratic OBJECTIVE only (QUADOBJ); a model with bili,0,,681.4104707,,,1e-06,0,,,,0.002079,,,,60.0,1,8860d2a,"E2E TIR C3 container, 16 vCPU 29 GB (cgroup limits), AMD EPYC 9555 64-Core Processor host, nothing else running; AMD EPYC 9555 64-Core Processor; 256 cores; 1512 GiB RAM; Linux-x86_64",2026-10-03T08:07:41+00:00
QPLIB_3049,QCQ,0,a1fd47e7658a23fdfd7359b6f3fe64d7aefa87885afc5c4d41d3f5895ad83a44,ecdbb28da22395213ea0bc65910cbac57003b1c4ebe2979c6e86c7c1366bc4f0,,,,0,0,,quadratic_constraints,read_error,error: /home/jovyan/run-cpu/SANKHYA/data/qplib/QPLIB_3049.qps:43527: QCMATRIX section: quadratic constraints are not supported. This solver reads a quadratic OBJECTIVE only (QUADOBJ); a model with bil,0,,-38011.57283,,,1e-06,0,,,,0.011038,,,,60.0,1,8860d2a,"E2E TIR C3 container, 16 vCPU 29 GB (cgroup limits), AMD EPYC 9555 64-Core Processor host, nothing else running; AMD EPYC 9555 64-Core Processor; 256 cores; 1512 GiB RAM; Linux-x86_64",2026-10-03T08:07:41+00:00
QPLIB_3060,QML,0,b062b679b0d39cca9c0aa967eaae69d2da89052913152e324bd3e75d478f23af,8cd6a7f87d6ea38a4e7cc173bffa0c43c493a38c9c4e88b8e8585d8fa197eea1,1192,840,3432,48,1,branch-and-bound,nonconvex,model_error,the continuous relaxation was refused: the quadratic objective is not convex: sparse LDL^T of Q + 1e-12 I reached a pivot of -0.00465138 at column 294 (x295) in minimization sense; it exhibits a direc,0,,-128.9348188,,,0.0001,0,,,,0.003178,0.0,0,0,60.0,1,8860d2a,"E2E TIR C3 container, 16 vCPU 29 GB (cgroup limits), AMD EPYC 9555 64-Core Processor host, nothing else running; AMD EPYC 9555 64-Core Processor; 256 cores; 1512 GiB RAM; Linux-x86_64",2026-10-03T08:07:41+00:00
QPLIB_3080,CCQ,0,7e8f8a3712ca22234d780f74d9aaddf2c66bcba68663654b3ba2d80cc4449352,96d063da428cf17285734b4f01b5abb48f0d96083ddfb210627d9156934f6a64,,,,0,0,,quadratic_constraints,read_error,error: /home/jovyan/run-cpu/SANKHYA/data/qplib/QPLIB_3080.qps:21190: QCMATRIX section: quadratic constraints are not supported. This solver reads a quadratic OBJECTIVE only (QUADOBJ); a model with bil,0,,-8668219.095,,,1e-06,0,,,,0.006542,,,,60.0,1,8860d2a,"E2E TIR C3 container, 16 vCPU 29 GB (cgroup limits), AMD EPYC 9555 64-Core Processor host, nothing else running; AMD EPYC 9555 64-Core Processor; 256 cores; 1512 GiB RAM; Linux-x86_64",2026-10-03T08:07:41+00:00
QPLIB_3083,LCQ,0,2d336f2719a87e6f5d8973ac53d0a0117bc40c97635bc52cce28f7209daae1f5,635f1bd250161064f11db5d91872ac8bcd31c7f4a876171bab9ce914cdc229c6,,,,0,0,,quadratic_constraints,read_error,error: /home/jovyan/run-cpu/SANKHYA/data/qplib/QPLIB_3083.qps:1495: QCMATRIX section: quadratic constraints are not supported. This solver reads a quadratic OBJECTIVE only (QUADOBJ); a model with bili,0,,1358.663378,,,1e-06,0,,,,0.00154,,,,60.0,1,8860d2a,"E2E TIR C3 container, 16 vCPU 29 GB (cgroup limits), AMD EPYC 9555 64-Core Processor host, nothing else running; AMD EPYC 9555 64-Core Processor; 256 cores; 1512 GiB RAM; Linux-x86_64",2026-10-03T08:07:41+00:00
QPLIB_3088,LCD,1,cdc9a62c6b2c5c92e70fea9b58402989b9fb5c9c7f6b7a512d37fc8c2b14143e,62ea56a93e0d283bc93c13135f1a3aaf68da32ee8f5d03ccd43179e283c3d408,,,,0,0,,quadratic_constraints,read_error,error: /home/jovyan/run-cpu/SANKHYA/data/qplib/QPLIB_3088.qps:25158: QCMATRIX section: quadratic constraints are not supported. This solver reads a quadratic OBJECTIVE only (QUADOBJ); a model with bil,0,,-0.9460285027,,,1e-06,0,,,,0.007447,,,,60.0,1,8860d2a,"E2E TIR C3 container, 16 vCPU 29 GB (cgroup limits), AMD EPYC 9555 64-Core Processor host, nothing else running; AMD EPYC 9555 64-Core Processor; 256 cores; 1512 GiB RAM; Linux-x86_64",2026-10-03T08:07:41+00:00
QPLIB_3089,LCQ,0,cbe1b0489b7f2638c9fbd80edecbae0e5f976f469386fd48eb5a4dd5f13b1adb,22e6538e8a6eebe1b729023ce5af288640fdd4418b46b56a748a9499a4ea31cb,,,,0,0,,quadratic_constraints,read_error,error: /home/jovyan/run-cpu/SANKHYA/data/qplib/QPLIB_3089.qps:631: QCMATRIX section: quadratic constraints are not supported. This solver reads a quadratic OBJECTIVE only (QUADOBJ); a model with bilin,0,,312.9215405,,,1e-06,0,,,,0.001371,,,,60.0,1,8860d2a,"E2E TIR C3 container, 16 vCPU 29 GB (cgroup limits), AMD EPYC 9555 64-Core Processor host, nothing else running; AMD EPYC 9555 64-Core Processor; 256 cores; 1512 GiB RAM; Linux-x86_64",2026-10-03T08:07:41+00:00
QPLIB_3105,LCD,1,12d2d13b55936a9955e7a9bf244f5ba21088b25cff3124d34e2ab1d46cfb3e98,a6b1d9d5d667030b76c28a944c7bc5379f333430d8805d454e35eeb9f06372f0,,,,0,0,,quadratic_constraints,read_error,error: /home/jovyan/run-cpu/SANKHYA/data/qplib/QPLIB_3105.qps:146242: QCMATRIX section: quadratic constraints are not supported. This solver reads a quadratic OBJECTIVE only (QUADOBJ); a model with bi,0,,-0.9378032911,,,1e-06,0,,,,0.039972,,,,60.0,1,8860d2a,"E2E TIR C3 container, 16 vCPU 29 GB (cgroup limits), AMD EPYC 9555 64-Core Processor host, nothing else running; AMD EPYC 9555 64-Core Processor; 256 cores; 1512 GiB RAM; Linux-x86_64",2026-10-03T08:07:41+00:00
QPLIB_3120,LCQ,0,d00ad5f9de14f753167130f1a1e65c1bc34560f6540421be9b971b5adc2a49db,68323de2cdeb7911c5def1c2eee5c3c3652fd402b70ceed7c55ace165e519bed,,,,0,0,,quadratic_constraints,read_error,error: /home/jovyan/run-cpu/SANKHYA/data/qplib/QPLIB_3120.qps:3822: QCMATRIX section: quadratic constraints are not supported. This solver reads a quadratic OBJECTIVE only (QUADOBJ); a model with bili,0,,1285.005897,,,1e-06,0,,,,0.002252,,,,60.0,1,8860d2a,"E2E TIR C3 container, 16 vCPU 29 GB (cgroup limits), AMD EPYC 9555 64-Core Processor host, nothing else running; AMD EPYC 9555 64-Core Processor; 256 cores; 1512 GiB RAM; Linux-x86_64",2026-10-03T08:07:41+00:00
QPLIB_3122,QML,0,163aa4659ec613ec97aee30b5f4fc40d38f606d20596214df2a886fd11adb6c2,3ae1f5ee8296bd18c83b46064cfbfdf986e0a3bdc6c2ee972114e9ea4d5a84f0,36703,21124,93686,17136,1,branch-and-bound,nonconvex,model_error,the continuous relaxation was refused: the quadratic objective is not convex: sparse LDL^T of Q + 1e-12 I reached a pivot of -0.418768 at column 1852 (x1891) in minimization sense; it exhibits a direc,0,,-48603430420.0,,,0.0001,0,,,,0.077555,0.0,0,0,60.0,1,8860d2a,"E2E TIR C3 container, 16 vCPU 29 GB (cgroup limits), AMD EPYC 9555 64-Core Processor host, nothing else running; AMD EPYC 9555 64-Core Processor; 256 cores; 1512 GiB RAM; Linux-x86_64",2026-10-03T08:07:41+00:00
QPLIB_3147,LCQ,0,9dc8453d308de8b870dec0070163e2ceeb9767559c35efe63deeada9a30b9cc0,723d4a0a15003924bf6c427b19dded4ddd4761fde106ab186795bf43d12c34dc,,,,0,0,,quadratic_constraints,read_error,error: /home/jovyan/run-cpu/SANKHYA/data/qplib/QPLIB_3147.qps:2305: QCMATRIX section: quadratic constraints are not supported. This solver reads a quadratic OBJECTIVE only (QUADOBJ); a model with bili,0,,565.3430361,,,1e-06,0,,,,0.001786,,,,60.0,1,8860d2a,"E2E TIR C3 container, 16 vCPU 29 GB (cgroup limits), AMD EPYC 9555 64-Core Processor host, nothing else running; AMD EPYC 9555 64-Core Processor; 256 cores; 1512 GiB RAM; Linux-x86_64",2026-10-03T08:07:41+00:00
QPLIB_3170,LCQ,0,22c9afccc388d19c9e194db2e11b4db42ac00f2c4be0ec2211ec53403d84aa2f,9079ad0c55b6e2d4dd76e0788a300457e99646549f2ce9581617636dd03ebab3,,,,0,0,,quadratic_constraints,read_error,error: /home/jovyan/run-cpu/SANKHYA/data/qplib/QPLIB_3170.qps:2987: QCMATRIX section: quadratic constraints are not supported. This solver reads a quadratic OBJECTIVE only (QUADOBJ); a model with bili,0,,638.7167531,,,1e-06,0,,,,0.002211,,,,60.0,1,8860d2a,"E2E TIR C3 container, 16 vCPU 29 GB (cgroup limits), AMD EPYC 9555 64-Core Processor host, nothing else running; AMD EPYC 9555 64-Core Processor; 256 cores; 1512 GiB RAM; Linux-x86_64",2026-10-03T08:07:41+00:00
QPLIB_3177,LCQ,0,7f679a41bd458ef803849a1ac12091d4f5d682920cebff91c4e5515a75f1dd75,a0e8395a69c5ed6aab1e4f8287f6cb38572370ae075f01cfa058616a99f47692,,,,0,0,,quadratic_constraints,read_error,error: /home/jovyan/run-cpu/SANKHYA/data/qplib/QPLIB_3177.qps:8006: QCMATRIX section: quadratic constraints are not supported. This solver reads a quadratic OBJECTIVE only (QUADOBJ); a model with bili,0,,-4.274219874,,,1e-06,0,,,,0.002699,,,,60.0,1,8860d2a,"E2E TIR C3 container, 16 vCPU 29 GB (cgroup limits), AMD EPYC 9555 64-Core Processor host, nothing else running; AMD EPYC 9555 64-Core Processor; 256 cores; 1512 GiB RAM; Linux-x86_64",2026-10-03T08:07:41+00:00
QPLIB_3181,LMQ,0,f2bf706859bb370ec36abacb9dd6a7c6ed799ee35d98d474e1c2e22905a01867,47f7240160cc5c92feb46a1aee8ff1133250d86a7af8e1765f44a10b7167ea42,,,,84,0,,quadratic_constraints,read_error,error: /home/jovyan/run-cpu/SANKHYA/data/qplib/QPLIB_3181.qps:1724: QCMATRIX section: quadratic constraints are not supported. This solver reads a quadratic OBJECTIVE only (QUADOBJ); a model with bili,0,,381396.6032,,,0.0001,0,,,,0.001867,,,,60.0,1,8860d2a,"E2E TIR C3 container, 16 vCPU 29 GB (cgroup limits), AMD EPYC 9555 64-Core Processor host, nothing else running; AMD EPYC 9555 64-Core Processor; 256 cores; 1512 GiB RAM; Linux-x86_64",2026-10-03T08:07:41+00:00
QPLIB_3185,LCD,1,6c24c0cf01ac3df2d66248ea932c7517b96b67db80940872e98b6cb86fdf6986,2a566c9912b45704ca66132e8bcd300c286f6c3c50831c844772dce02f5af42e,,,,0,0,,quadratic_constraints,read_error,error: /home/jovyan/run-cpu/SANKHYA/data/qplib/QPLIB_3185.qps:115108: QCMATRIX section: quadratic constraints are not supported. This solver reads a quadratic OBJECTIVE only (QUADOBJ); a model with bi,0,,-0.9350528778,,,1e-06,0,,,,0.029829,,,,60.0,1,8860d2a,"E2E TIR C3 container, 16 vCPU 29 GB (cgroup limits), AMD EPYC 9555 64-Core Processor host, nothing else running; AMD EPYC 9555 64-Core Processor; 256 cores; 1512 GiB RAM; Linux-x86_64",2026-10-03T08:07:41+00:00
QPLIB_3192,LCQ,0,e28f38a2dfe7c93c24bfa4b79b34b61de16fca96227f8f4f9928c6f786ff8d81,ede52712903fab0419cfd86d372e0304a2c77317344200836afc76975d5477ec,,,,0,0,,quadratic_constraints,read_error,error: /home/jovyan/run-cpu/SANKHYA/data/qplib/QPLIB_3192.qps:2552: QCMATRIX section: quadratic constraints are not supported. This solver reads a quadratic OBJECTIVE only (QUADOBJ); a model with bili,0,,783.9509681,,,1e-06,0,,,,0.001856,,,,60.0,1,8860d2a,"E2E TIR C3 container, 16 vCPU 29 GB (cgroup limits), AMD EPYC 9555 64-Core Processor host, nothing else running; AMD EPYC 9555 64-Core Processor; 256 cores; 1512 GiB RAM; Linux-x86_64",2026-10-03T08:07:41+00:00
QPLIB_3225,LCQ,0,2ffc6fa43f4022459ba44bf3e8bd83231bbc18d37c6267b3c7832a4f82e49ac7,e781cd3d71b0cc391f642afb4f81ef8aacfa1e19093459d058ad3c19681c9669,,,,0,0,,quadratic_constraints,read_error,error: /home/jovyan/run-cpu/SANKHYA/data/qplib/QPLIB_3225.qps:876: QCMATRIX section: quadratic constraints are not supported. This solver reads a quadratic OBJECTIVE only (QUADOBJ); a model with bilin,0,,511.5267124,,,1e-06,0,,,,0.001447,,,,60.0,1,8860d2a,"E2E TIR C3 container, 16 vCPU 29 GB (cgroup limits), AMD EPYC 9555 64-Core Processor host, nothing else running; AMD EPYC 9555 64-Core Processor; 256 cores; 1512 GiB RAM; Linux-x86_64",2026-10-03T08:07:41+00:00
QPLIB_3240,LCQ,0,dd3092fc9b936bc6187b235ca42c291250c5340216d81584b51e7a00ba25fbcb,837c18f112bd962ea7a02aacefda72ece1814a3dcf95fbde79fe1d46c5302111,,,,0,0,,quadratic_constraints,read_error,error: /home/jovyan/run-cpu/SANKHYA/data/qplib/QPLIB_3240.qps:2948: QCMATRIX section: quadratic constraints are not supported. This solver reads a quadratic OBJECTIVE only (QUADOBJ); a model with bili,0,,1201.038462,,,1e-06,0,,,,0.00218,,,,60.0,1,8860d2a,"E2E TIR C3 container, 16 vCPU 29 GB (cgroup limits), AMD EPYC 9555 64-Core Processor host, nothing else running; AMD EPYC 9555 64-Core Processor; 256 cores; 1512 GiB RAM; Linux-x86_64",2026-10-03T08:07:41+00:00
QPLIB_3247,LCQ,0,065e277f5f6d6a0587904fd09e21901376ff63e5fdd62b585ba078105d1a36c1,ba3a58210adc5cfba630a2d578bb3662c6918c97f6a99f827dfff8ae7315fd62,,,,0,0,,quadratic_constraints,read_error,error: /home/jovyan/run-cpu/SANKHYA/data/qplib/QPLIB_3247.qps:16405: QCMATRIX section: quadratic constraints are not supported. This solver reads a quadratic OBJECTIVE only (QUADOBJ); a model with bil,0,,0.01223092249,,,1e-06,0,,,,0.005251,,,,60.0,1,8860d2a,"E2E TIR C3 container, 16 vCPU 29 GB (cgroup limits), AMD EPYC 9555 64-Core Processor host, nothing else running; AMD EPYC 9555 64-Core Processor; 256 cores; 1512 GiB RAM; Linux-x86_64",2026-10-03T08:07:41+00:00
QPLIB_3279,LMQ,0,750fd638f77940ae724c78fe61d3f314cc555297926b0572595411dff6405ebc,6478d244d5a8efe48dfc7d7670a107f8d7646953ef0e3d556798259699a18b89,,,,56,0,,quadratic_constraints,read_error,error: /home/jovyan/run-cpu/SANKHYA/data/qplib/QPLIB_3279.qps:1372: QCMATRIX section: quadratic constraints are not supported. This solver reads a quadratic OBJECTIVE only (QUADOBJ); a model with bili,0,,873535.3578,,,0.0001,0,,,,0.001473,,,,60.0,1,8860d2a,"E2E TIR C3 container, 16 vCPU 29 GB (cgroup limits), AMD EPYC 9555 64-Core Processor host, nothing else running; AMD EPYC 9555 64-Core Processor; 256 cores; 1512 GiB RAM; Linux-x86_64",2026-10-03T08:07:41+00:00
QPLIB_3297,CCQ,0,5e4bda0a6d66a8772060a9238a6b2e64d837703193a3b207b2552dd61c0b962d,b8713329314e1fbcaed90f54c404282d363c47b8e624aec3eb9811945d03c6f0,,,,0,0,,quadratic_constraints,read_error,error: /home/jovyan/run-cpu/SANKHYA/data/qplib/QPLIB_3297.qps:41990: QCMATRIX section: quadratic constraints are not supported. This solver reads a quadratic OBJECTIVE only (QUADOBJ); a model with bil,0,,-8668219.094,,,1e-06,0,,,,0.010551,,,,60.0,1,8860d2a,"E2E TIR C3 container, 16 vCPU 29 GB (cgroup limits), AMD EPYC 9555 64-Core Processor host, nothing else running; AMD EPYC 9555 64-Core Processor; 256 cores; 1512 GiB RAM; Linux-x86_64",2026-10-03T08:07:41+00:00
QPLIB_3307,QBL,0,9069c4b3e3e313c54fb4e84f666b3502f730318721d64b23c26d9260cbfeec6a,7c2b02208f5295dc0550c84a773a0ad5ed5464496b1caf5c469b9af2fba8982b,32,256,512,256,1,branch-and-bound,nonconvex,model_error,the continuous relaxation was refused: the quadratic objective is not convex: sparse LDL^T of Q + 1e-12 I reached a pivot of -4.04e+14 at column 245 (x246) in minimization sense; it exhibits a directi,0,,1240.0,,,0.0001,0,,,,0.009067,0.0,0,0,60.0,1,8860d2a,"E2E TIR C3 container, 16 vCPU 29 GB (cgroup limits), AMD EPYC 9555 64-Core Processor host, nothing else running; AMD EPYC 9555 64-Core Processor; 256 cores; 1512 GiB RAM; Linux-x86_64",2026-10-03T08:07:41+00:00
QPLIB_3312,LCD,1,d14760093436d900c294213590829a578c140c4a7d987ad0ddc91a6fe8c171ec,ebe3ecbe60a2a196c096c0d7ea6f6db03e88a8e5791677a467b8852bdf7bc107,,,,0,0,,quadratic_constraints,read_error,error: /home/jovyan/run-cpu/SANKHYA/data/qplib/QPLIB_3312.qps:327352: QCMATRIX section: quadratic constraints are not supported. This solver reads a quadratic OBJECTIVE only (QUADOBJ); a model with bi,0,,-0.9332596231,,,1e-06,0,,,,0.089782,,,,60.0,1,8860d2a,"E2E TIR C3 container, 16 vCPU 29 GB (cgroup limits), AMD EPYC 9555 64-Core Processor host, nothing else running; AMD EPYC 9555 64-Core Processor; 256 cores; 1512 GiB RAM; Linux-x86_64",2026-10-03T08:07:41+00:00
QPLIB_3318,LCQ,0,294ba8785f1b0d02e472fcf3ffd1ab3e9c686296e5f0928596422bca42283a33,52a0310499213b2bdb73dab3b395ad6ce3abe0a41e74fd6413d11577cd33e84e,,,,0,0,,quadratic_constraints,read_error,error: /home/jovyan/run-cpu/SANKHYA/data/qplib/QPLIB_3318.qps:1237: QCMATRIX section: quadratic constraints are not supported. This solver reads a quadratic OBJECTIVE only (QUADOBJ); a model with bili,0,,9.945287281,,,1e-06,0,,,,0.001703,,,,60.0,1,8860d2a,"E2E TIR C3 container, 16 vCPU 29 GB (cgroup limits), AMD EPYC 9555 64-Core Processor host, nothing else running; AMD EPYC 9555 64-Core Processor; 256 cores; 1512 GiB RAM; Linux-x86_64",2026-10-03T08:07:41+00:00
QPLIB_3326,QCQ,0,b65b24629a1bd47f2bf11423273e152e623ce72b0b5ed73398de00c5e2ce22ff,fca87bb0055faa343e91a9c7fbecc4f034fc8e9ea057bd3c4c73e092ab2fab01,,,,0,0,,quadratic_constraints,read_error,error: /home/jovyan/run-cpu/SANKHYA/data/qplib/QPLIB_3326.qps:11277: QCMATRIX section: quadratic constraints are not supported. This solver reads a quadratic OBJECTIVE only (QUADOBJ); a model with bil,0,,-38011.57283,,,1e-06,0,,,,0.004317,,,,60.0,1,8860d2a,"E2E TIR C3 container, 16 vCPU 29 GB (cgroup limits), AMD EPYC 9555 64-Core Processor host, nothing else running; AMD EPYC 9555 64-Core Processor; 256 cores; 1512 GiB RAM; Linux-x86_64",2026-10-03T08:07:41+00:00
QPLIB_3334,LCQ,0,656886bb736ca9dc654fd21ffe1aa680813dff16e984b9efab12060559159987,9279b8bc17524cccaff8249e878ce996e26ecc3b6796f00892c07f854f2dc53b,,,,0,0,,quadratic_constraints,read_error,error: /home/jovyan/run-cpu/SANKHYA/data/qplib/QPLIB_3334.qps:4147: QCMATRIX section: quadratic constraints are not supported. This solver reads a quadratic OBJECTIVE only (QUADOBJ); a model with bili,0,,744.0833799,,,1e-06,0,,,,0.003176,,,,60.0,1,8860d2a,"E2E TIR C3 container, 16 vCPU 29 GB (cgroup limits), AMD EPYC 9555 64-Core Processor host, nothing else running; AMD EPYC 9555 64-Core Processor; 256 cores; 1512 GiB RAM; Linux-x86_64",2026-10-03T08:07:41+00:00
QPLIB_3337,LCQ,0,f5b5d0103c8ee59bb8a65ea2b7f183f918b9758d594b07b456da0b13a775e57f,c67204df48d3789b34ab93c1f15b1193997bad11bb4666bc9a4717b16f9da53e,,,,0,0,,quadratic_constraints,read_error,error: /home/jovyan/run-cpu/SANKHYA/data/qplib/QPLIB_3337.qps:1194: QCMATRIX section: quadratic constraints are not supported. This solver reads a quadratic OBJECTIVE only (QUADOBJ); a model with bili,0,,-100000000.0,,,1e-06,0,,,,0.002139,,,,60.0,1,8860d2a,"E2E TIR C3 container, 16 vCPU 29 GB (cgroup limits), AMD EPYC 9555 64-Core Processor host, nothing else running; AMD EPYC 9555 64-Core Processor; 256 cores; 1512 GiB RAM; Linux-x86_64",2026-10-03T08:07:41+00:00
QPLIB_3338,LCQ,0,53ca51a5054fdf3bc2f015dafa3dec2a2a54602ace43d397702f718675951f4b,e55f5d15d0200087f271d9bb7effa0cdbed27cfcf09c2620623f1ac6897c1176,,,,0,0,,quadratic_constraints,read_error,error: /home/jovyan/run-cpu/SANKHYA/data/qplib/QPLIB_3338.qps:1835: QCMATRIX section: quadratic constraints are not supported. This solver reads a quadratic OBJECTIVE only (QUADOBJ); a model with bili,0,,662.8070384,,,1e-06,0,,,,0.001626,,,,60.0,1,8860d2a,"E2E TIR C3 container, 16 vCPU 29 GB (cgroup limits), AMD EPYC 9555 64-Core Processor host, nothing else running; AMD EPYC 9555 64-Core Processor; 256 cores; 1512 GiB RAM; Linux-x86_64",2026-10-03T08:07:41+00:00
QPLIB_3347,QBL,0,1e9ebd17f4bdd96b49c244c90719cf5d20082ead8c778ea93b907158e85d4b32,e5a4c554b9a69b60fe557dfb2c6921d6f4f8b30021af8c9a1a2f2e000c9ccc13,52,676,1352,676,1,branch-and-bound,nonconvex,model_error,the continuous relaxation was refused: the quadratic objective is not convex: sparse LDL^T of Q + 4.73e-08 I reached a pivot of -2.08603e+14 at column 646 (x647) in minimization sense; it exhibits a d,0,,3818879.0,,,0.0001,0,,,,0.066579,0.0,0,0,60.0,1,8860d2a,"E2E TIR C3 container, 16 vCPU 29 GB (cgroup limits), AMD EPYC 9555 64-Core Processor host, nothing else running; AMD EPYC 9555 64-Core Processor; 256 cores; 1512 GiB RAM; Linux-x86_64",2026-10-03T08:07:41+00:00
QPLIB_3358,LCQ,0,1195cc84f2473ff8d4cab5579f7098b0eb5f644c849e89c1d0d8a26795f72c79,8ffb3b25be2ed6de7e1b2aaa1925387918428fc3563e23d4c77ecdbbd60fea4d,,,,0,0,,quadratic_constraints,read_error,error: /home/jovyan/run-cpu/SANKHYA/data/qplib/QPLIB_3358.qps:959: QCMATRIX section: quadratic constraints are not supported. This solver reads a quadratic OBJECTIVE only (QUADOBJ); a model with bilin,0,,2.848720213,,,1e-06,0,,,,0.002181,,,,60.0,1,8860d2a,"E2E TIR C3 container, 16 vCPU 29 GB (cgroup limits), AMD EPYC 9555 64-Core Processor host, nothing else running; AMD EPYC 9555 64-Core Processor; 256 cores; 1512 GiB RAM; Linux-x86_64",2026-10-03T08:07:41+00:00
QPLIB_3361,QBL,0,b0d7d0c91963e5cd35e40595e761a9133fd5f154e5acd202423bcb8ab34bd2b6,95c7c567a9c246768872d56d6e776789b0908d4abf7cb642a0bda2d1582886e8,64,1024,2048,1024,1,branch-and-bound,nonconvex,model_error,the continuous relaxation was refused: the quadratic objective is not convex: sparse LDL^T of Q + 1e-12 I reached a pivot of -2.09856e+19 at column 767 (x768) in minimization sense; it exhibits a dire,0,,88700.0,,,0.0001,0,,,,0.057029,0.0,0,0,60.0,1,8860d2a,"E2E TIR C3 container, 16 vCPU 29 GB (cgroup limits), AMD EPYC 9555 64-Core Processor host, nothing else running; AMD EPYC 9555 64-Core Processor; 256 cores; 1512 GiB RAM; Linux-x86_64",2026-10-03T08:07:41+00:00
QPLIB_3369,LCQ,0,fe28b5933054ac181010395886299d839e4f3d51ae8e1461757320c081be89f7,71c27647c7a68e992784712c62d3d90ecd132dcad719e603fdb9a87ab2e7d6cd,,,,0,0,,quadratic_constraints,read_error,error: /home/jovyan/run-cpu/SANKHYA/data/qplib/QPLIB_3369.qps:2573: QCMATRIX section: quadratic constraints are not supported. This solver reads a quadratic OBJECTIVE only (QUADOBJ); a model with bili,0,,583.5215161,,,1e-06,0,,,,0.002066,,,,60.0,1,8860d2a,"E2E TIR C3 container, 16 vCPU 29 GB (cgroup limits), AMD EPYC 9555 64-Core Processor host, nothing else running; AMD EPYC 9555 64-Core Processor; 256 cores; 1512 GiB RAM; Linux-x86_64",2026-10-03T08:07:41+00:00
QPLIB_3380,QBL,0,36610181aae7120c6d059da9bdd6c2920e7ae011e5c366f33834538ef09b02c8,e0b8db6b049031416d7da57e679dbaacd21617ad094ae69a79dfba63c6f9a1c4,823,8904,72965,8904,1,branch-and-bound,nonconvex,model_error,the continuous relaxation was refused: the quadratic objective is not convex: sparse LDL^T of Q + 1e-12 I reached a pivot of -0.00418057 at column 8877 (x8878) in minimization sense; it exhibits a dir,0,,56161.9323,,,0.0001,0,,,,0.035819,0.0,0,0,60.0,1,8860d2a,"E2E TIR C3 container, 16 vCPU 29 GB (cgroup limits), AMD EPYC 9555 64-Core Processor host, nothing else running; AMD EPYC 9555 64-Core Processor; 256 cores; 1512 GiB RAM; Linux-x86_64",2026-10-03T08:07:41+00:00
QPLIB_3385,LCQ,0,db17516d97237482d5c8aaa975f4ef19b17ecfe66ca5ec139e55c7694ecfccf1,ae0621e8dc5fae38d6b3e59ba2f9d0ba47babb3c853080d2b1fadd5c19fdccba,,,,0,0,,quadratic_constraints,read_error,error: /home/jovyan/run-cpu/SANKHYA/data/qplib/QPLIB_3385.qps:912: QCMATRIX section: quadratic constraints are not supported. This solver reads a quadratic OBJECTIVE only (QUADOBJ); a model with bilin,0,,586.6800191,,,1e-06,0,,,,0.001467,,,,60.0,1,8860d2a,"E2E TIR C3 container, 16 vCPU 29 GB (cgroup limits), AMD EPYC 9555 64-Core Processor host, nothing else running; AMD EPYC 9555 64-Core Processor; 256 cores; 1512 GiB RAM; Linux-x86_64",2026-10-03T08:07:41+00:00
QPLIB_3387,LCQ,0,56e61db36a8a9b06bff96738523c732236ec369a215ac265553555b4c8a800d0,e115627930530222451cd1de4350ae0be6193dd9dcf94691ef28d6e8abc55e3a,,,,0,0,,quadratic_constraints,read_error,error: /home/jovyan/run-cpu/SANKHYA/data/qplib/QPLIB_3387.qps:1163: QCMATRIX section: quadratic constraints are not supported. This solver reads a quadratic OBJECTIVE only (QUADOBJ); a model with bili,0,,403.1959738,,,1e-06,0,,,,0.001693,,,,60.0,1,8860d2a,"E2E TIR C3 container, 16 vCPU 29 GB (cgroup limits), AMD EPYC 9555 64-Core Processor host, nothing else running; AMD EPYC 9555 64-Core Processor; 256 cores; 1512 GiB RAM; Linux-x86_64",2026-10-03T08:07:41+00:00
QPLIB_3402,QBL,0,2de0cd56ef3762094071ca29699c58c8d9f73f85e07e04a36f49f3556e924919,25985fc23de61da5562b5f2d733ff194c425f3fda9c76cafa94ef279a15eae68,24,144,288,144,1,branch-and-bound,nonconvex,model_error,the continuous relaxation was refused: the quadratic objective is not convex: sparse LDL^T of Q + 1e-12 I reached a pivot of -2.67957e+20 at column 121 (x122) in minimization sense; it exhibits a dire,0,,224416.0,,,0.0001,0,,,,0.00419,0.0,0,0,60.0,1,8860d2a,"E2E TIR C3 container, 16 vCPU 29 GB (cgroup limits), AMD EPYC 9555 64-Core Processor host, nothing else running; AMD EPYC 9555 64-Core Processor; 256 cores; 1512 GiB RAM; Linux-x86_64",2026-10-03T08:07:41+00:00
QPLIB_3413,QBL,0,e165cbcf430f3a0abfe2f8c6ce7a810ce66f457d9a0ebd362d9f60aa5b93a02b,8b2f4cb7bc897ad1312126d6fd5444762b12274840c5270cc8724ba7ebbfe42a,40,400,800,400,1,branch-and-bound,nonconvex,model_error,the continuous relaxation was refused: the quadratic objective is not convex: sparse LDL^T of Q + 1e-12 I reached a pivot of -1.82513e+19 at column 97 (x98) in minimization sense; it exhibits a direct,0,,2192.0,,,0.0001,0,,,,0.003986,0.0,0,0,60.0,1,8860d2a,"E2E TIR C3 container, 16 vCPU 29 GB (cgroup limits), AMD EPYC 9555 64-Core Processor host, nothing else running; AMD EPYC 9555 64-Core Processor; 256 cores; 1512 GiB RAM; Linux-x86_64",2026-10-03T08:07:41+00:00
QPLIB_3416,LCQ,0,c5cfabad38e72cffe9b74e4c07e88c3e34c4f16c2009f80fefeb5f83b4f01f24,6f66eddb387c2f6163878d6dc4fa4638d833b9faf1590dcf95856379ce342bba,,,,0,0,,quadratic_constraints,read_error,error: /home/jovyan/run-cpu/SANKHYA/data/qplib/QPLIB_3416.qps:2663: QCMATRIX section: quadratic constraints are not supported. This solver reads a quadratic OBJECTIVE only (QUADOBJ); a model with bili,0,,556.6751626,,,1e-06,0,,,,0.001828,,,,60.0,1,8860d2a,"E2E TIR C3 container, 16 vCPU 29 GB (cgroup limits), AMD EPYC 9555 64-Core Processor host, nothing else running; AMD EPYC 9555 64-Core Processor; 256 cores; 1512 GiB RAM; Linux-x86_64",2026-10-03T08:07:41+00:00
QPLIB_3496,LGQ,0,edf386c714583c649cfb5f376c757c897bc5101d0801087b21c2cbfb5411a8a9,d0397c61e3739a017a9467b35cb59635f7feb7ae9e4a56be5036527173ce6105,,,,256,0,,quadratic_constraints,read_error,error: /home/jovyan/run-cpu/SANKHYA/data/qplib/QPLIB_3496.qps:4782: QCMATRIX section: quadratic constraints are not supported. This solver reads a quadratic OBJECTIVE only (QUADOBJ); a model with bili,0,,191.7295481,,,0.0001,0,,,,0.002335,,,,60.0,1,8860d2a,"E2E TIR C3 container, 16 vCPU 29 GB (cgroup limits), AMD EPYC 9555 64-Core Processor host, nothing else running; AMD EPYC 9555 64-Core Processor; 256 cores; 1512 GiB RAM; Linux-x86_64",2026-10-03T08:07:41+00:00
QPLIB_3502,LMQ,0,95ba0fe7819a86953eb4f37a9668ce49a3169c9e4c18747be1e97a576e157ee6,6c429936918f00364e06d70609a931774261112b27f1105ffa05eefc3f2404a2,,,,10920,0,,quadratic_constraints,read_error,error: /home/jovyan/run-cpu/SANKHYA/data/qplib/QPLIB_3502.qps:53507: QCMATRIX section: quadratic constraints are not supported. This solver reads a quadratic OBJECTIVE only (QUADOBJ); a model with bil,0,,,,,0.0001,,,,,0.01221,,,,60.0,1,8860d2a,"E2E TIR C3 container, 16 vCPU 29 GB (cgroup limits), AMD EPYC 9555 64-Core Processor host, nothing else running; AMD EPYC 9555 64-Core Processor; 256 cores; 1512 GiB RAM; Linux-x86_64",2026-10-03T08:07:41+00:00
QPLIB_3505,LMQ,0,82adea8805e7b2d89876bd9a463113bdc0d25e2d3cf130ce44168f3d74c63cf9,9444e2214235b3730c9c51c9167584d2ab605cceff286fac713b8587763b4419,,,,201,0,,quadratic_constraints,read_error,error: /home/jovyan/run-cpu/SANKHYA/data/qplib/QPLIB_3505.qps:83635: QCMATRIX section: quadratic constraints are not supported. This solver reads a quadratic OBJECTIVE only (QUADOBJ); a model with bil,0,,-1.127284376,,,0.0001,0,,,,0.021179,,,,60.0,1,8860d2a,"E2E TIR C3 container, 16 vCPU 29 GB (cgroup limits), AMD EPYC 9555 64-Core Processor host, nothing else running; AMD EPYC 9555 64-Core Processor; 256 cores; 1512 GiB RAM; Linux-x86_64",2026-10-03T08:07:41+00:00
QPLIB_3506,QBN,0,b50876f2a202a67a614e8a1e468959006e9203feb521475f1fd878561bc16bad,ecf1bc8748b573873f948aa55cde597292f2a3b6c2be0d68286d7950a49dea4e,0,496,0,496,1,branch-and-bound,nonconvex,model_error,the continuous relaxation was refused: the quadratic objective is not convex: sparse LDL^T of Q + 1e-12 I reached a pivot of -8e+12 at column 175 (x176) in minimization sense; it exhibits a direction ,0,,478.0,,,0.0001,0,,,,0.002981,0.0,0,0,60.0,1,8860d2a,"E2E TIR C3 container, 16 vCPU 29 GB (cgroup limits), AMD EPYC 9555 64-Core Processor host, nothing else running; AMD EPYC 9555 64-Core Processor; 256 cores; 1512 GiB RAM; Linux-x86_64",2026-10-03T08:07:41+00:00
QPLIB_3508,LMQ,0,67aaec96539184e1f67b6dee2835c1bd0be328cafdd93f24d8a935a459e712e7,a03736d0825f29b6ec97ac773c35656266524a9d4c5fc8c00f3d6022a0e85547,,,,2450,0,,quadratic_constraints,read_error,error: /home/jovyan/run-cpu/SANKHYA/data/qplib/QPLIB_3508.qps:14012: QCMATRIX section: quadratic constraints are not supported. This solver reads a quadratic OBJECTIVE only (QUADOBJ); a model with bil,0,,-1.151205516,,,0.0001,0,,,,0.003559,,,,60.0,1,8860d2a,"E2E TIR C3 container, 16 vCPU 29 GB (cgroup limits), AMD EPYC 9555 64-Core Processor host, nothing else running; AMD EPYC 9555 64-Core Processor; 256 cores; 1512 GiB RAM; Linux-x86_64",2026-10-03T08:07:41+00:00
QPLIB_3510,LMQ,0,88431ee69536fbfb3f4696cdd7f0dc3df423263f4f9eaa589e57512401550688,bbc8e6ddfa29f31390f3ee424648b4c1199b8548a5f2577a521921a4bc1e96af,,,,105,0,,quadratic_constraints,read_error,error: /home/jovyan/run-cpu/SANKHYA/data/qplib/QPLIB_3510.qps:21860: QCMATRIX section: quadratic constraints are not supported. This solver reads a quadratic OBJECTIVE only (QUADOBJ); a model with bil,0,,113658343.3,,,0.0001,0,,,,0.005173,,,,60.0,1,8860d2a,"E2E TIR C3 container, 16 vCPU 29 GB (cgroup limits), AMD EPYC 9555 64-Core Processor host, nothing else running; AMD EPYC 9555 64-Core Processor; 256 cores; 1512 GiB RAM; Linux-x86_64",2026-10-03T08:07:41+00:00
QPLIB_3511,LMQ,0,f465e6ff7e3d17e660a8d503d58ae3a2127e234a877e9928f8a98ce95116f8dd,ff5155d588f2776644808392e9a5f42a0b1a78f52f566fb4ddfcb3a5d752722e,,,,2450,0,,quadratic_constraints,read_error,error: /home/jovyan/run-cpu/SANKHYA/data/qplib/QPLIB_3511.qps:33318: QCMATRIX section: quadratic constraints are not supported. This solver reads a quadratic OBJECTIVE only (QUADOBJ); a model with bil,0,,-1.140252838,,,0.0001,0,,,,0.007329,,,,60.0,1,8860d2a,"E2E TIR C3 container, 16 vCPU 29 GB (cgroup limits), AMD EPYC 9555 64-Core Processor host, nothing else running; AMD EPYC 9555 64-Core Processor; 256 cores; 1512 GiB RAM; Linux-x86_64",2026-10-03T08:07:41+00:00
QPLIB_3512,LMQ,0,48dd4708f6048b14a500a55011047b6c671a9ba0b3270fa92ab0a77f6e8b6ef5,faef9e348c6bf4503816e45df49ba53daed296081d96b64ad425303eca59d30b,,,,72,0,,quadratic_constraints,read_error,error: /home/jovyan/run-cpu/SANKHYA/data/qplib/QPLIB_3512.qps:2317: QCMATRIX section: quadratic constraints are not supported. This solver reads a quadratic OBJECTIVE only (QUADOBJ); a model with bili,0,,45.29656579,,,0.0001,0,,,,0.001725,,,,60.0,1,8860d2a,"E2E TIR C3 container, 16 vCPU 29 GB (cgroup limits), AMD EPYC 9555 64-Core Processor host, nothing else running; AMD EPYC 9555 64-Core Processor; 256 cores; 1512 GiB RAM; Linux-x86_64",2026-10-03T08:07:41+00:00
QPLIB_3513,LMQ,0,e71fd96496728e567cfd753f5208022a07ed09534d8276d0a32452abe915c9f7,c824e8895fd8bff9e3d9dd5004cbce6614b3ac3e5f3a682134b6922e2eaeb38b,,,,123,0,,quadratic_constraints,read_error,error: /home/jovyan/run-cpu/SANKHYA/data/qplib/QPLIB_3513.qps:29407: QCMATRIX section: quadratic constraints are not supported. This solver reads a quadratic OBJECTIVE only (QUADOBJ); a model with bil,0,,85.44891308,,,0.0001,0,,,,0.006947,,,,60.0,1,8860d2a,"E2E TIR C3 container, 16 vCPU 29 GB (cgroup limits), AMD EPYC 9555 64-Core Processor host, nothing else running; AMD EPYC 9555 64-Core Processor; 256 cores; 1512 GiB RAM; Linux-x86_64",2026-10-03T08:07:41+00:00
QPLIB_3514,LMQ,0,c78d20d5fb2faa12a6d7835d9fafba6e3cf87892303c506033300f5a2e5df113,6903158bff8cbf2d28b6807867ff48b3836657a147569149a838739f6cb268f3,,,,15,0,,quadratic_constraints,read_error,error: /home/jovyan/run-cpu/SANKHYA/data/qplib/QPLIB_3514.qps:7374: QCMATRIX section: quadratic constraints are not supported. This solver reads a quadratic OBJECTIVE only (QUADOBJ); a model with bili,0,,366.6218167,,,0.0001,0,,,,0.002494,,,,60.0,1,8860d2a,"E2E TIR C3 container, 16 vCPU 29 GB (cgroup limits), AMD EPYC 9555 64-Core Processor host, nothing else running; AMD EPYC 9555 64-Core Processor; 256 cores; 1512 GiB RAM; Linux-x86_64",2026-10-03T08:07:41+00:00
QPLIB_3515,LMQ,0,383d953e51c27e4a76f2bc7037dd98e45008d13dfa5e802a861c39d349f20484,4e753e02b8c86313ff1efdd9e7c32a1ed4e9b66beb8bac67ce89addd17dcfc3a,,,,352,0,,quadratic_constraints,read_error,error: /home/jovyan/run-cpu/SANKHYA/data/qplib/QPLIB_3515.qps:5772: QCMATRIX section: quadratic constraints are not supported. This solver reads a quadratic OBJECTIVE only (QUADOBJ); a model with bili,0,,950960.1503,,,0.0001,0,,,,0.002229,,,,60.0,1,8860d2a,"E2E TIR C3 container, 16 vCPU 29 GB (cgroup limits), AMD EPYC 9555 64-Core Processor host, nothing else running; AMD EPYC 9555 64-Core Processor; 256 cores; 1512 GiB RAM; Linux-x86_64",2026-10-03T08:07:41+00:00
QPLIB_3522,LMQ,0,4f356b5269b06c6e3693f24954f4a6691cd6c39e3d030358bbd1dc54b6e0725a,254f4efc8034c2d99c825b81f497a13190995e1d7fc7a6f6fd5c4d6e0b4feb94,,,,42,0,,quadratic_constraints,read_error,error: /home/jovyan/run-cpu/SANKHYA/data/qplib/QPLIB_3522.qps:3457: QCMATRIX section: quadratic constraints are not supported. This solver reads a quadratic OBJECTIVE only (QUADOBJ); a model with bili,0,,84.62501274,,,0.0001,0,,,,0.001872,,,,60.0,1,8860d2a,"E2E TIR C3 container, 16 vCPU 29 GB (cgroup limits), AMD EPYC 9555 64-Core Processor host, nothing else running; AMD EPYC 9555 64-Core Processor; 256 cores; 1512 GiB RAM; Linux-x86_64",2026-10-03T08:07:41+00:00
QPLIB_3523,QML,0,8b9559809876ee97c846f8fff37a6e85818e075d46d80afb78a164887a0eee0d,894ddd88ef27b870d64e3b856c9ea1145367911b99e5dc621ab2102238af80e6,1456,182,4368,155,1,branch-and-bound,nonconvex,model_error,the continuous relaxation was refused: the quadratic objective is not convex: sparse LDL^T of Q + 1e-12 I reached a pivot of -1.2e+13 at column 91 (x92) in minimization sense; it exhibits a direction ,0,,-615.0,,,0.0001,0,,,,0.004108,0.0,0,0,60.0,1,8860d2a,"E2E TIR C3 container, 16 vCPU 29 GB (cgroup limits), AMD EPYC 9555 64-Core Processor host, nothing else running; AMD EPYC 9555 64-Core Processor; 256 cores; 1512 GiB RAM; Linux-x86_64",2026-10-03T08:07:41+00:00
QPLIB_3524,LMQ,0,e083bd46ce59b2c952ed5190f8df90dcd38c42b9a2d947ffb221372489af0be7,5ce247e5653c8d1cdfbe4b2dfac436b3c47df9a9e351dec26911c666be77449a,,,,132,0,,quadratic_constraints,read_error,error: /home/jovyan/run-cpu/SANKHYA/data/qplib/QPLIB_3524.qps:17632: QCMATRIX section: quadratic constraints are not supported. This solver reads a quadratic OBJECTIVE only (QUADOBJ); a model with bil,0,,4683.868286,,,0.0001,0,,,,0.004513,,,,60.0,1,8860d2a,"E2E TIR C3 container, 16 vCPU 29 GB (cgroup limits), AMD EPYC 9555 64-Core Processor host, nothing else running; AMD EPYC 9555 64-Core Processor; 256 cores; 1512 GiB RAM; Linux-x86_64",2026-10-03T08:07:41+00:00
QPLIB_3525,QGQ,0,2daaca4d6ac9b61f713c63049cb0b7c2132c0d0060bc55bc89f23eb7368abb10,ac323b7eec063969a4229b138ed3c8d5fb26dfa16caa36d0227a7d63462ad283,,,,1662,0,,quadratic_constraints,read_error,error: /home/jovyan/run-cpu/SANKHYA/data/qplib/QPLIB_3525.qps:14238: QCMATRIX section: quadratic constraints are not supported. This solver reads a quadratic OBJECTIVE only (QUADOBJ); a model with bil,0,,4026.58369,,,0.0001,0,,,,0.003813,,,,60.0,1,8860d2a,"E2E TIR C3 container, 16 vCPU 29 GB (cgroup limits), AMD EPYC 9555 64-Core Processor host, nothing else running; AMD EPYC 9555 64-Core Processor; 256 cores; 1512 GiB RAM; Linux-x86_64",2026-10-03T08:07:41+00:00
QPLIB_3529,LMQ,0,5e60730e331cdeb5f2cefc63fc964dc19c8be02f2bb42a5a8f0953023f4f66af,dbfab91be39da6bd88ace7d05ebed777f2704d04b0e68705986d9a9bf09a6cb5,,,,38,0,,quadratic_constraints,read_error,error: /home/jovyan/run-cpu/SANKHYA/data/qplib/QPLIB_3529.qps:10042: QCMATRIX section: quadratic constraints are not supported. This solver reads a quadratic OBJECTIVE only (QUADOBJ); a model with bil,0,,-46376.205,,,0.0001,0,,,,0.003323,,,,60.0,1,8860d2a,"E2E TIR C3 container, 16 vCPU 29 GB (cgroup limits), AMD EPYC 9555 64-Core Processor host, nothing else running; AMD EPYC 9555 64-Core Processor; 256 cores; 1512 GiB RAM; Linux-x86_64",2026-10-03T08:07:41+00:00
QPLIB_3533,LMQ,0,1f7e53b68aa7ffce2a26aa32372cc74a90e0d0442ca2422d938d09403730beda,06e73e5b9dc046486a6655c1f4e3cc94693de1b7292d9d30993bee7ea8ef0a52,,,,240,0,,quadratic_constraints,read_error,error: /home/jovyan/run-cpu/SANKHYA/data/qplib/QPLIB_3533.qps:2296: QCMATRIX section: quadratic constraints are not supported. This solver reads a quadratic OBJECTIVE only (QUADOBJ); a model with bili,0,,484.3286442,,,0.0001,0,,,,0.001696,,,,60.0,1,8860d2a,"E2E TIR C3 container, 16 vCPU 29 GB (cgroup limits), AMD EPYC 9555 64-Core Processor host, nothing else running; AMD EPYC 9555 64-Core Processor; 256 cores; 1512 GiB RAM; Linux-x86_64",2026-10-03T08:07:41+00:00
QPLIB_3547,DML,1,89aea8870f1bd963ec0c4d82436077677a96016ab2ebbde9b0f7631cc451d6c0,83ac44b7447e669318b3fa00ceca6e055adb8dd32b86c36caaa78dcb36170c11,3137,1998,8556,462,1,branch-and-bound,,iteration_limit,"the node LP at node 1 stopped at the iteration limit, so the tree cannot go on: a node whose bound is unknown cannot be fathomed without risking the optimum (stopped at the iteration limit of 2000000 ",0,inf,-0.56000837,inf,inf,0.0001,0,0,1,,51.491579,51.486061535,0,1,60.0,1,8860d2a,"E2E TIR C3 container, 16 vCPU 29 GB (cgroup limits), AMD EPYC 9555 64-Core Processor host, nothing else running; AMD EPYC 9555 64-Core Processor; 256 cores; 1512 GiB RAM; Linux-x86_64",2026-10-03T08:07:41+00:00
QPLIB_3549,LMQ,0,56a7e33662678c9c43427452717b5f09e58260a2db00e1687082501d7b95a934,96ab0cca3d909f069b539f15d9b06821a9c7a4648f806e372502abca33306f23,,,,650,0,,quadratic_constraints,read_error,error: /home/jovyan/run-cpu/SANKHYA/data/qplib/QPLIB_3549.qps:9593: QCMATRIX section: quadratic constraints are not supported. This solver reads a quadratic OBJECTIVE only (QUADOBJ); a model with bili,0,,-1.111602303,,,0.0001,0,,,,0.00394,,,,60.0,1,8860d2a,"E2E TIR C3 container, 16 vCPU 29 GB (cgroup limits), AMD EPYC 9555 64-Core Processor host, nothing else running; AMD EPYC 9555 64-Core Processor; 256 cores; 1512 GiB RAM; Linux-x86_64",2026-10-03T08:07:41+00:00
QPLIB_3554,QML,0,079b3fcef9848b176495cf7d6e6f1458ec994c7091d1b82f6f994f57029825f9,5ca55ef9062546a2528162ba51dc3b6f33f26b70d0b96f8dc041d3f2009b2cd4,556,384,1124,14,1,branch-and-bound,nonconvex,model_error,the continuous relaxation was refused: the quadratic objective is not convex: sparse LDL^T of Q + 2.86e-11 I reached a pivot of -7.08362e-09 at column 127 (x128) in minimization sense; it exhibits a d,0,,424.5441036,,,0.0001,0,,,,0.007339,0.0,0,0,60.0,1,8860d2a,"E2E TIR C3 container, 16 vCPU 29 GB (cgroup limits), AMD EPYC 9555 64-Core Processor host, nothing else running; AMD EPYC 9555 64-Core Processor; 256 cores; 1512 GiB RAM; Linux-x86_64",2026-10-03T08:07:41+00:00
QPLIB_3562,LIQ,0,cb8bb4b1ba208745efb8758b68383479c86f91f37d878089f98556474ccfe079,e9dce297c3ce1032afadafc5da9e9b8a406b7903ee3d0b088143d4740afee25a,,,,63,0,,quadratic_constraints,read_error,error: /home/jovyan/run-cpu/SANKHYA/data/qplib/QPLIB_3562.qps:394: QCMATRIX section: quadratic constraints are not supported. This solver reads a quadratic OBJECTIVE only (QUADOBJ); a model with bilin,0,,15.0,,,0.0001,0,,,,0.002007,,,,60.0,1,8860d2a,"E2E TIR C3 container, 16 vCPU 29 GB (cgroup limits), AMD EPYC 9555 64-Core Processor host, nothing else running; AMD EPYC 9555 64-Core Processor; 256 cores; 1512 GiB RAM; Linux-x86_64",2026-10-03T08:07:41+00:00
QPLIB_3565,QBN,0,e6ad69c4d03d8ac3e91af2541c2efb522fec0f3b136e06b3e19ecaabb6ba78bc,3e3cf579445a061b503da3bebafd7a7600c140689bad9bc2c1edd9b27d51e318,0,276,0,276,1,branch-and-bound,nonconvex,model_error,the continuous relaxation was refused: the quadratic objective is not convex: sparse LDL^T of Q + 1e-12 I reached a pivot of -8e+12 at column 223 (x224) in minimization sense; it exhibits a direction ,0,,282.0,,,0.0001,0,,,,0.002615,0.0,0,0,60.0,1,8860d2a,"E2E TIR C3 container, 16 vCPU 29 GB (cgroup limits), AMD EPYC 9555 64-Core Processor host, nothing else running; AMD EPYC 9555 64-Core Processor; 256 cores; 1512 GiB RAM; Linux-x86_64",2026-10-03T08:07:41+00:00
QPLIB_3580,LMQ,0,72c37235381fe4564a8dbb2fd3e338b9a2445a354f10ec891fbac6703f27f4e9,0b321b8218170b5f0292495b9a8200a4052721b39627bba2fa0b7ad6bebed045,,,,108,0,,quadratic_constraints,read_error,error: /home/jovyan/run-cpu/SANKHYA/data/qplib/QPLIB_3580.qps:699: QCMATRIX section: quadratic constraints are not supported. This solver reads a quadratic OBJECTIVE only (QUADOBJ); a model with bilin,0,,539635.469,,,0.0001,0,,,,0.001596,,,,60.0,1,8860d2a,"E2E TIR C3 container, 16 vCPU 29 GB (cgroup limits), AMD EPYC 9555 64-Core Processor host, nothing else running; AMD EPYC 9555 64-Core Processor; 256 cores; 1512 GiB RAM; Linux-x86_64",2026-10-03T08:07:41+00:00
QPLIB_3582,LMQ,0,4d3a011652002169aee60b447a7fd4d7548413a6b7737fe354c2fd615fb76dbb,35fce356ed4fbedd78bc4ac59233b009800d05ee1fc7d91b4e6b7a177a32f030,,,,184,0,,quadratic_constraints,read_error,error: /home/jovyan/run-cpu/SANKHYA/data/qplib/QPLIB_3582.qps:1129: QCMATRIX section: quadratic constraints are not supported. This solver reads a quadratic OBJECTIVE only (QUADOBJ); a model with bili,0,,469619.8376,,,0.0001,0,,,,0.001798,,,,60.0,1,8860d2a,"E2E TIR C3 container, 16 vCPU 29 GB (cgroup limits), AMD EPYC 9555 64-Core Processor host, nothing else running; AMD EPYC 9555 64-Core Processor; 256 cores; 1512 GiB RAM; Linux-x86_64",2026-10-03T08:07:41+00:00
QPLIB_3584,QBL,0,deecb2c491253925d96ef4087991c85b84a1c92f32b06418f95c1845c93ce7d5,ec96fe20e5228653662e24c625037e88c42ebb2bf2cddb88b391219e77d18738,10912,528,32736,528,1,branch-and-bound,nonconvex,model_error,the continuous relaxation was refused: the quadratic objective is not convex: sparse LDL^T of Q + 1e-12 I reached a pivot of -4.9e+15 at column 490 (x491) in minimization sense; it exhibits a directio,0,,-25386.0,,,0.0001,0,,,,0.022178,0.0,0,0,60.0,1,8860d2a,"E2E TIR C3 container, 16 vCPU 29 GB (cgroup limits), AMD EPYC 9555 64-Core Processor host, nothing else running; AMD EPYC 9555 64-Core Processor; 256 cores; 1512 GiB RAM; Linux-x86_64",2026-10-03T08:07:41+00:00
QPLIB_3587,QBL,0,e3c46a37ab63e692336799918a5795e191d78bc47e9b6efe1fea17ba6fa25fbc,03829789e42c351fa3136f5a6d5385bd3de17442d1f281da825045d2e45107fe,46,240,480,240,1,branch-and-bound,nonconvex,model_error,the continuous relaxation was refused: the quadratic objective is not convex: sparse LDL^T of Q + 1e-12 I reached a pivot of -1.859e+17 at column 95 (x96) in minimization sense; it exhibits a directio,0,,15595.0,,,0.0001,0,,,,0.003006,0.0,0,0,60.0,1,8860d2a,"E2E TIR C3 container, 16 vCPU 29 GB (cgroup limits), AMD EPYC 9555 64-Core Processor host, nothing else running; AMD EPYC 9555 64-Core Processor; 256 cores; 1512 GiB RAM; Linux-x86_64",2026-10-03T08:07:41+00:00
QPLIB_3588,LMQ,0,0567ec05e8577d014042a516fae63bc102e8abcc1c532ec494a33084c6ee6af4,adb2b698c535572dc6f00927e0cba7f395192c1ef1bd71cdb0829efd2ad9a4d2,,,,600,0,,quadratic_constraints,read_error,error: /home/jovyan/run-cpu/SANKHYA/data/qplib/QPLIB_3588.qps:4267: QCMATRIX section: quadratic constraints are not supported. This solver reads a quadratic OBJECTIVE only (QUADOBJ); a model with bili,0,,-1.129530785,,,0.0001,0,,,,0.00206,,,,60.0,1,8860d2a,"E2E TIR C3 container, 16 vCPU 29 GB (cgroup limits), AMD EPYC 9555 64-Core Processor host, nothing else running; AMD EPYC 9555 64-Core Processor; 256 cores; 1512 GiB RAM; Linux-x86_64",2026-10-03T08:07:41+00:00
QPLIB_3592,QML,0,d6c0260d738d1b87dac2aedcbad6e077fb32cce6a47277859763c7d7a809655a,1e1d5c94963db91ffb228534a8551b48197d5d2b70e0db2966ea63f2ebddde6c,255,450,43523,225,1,branch-and-bound,nonconvex,model_error,the continuous relaxation was refused: the quadratic objective is not convex: sparse LDL^T of Q + 1e-12 I reached a pivot of -1e+12 at column 448 (x449) in minimization sense; it exhibits a direction ,0,,388214.0,,,0.0001,0,,,,0.014385,0.0,0,0,60.0,1,8860d2a,"E2E TIR C3 container, 16 vCPU 29 GB (cgroup limits), AMD EPYC 9555 64-Core Processor host, nothing else running; AMD EPYC 9555 64-Core Processor; 256 cores; 1512 GiB RAM; Linux-x86_64",2026-10-03T08:07:41+00:00
QPLIB_3596,LMQ,0,9b9a4c2775d0895ed25f03fcff024047f939c5eb48ab822745e3ebf7d793543a,92484145bad3411c52da9a7c7e8c435020da4ab2715c76ec6abf5bc2e73522d5,,,,104,0,,quadratic_constraints,read_error,error: /home/jovyan/run-cpu/SANKHYA/data/qplib/QPLIB_3596.qps:6541: QCMATRIX section: quadratic constraints are not supported. This solver reads a quadratic OBJECTIVE only (QUADOBJ); a model with bili,0,,-1961.815672,,,0.0001,0,,,,0.002365,,,,60.0,1,8860d2a,"E2E TIR C3 container, 16 vCPU 29 GB (cgroup limits), AMD EPYC 9555 64-Core Processor host, nothing else running; AMD EPYC 9555 64-Core Processor; 256 cores; 1512 GiB RAM; Linux-x86_64",2026-10-03T08:07:41+00:00
QPLIB_3600,LMQ,0,7371d259f2061bfa28938184039bffc96964ae9eca3689b1c635d7fa91d35a4e,49d74280f1f58fd954637aac20c9b211b4acb24de9732bd0afb71d1c499e7cf6,,,,112,0,,quadratic_constraints,read_error,error: /home/jovyan/run-cpu/SANKHYA/data/qplib/QPLIB_3600.qps:699: QCMATRIX section: quadratic constraints are not supported. This solver reads a quadratic OBJECTIVE only (QUADOBJ); a model with bilin,0,,300176.5637,,,0.0001,0,,,,0.001331,,,,60.0,1,8860d2a,"E2E TIR C3 container, 16 vCPU 29 GB (cgroup limits), AMD EPYC 9555 64-Core Processor host, nothing else running; AMD EPYC 9555 64-Core Processor; 256 cores; 1512 GiB RAM; Linux-x86_64",2026-10-03T08:07:41+00:00
QPLIB_3605,LMQ,0,5d8011ca043efa4209675e94001609e4a1e856384cb71220d178eafc4128fbcd,bc2c57f1a48417b0ef946847a59b0ebbb73d45e9cbc83436c1c388c6b625e9c9,,,,160,0,,quadratic_constraints,read_error,error: /home/jovyan/run-cpu/SANKHYA/data/qplib/QPLIB_3605.qps:26888: QCMATRIX section: quadratic constraints are not supported. This solver reads a quadratic OBJECTIVE only (QUADOBJ); a model with bil,0,,4792.32775,,,0.0001,0,,,,0.006806,,,,60.0,1,8860d2a,"E2E TIR C3 container, 16 vCPU 29 GB (cgroup limits), AMD EPYC 9555 64-Core Processor host, nothing else running; AMD EPYC 9555 64-Core Processor; 256 cores; 1512 GiB RAM; Linux-x86_64",2026-10-03T08:07:41+00:00
QPLIB_3614,QBL,0,20cd7339bb6e598bb15101280a2211684b97dd79d949b5ed5b5ddb05f3445f63,14ed32d40d8f8eb5cecf4b244b7756cff7355674d627139534b1b98db7c79f5e,44,210,420,210,1,branch-and-bound,nonconvex,model_error,the continuous relaxation was refused: the quadratic objective is not convex: sparse LDL^T of Q + 1e-12 I reached a pivot of -1.2635e+18 at column 48 (x49) in minimization sense; it exhibits a directi,0,,14409.0,,,0.0001,0,,,,0.002667,0.0,0,0,60.0,1,8860d2a,"E2E TIR C3 container, 16 vCPU 29 GB (cgroup limits), AMD EPYC 9555 64-Core Processor host, nothing else running; AMD EPYC 9555 64-Core Processor; 256 cores; 1512 GiB RAM; Linux-x86_64",2026-10-03T08:07:41+00:00
QPLIB_3620,LMQ,0,0ff4bbf7a702f05d00638fe08d4396576c9aa4ae6d490a5f655281ae6d7ef05d,52ba256551a30c1ee2f58130f7f1b709c24bd95855e7df6549768b8a0c703607,,,,187,0,,quadratic_constraints,read_error,error: /home/jovyan/run-cpu/SANKHYA/data/qplib/QPLIB_3620.qps:50792: QCMATRIX section: quadratic constraints are not supported. This solver reads a quadratic OBJECTIVE only (QUADOBJ); a model with bil,0,,132.5476009,,,0.0001,0,,,,0.012506,,,,60.0,1,8860d2a,"E2E TIR C3 container, 16 vCPU 29 GB (cgroup limits), AMD EPYC 9555 64-Core Processor host, nothing else running; AMD EPYC 9555 64-Core Processor; 256 cores; 1512 GiB RAM; Linux-x86_64",2026-10-03T08:07:41+00:00
QPLIB_3621,LMQ,0,e46d0fcf7f20f1ff1fc18193852356d32bfcbd511b380f2f3e80a30ace58e554,828343288a60697f28f6f6b80ff5058821466f593846c9a0472c1a08c9273b14,,,,109,0,,quadratic_constraints,read_error,error: /home/jovyan/run-cpu/SANKHYA/data/qplib/QPLIB_3621.qps:23790: QCMATRIX section: quadratic constraints are not supported. This solver reads a quadratic OBJECTIVE only (QUADOBJ); a model with bil,0,,85.44891308,,,0.0001,0,,,,0.006017,,,,60.0,1,8860d2a,"E2E TIR C3 container, 16 vCPU 29 GB (cgroup limits), AMD EPYC 9555 64-Core Processor host, nothing else running; AMD EPYC 9555 64-Core Processor; 256 cores; 1512 GiB RAM; Linux-x86_64",2026-10-03T08:07:41+00:00
QPLIB_3622,LMQ,0,ba315262b5c9c3548efa34b49c28f5151a1399f01b705e51eb127c589b8ce726,f488037d7503e62ee01d8bfb4bb193a3c5e084761b2a4440ceda98ac9bf1ce79,,,,25,0,,quadratic_constraints,read_error,error: /home/jovyan/run-cpu/SANKHYA/data/qplib/QPLIB_3622.qps:8164: QCMATRIX section: quadratic constraints are not supported. This solver reads a quadratic OBJECTIVE only (QUADOBJ); a model with bili,0,,197.3338812,,,0.0001,0,,,,0.002769,,,,60.0,1,8860d2a,"E2E TIR C3 container, 16 vCPU 29 GB (cgroup limits), AMD EPYC 9555 64-Core Processor host, nothing else running; AMD EPYC 9555 64-Core Processor; 256 cores; 1512 GiB RAM; Linux-x86_64",2026-10-03T08:07:41+00:00
QPLIB_3624,LMQ,0,6902f765f649c299547a396aacb2423958eb2cfb06ec4516a819370173edc90f,5b1944bdce74cbbd71d0ae05a36f458220ffb423760cd95e056cb07de2813a75,,,,40,0,,quadratic_constraints,read_error,error: /home/jovyan/run-cpu/SANKHYA/data/qplib/QPLIB_3624.qps:25889: QCMATRIX section: quadratic constraints are not supported. This solver reads a quadratic OBJECTIVE only (QUADOBJ); a model with bil,0,,263.8991613,,,0.0001,0,,,,0.006218,,,,60.0,1,8860d2a,"E2E TIR C3 container, 16 vCPU 29 GB (cgroup limits), AMD EPYC 9555 64-Core Processor host, nothing else running; AMD EPYC 9555 64-Core Processor; 256 cores; 1512 GiB RAM; Linux-x86_64",2026-10-03T08:07:41+00:00
QPLIB_3625,LMQ,0,de8292d8d7c06f87d7f550830a5befc2912c168d0c00cd0f4dbc56ae79840943,0637afe2d358ea2a1cf907f41d8d6675b84db2d59a336df9cec865062406db75,,,,46,0,,quadratic_constraints,read_error,error: /home/jovyan/run-cpu/SANKHYA/data/qplib/QPLIB_3625.qps:3473: QCMATRIX section: quadratic constraints are not supported. This solver reads a quadratic OBJECTIVE only (QUADOBJ); a model with bili,0,,106.3541548,,,0.0001,0,,,,0.001975,,,,60.0,1,8860d2a,"E2E TIR C3 container, 16 vCPU 29 GB (cgroup limits), AMD EPYC 9555 64-Core Processor host, nothing else running; AMD EPYC 9555 64-Core Processor; 256 cores; 1512 GiB RAM; Linux-x86_64",2026-10-03T08:07:41+00:00
QPLIB_3631,LMQ,0,b95657d09ef0f4edf20424240eee041041fe2540193ff05b50b6d34b7f7c6540,041446140c9b6e4a7811ae65dd60fa9fff67c83a43395b33d95cb149952cdfba,,,,750,0,,quadratic_constraints,read_error,error: /home/jovyan/run-cpu/SANKHYA/data/qplib/QPLIB_3631.qps:3911: QCMATRIX section: quadratic constraints are not supported. This solver reads a quadratic OBJECTIVE only (QUADOBJ); a model with bili,0,,486.0998677,,,0.0001,0,,,,0.001886,,,,60.0,1,8860d2a,"E2E TIR C3 container, 16 vCPU 29 GB (cgroup limits), AMD EPYC 9555 64-Core Processor host, nothing else running; AMD EPYC 9555 64-Core Processor; 256 cores; 1512 GiB RAM; Linux-x86_64",2026-10-03T08:07:41+00:00
QPLIB_3642,QBN,0,0ff81d246f19fdf28f9d721e279a2035bce1f115497b70ac4d2d745360af9e82,187562bd1ccefa4542ebde0112fc0cbaf9a53c6afe3aeeaaa80a9b170e59d9b1,0,1035,0,1035,1,branch-and-bound,nonconvex,model_error,the continuous relaxation was refused: the quadratic objective is not convex: sparse LDL^T of Q + 1e-12 I reached a pivot of -8e+12 at column 582 (x583) in minimization sense; it exhibits a direction ,0,,1034.0,,,0.0001,0,,,,0.003867,0.0,0,0,60.0,1,8860d2a,"E2E TIR C3 container, 16 vCPU 29 GB (cgroup limits), AMD EPYC 9555 64-Core Processor host, nothing else running; AMD EPYC 9555 64-Core Processor; 256 cores; 1512 GiB RAM; Linux-x86_64",2026-10-03T08:07:41+00:00
QPLIB_3643,LGQ,0,319bbd62e29887126cfafe1548a9c23e73f6a2678ab49cbb24fccbdecacc3236,e8bae4980edc0ffd9cf1b379d71718ba57919a33b6361a244b4da3e3976d7317,,,,288,0,,quadratic_constraints,read_error,error: /home/jovyan/run-cpu/SANKHYA/data/qplib/QPLIB_3643.qps:6020: QCMATRIX section: quadratic constraints are not supported. This solver reads a quadratic OBJECTIVE only (QUADOBJ); a model with bili,0,,205.1370794,,,0.0001,0,,,,0.002292,,,,60.0,1,8860d2a,"E2E TIR C3 container, 16 vCPU 29 GB (cgroup limits), AMD EPYC 9555 64-Core Processor host, nothing else running; AMD EPYC 9555 64-Core Processor; 256 cores; 1512 GiB RAM; Linux-x86_64",2026-10-03T08:07:41+00:00
QPLIB_3645,LMQ,0,3495f586e1c6ddd28cc131323b7e09a10cabd80856f7b5eddce7b57d5b6ca5e7,03addc6da786501a64b915fa0fef62fcec2208ca99baedf6714a6ebfc61f2f61,,,,101,0,,quadratic_constraints,read_error,error: /home/jovyan/run-cpu/SANKHYA/data/qplib/QPLIB_3645.qps:21827: QCMATRIX section: quadratic constraints are not supported. This solver reads a quadratic OBJECTIVE only (QUADOBJ); a model with bil,0,,-0.1050046074,,,0.0001,0,,,,0.006414,,,,60.0,1,8860d2a,"E2E TIR C3 container, 16 vCPU 29 GB (cgroup limits), AMD EPYC 9555 64-Core Processor host, nothing else running; AMD EPYC 9555 64-Core Processor; 256 cores; 1512 GiB RAM; Linux-x86_64",2026-10-03T08:07:41+00:00
QPLIB_3646,LMQ,0,11a0c69639855d7b6cbd70762e1d2d298c157f450f69df16466a207d7ad797fa,a7832a37c5e9b3c1e992a96b71ef4da7007d0fd60145ecdfd2f52940e333962b,,,,20,0,,quadratic_constraints,read_error,error: /home/jovyan/run-cpu/SANKHYA/data/qplib/QPLIB_3646.qps:8169: QCMATRIX section: quadratic constraints are not supported. This solver reads a quadratic OBJECTIVE only (QUADOBJ); a model with bili,0,,230.2021495,,,0.0001,0,,,,0.002639,,,,60.0,1,8860d2a,"E2E TIR C3 container, 16 vCPU 29 GB (cgroup limits), AMD EPYC 9555 64-Core Processor host, nothing else running; AMD EPYC 9555 64-Core Processor; 256 cores; 1512 GiB RAM; Linux-x86_64",2026-10-03T08:07:41+00:00
QPLIB_3648,LMQ,0,cbb5231be6742df2395b108baa23db7798315180abc398c4451f73ef9eb7af30,3ee8c2fe09426e949cd5093a82772ea364ec2b3d503e374d7c146da12ea4b876,,,,40,0,,quadratic_constraints,read_error,error: /home/jovyan/run-cpu/SANKHYA/data/qplib/QPLIB_3648.qps:3901: QCMATRIX section: quadratic constraints are not supported. This solver reads a quadratic OBJECTIVE only (QUADOBJ); a model with bili,0,,94.6112071,,,0.0001,0,,,,0.001915,,,,60.0,1,8860d2a,"E2E TIR C3 container, 16 vCPU 29 GB (cgroup limits), AMD EPYC 9555 64-Core Processor host, nothing else running; AMD EPYC 9555 64-Core Processor; 256 cores; 1512 GiB RAM; Linux-x86_64",2026-10-03T08:07:41+00:00
QPLIB_3650,QBN,0,3060c62c6f6af50c5b404a3b948dd064b1388550b1609f8d1a98adb864a7ca90,ac14445f280fce56e8b6b924ee46365dd7535cebcd9c7162afe66ae45307dff0,0,946,0,946,1,branch-and-bound,nonconvex,model_error,the continuous relaxation was refused: the quadratic objective is not convex: sparse LDL^T of Q + 1e-12 I reached a pivot of -8e+12 at column 582 (x583) in minimization sense; it exhibits a direction ,0,,922.0,,,0.0001,0,,,,0.003841,0.0,0,0,60.0,1,8860d2a,"E2E TIR C3 container, 16 vCPU 29 GB (cgroup limits), AMD EPYC 9555 64-Core Processor host, nothing else running; AMD EPYC 9555 64-Core Processor; 256 cores; 1512 GiB RAM; Linux-x86_64",2026-10-03T08:07:41+00:00
QPLIB_3651,LMQ,0,0d932211dc36976b87c5f221c7470fc4a8c1a3c2954c9a76cab28af861750470,89c9232986831fd6e960275b0322d90aa613aff1066072abb4266c954020906e,,,,137,0,,quadratic_constraints,read_error,error: /home/jovyan/run-cpu/SANKHYA/data/qplib/QPLIB_3651.qps:35704: QCMATRIX section: quadratic constraints are not supported. This solver reads a quadratic OBJECTIVE only (QUADOBJ); a model with bil,0,,85.44891245,,,0.0001,0,,,,0.008297,,,,60.0,1,8860d2a,"E2E TIR C3 container, 16 vCPU 29 GB (cgroup limits), AMD EPYC 9555 64-Core Processor host, nothing else running; AMD EPYC 9555 64-Core Processor; 256 cores; 1512 GiB RAM; Linux-x86_64",2026-10-03T08:07:41+00:00
QPLIB_3659,LGQ,0,78d5b349894c007f2dce7e67d0e59cee28933ca43d0f440032ce76d581b31224,f35db26b22e86dee31a18ed5a4c8f5fb0c2f15790cf93a051a1b9c937c20c987,,,,960,0,,quadratic_constraints,read_error,error: /home/jovyan/run-cpu/SANKHYA/data/qplib/QPLIB_3659.qps:29836: QCMATRIX section: quadratic constraints are not supported. This solver reads a quadratic OBJECTIVE only (QUADOBJ); a model with bil,0,,38025000.0,,,0.0001,0,,,,0.006829,,,,60.0,1,8860d2a,"E2E TIR C3 container, 16 vCPU 29 GB (cgroup limits), AMD EPYC 9555 64-Core Processor host, nothing else running; AMD EPYC 9555 64-Core Processor; 256 cores; 1512 GiB RAM; Linux-x86_64",2026-10-03T08:07:41+00:00
QPLIB_3661,LMQ,0,def556a0234bd6d5fb4b14c2dd141303bf149b7e2952b61cb18618dae3fddc9a,3a7aa0c90b6eedf751d08881c37b2dcb413e3c6c9a2426514bdebc1f352403a4,,,,10816,0,,quadratic_constraints,read_error,error: /home/jovyan/run-cpu/SANKHYA/data/qplib/QPLIB_3661.qps:97874: QCMATRIX section: quadratic constraints are not supported. This solver reads a quadratic OBJECTIVE only (QUADOBJ); a model with bil,0,,,,,0.0001,,,,,0.021799,,,,60.0,1,8860d2a,"E2E TIR C3 container, 16 vCPU 29 GB (cgroup limits), AMD EPYC 9555 64-Core Processor host, nothing else running; AMD EPYC 9555 64-Core Processor; 256 cores; 1512 GiB RAM; Linux-x86_64",2026-10-03T08:07:41+00:00
QPLIB_3662,LMQ,0,f07d0a32100e099722340d88df6138d5b2ddfd3ad3baa69d37f1da16cbd6fa78,d737e7af1642223c9b85ee2f9256f4bc899f31472af34f05756eebb37c249a7d,,,,144,0,,quadratic_constraints,read_error,error: /home/jovyan/run-cpu/SANKHYA/data/qplib/QPLIB_3662.qps:919: QCMATRIX section: quadratic constraints are not supported. This solver reads a quadratic OBJECTIVE only (QUADOBJ); a model with bilin,0,,562617.8818,,,0.0001,0,,,,0.001427,,,,60.0,1,8860d2a,"E2E TIR C3 container, 16 vCPU 29 GB (cgroup limits), AMD EPYC 9555 64-Core Processor host, nothing else running; AMD EPYC 9555 64-Core Processor; 256 cores; 1512 GiB RAM; Linux-x86_64",2026-10-03T08:07:41+00:00
QPLIB_3670,LMQ,0,784603b0df5509bfccda0fa7313725c8af9f327edf4c0d6584831a261c412150,9015cb762fa4cba10bcfa9f0560dc31f3287f892fe11bdd1ad257b8e42b69114,,,,54,0,,quadratic_constraints,read_error,error: /home/jovyan/run-cpu/SANKHYA/data/qplib/QPLIB_3670.qps:4777: QCMATRIX section: quadratic constraints are not supported. This solver reads a quadratic OBJECTIVE only (QUADOBJ); a model with bili,0,,114.9487764,,,0.0001,0,,,,0.002137,,,,60.0,1,8860d2a,"E2E TIR C3 container, 16 vCPU 29 GB (cgroup limits), AMD EPYC 9555 64-Core Processor host, nothing else running; AMD EPYC 9555 64-Core Processor; 256 cores; 1512 GiB RAM; Linux-x86_64",2026-10-03T08:07:41+00:00
QPLIB_3676,LMQ,0,b695d90c0fd26198eb24de46724a21311eb5a90371ac7f03a84721dbf97643f4,ef7c19c2cff790fe7addb7e070595782b0d4c679f25c4ec9f6f30d149b8f2e5a,,,,30,0,,quadratic_constraints,read_error,error: /home/jovyan/run-cpu/SANKHYA/data/qplib/QPLIB_3676.qps:36399: QCMATRIX section: quadratic constraints are not supported. This solver reads a quadratic OBJECTIVE only (QUADOBJ); a model with bil,0,,430.5766374,,,0.0001,0,,,,0.008672,,,,60.0,1,8860d2a,"E2E TIR C3 container, 16 vCPU 29 GB (cgroup limits), AMD EPYC 9555 64-Core Processor host, nothing else running; AMD EPYC 9555 64-Core Processor; 256 cores; 1512 GiB RAM; Linux-x86_64",2026-10-03T08:07:41+00:00
QPLIB_3677,LMQ,0,682b46a18f77cb81bfdbd65a811ed52388ba421342ab3b19821037cdda531a4c,bcfaed19028ce0aafbbc71535b82476737581664426bce0f82863ac37273986b,,,,30,0,,quadratic_constraints,read_error,error: /home/jovyan/run-cpu/SANKHYA/data/qplib/QPLIB_3677.qps:24299: QCMATRIX section: quadratic constraints are not supported. This solver reads a quadratic OBJECTIVE only (QUADOBJ); a model with bil,0,,363.0938483,,,0.0001,0,,,,0.005762,,,,60.0,1,8860d2a,"E2E TIR C3 container, 16 vCPU 29 GB (cgroup limits), AMD EPYC 9555 64-Core Processor host, nothing else running; AMD EPYC 9555 64-Core Processor; 256 cores; 1512 GiB RAM; Linux-x86_64",2026-10-03T08:07:41+00:00
QPLIB_3678,LMD,1,32555d3ef0f7290b772b26880d8bd27c48f06ad2ee871171ccbd30d85cb2780c,25af96777d5433d199c59a5c7c618e290254a08f4473040a0581cc744f094423,,,,200,0,,quadratic_constraints,read_error,error: /home/jovyan/run-cpu/SANKHYA/data/qplib/QPLIB_3678.qps:42615: QCMATRIX section: quadratic constraints are not supported. This solver reads a quadratic OBJECTIVE only (QUADOBJ); a model with bil,0,,-0.1100882335,,,0.0001,0,,,,0.011402,,,,60.0,1,8860d2a,"E2E TIR C3 container, 16 vCPU 29 GB (cgroup limits), AMD EPYC 9555 64-Core Processor host, nothing else running; AMD EPYC 9555 64-Core Processor; 256 cores; 1512 GiB RAM; Linux-x86_64",2026-10-03T08:07:41+00:00
QPLIB_3680,LMQ,0,8bb01da7859272a7935c65be76aca32d9cf89cd7213b03b43e3ca6e9db19c842,882f9ee8076af5f810cb42077f1ad855a966ab789812428734142cfece748f63,,,,92,0,,quadratic_constraints,read_error,error: /home/jovyan/run-cpu/SANKHYA/data/qplib/QPLIB_3680.qps:589: QCMATRIX section: quadratic constraints are not supported. This solver reads a quadratic OBJECTIVE only (QUADOBJ); a model with bilin,0,,347691.4107,,,0.0001,0,,,,0.001494,,,,60.0,1,8860d2a,"E2E TIR C3 container, 16 vCPU 29 GB (cgroup limits), AMD EPYC 9555 64-Core Processor host, nothing else running; AMD EPYC 9555 64-Core Processor; 256 cores; 1512 GiB RAM; Linux-x86_64",2026-10-03T08:07:41+00:00
QPLIB_3683,LMQ,0,219710747e0a67049d79eab593afa5aa9704cee4014d318900ca751ffe841fe5,facd8d2ea78af8472c3b816844aaeaed8fb1b04f13262f912a23813e91122b98,,,,126,0,,quadratic_constraints,read_error,error: /home/jovyan/run-cpu/SANKHYA/data/qplib/QPLIB_3683.qps:795: QCMATRIX section: quadratic constraints are not supported. This solver reads a quadratic OBJECTIVE only (QUADOBJ); a model with bilin,0,,397992.2951,,,0.0001,0,,,,0.001413,,,,60.0,1,8860d2a,"E2E TIR C3 container, 16 vCPU 29 GB (cgroup limits), AMD EPYC 9555 64-Core Processor host, nothing else running; AMD EPYC 9555 64-Core Processor; 256 cores; 1512 GiB RAM; Linux-x86_64",2026-10-03T08:07:41+00:00
QPLIB_3690,LMQ,0,f8fdca78e69480f26036546d46364558f396f69293899bffc7f52fd7eefbcc3c,2c335d75aa219c3a01b436157cc242f6093e50f585d5c033145561e9921614bd,,,,20,0,,quadratic_constraints,read_error,error: /home/jovyan/run-cpu/SANKHYA/data/qplib/QPLIB_3690.qps:24369: QCMATRIX section: quadratic constraints are not supported. This solver reads a quadratic OBJECTIVE only (QUADOBJ); a model with bil,0,,557.84865,,,0.0001,0,,,,0.00576,,,,60.0,1,8860d2a,"E2E TIR C3 container, 16 vCPU 29 GB (cgroup limits), AMD EPYC 9555 64-Core Processor host, nothing else running; AMD EPYC 9555 64-Core Processor; 256 cores; 1512 GiB RAM; Linux-x86_64",2026-10-03T08:07:41+00:00
QPLIB_3692,LMQ,0,1214abceb4d762a342b8b5d6a98539daa8ead4fb07eee523ff31dd8eda05d602,7e052af5d0818987c55f4b92521174677ad97d38c421269808b6e2aad1d64e1f,,,,128,0,,quadratic_constraints,read_error,error: /home/jovyan/run-cpu/SANKHYA/data/qplib/QPLIB_3692.qps:6543: QCMATRIX section: quadratic constraints are not supported. This solver reads a quadratic OBJECTIVE only (QUADOBJ); a model with bili,0,,502.417829,,,0.0001,0,,,,0.002291,,,,60.0,1,8860d2a,"E2E TIR C3 container, 16 vCPU 29 GB (cgroup limits), AMD EPYC 9555 64-Core Processor host, nothing else running; AMD EPYC 9555 64-Core Processor; 256 cores; 1512 GiB RAM; Linux-x86_64",2026-10-03T08:07:41+00:00
QPLIB_3693,QBN,0,9780bce70eaf494810cd42a7ae2aee0772b9cd3b9de036eb0a53073824037ee8,8ef6603ef15f475557dcacd5153bf841ef5b5cd66e99ec4ef2fd76730d5a87d3,0,1128,0,1128,1,branch-and-bound,nonconvex,model_error,the continuous relaxation was refused: the quadratic objective is not convex: sparse LDL^T of Q + 1e-12 I reached a pivot of -8e+12 at column 446 (x447) in minimization sense; it exhibits a direction ,0,,1154.0,,,0.0001,0,,,,0.004111,0.0,0,0,60.0,1,8860d2a,"E2E TIR C3 container, 16 vCPU 29 GB (cgroup limits), AMD EPYC 9555 64-Core Processor host, nothing else running; AMD EPYC 9555 64-Core Processor; 256 cores; 1512 GiB RAM; Linux-x86_64",2026-10-03T08:07:41+00:00
QPLIB_3694,DML,1,0b39a4714f2c88e560cecf825c33d5eca9199a8402132184c7b9fd7939107b73,17aed14ba85553d78fbdbf73f79b1cc8bc730da0dac9b34b9012df0c2038d7da,3280,3240,9600,40,1,branch-and-bound,,feasible,,0,280.5299881789391,263.8991613,16.630826878939104,0.06301962763736568,0.0001,0,0,1,,60.010986,59.999594388,0,487,60.0,1,8860d2a,"E2E TIR C3 container, 16 vCPU 29 GB (cgroup limits), AMD EPYC 9555 64-Core Processor host, nothing else running; AMD EPYC 9555 64-Core Processor; 256 cores; 1512 GiB RAM; Linux-x86_64",2026-10-03T08:07:41+00:00
QPLIB_3697,LMQ,0,3dc3c16033299cbfc22c9383ffab5399e987aadfe8fc7c0aba3e46f3c8e205dc,17ff56ac1e02a349bd2345e1442031084d06ea7ae1e9b52aa8077430de95c3b4,,,,168,0,,quadratic_constraints,read_error,error: /home/jovyan/run-cpu/SANKHYA/data/qplib/QPLIB_3697.qps:1045: QCMATRIX section: quadratic constraints are not supported. This solver reads a quadratic OBJECTIVE only (QUADOBJ); a model with bili,0,,832795.5853,,,0.0001,0,,,,0.002429,,,,60.0,1,8860d2a,"E2E TIR C3 container, 16 vCPU 29 GB (cgroup limits), AMD EPYC 9555 64-Core Processor host, nothing else running; AMD EPYC 9555 64-Core Processor; 256 cores; 1512 GiB RAM; Linux-x86_64",2026-10-03T08:07:41+00:00
QPLIB_3698,DML,1,b1e644f747bd93b1913a143703241400167385abbc2441862617ca0eb632f5d7,7e003cfda437db5b5acacdc22c89697a018db590a21235c5ba0f33beb44ef6f6,3100,3030,9000,30,1,branch-and-bound,,feasible,,0,410.34152106947715,363.0938483,47.24767276947716,0.13012523619083624,0.0001,0,0,1,,60.015624,59.999653528,0,574,60.0,1,8860d2a,"E2E TIR C3 container, 16 vCPU 29 GB (cgroup limits), AMD EPYC 9555 64-Core Processor host, nothing else running; AMD EPYC 9555 64-Core Processor; 256 cores; 1512 GiB RAM; Linux-x86_64",2026-10-03T08:07:41+00:00
QPLIB_3699,LMQ,0,aa2a73f10d35aff64920dd914814cd6bda63707778c91b605f52504f23b67fa4,35cd5ad4fc43f944c607a7f3d2a324d229674a84ee198e91a59310ac9867af5b,,,,116,0,,quadratic_constraints,read_error,error: /home/jovyan/run-cpu/SANKHYA/data/qplib/QPLIB_3699.qps:9906: QCMATRIX section: quadratic constraints are not supported. This solver reads a quadratic OBJECTIVE only (QUADOBJ); a model with bili,0,,3128.558124,,,0.0001,0,,,,0.004317,,,,60.0,1,8860d2a,"E2E TIR C3 container, 16 vCPU 29 GB (cgroup limits), AMD EPYC 9555 64-Core Processor host, nothing else running; AMD EPYC 9555 64-Core Processor; 256 cores; 1512 GiB RAM; Linux-x86_64",2026-10-03T08:07:41+00:00
QPLIB_3701,LMQ,0,082c0d3b864b7aa10055b2f96c50e3993b64032378dda075cb1641f2408f4336,cc2371fa9b4af516618adcdee53fde84b31f9168698c50d2757fe6cba902e3b6,,,,60,0,,quadratic_constraints,read_error,error: /home/jovyan/run-cpu/SANKHYA/data/qplib/QPLIB_3701.qps:5983: QCMATRIX section: quadratic constraints are not supported. This solver reads a quadratic OBJECTIVE only (QUADOBJ); a model with bili,0,,115.2394293,,,0.0001,0,,,,0.003304,,,,60.0,1,8860d2a,"E2E TIR C3 container, 16 vCPU 29 GB (cgroup limits), AMD EPYC 9555 64-Core Processor host, nothing else running; AMD EPYC 9555 64-Core Processor; 256 cores; 1512 GiB RAM; Linux-x86_64",2026-10-03T08:07:41+00:00
QPLIB_3703,QBL,0,47ddbf540866bf29d45d4d4f2fb6b36d6e313ab62e85ee117c19159515935f30,d9e056bd8fbe0c1501a3db97d77709d2aadcbfed62d2499cf79f6d1b8b607f8a,30,225,450,225,1,branch-and-bound,nonconvex,model_error,the continuous relaxation was refused: the quadratic objective is not convex: sparse LDL^T of Q + 1e-12 I reached a pivot of -3.53223e+18 at column 223 (x224) in minimization sense; it exhibits a dire,0,,388214.0,,,0.0001,0,,,,0.008602,0.0,0,0,60.0,1,8860d2a,"E2E TIR C3 container, 16 vCPU 29 GB (cgroup limits), AMD EPYC 9555 64-Core Processor host, nothing else running; AMD EPYC 9555 64-Core Processor; 256 cores; 1512 GiB RAM; Linux-x86_64",2026-10-03T08:07:41+00:00
QPLIB_3705,QBN,0,3a1ba613ec6e1cdeb34f14528a9c1f69db6d2ec6f44b9e8ca7fde4d885a9c15d,50cfec0116296ebd8114694fc4bab0e1d8e994382df1c111e02f859dd83f0c39,0,378,0,378,1,branch-and-bound,nonconvex,model_error,the continuous relaxation was refused: the quadratic objective is not convex: sparse LDL^T of Q + 1e-12 I reached a pivot of -8e+12 at column 56 (x57) in minimization sense; it exhibits a direction x ,0,,384.0,,,0.0001,0,,,,0.002562,0.0,0,0,60.0,1,8860d2a,"E2E TIR C3 container, 16 vCPU 29 GB (cgroup limits), AMD EPYC 9555 64-Core Processor host, nothing else running; AMD EPYC 9555 64-Core Processor; 256 cores; 1512 GiB RAM; Linux-x86_64",2026-10-03T08:07:41+00:00
QPLIB_3706,QBN,0,ceb2b43ac55bafb0ae06033165aa169eb79bb851c6381bcea80bab12f6b81a46,3eb30322a9425a746d71ee72101754f9e2e409e8a2e30cee9bbf4613ebdf3cbc,0,703,0,703,1,branch-and-bound,nonconvex,model_error,the continuous relaxation was refused: the quadratic objective is not convex: sparse LDL^T of Q + 1e-12 I reached a pivot of -8e+12 at column 212 (x213) in minimization sense; it exhibits a direction ,0,,682.0,,,0.0001,0,,,,0.003961,0.0,0,0,60.0,1,8860d2a,"E2E TIR C3 container, 16 vCPU 29 GB (cgroup limits), AMD EPYC 9555 64-Core Processor host, nothing else running; AMD EPYC 9555 64-Core Processor; 256 cores; 1512 GiB RAM; Linux-x86_64",2026-10-03T08:07:41+00:00
QPLIB_3708,DML,1,b4f67f224fed609ec96f4b6be3c5bdb68ede022bf0d3cf26fd57565455567a4a,9194165165dab147f41116640a0b53d27a5d6917e489ccaf859e1dfe4ae597d9,12917,12930,26897,14,1,branch-and-bound,,iteration_limit,"the node LP at node 1 stopped at the iteration limit, so the tree cannot go on: a node whose bound is unknown cannot be fathomed without risking the optimum (stopped at the iteration limit of 2000000 ",0,inf,-9411.998908,inf,inf,0.0001,0,0,1,,53.976648,53.954364489,0,1,60.0,1,8860d2a,"E2E TIR C3 container, 16 vCPU 29 GB (cgroup limits), AMD EPYC 9555 64-Core Processor host, nothing else running; AMD EPYC 9555 64-Core Processor; 256 cores; 1512 GiB RAM; Linux-x86_64",2026-10-03T08:07:41+00:00
QPLIB_3709,QBL,0,bfedbd9ca6dd78212cdcb91d026ad43339f3708f4c2b8e0267186a7bd205737d,8f172254ed819399780e909bdf8930848640abe6fe36c62b6887cdf81d10c354,50,600,1200,600,1,branch-and-bound,nonconvex,model_error,the continuous relaxation was refused: the quadratic objective is not convex: sparse LDL^T of Q + 1e-12 I reached a pivot of -7.59752e+21 at column 579 (x580) in minimization sense; it exhibits a dire,0,,5710645.0,,,0.0001,0,,,,0.046163,0.0,0,0,60.0,1,8860d2a,"E2E TIR C3 container, 16 vCPU 29 GB (cgroup limits), AMD EPYC 9555 64-Core Processor host, nothing else running; AMD EPYC 9555 64-Core Processor; 256 cores; 1512 GiB RAM; Linux-x86_64",2026-10-03T08:07:41+00:00
QPLIB_3713,LMQ,0,ec4be3984fb940f6344491afe3730c1cfe4cb8a19de6e634dc9f80001b9e5264,61a23c1ea2856d1a8fc63771f1280be1d79d3a1889d0b8eead05daf6833b8d54,,,,42,0,,quadratic_constraints,read_error,error: /home/jovyan/run-cpu/SANKHYA/data/qplib/QPLIB_3713.qps:3541: QCMATRIX section: quadratic constraints are not supported. This solver reads a quadratic OBJECTIVE only (QUADOBJ); a model with bili,0,,85.00707752,,,0.0001,0,,,,0.002602,,,,60.0,1,8860d2a,"E2E TIR C3 container, 16 vCPU 29 GB (cgroup limits), AMD EPYC 9555 64-Core Processor host, nothing else running; AMD EPYC 9555 64-Core Processor; 256 cores; 1512 GiB RAM; Linux-x86_64",2026-10-03T08:07:41+00:00
QPLIB_3714,QBL,0,0cf8ec1a313f73a7ea55b5515bdc7eb7b659ea31840532e717b8d5c885d9d207,458059b0bf33947becd15bd704d0a65e559f52c1fd0828b0c98cf9d259749ef9,40,120,120,120,1,branch-and-bound,nonconvex,model_error,the continuous relaxation was refused: the quadratic objective is not convex: sparse LDL^T of Q + 1e-12 I reached a pivot of -1e+12 at column 118 (x119) in minimization sense; it exhibits a direction ,0,,1183.0,,,0.0001,0,,,,0.003267,0.0,0,0,60.0,1,8860d2a,"E2E TIR C3 container, 16 vCPU 29 GB (cgroup limits), AMD EPYC 9555 64-Core Processor host, nothing else running; AMD EPYC 9555 64-Core Processor; 256 cores; 1512 GiB RAM; Linux-x86_64",2026-10-03T08:07:41+00:00
QPLIB_3719,LMQ,0,7fbded9c8d021e51a522ff1d12ae01357532470f5117ede022e2ad30f63fab75,4948d55d185f00e04b10d72ef2ca3e6591ec3bc6741ff395516dc5d67aab7d50,,,,133,0,,quadratic_constraints,read_error,error: /home/jovyan/run-cpu/SANKHYA/data/qplib/QPLIB_3719.qps:846: QCMATRIX section: quadratic constraints are not supported. This solver reads a quadratic OBJECTIVE only (QUADOBJ); a model with bilin,0,,417188.8105,,,0.0001,0,,,,0.001536,,,,60.0,1,8860d2a,"E2E TIR C3 container, 16 vCPU 29 GB (cgroup limits), AMD EPYC 9555 64-Core Processor host, nothing else running; AMD EPYC 9555 64-Core Processor; 256 cores; 1512 GiB RAM; Linux-x86_64",2026-10-03T08:07:41+00:00
QPLIB_3725,LMQ,0,6f9a27ac86e620da7562023e68955256862517b61361b472ea5ee0f11f5b39a9,0e78c67fe5cb6d9fd4e69df7fc14351b2cc594db5cb63e1d43f4cf5797e0a536,,,,81,0,,quadratic_constraints,read_error,error: /home/jovyan/run-cpu/SANKHYA/data/qplib/QPLIB_3725.qps:14444: QCMATRIX section: quadratic constraints are not supported. This solver reads a quadratic OBJECTIVE only (QUADOBJ); a model with bil,0,,85.44891308,,,0.0001,0,,,,0.004488,,,,60.0,1,8860d2a,"E2E TIR C3 container, 16 vCPU 29 GB (cgroup limits), AMD EPYC 9555 64-Core Processor host, nothing else running; AMD EPYC 9555 64-Core Processor; 256 cores; 1512 GiB RAM; Linux-x86_64",2026-10-03T08:07:41+00:00
QPLIB_3726,LMQ,0,a528b81c2793282aa075b8eb6139b025090447f05a7ceac0c97ba4dfd52a1777,65bd6557ec72895a47943cbfb09055f1193f240b3a21399be0b32bbd1246bd08,,,,116,0,,quadratic_constraints,read_error,error: /home/jovyan/run-cpu/SANKHYA/data/qplib/QPLIB_3726.qps:12886: QCMATRIX section: quadratic constraints are not supported. This solver reads a quadratic OBJECTIVE only (QUADOBJ); a model with bil,0,,3483.58288,,,0.0001,0,,,,0.003607,,,,60.0,1,8860d2a,"E2E TIR C3 container, 16 vCPU 29 GB (cgroup limits), AMD EPYC 9555 64-Core Processor host, nothing else running; AMD EPYC 9555 64-Core Processor; 256 cores; 1512 GiB RAM; Linux-x86_64",2026-10-03T08:07:41+00:00
QPLIB_3727,LMQ,0,a8fc4b6fb5f2c13feb0f54112f69f0f1d04f0f50788395858c5f9f7b5111f595,4064c0ed94ab1d5fc8526628265f6cd62aefe3dadc025eb910e8000a8ce2e8da,,,,20,0,,quadratic_constraints,read_error,error: /home/jovyan/run-cpu/SANKHYA/data/qplib/QPLIB_3727.qps:6549: QCMATRIX section: quadratic constraints are not supported. This solver reads a quadratic OBJECTIVE only (QUADOBJ); a model with bili,0,,209.2548902,,,0.0001,0,,,,0.002583,,,,60.0,1,8860d2a,"E2E TIR C3 container, 16 vCPU 29 GB (cgroup limits), AMD EPYC 9555 64-Core Processor host, nothing else running; AMD EPYC 9555 64-Core Processor; 256 cores; 1512 GiB RAM; Linux-x86_64",2026-10-03T08:07:41+00:00
QPLIB_3728,LMQ,0,ae14eb3d7a7b738654993166fabf6002de8a9f66eb228683351d9e502114064f,2e1564c322646b3c78acadecf56480f50aa78d79c32d7a8c55658af88c75a218,,,,72,0,,quadratic_constraints,read_error,error: /home/jovyan/run-cpu/SANKHYA/data/qplib/QPLIB_3728.qps:479: QCMATRIX section: quadratic constraints are not supported. This solver reads a quadratic OBJECTIVE only (QUADOBJ); a model with bilin,0,,205054.4585,,,0.0001,0,,,,0.002172,,,,60.0,1,8860d2a,"E2E TIR C3 container, 16 vCPU 29 GB (cgroup limits), AMD EPYC 9555 64-Core Processor host, nothing else running; AMD EPYC 9555 64-Core Processor; 256 cores; 1512 GiB RAM; Linux-x86_64",2026-10-03T08:07:41+00:00
QPLIB_3729,LMQ,0,7b393967bd96bb26643596e982745b1b160a7cc055728f1aacbad1576a39f177,ef3c848be65be5a6fb108e25e6aacebf009bbe4ffec0213b42526d7aa8c30689,,,,650,0,,quadratic_constraints,read_error,error: /home/jovyan/run-cpu/SANKHYA/data/qplib/QPLIB_3729.qps:4543: QCMATRIX section: quadratic constraints are not supported. This solver reads a quadratic OBJECTIVE only (QUADOBJ); a model with bili,0,,-1.120343714,,,0.0001,0,,,,0.002076,,,,60.0,1,8860d2a,"E2E TIR C3 container, 16 vCPU 29 GB (cgroup limits), AMD EPYC 9555 64-Core Processor host, nothing else running; AMD EPYC 9555 64-Core Processor; 256 cores; 1512 GiB RAM; Linux-x86_64",2026-10-03T08:07:41+00:00
QPLIB_3733,LMQ,0,de5ca928d69f5c750308c5557094944cabf7f25b684a8345acf576aa0ff72bc9,9ea52248a95a5c00662bd0c284df494e4f977c57d35ff3d6b6a6f7b47739735f,,,,46,0,,quadratic_constraints,read_error,error: /home/jovyan/run-cpu/SANKHYA/data/qplib/QPLIB_3733.qps:3565: QCMATRIX section: quadratic constraints are not supported. This solver reads a quadratic OBJECTIVE only (QUADOBJ); a model with bili,0,,106.3541548,,,0.0001,0,,,,0.001999,,,,60.0,1,8860d2a,"E2E TIR C3 container, 16 vCPU 29 GB (cgroup limits), AMD EPYC 9555 64-Core Processor host, nothing else running; AMD EPYC 9555 64-Core Processor; 256 cores; 1512 GiB RAM; Linux-x86_64",2026-10-03T08:07:41+00:00
QPLIB_3734,LMQ,0,3b185def539b47624a36e17d540e4bd7d4d1bf3a913911280f91a3554eda6746,a53d60fd874a955a0ed8096976ddef849f7f6aa14cbd6c1acef346f5fc863d08,,,,38,0,,quadratic_constraints,read_error,error: /home/jovyan/run-cpu/SANKHYA/data/qplib/QPLIB_3734.qps:49367: QCMATRIX section: quadratic constraints are not supported. This solver reads a quadratic OBJECTIVE only (QUADOBJ); a model with bil,0,,-46377.99065,,,0.0001,0,,,,0.0117,,,,60.0,1,8860d2a,"E2E TIR C3 container, 16 vCPU 29 GB (cgroup limits), AMD EPYC 9555 64-Core Processor host, nothing else running; AMD EPYC 9555 64-Core Processor; 256 cores; 1512 GiB RAM; Linux-x86_64",2026-10-03T08:07:41+00:00
QPLIB_3738,QBN,0,7e1900123f55b832b6bb7fda2c98a1b36d59b64f43cacabec7094ff70c3cbd42,ead23e1a716a507a5fc3e810b3016c4c53e3a85bfde7ab10fc69af2f95685037,0,435,0,435,1,branch-and-bound,nonconvex,model_error,the continuous relaxation was refused: the quadratic objective is not convex: sparse LDL^T of Q + 1e-12 I reached a pivot of -8e+12 at column 225 (x226) in minimization sense; it exhibits a direction ,0,,422.0,,,0.0001,0,,,,0.00256,0.0,0,0,60.0,1,8860d2a,"E2E TIR C3 container, 16 vCPU 29 GB (cgroup limits), AMD EPYC 9555 64-Core Processor host, nothing else running; AMD EPYC 9555 64-Core Processor; 256 cores; 1512 GiB RAM; Linux-x86_64",2026-10-03T08:07:41+00:00
QPLIB_3745,QBN,0,acdf0442df02ebf8a692d978c40d633f42100d2c3366c34094e54660aee194d4,de7173aee0ed7a55f47e752c287f99411ea133c7729602fbacce078fa9217bbb,0,325,0,325,1,branch-and-bound,nonconvex,model_error,the continuous relaxation was refused: the quadratic objective is not convex: sparse LDL^T of Q + 1e-12 I reached a pivot of -8e+12 at column 66 (x67) in minimization sense; it exhibits a direction x ,0,,334.0,,,0.0001,0,,,,0.002212,0.0,0,0,60.0,1,8860d2a,"E2E TIR C3 container, 16 vCPU 29 GB (cgroup limits), AMD EPYC 9555 64-Core Processor host, nothing else running; AMD EPYC 9555 64-Core Processor; 256 cores; 1512 GiB RAM; Linux-x86_64",2026-10-03T08:07:41+00:00
QPLIB_3748,LMQ,0,3a23ea9fee9753a64016a6d1bc6cd8041dfe12978d21ec3787c2dc0628cf7f66,96db7cc04b4ac4207d4afe2931d50848bff9494b73ad6e4fe8d14fe14a661796,,,,75,0,,quadratic_constraints,read_error,error: /home/jovyan/run-cpu/SANKHYA/data/qplib/QPLIB_3748.qps:508: QCMATRIX section: quadratic constraints are not supported. This solver reads a quadratic OBJECTIVE only (QUADOBJ); a model with bilin,0,,281408.6353,,,0.0001,0,,,,0.001344,,,,60.0,1,8860d2a,"E2E TIR C3 container, 16 vCPU 29 GB (cgroup limits), AMD EPYC 9555 64-Core Processor host, nothing else running; AMD EPYC 9555 64-Core Processor; 256 cores; 1512 GiB RAM; Linux-x86_64",2026-10-03T08:07:41+00:00
QPLIB_3750,QBL,0,012e368b9be6dff5abd19a956dff80736c1a561d3e03824621a4ceb528bb332b,d30a389921df3ed3b174bb4fb3d51ed7f80f16d491a5416f5802369bd8901be2,70,210,210,210,1,branch-and-bound,nonconvex,model_error,the continuous relaxation was refused: the quadratic objective is not convex: sparse LDL^T of Q + 1e-12 I reached a pivot of -1e+12 at column 208 (x209) in minimization sense; it exhibits a direction ,0,,6348.0,,,0.0001,0,,,,0.004108,0.0,0,0,60.0,1,8860d2a,"E2E TIR C3 container, 16 vCPU 29 GB (cgroup limits), AMD EPYC 9555 64-Core Processor host, nothing else running; AMD EPYC 9555 64-Core Processor; 256 cores; 1512 GiB RAM; Linux-x86_64",2026-10-03T08:07:41+00:00
QPLIB_3751,QBL,0,000d126625c356fbbef7c9f39784073bd084c16d2e8b710a2a30990e9198f582,b2296defe38e2620023a211974ff3f9b36ca2844f4b30b73d2f28039434fca27,50,150,150,150,1,branch-and-bound,nonconvex,model_error,the continuous relaxation was refused: the quadratic objective is not convex: sparse LDL^T of Q + 1e-12 I reached a pivot of -1e+12 at column 148 (x149) in minimization sense; it exhibits a direction ,0,,2312.0,,,0.0001,0,,,,0.002685,0.0,0,0,60.0,1,8860d2a,"E2E TIR C3 container, 16 vCPU 29 GB (cgroup limits), AMD EPYC 9555 64-Core Processor host, nothing else running; AMD EPYC 9555 64-Core Processor; 256 cores; 1512 GiB RAM; Linux-x86_64",2026-10-03T08:07:41+00:00
QPLIB_3752,QBL,0,1f78f2cd03b9df75c6ce0574531f500b5c7a9840e236a0918565547f66c12387,f1c8cdbd4b592f74519996aa8ecd5b682b9e395e4e7cfe991a3e73f61a58797e,6160,462,18480,462,1,branch-and-bound,nonconvex,model_error,the continuous relaxation was refused: the quadratic objective is not convex: sparse LDL^T of Q + 1e-12 I reached a pivot of -4e+12 at column 21 (x22) in minimization sense; it exhibits a direction x ,0,,-1306.0,,,0.0001,0,,,,0.011544,0.0,0,0,60.0,1,8860d2a,"E2E TIR C3 container, 16 vCPU 29 GB (cgroup limits), AMD EPYC 9555 64-Core Processor host, nothing else running; AMD EPYC 9555 64-Core Processor; 256 cores; 1512 GiB RAM; Linux-x86_64",2026-10-03T08:07:41+00:00
QPLIB_3757,QBL,0,b234762f9778face4e475ab7face9fcfdb572a007a856d5f13d4b482cbc1af41,78d7ab8bcf4a9d6d178257cff758c02a08fef08f8f73c9d4e29f4a73739d5613,8096,552,24288,552,1,branch-and-bound,nonconvex,model_error,the continuous relaxation was refused: the quadratic objective is not convex: sparse LDL^T of Q + 1e-12 I reached a pivot of -4e+12 at column 15 (x16) in minimization sense; it exhibits a direction x ,0,,-563.0,,,0.0001,0,,,,0.017875,0.0,0,0,60.0,1,8860d2a,"E2E TIR C3 container, 16 vCPU 29 GB (cgroup limits), AMD EPYC 9555 64-Core Processor host, nothing else running; AMD EPYC 9555 64-Core Processor; 256 cores; 1512 GiB RAM; Linux-x86_64",2026-10-03T08:07:41+00:00
QPLIB_3762,QBL,0,2ca6aac8a6cfa9c19fee564b16b1bf226be3e84d77041b148c65166fb169ca0b,27ab02b7e671e183ac29cb0b12389fa29a3f2445b771d7d3b26f51cd62a68a28,480,90,1440,90,1,branch-and-bound,nonconvex,model_error,the continuous relaxation was refused: the quadratic objective is not convex: sparse LDL^T of Q + 1e-12 I reached a pivot of -8e+12 at column 55 (x56) in minimization sense; it exhibits a direction x ,0,,-296.0,,,0.0001,0,,,,0.002804,0.0,0,0,60.0,1,8860d2a,"E2E TIR C3 container, 16 vCPU 29 GB (cgroup limits), AMD EPYC 9555 64-Core Processor host, nothing else running; AMD EPYC 9555 64-Core Processor; 256 cores; 1512 GiB RAM; Linux-x86_64",2026-10-03T08:07:41+00:00
QPLIB_3772,QBL,0,1b4e062d7cfe815aaa0dac4297262a935768843b08babf94c1924c20c8e655b2,356e7f032cff0d2bc6590b3c66f5d861bd8d9b3ca731eb01cfa75c27df4d6e20,4560,380,13680,380,1,branch-and-bound,nonconvex,model_error,the continuous relaxation was refused: the quadratic objective is not convex: sparse LDL^T of Q + 1e-12 I reached a pivot of -4e+12 at column 348 (x349) in minimization sense; it exhibits a direction ,0,,-940.0,,,0.0001,0,,,,0.009094,0.0,0,0,60.0,1,8860d2a,"E2E TIR C3 container, 16 vCPU 29 GB (cgroup limits), AMD EPYC 9555 64-Core Processor host, nothing else running; AMD EPYC 9555 64-Core Processor; 256 cores; 1512 GiB RAM; Linux-x86_64",2026-10-03T08:07:41+00:00
QPLIB_3775,QBL,0,10f812973e5624e3dc90b6ce23005044aac36b3cd30322ac3e29ba8ffd8cf9ec,e84b7821c0fb01a5bb52c387fb2ed1bd2c1a421e560e83334c357ae9fdb70497,60,180,180,180,1,branch-and-bound,nonconvex,model_error,the continuous relaxation was refused: the quadratic objective is not convex: sparse LDL^T of Q + 1e-12 I reached a pivot of -1e+12 at column 178 (x179) in minimization sense; it exhibits a direction ,0,,3990.0,,,0.0001,0,,,,0.003039,0.0,0,0,60.0,1,8860d2a,"E2E TIR C3 container, 16 vCPU 29 GB (cgroup limits), AMD EPYC 9555 64-Core Processor host, nothing else running; AMD EPYC 9555 64-Core Processor; 256 cores; 1512 GiB RAM; Linux-x86_64",2026-10-03T08:07:41+00:00
QPLIB_3780,LIQ,0,d25e7fb1196e1f716ec95b6e715f3176346574f666a7dfd87cca990d6d9d25c4,072f52b677db5eebd8e69914c3c4d0d6713d1e92389a5d535e950ce12ce0d586,,,,168,0,,quadratic_constraints,read_error,error: /home/jovyan/run-cpu/SANKHYA/data/qplib/QPLIB_3780.qps:969: QCMATRIX section: quadratic constraints are not supported. This solver reads a quadratic OBJECTIVE only (QUADOBJ); a model with bilin,0,,90.6,,,0.0001,0,,,,0.00144,,,,60.0,1,8860d2a,"E2E TIR C3 container, 16 vCPU 29 GB (cgroup limits), AMD EPYC 9555 64-Core Processor host, nothing else running; AMD EPYC 9555 64-Core Processor; 256 cores; 1512 GiB RAM; Linux-x86_64",2026-10-03T08:07:41+00:00
QPLIB_3785,LMQ,0,89d916df7c8ed3bf0c066ba8b870d7a37843df3c5977158c5673df046786243b,2f99b753e60955a01fc4bbbf5f6dc8e1f4a78dbdccf39cd448ee0e6ac2827c38,,,,200,0,,quadratic_constraints,read_error,error: /home/jovyan/run-cpu/SANKHYA/data/qplib/QPLIB_3785.qps:1213: QCMATRIX section: quadratic constraints are not supported. This solver reads a quadratic OBJECTIVE only (QUADOBJ); a model with bili,0,,508718.0468,,,0.0001,0,,,,0.001894,,,,60.0,1,8860d2a,"E2E TIR C3 container, 16 vCPU 29 GB (cgroup limits), AMD EPYC 9555 64-Core Processor host, nothing else running; AMD EPYC 9555 64-Core Processor; 256 cores; 1512 GiB RAM; Linux-x86_64",2026-10-03T08:07:41+00:00
QPLIB_3790,QML,0,bf94922d9c9c6be70e7d7ad130828c93f6bf44114fce100e5675fad64922f9d5,aa23551e52a926747d27b89991fc19086845c41d3924bd7bc86e3f3e902b1f9e,283,195,571,7,1,branch-and-bound,nonconvex,model_error,the continuous relaxation was refused: the quadratic objective is not convex: sparse LDL^T of Q + 2.86e-11 I reached a pivot of -7.08362e-09 at column 48 (x49) in minimization sense; it exhibits a dir,0,,97.90443626,,,0.0001,0,,,,0.003029,0.0,0,0,60.0,1,8860d2a,"E2E TIR C3 container, 16 vCPU 29 GB (cgroup limits), AMD EPYC 9555 64-Core Processor host, nothing else running; AMD EPYC 9555 64-Core Processor; 256 cores; 1512 GiB RAM; Linux-x86_64",2026-10-03T08:07:41+00:00
QPLIB_3792,DML,1,9ed86ab978003551ce784239b1cf4e5a35ef514400e76bf6044b75f99b336640,46cd865f91ffba95c9766944237ac055ce6563f69c2c47a06b0c90626ba33146,3150,3020,9000,20,1,branch-and-bound,,feasible,,0,642.7207756123091,557.84865,84.8721256123091,0.1521418499664902,0.0001,0,0,1,,60.013916,59.999660327,0,533,60.0,1,8860d2a,"E2E TIR C3 container, 16 vCPU 29 GB (cgroup limits), AMD EPYC 9555 64-Core Processor host, nothing else running; AMD EPYC 9555 64-Core Processor; 256 cores; 1512 GiB RAM; Linux-x86_64",2026-10-03T08:07:41+00:00
QPLIB_3794,LMQ,0,ee7aed18c4027eda8a8f8379b4a3ef2ffcb50569ca41c3dbf823aaaadd86bd86,754e4bf1a7591b18ba087635b676f342bd5a6f4d0b1da720e323af29166c8504,,,,576,0,,quadratic_constraints,read_error,error: /home/jovyan/run-cpu/SANKHYA/data/qplib/QPLIB_3794.qps:6647: QCMATRIX section: quadratic constraints are not supported. This solver reads a quadratic OBJECTIVE only (QUADOBJ); a model with bili,0,,-1.127904351,,,0.0001,0,,,,0.003335,,,,60.0,1,8860d2a,"E2E TIR C3 container, 16 vCPU 29 GB (cgroup limits), AMD EPYC 9555 64-Core Processor host, nothing else running; AMD EPYC 9555 64-Core Processor; 256 cores; 1512 GiB RAM; Linux-x86_64",2026-10-03T08:07:41+00:00
QPLIB_3797,LMQ,0,7c9c126340d3bc89221cf952b1bc973c2840e41e1d6781b9cc3b95d6c866a72d,4597238782240669ebf0f39f2e32d6095893b84685a04b11aacca63a633d0254,,,,48,0,,quadratic_constraints,read_error,error: /home/jovyan/run-cpu/SANKHYA/data/qplib/QPLIB_3797.qps:3490: QCMATRIX section: quadratic constraints are not supported. This solver reads a quadratic OBJECTIVE only (QUADOBJ); a model with bili,0,,5122.564501,,,0.0001,0,,,,0.002633,,,,60.0,1,8860d2a,"E2E TIR C3 container, 16 vCPU 29 GB (cgroup limits), AMD EPYC 9555 64-Core Processor host, nothing else running; AMD EPYC 9555 64-Core Processor; 256 cores; 1512 GiB RAM; Linux-x86_64",2026-10-03T08:07:41+00:00
QPLIB_3798,LMQ,0,a97f00bfed29084e47c2f5f6a12de4446bc971f00dc002bea71ab2ee20979625,fd72f05107c87416e23375188ca60cbf452b30983d4ea61298852cb63c2e066b,,,,54,0,,quadratic_constraints,read_error,error: /home/jovyan/run-cpu/SANKHYA/data/qplib/QPLIB_3798.qps:4669: QCMATRIX section: quadratic constraints are not supported. This solver reads a quadratic OBJECTIVE only (QUADOBJ); a model with bili,0,,110.3275823,,,0.0001,0,,,,0.00269,,,,60.0,1,8860d2a,"E2E TIR C3 container, 16 vCPU 29 GB (cgroup limits), AMD EPYC 9555 64-Core Processor host, nothing else running; AMD EPYC 9555 64-Core Processor; 256 cores; 1512 GiB RAM; Linux-x86_64",2026-10-03T08:07:41+00:00
QPLIB_3803,QBL,0,09843d66b7a2207962dd6da1ab99a4c79ba8582e51e974f12874c8e46a3e7816,a68cf1c3b2d8993a6f6d221da7177d440e7e86bf8a63275a839b4b9788dddc22,2280,190,6840,190,1,branch-and-bound,nonconvex,model_error,the continuous relaxation was refused: the quadratic objective is not convex: sparse LDL^T of Q + 1e-12 I reached a pivot of -3.24e+14 at column 1 (x2) in minimization sense; it exhibits a direction x,0,,-7360.0,,,0.0001,0,,,,0.005803,0.0,0,0,60.0,1,8860d2a,"E2E TIR C3 container, 16 vCPU 29 GB (cgroup limits), AMD EPYC 9555 64-Core Processor host, nothing else running; AMD EPYC 9555 64-Core Processor; 256 cores; 1512 GiB RAM; Linux-x86_64",2026-10-03T08:07:41+00:00
QPLIB_3809,LMQ,0,b1094ac7ebbe437bae87e11a6120a6222ebc0b20d4a3a2f1ed9adedc66efcb5d,b3ba3ff970a7ebb0aa8ac6b9008c13005695756ec27d89ce288609331f31e0f4,,,,224,0,,quadratic_constraints,read_error,error: /home/jovyan/run-cpu/SANKHYA/data/qplib/QPLIB_3809.qps:1339: QCMATRIX section: quadratic constraints are not supported. This solver reads a quadratic OBJECTIVE only (QUADOBJ); a model with bili,0,,472093.078,,,0.0001,0,,,,0.002428,,,,60.0,1,8860d2a,"E2E TIR C3 container, 16 vCPU 29 GB (cgroup limits), AMD EPYC 9555 64-Core Processor host, nothing else running; AMD EPYC 9555 64-Core Processor; 256 cores; 1512 GiB RAM; Linux-x86_64",2026-10-03T08:07:41+00:00
QPLIB_3813,LMQ,0,d979398c46b7545fb618529622c26ffcddef199b3674aab1fcf22260473b82dc,beb9750035796731adef9eddf07730dccaa0aacc8405b91af93b278b1f4cf62f,,,,15,0,,quadratic_constraints,read_error,error: /home/jovyan/run-cpu/SANKHYA/data/qplib/QPLIB_3813.qps:9814: QCMATRIX section: quadratic constraints are not supported. This solver reads a quadratic OBJECTIVE only (QUADOBJ); a model with bili,0,,402.48853,,,0.0001,0,,,,0.005232,,,,60.0,1,8860d2a,"E2E TIR C3 container, 16 vCPU 29 GB (cgroup limits), AMD EPYC 9555 64-Core Processor host, nothing else running; AMD EPYC 9555 64-Core Processor; 256 cores; 1512 GiB RAM; Linux-x86_64",2026-10-03T08:07:41+00:00
QPLIB_3814,QMQ,0,c287a54ca4474cea90a1c569da8952362dc3bc97dfc01c063abea10075308c6b,f3424744e32c0d446cb79d8646c8a78e10b62e4cacf6c8df8d054af9b2dcca25,,,,2,0,,quadratic_constraints,read_error,error: /home/jovyan/run-cpu/SANKHYA/data/qplib/QPLIB_3814.qps:242: QCMATRIX section: quadratic constraints are not supported. This solver reads a quadratic OBJECTIVE only (QUADOBJ); a model with bilin,0,,0.6259674725,,,0.0001,0,,,,0.002719,,,,60.0,1,8860d2a,"E2E TIR C3 container, 16 vCPU 29 GB (cgroup limits), AMD EPYC 9555 64-Core Processor host, nothing else running; AMD EPYC 9555 64-Core Processor; 256 cores; 1512 GiB RAM; Linux-x86_64",2026-10-03T08:07:41+00:00
QPLIB_3815,QBL,0,e527ee3dcd587c110032df0972145566dfd89b9ff9cbd14a281bcbe7e6186c70,c59d8b8003a219c983e4df05e092f3ef883f7e151fb22a9d8c1696746e975378,64,192,192,192,1,branch-and-bound,nonconvex,model_error,the continuous relaxation was refused: the quadratic objective is not convex: sparse LDL^T of Q + 1e-12 I reached a pivot of -6e+12 at column 6 (x7) in minimization sense; it exhibits a direction x wi,0,,-65.0,,,0.0001,0,,,,0.003602,0.0,0,0,60.0,1,8860d2a,"E2E TIR C3 container, 16 vCPU 29 GB (cgroup limits), AMD EPYC 9555 64-Core Processor host, nothing else running; AMD EPYC 9555 64-Core Processor; 256 cores; 1512 GiB RAM; Linux-x86_64",2026-10-03T08:07:41+00:00
QPLIB_3816,LMQ,0,7d206f8d07c8f2a261511a999e1e17f4778765d6b51709e7dccea16917551eae,f07409aa0518b9aa8cdf45904a5c50f678485d5d86a0cdc1b8a575798774227d,,,,70,0,,quadratic_constraints,read_error,error: /home/jovyan/run-cpu/SANKHYA/data/qplib/QPLIB_3816.qps:2146: QCMATRIX section: quadratic constraints are not supported. This solver reads a quadratic OBJECTIVE only (QUADOBJ); a model with bili,0,,7.3936,,,0.0001,0,,,,0.001723,,,,60.0,1,8860d2a,"E2E TIR C3 container, 16 vCPU 29 GB (cgroup limits), AMD EPYC 9555 64-Core Processor host, nothing else running; AMD EPYC 9555 64-Core Processor; 256 cores; 1512 GiB RAM; Linux-x86_64",2026-10-03T08:07:41+00:00
QPLIB_3822,QBN,0,1a9e17c1bce9241e8e65134149b88b5f22ede8742e894a847453cd64edfd8d67,d2c57b691e9bd6231d13677d244f2a43320b8797fb5f10adffc243170d59dbfb,0,861,0,861,1,branch-and-bound,nonconvex,model_error,the continuous relaxation was refused: the quadratic objective is not convex: sparse LDL^T of Q + 1e-12 I reached a pivot of -8e+12 at column 756 (x757) in minimization sense; it exhibits a direction ,0,,850.0,,,0.0001,0,,,,0.005337,0.0,0,0,60.0,1,8860d2a,"E2E TIR C3 container, 16 vCPU 29 GB (cgroup limits), AMD EPYC 9555 64-Core Processor host, nothing else running; AMD EPYC 9555 64-Core Processor; 256 cores; 1512 GiB RAM; Linux-x86_64",2026-10-03T08:07:41+00:00
QPLIB_3825,LMQ,0,502f020dd249452bf975e6fec666f1794b5e2b91f3703008b15e3c23e5484171,6315cf9a2631aa3a0cd7b230b72e1f1a2b4aab41f005f024a3b474e8baafa4b6,,,,60,0,,quadratic_constraints,read_error,error: /home/jovyan/run-cpu/SANKHYA/data/qplib/QPLIB_3825.qps:5863: QCMATRIX section: quadratic constraints are not supported. This solver reads a quadratic OBJECTIVE only (QUADOBJ); a model with bili,0,,112.071483,,,0.0001,0,,,,0.00345,,,,60.0,1,8860d2a,"E2E TIR C3 container, 16 vCPU 29 GB (cgroup limits), AMD EPYC 9555 64-Core Processor host, nothing else running; AMD EPYC 9555 64-Core Processor; 256 cores; 1512 GiB RAM; Linux-x86_64",2026-10-03T08:07:41+00:00
QPLIB_3832,QBN,0,55dab94a19ca661fcedbea358cbc007c7cd4b062918ca253769128ca7652fe74,6181e1e96a1546aba77998775850566b8c671f230305e6928898d5ae874e0819,0,561,0,561,1,branch-and-bound,nonconvex,model_error,the continuous relaxation was refused: the quadratic objective is not convex: sparse LDL^T of Q + 1e-12 I reached a pivot of -8e+12 at column 518 (x519) in minimization sense; it exhibits a direction ,0,,554.0,,,0.0001,0,,,,0.003879,0.0,0,0,60.0,1,8860d2a,"E2E TIR C3 container, 16 vCPU 29 GB (cgroup limits), AMD EPYC 9555 64-Core Processor host, nothing else running; AMD EPYC 9555 64-Core Processor; 256 cores; 1512 GiB RAM; Linux-x86_64",2026-10-03T08:07:41+00:00
QPLIB_3834,QBL,0,4270c2aabd7aa38ecc0e645752771ad931521aa83de2ebec34b3d710656ed04a,4bf344fb4ad489770a37a1cc0884658e9cb00e40942b1cb1a15e3df497869732,1,50,50,50,1,branch-and-bound,nonconvex,model_error,the continuous relaxation was refused: the quadratic objective is not convex: sparse LDL^T of Q + 1e-12 I reached a pivot of -1.15362e+15 at column 48 (x49) in minimization sense; it exhibits a direct,0,,3760.715066,,,0.0001,0,,,,0.003256,0.0,0,0,60.0,1,8860d2a,"E2E TIR C3 container, 16 vCPU 29 GB (cgroup limits), AMD EPYC 9555 64-Core Processor host, nothing else running; AMD EPYC 9555 64-Core Processor; 256 cores; 1512 GiB RAM; Linux-x86_64",2026-10-03T08:07:41+00:00
QPLIB_3838,QBN,0,dde41cc5ef0240147c23ea5da4f5bc2f83620c161b75b6a690bfe8608edce75f,87a8ff70e745b622cea9377d66018abc09e18c9918604d931f914a3f2c89bdd7,0,780,0,780,1,branch-and-bound,nonconvex,model_error,the continuous relaxation was refused: the quadratic objective is not convex: sparse LDL^T of Q + 1e-12 I reached a pivot of -8e+12 at column 498 (x499) in minimization sense; it exhibits a direction ,0,,746.0,,,0.0001,0,,,,0.003733,0.0,0,0,60.0,1,8860d2a,"E2E TIR C3 container, 16 vCPU 29 GB (cgroup limits), AMD EPYC 9555 64-Core Processor host, nothing else running; AMD EPYC 9555 64-Core Processor; 256 cores; 1512 GiB RAM; Linux-x86_64",2026-10-03T08:07:41+00:00
QPLIB_3840,LMQ,0,f6248eb02a9715ba82414f2df21156db5a38d18f6ea874cc88ee57dfaf2844b7,39a285536b1973cd42a05b709bd6f15701079ae42951d5e4e2706dbb731d6ddc,,,,2401,0,,quadratic_constraints,read_error,error: /home/jovyan/run-cpu/SANKHYA/data/qplib/QPLIB_3840.qps:23838: QCMATRIX section: quadratic constraints are not supported. This solver reads a quadratic OBJECTIVE only (QUADOBJ); a model with bil,0,,-1.138586607,,,0.0001,0,,,,0.006557,,,,60.0,1,8860d2a,"E2E TIR C3 container, 16 vCPU 29 GB (cgroup limits), AMD EPYC 9555 64-Core Processor host, nothing else running; AMD EPYC 9555 64-Core Processor; 256 cores; 1512 GiB RAM; Linux-x86_64",2026-10-03T08:07:41+00:00
QPLIB_3841,QBL,0,4cfa534ed34541b48c6e89acdb794863af389c62a85536d64b813cf8419a0975,541a20eac22e4066b9d5239ceba94aa026ca1285bbcd2f588a664725cb9dbf1b,4600,300,13800,300,1,branch-and-bound,nonconvex,model_error,the continuous relaxation was refused: the quadratic objective is not convex: sparse LDL^T of Q + 1e-12 I reached a pivot of -1e+14 at column 48 (x49) in minimization sense; it exhibits a direction x ,0,,-1817.0,,,0.0001,0,,,,0.009922,0.0,0,0,60.0,1,8860d2a,"E2E TIR C3 container, 16 vCPU 29 GB (cgroup limits), AMD EPYC 9555 64-Core Processor host, nothing else running; AMD EPYC 9555 64-Core Processor; 256 cores; 1512 GiB RAM; Linux-x86_64",2026-10-03T08:07:41+00:00
QPLIB_3850,QBN,0,d41660d99ebbca53d220d8f109e3d705998beb96856ae47f7955d99c6fb6b367,9673fd2b33bb5921b0230d978fc87a82f7ffe7f8f8f81e382c8bec445fbd1dea,0,1225,0,1225,1,branch-and-bound,nonconvex,model_error,the continuous relaxation was refused: the quadratic objective is not convex: sparse LDL^T of Q + 1e-12 I reached a pivot of -8e+12 at column 667 (x668) in minimization sense; it exhibits a direction ,0,,1198.0,,,0.0001,0,,,,0.006587,0.0,0,0,60.0,1,8860d2a,"E2E TIR C3 container, 16 vCPU 29 GB (cgroup limits), AMD EPYC 9555 64-Core Processor host, nothing else running; AMD EPYC 9555 64-Core Processor; 256 cores; 1512 GiB RAM; Linux-x86_64",2026-10-03T08:07:41+00:00
QPLIB_3852,QBN,0,9db0656a0f4d9cd11e992b402db3d844450c670e5c512c1f3a732371f062e4f9,b59e177234d62c2cee2381d25fcdd595545ee70b9d30f13d2db46ac1867f101e,0,231,0,231,1,branch-and-bound,nonconvex,model_error,the continuous relaxation was refused: the quadratic objective is not convex: sparse LDL^T of Q + 1e-12 I reached a pivot of -8e+12 at column 137 (x138) in minimization sense; it exhibits a direction ,0,,234.0,,,0.0001,0,,,,0.003832,0.0,0,0,60.0,1,8860d2a,"E2E TIR C3 container, 16 vCPU 29 GB (cgroup limits), AMD EPYC 9555 64-Core Processor host, nothing else running; AMD EPYC 9555 64-Core Processor; 256 cores; 1512 GiB RAM; Linux-x86_64",2026-10-03T08:07:41+00:00
QPLIB_3854,LMQ,0,b908ba630d39ce15f37cd39abd9f38d8a3b400820b3d64c60a6070811021e896,56238412bbff339c9a6ee7dca42020b6ed68615796e47429ec21882b77be9987,,,,40,0,,quadratic_constraints,read_error,error: /home/jovyan/run-cpu/SANKHYA/data/qplib/QPLIB_3854.qps:3821: QCMATRIX section: quadratic constraints are not supported. This solver reads a quadratic OBJECTIVE only (QUADOBJ); a model with bili,0,,94.6112071,,,0.0001,0,,,,0.00286,,,,60.0,1,8860d2a,"E2E TIR C3 container, 16 vCPU 29 GB (cgroup limits), AMD EPYC 9555 64-Core Processor host, nothing else running; AMD EPYC 9555 64-Core Processor; 256 cores; 1512 GiB RAM; Linux-x86_64",2026-10-03T08:07:41+00:00
QPLIB_3855,LMQ,0,6942d7b9c8816ce1c5271e6d199fc76be3515c46198c7efb58de36761b64d293,f152b4caf5f360d57553de7e885f244240e5ff8df4a6cf4a28662575b68cb33d,,,,400,0,,quadratic_constraints,read_error,error: /home/jovyan/run-cpu/SANKHYA/data/qplib/QPLIB_3855.qps:11871: QCMATRIX section: quadratic constraints are not supported. This solver reads a quadratic OBJECTIVE only (QUADOBJ); a model with bil,0,,598.9191764,,,0.0001,0,,,,0.003452,,,,60.0,1,8860d2a,"E2E TIR C3 container, 16 vCPU 29 GB (cgroup limits), AMD EPYC 9555 64-Core Processor host, nothing else running; AMD EPYC 9555 64-Core Processor; 256 cores; 1512 GiB RAM; Linux-x86_64",2026-10-03T08:07:41+00:00
QPLIB_3856,LMQ,0,412ba4d82906d58f86cd75de50ddb9ef402c97ff4290b7ab8908072e5860cfa0,0fb82fc499dac9677a39c771d1ea120bfbccd2598459e0a53cbd7506a30d1392,,,,168,0,,quadratic_constraints,read_error,error: /home/jovyan/run-cpu/SANKHYA/data/qplib/QPLIB_3856.qps:1640: QCMATRIX section: quadratic constraints are not supported. This solver reads a quadratic OBJECTIVE only (QUADOBJ); a model with bili,0,,-1.030991192,,,0.0001,0,,,,0.00133,,,,60.0,1,8860d2a,"E2E TIR C3 container, 16 vCPU 29 GB (cgroup limits), AMD EPYC 9555 64-Core Processor host, nothing else running; AMD EPYC 9555 64-Core Processor; 256 cores; 1512 GiB RAM; Linux-x86_64",2026-10-03T08:07:41+00:00
QPLIB_3857,LMQ,0,6622c3714c780c93da2bd2319b87f0e895832f435a7f4924e38cb09ec9fd7ad3,8737b20a3ab1bbecc43083804d08cecdb7c9ef974957dbb37a6469a9728782bd,,,,201,0,,quadratic_constraints,read_error,error: /home/jovyan/run-cpu/SANKHYA/data/qplib/QPLIB_3857.qps:83627: QCMATRIX section: quadratic constraints are not supported. This solver reads a quadratic OBJECTIVE only (QUADOBJ); a model with bil,0,,-0.1291145306,,,0.0001,0,,,,0.022613,,,,60.0,1,8860d2a,"E2E TIR C3 container, 16 vCPU 29 GB (cgroup limits), AMD EPYC 9555 64-Core Processor host, nothing else running; AMD EPYC 9555 64-Core Processor; 256 cores; 1512 GiB RAM; Linux-x86_64",2026-10-03T08:07:41+00:00
QPLIB_3859,LMQ,0,75a1c53c5129bcb4107ac765259fa57b895be22880e0c2d9fc97e7ffeb64afcc,a45734eaecb6ccdd5acc4f4f25b663fa2ef83571337f2c485c6211d41782cec5,,,,600,0,,quadratic_constraints,read_error,error: /home/jovyan/run-cpu/SANKHYA/data/qplib/QPLIB_3859.qps:8923: QCMATRIX section: quadratic constraints are not supported. This solver reads a quadratic OBJECTIVE only (QUADOBJ); a model with bili,0,,-1.126956249,,,0.0001,0,,,,0.002821,,,,60.0,1,8860d2a,"E2E TIR C3 container, 16 vCPU 29 GB (cgroup limits), AMD EPYC 9555 64-Core Processor host, nothing else running; AMD EPYC 9555 64-Core Processor; 256 cores; 1512 GiB RAM; Linux-x86_64",2026-10-03T08:07:41+00:00
QPLIB_3860,QBL,0,6667d1cec60fc6a269cf219999d50abe68bf840492938d7a8965714f2b43862a,5ac3a13cd24c90afd9918bf85c89d8fe9e49db59083f664559151cc21bf12cb5,8120,435,24360,435,1,branch-and-bound,nonconvex,model_error,the continuous relaxation was refused: the quadratic objective is not convex: sparse LDL^T of Q + 1e-12 I reached a pivot of -1e+14 at column 349 (x350) in minimization sense; it exhibits a direction ,0,,-20161.0,,,0.0001,0,,,,0.015824,0.0,0,0,60.0,1,8860d2a,"E2E TIR C3 container, 16 vCPU 29 GB (cgroup limits), AMD EPYC 9555 64-Core Processor host, nothing else running; AMD EPYC 9555 64-Core Processor; 256 cores; 1512 GiB RAM; Linux-x86_64",2026-10-03T08:07:41+00:00
QPLIB_3861,DML,1,007d22a776f2bc713987f58dbdbf3aed02b63d2143f923f925b7c37e1e19899e,b0a42974c43330557898424d5a6eeb2ae3c2174f3652cbf632ce341af7dae6c1,4650,4530,13500,30,1,branch-and-bound,,feasible,,0,608.6541424617164,430.5765521,178.07759036171643,0.41357939602888194,0.0001,0,0,1,,60.011923,59.999532367,0,73,60.0,1,8860d2a,"E2E TIR C3 container, 16 vCPU 29 GB (cgroup limits), AMD EPYC 9555 64-Core Processor host, nothing else running; AMD EPYC 9555 64-Core Processor; 256 cores; 1512 GiB RAM; Linux-x86_64",2026-10-03T08:07:41+00:00
QPLIB_3863,LMQ,0,ef11b1a1c18355090ba8dad067c4eb4377b36faf0126759705fa70a7bb6e0a37,61be3fe22e3f087ee31b1d8973cb0a1b15a3b5b56977defbe6f9610bd964910d,,,,625,0,,quadratic_constraints,read_error,error: /home/jovyan/run-cpu/SANKHYA/data/qplib/QPLIB_3863.qps:7101: QCMATRIX section: quadratic constraints are not supported. This solver reads a quadratic OBJECTIVE only (QUADOBJ); a model with bili,0,,-1.115657192,,,0.0001,0,,,,0.003418,,,,60.0,1,8860d2a,"E2E TIR C3 container, 16 vCPU 29 GB (cgroup limits), AMD EPYC 9555 64-Core Processor host, nothing else running; AMD EPYC 9555 64-Core Processor; 256 cores; 1512 GiB RAM; Linux-x86_64",2026-10-03T08:07:41+00:00
QPLIB_3865,QBL,0,9ba4746077b57092aa21a147250e4530611fba9ef20d86a2f38402ec80a80347,9feb3438ad60971737964f78ddb821209693ff6ae630f339dd1e25f7f2456da6,50,525,1050,525,1,branch-and-bound,nonconvex,model_error,the continuous relaxation was refused: the quadratic objective is not convex: sparse LDL^T of Q + 1e-12 I reached a pivot of -1.19161e+21 at column 509 (x510) in minimization sense; it exhibits a dire,0,,6301723.0,,,0.0001,0,,,,0.036996,0.0,0,0,60.0,1,8860d2a,"E2E TIR C3 container, 16 vCPU 29 GB (cgroup limits), AMD EPYC 9555 64-Core Processor host, nothing else running; AMD EPYC 9555 64-Core Processor; 256 cores; 1512 GiB RAM; Linux-x86_64",2026-10-03T08:07:41+00:00
QPLIB_3870,QML,0,1fe9814fc8c7b3f0c5000c40b1fb6431525889707e70e9fcd4d1bbb37851802d,2348f148d48656a111c9165a75adb6248c44c35564b7b5686db1eb002578f5ef,1456,182,4368,116,1,branch-and-bound,nonconvex,model_error,the continuous relaxation was refused: the quadratic objective is not convex: sparse LDL^T of Q + 1e-12 I reached a pivot of -8e+12 at column 169 (x170) in minimization sense; it exhibits a direction ,0,,-1148.0,,,0.0001,0,,,,0.005615,0.0,0,0,60.0,1,8860d2a,"E2E TIR C3 container, 16 vCPU 29 GB (cgroup limits), AMD EPYC 9555 64-Core Processor host, nothing else running; AMD EPYC 9555 64-Core Processor; 256 cores; 1512 GiB RAM; Linux-x86_64",2026-10-03T08:07:41+00:00
QPLIB_3871,DML,1,70a071545b4618f26b4bd5523b78f285be8d9633ef19ce572fe6513d6392f85a,22a799cbc476197c51b8f4d6f107466a418f7bb1a5b83f21c85dd8d43ab99c62,1040,1025,3000,25,1,branch-and-bound,,feasible,,0,197.3338812420924,197.3338812,4.209238113617175e-08,2.1330539327663997e-10,0.0001,0,0,1,,60.005738,59.999836491,0,3904,60.0,1,8860d2a,"E2E TIR C3 container, 16 vCPU 29 GB (cgroup limits), AMD EPYC 9555 64-Core Processor host, nothing else running; AMD EPYC 9555 64-Core Processor; 256 cores; 1512 GiB RAM; Linux-x86_64",2026-10-03T08:07:41+00:00
QPLIB_3872,LMQ,0,c920518878cdea1432f864d90de6e035d2a3e484d3624a33ab1bec9bd87d12c0,6968e71df8d3f385b9a0cb8adf7964b32dd6fc968336a3ffbd24452d5c12e948,,,,95,0,,quadratic_constraints,read_error,error: /home/jovyan/run-cpu/SANKHYA/data/qplib/QPLIB_3872.qps:18815: QCMATRIX section: quadratic constraints are not supported. This solver reads a quadratic OBJECTIVE only (QUADOBJ); a model with bil,0,,85.44891308,,,0.0001,0,,,,0.006164,,,,60.0,1,8860d2a,"E2E TIR C3 container, 16 vCPU 29 GB (cgroup limits), AMD EPYC 9555 64-Core Processor host, nothing else running; AMD EPYC 9555 64-Core Processor; 256 cores; 1512 GiB RAM; Linux-x86_64",2026-10-03T08:07:41+00:00
QPLIB_3877,QBN,0,3fb31174e9b90598bf45b22b397d349d5a548b302a89053369d4e9b68ccaac3f,00c803a4fd843eab5e0e731d357ae635673f84155fab1526212914a327151be7,0,630,0,630,1,branch-and-bound,nonconvex,model_error,the continuous relaxation was refused: the quadratic objective is not convex: sparse LDL^T of Q + 1e-12 I reached a pivot of -8e+12 at column 278 (x279) in minimization sense; it exhibits a direction ,0,,602.0,,,0.0001,0,,,,0.0042,0.0,0,0,60.0,1,8860d2a,"E2E TIR C3 container, 16 vCPU 29 GB (cgroup limits), AMD EPYC 9555 64-Core Processor host, nothing else running; AMD EPYC 9555 64-Core Processor; 256 cores; 1512 GiB RAM; Linux-x86_64",2026-10-03T08:07:41+00:00
QPLIB_3879,LMQ,0,526da9e503514969f90c05072bfdd52fc66a9421145b82216be9d8b0749b1aea,bce1340e64c99a700d224a0d818ee828ca4537d862db3fd056ac292449be27e8,,,,10920,0,,quadratic_constraints,read_error,error: /home/jovyan/run-cpu/SANKHYA/data/qplib/QPLIB_3879.qps:140243: QCMATRIX section: quadratic constraints are not supported. This solver reads a quadratic OBJECTIVE only (QUADOBJ); a model with bi,0,,-1.162171094,,,0.0001,0,,,,0.030996,,,,60.0,1,8860d2a,"E2E TIR C3 container, 16 vCPU 29 GB (cgroup limits), AMD EPYC 9555 64-Core Processor host, nothing else running; AMD EPYC 9555 64-Core Processor; 256 cores; 1512 GiB RAM; Linux-x86_64",2026-10-03T08:07:41+00:00
QPLIB_3883,QBL,0,be5a3c938384b786a2a801427cdfad809fd40f1e937c7440fb1a90aed1b39954,4cf6c76511de73cd83f110033c019adf8fdd67c3117c62b3125df6e6c7cf08a0,1456,182,4368,182,1,branch-and-bound,nonconvex,model_error,the continuous relaxation was refused: the quadratic objective is not convex: sparse LDL^T of Q + 1e-12 I reached a pivot of -4e+12 at column 115 (x116) in minimization sense; it exhibits a direction ,0,,-788.0,,,0.0001,0,,,,0.004597,0.0,0,0,60.0,1,8860d2a,"E2E TIR C3 container, 16 vCPU 29 GB (cgroup limits), AMD EPYC 9555 64-Core Processor host, nothing else running; AMD EPYC 9555 64-Core Processor; 256 cores; 1512 GiB RAM; Linux-x86_64",2026-10-03T08:07:41+00:00
QPLIB_3913,CBL,1,f5dcd8f31520206cc316e7f6858fac763cb02d21594bbd1c88aaa0645c4a1ae2,f6bf40f4eccb1e86972867d8622915a970b3b3784948b015b31e2aa109e3f963,61,300,360,300,1,branch-and-bound,,time_limit,"stopped at the time limit of 59.9994s after 60.01s, 0 iterations, 1 nodes; no feasible point had been found when the limit stopped the search, so none is reported (the objective is the worst represent",0,inf,42.925,inf,inf,0.0001,0,0,1,,60.022197,60.009079141,0,1,60.0,1,8860d2a,"E2E TIR C3 container, 16 vCPU 29 GB (cgroup limits), AMD EPYC 9555 64-Core Processor host, nothing else running; AMD EPYC 9555 64-Core Processor; 256 cores; 1512 GiB RAM; Linux-x86_64",2026-10-03T08:07:41+00:00
QPLIB_3923,QBL,0,e6b9a6156d2179bdf544ceee12ea97854767473bbca06033604aa98d01342d45,e5f694ce7964b4f8709e86ec0132c36b6e4c6b9f6498dc2e845f7334dd549570,80,395,474,395,1,branch-and-bound,nonconvex,model_error,the continuous relaxation was refused: the quadratic objective is not convex: sparse LDL^T of Q + 1e-12 I reached a pivot of -1.875e+12 at column 268 (x269) in minimization sense; it exhibits a direct,0,,64.1,,,0.0001,0,,,,0.004032,0.0,0,0,60.0,1,8860d2a,"E2E TIR C3 container, 16 vCPU 29 GB (cgroup limits), AMD EPYC 9555 64-Core Processor host, nothing else running; AMD EPYC 9555 64-Core Processor; 256 cores; 1512 GiB RAM; Linux-x86_64",2026-10-03T08:07:41+00:00
QPLIB_3931,QBL,0,3a0ea5b91e4ac20c365c89031ad499523c417bedca2a6e9adf9f232777f00ffd,70ff6ca478f672f4257d0a3836ac20d1f82d4e7726f4b8650b38a4e2cff668b0,80,316,395,316,1,branch-and-bound,nonconvex,model_error,the continuous relaxation was refused: the quadratic objective is not convex: sparse LDL^T of Q + 1e-12 I reached a pivot of -1.5445e+12 at column 201 (x202) in minimization sense; it exhibits a direc,0,,79.93,,,0.0001,0,,,,0.003743,0.0,0,0,60.0,1,8860d2a,"E2E TIR C3 container, 16 vCPU 29 GB (cgroup limits), AMD EPYC 9555 64-Core Processor host, nothing else running; AMD EPYC 9555 64-Core Processor; 256 cores; 1512 GiB RAM; Linux-x86_64",2026-10-03T08:07:41+00:00
QPLIB_3980,CBL,1,c1a7e4102290baaa5173a9c0a509ab3fe6533dd29bc6c413076f7cf648acf67a,440c378f262daff7a4f201b3d43d67000a0203d6721f29709f6535fbec7f62b5,48,235,282,235,1,branch-and-bound,,time_limit,"; no feasible point had been found when the limit stopped the search, so none is reported (the objective is the worst representable value, not a solution)",0,inf,6.325,inf,inf,0.0001,0,0,1,,60.010496,59.999809146,0,1,60.0,1,8860d2a,"E2E TIR C3 container, 16 vCPU 29 GB (cgroup limits), AMD EPYC 9555 64-Core Processor host, nothing else running; AMD EPYC 9555 64-Core Processor; 256 cores; 1512 GiB RAM; Linux-x86_64",2026-10-03T08:07:41+00:00
QPLIB_4095,CMQ,0,6dc818311654b7b1890effb137b34e8d338b6caf70b27ee94ef6882f8d8cd790,a2d409586c8fe2b658395513c4a1383d5a6ffe8eb26b1c50c4647d2dd3a5d267,,,,400,0,,quadratic_constraints,read_error,error: /home/jovyan/run-cpu/SANKHYA/data/qplib/QPLIB_4095.qps:90216: QCMATRIX section: quadratic constraints are not supported. This solver reads a quadratic OBJECTIVE only (QUADOBJ); a model with bil,0,,99.48264489,,,0.0001,0,,,,0.019294,,,,60.0,1,8860d2a,"E2E TIR C3 container, 16 vCPU 29 GB (cgroup limits), AMD EPYC 9555 64-Core Processor host, nothing else running; AMD EPYC 9555 64-Core Processor; 256 cores; 1512 GiB RAM; Linux-x86_64",2026-10-03T08:07:41+00:00
QPLIB_4270,CML,1,f746511a2fd86cbf21920fedd1deb63e33e690ab5658ed01bf61fea269068fd9,bb47a1cbdfe053385fcd8d1d561608a3b0610f904b6cf6e86bbca7db40736245,1603,1600,4800,400,1,branch-and-bound,,time_limit,"; no feasible point had been found when the limit stopped the search, so none is reported (the objective is the worst representable value, not a solution)",0,inf,99.48264828,inf,inf,0.0001,0,0,1,,60.022731,59.999302006,0,1,60.0,1,8860d2a,"E2E TIR C3 container, 16 vCPU 29 GB (cgroup limits), AMD EPYC 9555 64-Core Processor host, nothing else running; AMD EPYC 9555 64-Core Processor; 256 cores; 1512 GiB RAM; Linux-x86_64",2026-10-03T08:07:41+00:00
QPLIB_4455,LMQ,0,498d21f0e0ab286a5fc9d88832485b96de13a5c39560e60f30fe5116904ec14e,b2bc9a31bf7464d5f9d6c57a0988ed29d7c5a5a592c0b10aa160cea34e6101fd,,,,3000,0,,quadratic_constraints,read_error,error: /home/jovyan/run-cpu/SANKHYA/data/qplib/QPLIB_4455.qps:63011: QCMATRIX section: quadratic constraints are not supported. This solver reads a quadratic OBJECTIVE only (QUADOBJ); a model with bil,0,,1039.0,,,0.0001,0,,,,0.015195,,,,60.0,1,8860d2a,"E2E TIR C3 container, 16 vCPU 29 GB (cgroup limits), AMD EPYC 9555 64-Core Processor host, nothing else running; AMD EPYC 9555 64-Core Processor; 256 cores; 1512 GiB RAM; Linux-x86_64",2026-10-03T08:07:41+00:00
QPLIB_4722,LMQ,0,fc473a93293389ebe3edcfac3da445f668e777c9b4fb9dd8a93156e00f928e83,e6f4d2eb2916770b6253c603ac4fe02ea263579d21c5dc840dca5aff37c8be13,,,,2000,0,,quadratic_constraints,read_error,error: /home/jovyan/run-cpu/SANKHYA/data/qplib/QPLIB_4722.qps:42011: QCMATRIX section: quadratic constraints are not supported. This solver reads a quadratic OBJECTIVE only (QUADOBJ); a model with bil,0,,2639.0,,,0.0001,0,,,,0.009885,,,,60.0,1,8860d2a,"E2E TIR C3 container, 16 vCPU 29 GB (cgroup limits), AMD EPYC 9555 64-Core Processor host, nothing else running; AMD EPYC 9555 64-Core Processor; 256 cores; 1512 GiB RAM; Linux-x86_64",2026-10-03T08:07:41+00:00
QPLIB_4805,LMQ,0,5abfa4948ced1879ca21a6c5049ed3948a39a5726845f03c3a0d8e04aa937f56,276504432af0dba2f1a4a3d0a2654a4e24fd9e0c6278b9710538357e7718697c,,,,2000,0,,quadratic_constraints,read_error,error: /home/jovyan/run-cpu/SANKHYA/data/qplib/QPLIB_4805.qps:48091: QCMATRIX section: quadratic constraints are not supported. This solver reads a quadratic OBJECTIVE only (QUADOBJ); a model with bil,0,,10729661.15,,,0.0001,0,,,,0.011628,,,,60.0,1,8860d2a,"E2E TIR C3 container, 16 vCPU 29 GB (cgroup limits), AMD EPYC 9555 64-Core Processor host, nothing else running; AMD EPYC 9555 64-Core Processor; 256 cores; 1512 GiB RAM; Linux-x86_64",2026-10-03T08:07:41+00:00
QPLIB_5023,LMQ,0,1e72026a9d95111ddc0dd5e6c171d61edb0f9e2d32992e715242f2abe54ac7a7,0afa4dba2c72dbe992a758f2b8bdc3e74392773e29397e936cc6283408c0fc09,,,,3000,0,,quadratic_constraints,read_error,error: /home/jovyan/run-cpu/SANKHYA/data/qplib/QPLIB_5023.qps:72168: QCMATRIX section: quadratic constraints are not supported. This solver reads a quadratic OBJECTIVE only (QUADOBJ); a model with bil,0,,495029.001,,,0.0001,0,,,,0.015143,,,,60.0,1,8860d2a,"E2E TIR C3 container, 16 vCPU 29 GB (cgroup limits), AMD EPYC 9555 64-Core Processor host, nothing else running; AMD EPYC 9555 64-Core Processor; 256 cores; 1512 GiB RAM; Linux-x86_64",2026-10-03T08:07:41+00:00
QPLIB_5442,LMQ,0,28ed9f56e7d04503374901339e28830c994827b471c84b537235bbb94f94bbf8,0704c8e0da88da4c17733ce8018c8daa7eb56009a08afab2ded14fbcea4a1d50,,,,2000,0,,quadratic_constraints,read_error,error: /home/jovyan/run-cpu/SANKHYA/data/qplib/QPLIB_5442.qps:48100: QCMATRIX section: quadratic constraints are not supported. This solver reads a quadratic OBJECTIVE only (QUADOBJ); a model with bil,0,,884268627.4,,,0.0001,0,,,,0.011209,,,,60.0,1,8860d2a,"E2E TIR C3 container, 16 vCPU 29 GB (cgroup limits), AMD EPYC 9555 64-Core Processor host, nothing else running; AMD EPYC 9555 64-Core Processor; 256 cores; 1512 GiB RAM; Linux-x86_64",2026-10-03T08:07:41+00:00
QPLIB_5527,DML,1,059ef5b7e5551e583d76626e67c0d1e09ff1f2199b281be4962b2eb9742762a4,afda8ac18ee5205c46281fac2a5267e814926d7574b8845b0fd907d8daab3975,64348,25609,181877,4492,1,branch-and-bound,,time_limit,"; no feasible point had been found when the limit stopped the search, so none is reported (the objective is the worst representable value, not a solution)",0,inf,30599020.27,inf,inf,0.0001,0,0,1,,60.103451,59.993222253,0,1,60.0,1,8860d2a,"E2E TIR C3 container, 16 vCPU 29 GB (cgroup limits), AMD EPYC 9555 64-Core Processor host, nothing else running; AMD EPYC 9555 64-Core Processor; 256 cores; 1512 GiB RAM; Linux-x86_64",2026-10-03T08:07:41+00:00
QPLIB_5543,DML,1,b917e9bcd2f38a599357f75e417865d49172bd19410b03b8e9055644b62750cb,883b18c4bd5b5e000513616473eb38c3833de7d8de9267b525c8e148026a447b,64096,25700,181132,4514,1,branch-and-bound,,time_limit,"; no feasible point had been found when the limit stopped the search, so none is reported (the objective is the worst representable value, not a solution)",0,inf,37594528.33,inf,inf,0.0001,0,0,1,,60.111737,59.992983331,0,1,60.0,1,8860d2a,"E2E TIR C3 container, 16 vCPU 29 GB (cgroup limits), AMD EPYC 9555 64-Core Processor host, nothing else running; AMD EPYC 9555 64-Core Processor; 256 cores; 1512 GiB RAM; Linux-x86_64",2026-10-03T08:07:41+00:00
QPLIB_5554,LMQ,0,bf06235ca7a5336f8d517c971410b635f29f77b4c178b7de9bf375cc9cb23034,04f238eacbdfc241f7824a69125592db94192a096e257efa0f88e241609a4de0,,,,4492,0,,quadratic_constraints,read_error,error: /home/jovyan/run-cpu/SANKHYA/data/qplib/QPLIB_5554.qps:352041: QCMATRIX section: quadratic constraints are not supported. This solver reads a quadratic OBJECTIVE only (QUADOBJ); a model with bi,0,,32746998.03,,,0.0001,0,,,,0.085607,,,,60.0,1,8860d2a,"E2E TIR C3 container, 16 vCPU 29 GB (cgroup limits), AMD EPYC 9555 64-Core Processor host, nothing else running; AMD EPYC 9555 64-Core Processor; 256 cores; 1512 GiB RAM; Linux-x86_64",2026-10-03T08:07:41+00:00
QPLIB_5573,LMQ,0,80e77e6f4fbf2c971c433c36bc54ad8d0feef545e1e9a179d94b8e96d8ca2889,9205ffde802ed65c16e2f185a4dd1cbd87a7b76bba57eece4c710b603d30232d,,,,4450,0,,quadratic_constraints,read_error,error: /home/jovyan/run-cpu/SANKHYA/data/qplib/QPLIB_5573.qps:368502: QCMATRIX section: quadratic constraints are not supported. This solver reads a quadratic OBJECTIVE only (QUADOBJ); a model with bi,0,,33695951.51,,,0.0001,0,,,,0.085547,,,,60.0,1,8860d2a,"E2E TIR C3 container, 16 vCPU 29 GB (cgroup limits), AMD EPYC 9555 64-Core Processor host, nothing else running; AMD EPYC 9555 64-Core Processor; 256 cores; 1512 GiB RAM; Linux-x86_64",2026-10-03T08:07:41+00:00
QPLIB_5577,DML,1,a89f2bbc74e9847571f4a6a97ad51b581e2036211f5003c482d57d7bb33269c9,4a748ad2b348374d5f13f588ba29e3cef1fc188f1ac183aa9ae3b7fb67c4259b,15690,6014,44028,1118,1,branch-and-bound,,time_limit,"; no feasible point had been found when the limit stopped the search, so none is reported (the objective is the worst representable value, not a solution)",0,inf,7193179.495,inf,inf,0.0001,0,0,1,,60.022838,59.998235376,0,1,60.0,1,8860d2a,"E2E TIR C3 container, 16 vCPU 29 GB (cgroup limits), AMD EPYC 9555 64-Core Processor host, nothing else running; AMD EPYC 9555 64-Core Processor; 256 cores; 1512 GiB RAM; Linux-x86_64",2026-10-03T08:07:41+00:00
QPLIB_5721,QBN,0,5138acefa853887882e49a87c9721b3751f378a28790b9d40e8e7aefcce427f4,771e611639e90318bd05e8ad2a60fe9ddc89974c3eb3af9db7f2a697c2695ddb,0,300,0,300,1,branch-and-bound,nonconvex,model_error,the continuous relaxation was refused: the quadratic objective is not convex: sparse LDL^T of Q + 1e-12 I reached a pivot of -9.50157e+21 at column 35 (x36) in minimization sense; it exhibits a direct,0,,8579363.0,,,0.0001,0,,,,0.013021,0.0,0,0,60.0,1,8860d2a,"E2E TIR C3 container, 16 vCPU 29 GB (cgroup limits), AMD EPYC 9555 64-Core Processor host, nothing else running; AMD EPYC 9555 64-Core Processor; 256 cores; 1512 GiB RAM; Linux-x86_64",2026-10-03T08:07:41+00:00
QPLIB_5725,QBN,0,633282acf6b33ea3c5502ff4733e0c98371cf876663c151c33c402cbabebdfde,21a363f59e30114c4fbe5dad8117a67c3d845c67d5074769f24e98b2df0513ee,0,343,0,343,1,branch-and-bound,nonconvex,model_error,the continuous relaxation was refused: the quadratic objective is not convex: sparse LDL^T of Q + 1e-12 I reached a pivot of -1.15756e+22 at column 1 (x2) in minimization sense; it exhibits a directio,0,,33611981.0,,,0.0001,0,,,,0.003174,0.0,0,0,60.0,1,8860d2a,"E2E TIR C3 container, 16 vCPU 29 GB (cgroup limits), AMD EPYC 9555 64-Core Processor host, nothing else running; AMD EPYC 9555 64-Core Processor; 256 cores; 1512 GiB RAM; Linux-x86_64",2026-10-03T08:07:41+00:00
QPLIB_5755,QBN,0,0d4ad1ab2ab314dcebde0fe3e47bd63aaee9f334fd495ccd2d8ccfbbcdf6ed5e,9424c0659d2b3d25c21cb0821a6f7c8cf874573ce8dbe33e03c4b7e72387df05,0,400,0,400,1,branch-and-bound,nonconvex,model_error,the continuous relaxation was refused: the quadratic objective is not convex: sparse LDL^T of Q + 1e-12 I reached a pivot of -4.00728e+23 at column 380 (x381) in minimization sense; it exhibits a dire,0,,24838942.0,,,0.0001,0,,,,0.00224,0.0,0,0,60.0,1,8860d2a,"E2E TIR C3 container, 16 vCPU 29 GB (cgroup limits), AMD EPYC 9555 64-Core Processor host, nothing else running; AMD EPYC 9555 64-Core Processor; 256 cores; 1512 GiB RAM; Linux-x86_64",2026-10-03T08:07:41+00:00
QPLIB_5875,QBN,0,d21c127a2d80d24889c9f069d164797e52ae1d7d56e481f24e6a85ecd940a9b8,1d0510d9e93c87e094c367463632748fda370671df2ee277a57557aa49e9ae75,0,200,0,200,1,branch-and-bound,nonconvex,model_error,the continuous relaxation was refused: the quadratic objective is not convex: sparse LDL^T of Q + 1e-12 I reached a pivot of -4.356e+15 at column 51 (x52) in minimization sense; it exhibits a directio,0,,43757.0,,,0.0001,0,,,,0.006467,0.0,0,0,60.0,1,8860d2a,"E2E TIR C3 container, 16 vCPU 29 GB (cgroup limits), AMD EPYC 9555 64-Core Processor host, nothing else running; AMD EPYC 9555 64-Core Processor; 256 cores; 1512 GiB RAM; Linux-x86_64",2026-10-03T08:07:41+00:00
QPLIB_5881,QBN,0,8c222877aa35446260020bd1428c2a95f8853736e7a900852e4903bc51dae81b,a1c20dd301751b63e7cdb731070966abadfcd93e578b47e86e41c851e29919e0,0,120,0,120,1,branch-and-bound,nonconvex,model_error,the continuous relaxation was refused: the quadratic objective is not convex: sparse LDL^T of Q + 1e-12 I reached a pivot of -3.364e+15 at column 17 (x18) in minimization sense; it exhibits a directio,0,,13067.0,,,0.0001,0,,,,0.003314,0.0,0,0,60.0,1,8860d2a,"E2E TIR C3 container, 16 vCPU 29 GB (cgroup limits), AMD EPYC 9555 64-Core Processor host, nothing else running; AMD EPYC 9555 64-Core Processor; 256 cores; 1512 GiB RAM; Linux-x86_64",2026-10-03T08:07:41+00:00
QPLIB_5882,QBN,0,276a00f0a5bcc89902893ad126277a5491213c704c8d416ae5a17931c8bee47a,9c884e8423958aee074e2a94fa757e9702e5a1de54a3dd79aaa3fe562b51f517,0,150,0,150,1,branch-and-bound,nonconvex,model_error,the continuous relaxation was refused: the quadratic objective is not convex: sparse LDL^T of Q + 1e-12 I reached a pivot of -6.76e+14 at column 131 (x132) in minimization sense; it exhibits a directi,0,,25388.0,,,0.0001,0,,,,0.005291,0.0,0,0,60.0,1,8860d2a,"E2E TIR C3 container, 16 vCPU 29 GB (cgroup limits), AMD EPYC 9555 64-Core Processor host, nothing else running; AMD EPYC 9555 64-Core Processor; 256 cores; 1512 GiB RAM; Linux-x86_64",2026-10-03T08:07:41+00:00
QPLIB_5909,QBN,0,5322dae544c59994e08eeb2da71b7d069924d719d65df55815668b1924754f52,1da82e18c32a39f5979c24a28b055061098229188035a655d7777b4b6079919b,0,250,0,250,1,branch-and-bound,nonconvex,model_error,the continuous relaxation was refused: the quadratic objective is not convex: sparse LDL^T of Q + 1e-12 I reached a pivot of -4.624e+15 at column 140 (x141) in minimization sense; it exhibits a direct,0,,35726.0,,,0.0001,0,,,,0.003579,0.0,0,0,60.0,1,8860d2a,"E2E TIR C3 container, 16 vCPU 29 GB (cgroup limits), AMD EPYC 9555 64-Core Processor host, nothing else running; AMD EPYC 9555 64-Core Processor; 256 cores; 1512 GiB RAM; Linux-x86_64",2026-10-03T08:07:41+00:00
QPLIB_5922,QBN,0,efe7e8fd5e75e9c7f0436eb6eefc37a1d3cfd92c17cd860a92a429cb52c00824,82929cc61b182083cdf2a28c2909fa372138d3a64669d0972c401720a23af16d,0,500,0,500,1,branch-and-bound,nonconvex,model_error,the continuous relaxation was refused: the quadratic objective is not convex: sparse LDL^T of Q + 1e-12 I reached a pivot of -1.5376e+16 at column 4 (x5) in minimization sense; it exhibits a direction,0,,128339.0,,,0.0001,0,,,,0.008595,0.0,0,0,60.0,1,8860d2a,"E2E TIR C3 container, 16 vCPU 29 GB (cgroup limits), AMD EPYC 9555 64-Core Processor host, nothing else running; AMD EPYC 9555 64-Core Processor; 256 cores; 1512 GiB RAM; Linux-x86_64",2026-10-03T08:07:41+00:00
QPLIB_5924,DML,1,6534c7a5852a4da091ecbf4c22ece56ffa27504be9e4df3eb8b997e328929b4d,e9dbc68753f8686904375b2c0988b1e247910062b706929c144f39c55ed3b3bf,36060,15520,107410,300,1,branch-and-bound,,time_limit,"; no feasible point had been found when the limit stopped the search, so none is reported (the objective is the worst representable value, not a solution)",0,inf,118609.831,inf,inf,0.0001,0,0,1,,60.048875,59.996449689,0,1,60.0,1,8860d2a,"E2E TIR C3 container, 16 vCPU 29 GB (cgroup limits), AMD EPYC 9555 64-Core Processor host, nothing else running; AMD EPYC 9555 64-Core Processor; 256 cores; 1512 GiB RAM; Linux-x86_64",2026-10-03T08:07:41+00:00
QPLIB_5925,LMQ,0,2c5c92860eb095eaa7715db06c9a05b7a5864dd872bc69efc2d39f2f0e5427d2,6b024b7ede8d85ba3239673eab3060f3323309f227f37c8a8573162c0dbf653f,,,,100,0,,quadratic_constraints,read_error,error: /home/jovyan/run-cpu/SANKHYA/data/qplib/QPLIB_5925.qps:9943: QCMATRIX section: quadratic constraints are not supported. This solver reads a quadratic OBJECTIVE only (QUADOBJ); a model with bili,0,,124.091252,,,0.0001,0,,,,0.004693,,,,60.0,1,8860d2a,"E2E TIR C3 container, 16 vCPU 29 GB (cgroup limits), AMD EPYC 9555 64-Core Processor host, nothing else running; AMD EPYC 9555 64-Core Processor; 256 cores; 1512 GiB RAM; Linux-x86_64",2026-10-03T08:07:41+00:00
QPLIB_5926,LMQ,0,638b15d563ce551debfb0f91e0da4b5000b9816576bdff2872b7a510ca8bcc38,ddd26abb1a0389f5c6435f16f4666a1b5c76a1696b609316706e8c79160c6b54,,,,2400,0,,quadratic_constraints,read_error,error: /home/jovyan/run-cpu/SANKHYA/data/qplib/QPLIB_5926.qps:280344: QCMATRIX section: quadratic constraints are not supported. This solver reads a quadratic OBJECTIVE only (QUADOBJ); a model with bi,0,,176.6593991,,,0.0001,0,,,,0.084121,,,,60.0,1,8860d2a,"E2E TIR C3 container, 16 vCPU 29 GB (cgroup limits), AMD EPYC 9555 64-Core Processor host, nothing else running; AMD EPYC 9555 64-Core Processor; 256 cores; 1512 GiB RAM; Linux-x86_64",2026-10-03T08:07:41+00:00
QPLIB_5927,LMQ,0,cc783675b34026eee91d5f0de2490abf794a42dcbf73a9f8831dcb65b50ce388,79a1ba322ae86d3a5d64ceb09a181145bb9f9a4f9df9ce9e7a73f0743ed23845,,,,2400,0,,quadratic_constraints,read_error,error: /home/jovyan/run-cpu/SANKHYA/data/qplib/QPLIB_5927.qps:281332: QCMATRIX section: quadratic constraints are not supported. This solver reads a quadratic OBJECTIVE only (QUADOBJ); a model with bi,0,,169.5734994,,,0.0001,0,,,,0.081333,,,,60.0,1,8860d2a,"E2E TIR C3 container, 16 vCPU 29 GB (cgroup limits), AMD EPYC 9555 64-Core Processor host, nothing else running; AMD EPYC 9555 64-Core Processor; 256 cores; 1512 GiB RAM; Linux-x86_64",2026-10-03T08:07:41+00:00
QPLIB_5935,QBL,0,52e3fb631832f06c0819099f2116b01587560998b452a36e83b18ac9b4683d47,83746798b40a05ccccc79c9bbf1cee8510830412073b66dd36bb80099a65b43a,1237,100,2474,100,1,branch-and-bound,nonconvex,model_error,the continuous relaxation was refused: the quadratic objective is not convex: sparse LDL^T of Q + 1e-12 I reached a pivot of -1.6e+13 at column 98 (x99) in minimization sense; it exhibits a direction ,0,,4758.0,,,0.0001,0,,,,0.004781,0.0,0,0,60.0,1,8860d2a,"E2E TIR C3 container, 16 vCPU 29 GB (cgroup limits), AMD EPYC 9555 64-Core Processor host, nothing else running; AMD EPYC 9555 64-Core Processor; 256 cores; 1512 GiB RAM; Linux-x86_64",2026-10-03T08:07:41+00:00
QPLIB_5944,QBL,0,733de8d45294ae4b65493a4b848ce7385f43169c9bd61efed8331fc7f2b571bd,394fc2dc75c7f606822158afa8c008c137dda809484e76619f032820f9a43ef9,2475,100,4950,100,1,branch-and-bound,nonconvex,model_error,the continuous relaxation was refused: the quadratic objective is not convex: sparse LDL^T of Q + 1e-12 I reached a pivot of -3.364e+15 at column 98 (x99) in minimization sense; it exhibits a directio,0,,1829.0,,,0.0001,0,,,,0.005873,0.0,0,0,60.0,1,8860d2a,"E2E TIR C3 container, 16 vCPU 29 GB (cgroup limits), AMD EPYC 9555 64-Core Processor host, nothing else running; AMD EPYC 9555 64-Core Processor; 256 cores; 1512 GiB RAM; Linux-x86_64",2026-10-03T08:07:41+00:00
QPLIB_5962,QBL,0,0935585b832f35e9241688ecc77b93aaf583871634b0a06759c2e03374f31ec6,4ac62944d8614e38a471ea3efb4869f09ec81bf87719d9a3f89f9f28cefcc2a0,2793,150,5586,150,1,branch-and-bound,nonconvex,model_error,the continuous relaxation was refused: the quadratic objective is not convex: sparse LDL^T of Q + 1e-12 I reached a pivot of -7.29e+14 at column 148 (x149) in minimization sense; it exhibits a directi,0,,6962.0,,,0.0001,0,,,,0.007517,0.0,0,0,60.0,1,8860d2a,"E2E TIR C3 container, 16 vCPU 29 GB (cgroup limits), AMD EPYC 9555 64-Core Processor host, nothing else running; AMD EPYC 9555 64-Core Processor; 256 cores; 1512 GiB RAM; Linux-x86_64",2026-10-03T08:07:41+00:00
QPLIB_5971,QBL,0,47ea1811ba3741a065634651f405833e4bde291c84d91814729b5119cccf6ab6,b61d736a89c5f85677dd28f56368af49ba17e8beeafcd04ed165592c1a67d270,5587,150,11174,150,1,branch-and-bound,nonconvex,model_error,the continuous relaxation was refused: the quadratic objective is not convex: sparse LDL^T of Q + 1e-12 I reached a pivot of -3.6e+13 at column 148 (x149) in minimization sense; it exhibits a directio,0,,2377.0,,,0.0001,0,,,,0.009709,0.0,0,0,60.0,1,8860d2a,"E2E TIR C3 container, 16 vCPU 29 GB (cgroup limits), AMD EPYC 9555 64-Core Processor host, nothing else running; AMD EPYC 9555 64-Core Processor; 256 cores; 1512 GiB RAM; Linux-x86_64",2026-10-03T08:07:41+00:00
QPLIB_5980,QBL,0,5f1d5bde664ed8497942db6498c7434fd532e96d9e12b3497a81fe0d9c343256,c5396f2df01d595b9ff01eff891ea7a1a20bd76ee29d1ef896fc41edbc7849ad,8381,150,16762,150,1,branch-and-bound,nonconvex,model_error,the continuous relaxation was refused: the quadratic objective is not convex: sparse LDL^T of Q + 1e-12 I reached a pivot of -5.476e+15 at column 148 (x149) in minimization sense; it exhibits a direct,0,,895.0,,,0.0001,0,,,,0.013135,0.0,0,0,60.0,1,8860d2a,"E2E TIR C3 container, 16 vCPU 29 GB (cgroup limits), AMD EPYC 9555 64-Core Processor host, nothing else running; AMD EPYC 9555 64-Core Processor; 256 cores; 1512 GiB RAM; Linux-x86_64",2026-10-03T08:07:41+00:00
QPLIB_6287,LCQ,0,7a53e898b6b02ad7d7380c71972f839255de23721fc6dac4d788874486ccd85d,93ee75bd558d05fdf45ae9c45049f342a47de3dd149ad42fc7c37d2a7dbf6217,,,,0,0,,quadratic_constraints,read_error,error: /home/jovyan/run-cpu/SANKHYA/data/qplib/QPLIB_6287.qps:1913: QCMATRIX section: quadratic constraints are not supported. This solver reads a quadratic OBJECTIVE only (QUADOBJ); a model with bili,0,,-2410.687687,,,1e-06,0,,,,0.00171,,,,60.0,1,8860d2a,"E2E TIR C3 container, 16 vCPU 29 GB (cgroup limits), AMD EPYC 9555 64-Core Processor host, nothing else running; AMD EPYC 9555 64-Core Processor; 256 cores; 1512 GiB RAM; Linux-x86_64",2026-10-03T08:07:41+00:00
QPLIB_6310,LCQ,0,c712024d571e709aa5e1d51033278c8281cd4cef629dc11458a8adcbbb00b111,42f1ed431a71b081f2f464b72d03c9d90288440d1b4c8eb0280064f85caaa0d4,,,,0,0,,quadratic_constraints,read_error,error: /home/jovyan/run-cpu/SANKHYA/data/qplib/QPLIB_6310.qps:4162: QCMATRIX section: quadratic constraints are not supported. This solver reads a quadratic OBJECTIVE only (QUADOBJ); a model with bili,0,,-689.1605698,,,1e-06,0,,,,0.002253,,,,60.0,1,8860d2a,"E2E TIR C3 container, 16 vCPU 29 GB (cgroup limits), AMD EPYC 9555 64-Core Processor host, nothing else running; AMD EPYC 9555 64-Core Processor; 256 cores; 1512 GiB RAM; Linux-x86_64",2026-10-03T08:07:41+00:00
QPLIB_6311,LCQ,0,8f8dc372aa5ca9aa52aff089340c2f5133d857346fdf8621c4366f7eec66af33,588c2d9cfabb2dd5ff710740d3217108d1866b904517b271cdeebc4cea9520a9,,,,0,0,,quadratic_constraints,read_error,error: /home/jovyan/run-cpu/SANKHYA/data/qplib/QPLIB_6311.qps:2678: QCMATRIX section: quadratic constraints are not supported. This solver reads a quadratic OBJECTIVE only (QUADOBJ); a model with bili,0,,-4539.912185,,,1e-06,0,,,,0.00182,,,,60.0,1,8860d2a,"E2E TIR C3 container, 16 vCPU 29 GB (cgroup limits), AMD EPYC 9555 64-Core Processor host, nothing else running; AMD EPYC 9555 64-Core Processor; 256 cores; 1512 GiB RAM; Linux-x86_64",2026-10-03T08:07:41+00:00
QPLIB_6324,QBL,0,64f1d84c63d8274d16b809891d2b7f18d941c426f025e664b37f1681783a5ebe,fbd4eedd5e6383bec296593650d43a7d23a15d5cac625154bb15122a143a8fb8,16,640,640,640,1,branch-and-bound,nonconvex,model_error,the continuous relaxation was refused: the quadratic objective is not convex: sparse LDL^T of Q + 1e-12 I reached a pivot of -1.202e+18 at column 25 (x26) in minimization sense; it exhibits a directio,0,,159.0,,,0.0001,0,,,,0.026184,0.0,0,0,60.0,1,8860d2a,"E2E TIR C3 container, 16 vCPU 29 GB (cgroup limits), AMD EPYC 9555 64-Core Processor host, nothing else running; AMD EPYC 9555 64-Core Processor; 256 cores; 1512 GiB RAM; Linux-x86_64",2026-10-03T08:07:41+00:00
QPLIB_6487,QBL,0,ae5131c83b3cde41f81682ced909c7bbe21d8c23c91f791eaef539cee30251a2,7433e8d33cff75c9208ef37befec0d74b77053d644cea96d0fbe82cbca426e21,309,618,618,618,1,branch-and-bound,nonconvex,model_error,the continuous relaxation was refused: the quadratic objective is not convex: sparse LDL^T of Q + 1e-12 I reached a pivot of -3.72434e+17 at column 616 (x617) in minimization sense; it exhibits a dire,0,,344592.0,,,0.0001,0,,,,0.022912,0.0,0,0,60.0,1,8860d2a,"E2E TIR C3 container, 16 vCPU 29 GB (cgroup limits), AMD EPYC 9555 64-Core Processor host, nothing else running; AMD EPYC 9555 64-Core Processor; 256 cores; 1512 GiB RAM; Linux-x86_64",2026-10-03T08:07:41+00:00
QPLIB_6597,QBL,0,d0fdf4e99936b60f732fafae1ec5dc2d1145de8f1dc95f797a18b9a92a89cbef,313b8c16e0f1b7921b0790abd2239ca65fd8cc24cb6f9c96166ceccf26f766ab,60,600,600,600,1,branch-and-bound,nonconvex,model_error,the continuous relaxation was refused: the quadratic objective is not convex: sparse LDL^T of Q + 1e-12 I reached a pivot of -4.0781e+19 at column 510 (x511) in minimization sense; it exhibits a direc,0,,6491721.0,,,0.0001,0,,,,0.051068,0.0,0,0,60.0,1,8860d2a,"E2E TIR C3 container, 16 vCPU 29 GB (cgroup limits), AMD EPYC 9555 64-Core Processor host, nothing else running; AMD EPYC 9555 64-Core Processor; 256 cores; 1512 GiB RAM; Linux-x86_64",2026-10-03T08:07:41+00:00
QPLIB_6647,QBL,0,1cb1dda9a962286e2d901a9634ee833e12c04080f1cffd806bbb351671b53ebf,c5cb2e94712eaa1f7e69a36971eb75ba5e60da903264538aba38f88b3f1894f0,33,627,627,627,1,branch-and-bound,nonconvex,model_error,the continuous relaxation was refused: the quadratic objective is not convex: sparse LDL^T of Q + 1e-12 I reached a pivot of -1e+12 at column 27 (x28) in minimization sense; it exhibits a direction x ,0,,2.0,,,0.0001,0,,,,0.010407,0.0,0,0,60.0,1,8860d2a,"E2E TIR C3 container, 16 vCPU 29 GB (cgroup limits), AMD EPYC 9555 64-Core Processor host, nothing else running; AMD EPYC 9555 64-Core Processor; 256 cores; 1512 GiB RAM; Linux-x86_64",2026-10-03T08:07:41+00:00
QPLIB_6757,QBL,0,5fe68d36195aa995afb6bd0420114595ec83064567d9a195b25003ac8d3d8d1a,dd7df0a937ba16bf21ec664305461b0d61d5fb058485cf78e9a0e4ec04c30a60,297,2046,2046,2046,1,branch-and-bound,nonconvex,model_error,the continuous relaxation was refused: the quadratic objective is not convex: sparse LDL^T of Q + 1e-12 I reached a pivot of -1e+12 at column 316 (x317) in minimization sense; it exhibits a direction ,0,,9.0,,,0.0001,0,,,,0.079469,0.0,0,0,60.0,1,8860d2a,"E2E TIR C3 container, 16 vCPU 29 GB (cgroup limits), AMD EPYC 9555 64-Core Processor host, nothing else running; AMD EPYC 9555 64-Core Processor; 256 cores; 1512 GiB RAM; Linux-x86_64",2026-10-03T08:07:41+00:00
QPLIB_6764,QBL,0,bba3762053ceab24e55d1a4e7e9cff95ab6c17821b40066aa9e2b81b5c60338c,3e9e97cd5d866e04709bd255a3516e177af71d3541139a8c37cdd6ac4d1dcf76,297,2071,2071,2071,1,branch-and-bound,nonconvex,model_error,the continuous relaxation was refused: the quadratic objective is not convex: sparse LDL^T of Q + 1e-12 I reached a pivot of -1e+12 at column 270 (x271) in minimization sense; it exhibits a direction ,0,,9.0,,,0.0001,0,,,,0.083272,0.0,0,0,60.0,1,8860d2a,"E2E TIR C3 container, 16 vCPU 29 GB (cgroup limits), AMD EPYC 9555 64-Core Processor host, nothing else running; AMD EPYC 9555 64-Core Processor; 256 cores; 1512 GiB RAM; Linux-x86_64",2026-10-03T08:07:41+00:00
QPLIB_6799,QBL,0,706db95ec5da1bec0329ebd36684a4ff71619099f5b48c21147aecd280fa8624,d6f0bf0a8f8d1a3a874175ff9dc28e292276af1f35b5119ba4168cb01bbc0990,297,2075,2075,2075,1,branch-and-bound,nonconvex,model_error,the continuous relaxation was refused: the quadratic objective is not convex: sparse LDL^T of Q + 1e-12 I reached a pivot of -1e+12 at column 53 (x54) in minimization sense; it exhibits a direction x ,0,,9.0,,,0.0001,0,,,,0.08253,0.0,0,0,60.0,1,8860d2a,"E2E TIR C3 container, 16 vCPU 29 GB (cgroup limits), AMD EPYC 9555 64-Core Processor host, nothing else running; AMD EPYC 9555 64-Core Processor; 256 cores; 1512 GiB RAM; Linux-x86_64",2026-10-03T08:07:41+00:00
QPLIB_6941,QBL,0,a4d3e702acb9b058f2abe2d8af4efa53450b2bcafc7d3d1bcb4ede498e533894,5749b7c483887f6207e8c478939ba4e8b7b88e406bfb954cb4fca4bc52945846,315,2203,2203,2203,1,branch-and-bound,nonconvex,model_error,the continuous relaxation was refused: the quadratic objective is not convex: sparse LDL^T of Q + 1e-12 I reached a pivot of -1e+12 at column 8 (x9) in minimization sense; it exhibits a direction x wi,0,,9.0,,,0.0001,0,,,,0.094739,0.0,0,0,60.0,1,8860d2a,"E2E TIR C3 container, 16 vCPU 29 GB (cgroup limits), AMD EPYC 9555 64-Core Processor host, nothing else running; AMD EPYC 9555 64-Core Processor; 256 cores; 1512 GiB RAM; Linux-x86_64",2026-10-03T08:07:41+00:00
QPLIB_7127,QBL,0,4251be778c24de9bb60e514ce3f76b371397a32ff9d275411ac116453cda81e2,f1e64dc70492421db9863eac04995e2f5aee29ee8218d30bc187cac291a72fc5,50,1000,1000,1000,1,branch-and-bound,nonconvex,model_error,the continuous relaxation was refused: the quadratic objective is not convex: sparse LDL^T of Q + 1e-12 I reached a pivot of -1e+12 at column 738 (x739) in minimization sense; it exhibits a direction ,0,,-0.0,,,0.0001,0,,,,0.021682,0.0,0,0,60.0,1,8860d2a,"E2E TIR C3 container, 16 vCPU 29 GB (cgroup limits), AMD EPYC 9555 64-Core Processor host, nothing else running; AMD EPYC 9555 64-Core Processor; 256 cores; 1512 GiB RAM; Linux-x86_64",2026-10-03T08:07:41+00:00
QPLIB_7139,QBL,0,d58e875824cde75519d66b873e71ec474d3bacf18c86ce42eb5bb86b4a20b60d,a59879e3733e7cddc86fc14bd250db2fc75fe335a629d96cfed2554d3e12f801,100,180,360,180,1,branch-and-bound,nonconvex,model_error,the continuous relaxation was refused: the quadratic objective is not convex: sparse LDL^T of Q + 1e-12 I reached a pivot of -3.6e+13 at column 148 (x149) in minimization sense; it exhibits a directio,0,,621.0,,,0.0001,0,,,,0.006477,0.0,0,0,60.0,1,8860d2a,"E2E TIR C3 container, 16 vCPU 29 GB (cgroup limits), AMD EPYC 9555 64-Core Processor host, nothing else running; AMD EPYC 9555 64-Core Processor; 256 cores; 1512 GiB RAM; Linux-x86_64",2026-10-03T08:07:41+00:00
QPLIB_7144,QBL,0,4a86b4348322ff11fffc3a7102a98de3794d010a6e5dfbe9cab53efb07fa73aa,4c974ab096dd0e87b502369aec801478078c242f5b4ed9b7aea8ecc544e86811,121,220,440,220,1,branch-and-bound,nonconvex,model_error,the continuous relaxation was refused: the quadratic objective is not convex: sparse LDL^T of Q + 1e-12 I reached a pivot of -1.6e+13 at column 94 (x95) in minimization sense; it exhibits a direction ,0,,813.0,,,0.0001,0,,,,0.008878,0.0,0,0,60.0,1,8860d2a,"E2E TIR C3 container, 16 vCPU 29 GB (cgroup limits), AMD EPYC 9555 64-Core Processor host, nothing else running; AMD EPYC 9555 64-Core Processor; 256 cores; 1512 GiB RAM; Linux-x86_64",2026-10-03T08:07:41+00:00
QPLIB_7149,QBL,0,3756b5af016cdb1393e110bbf148f4019b0c103a7c67e2908e9eba146a3302d1,ea1514b77005024b933906098f79cc84455dbc02b69cbb93e86235684be5d44f,144,264,528,264,1,branch-and-bound,nonconvex,model_error,the continuous relaxation was refused: the quadratic objective is not convex: sparse LDL^T of Q + 1e-12 I reached a pivot of -4e+12 at column 236 (x237) in minimization sense; it exhibits a direction ,0,,959.0,,,0.0001,0,,,,0.010412,0.0,0,0,60.0,1,8860d2a,"E2E TIR C3 container, 16 vCPU 29 GB (cgroup limits), AMD EPYC 9555 64-Core Processor host, nothing else running; AMD EPYC 9555 64-Core Processor; 256 cores; 1512 GiB RAM; Linux-x86_64",2026-10-03T08:07:41+00:00
QPLIB_7154,QBL,0,72e71bf70f92bd87a4f2484359053425030d81ad4545541f2b6faddfed25ca7a,462503cc2b85f314c7aec07cf37f68deee96d0858e796600e6d7ccc54a8b7ffa,169,312,624,312,1,branch-and-bound,nonconvex,model_error,the continuous relaxation was refused: the quadratic objective is not convex: sparse LDL^T of Q + 1e-12 I reached a pivot of -1.6e+13 at column 187 (x188) in minimization sense; it exhibits a directio,0,,1159.0,,,0.0001,0,,,,0.013764,0.0,0,0,60.0,1,8860d2a,"E2E TIR C3 container, 16 vCPU 29 GB (cgroup limits), AMD EPYC 9555 64-Core Processor host, nothing else running; AMD EPYC 9555 64-Core Processor; 256 cores; 1512 GiB RAM; Linux-x86_64",2026-10-03T08:07:41+00:00
QPLIB_7159,QBL,0,995b514185516e7f170a1e3383318b06abe479a9636e6ef88107e324316aa267,971a8d17cad0564c059a0bd221f7e3c818eeb97eeec8ee5b0d091dc356723800,196,364,728,364,1,branch-and-bound,nonconvex,model_error,the continuous relaxation was refused: the quadratic objective is not convex: sparse LDL^T of Q + 1e-12 I reached a pivot of -3.6e+13 at column 192 (x193) in minimization sense; it exhibits a directio,0,,1363.0,,,0.0001,0,,,,0.017892,0.0,0,0,60.0,1,8860d2a,"E2E TIR C3 container, 16 vCPU 29 GB (cgroup limits), AMD EPYC 9555 64-Core Processor host, nothing else running; AMD EPYC 9555 64-Core Processor; 256 cores; 1512 GiB RAM; Linux-x86_64",2026-10-03T08:07:41+00:00
QPLIB_7164,QBL,0,6eacb7c0f796056a08b6c4c65fe9c69af52bd4d7e02cdaf366c65aacc6c4043b,6794ec50dccb481d20c57f636312a9ce8e2d8c7b21e21d60df66030297a3a746,225,420,840,420,1,branch-and-bound,nonconvex,model_error,the continuous relaxation was refused: the quadratic objective is not convex: sparse LDL^T of Q + 1e-12 I reached a pivot of -4e+12 at column 81 (x82) in minimization sense; it exhibits a direction x ,0,,1551.0,,,0.0001,0,,,,0.02306,0.0,0,0,60.0,1,8860d2a,"E2E TIR C3 container, 16 vCPU 29 GB (cgroup limits), AMD EPYC 9555 64-Core Processor host, nothing else running; AMD EPYC 9555 64-Core Processor; 256 cores; 1512 GiB RAM; Linux-x86_64",2026-10-03T08:07:41+00:00
QPLIB_7579,LMD,1,2948a3ea9822580a6396a568421aab8cd458ee9272ef9c47bae1a0f6ff489555,ef7962fde625acb0e1b75e874a84072dc1a24a5935a3589c26c517281ff6a769,,,,100,0,,quadratic_constraints,read_error,error: /home/jovyan/run-cpu/SANKHYA/data/qplib/QPLIB_7579.qps:11315: QCMATRIX section: quadratic constraints are not supported. This solver reads a quadratic OBJECTIVE only (QUADOBJ); a model with bil,0,,-0.1026336752,,,0.0001,0,,,,0.004645,,,,60.0,1,8860d2a,"E2E TIR C3 container, 16 vCPU 29 GB (cgroup limits), AMD EPYC 9555 64-Core Processor host, nothing else running; AMD EPYC 9555 64-Core Processor; 256 cores; 1512 GiB RAM; Linux-x86_64",2026-10-03T08:07:41+00:00
QPLIB_8009,LMQ,0,9ba891b9be2389fb2b3dbd55435f249cb18942a9ced236c7fb6ca89989438a53,fdc319655346ac80a4f75cca0ee11ab1904e4c7e75636980984230f1bb4f76ee,,,,101,0,,quadratic_constraints,read_error,error: /home/jovyan/run-cpu/SANKHYA/data/qplib/QPLIB_8009.qps:21835: QCMATRIX section: quadratic constraints are not supported. This solver reads a quadratic OBJECTIVE only (QUADOBJ); a model with bil,0,,-1.114112248,,,0.0001,0,,,,0.006991,,,,60.0,1,8860d2a,"E2E TIR C3 container, 16 vCPU 29 GB (cgroup limits), AMD EPYC 9555 64-Core Processor host, nothing else running; AMD EPYC 9555 64-Core Processor; 256 cores; 1512 GiB RAM; Linux-x86_64",2026-10-03T08:07:41+00:00
QPLIB_8153,LMQ,0,7af8b0130b80c17d8771b19e7ee7754f7a69295af631eaefae5631c2a1c44826,3dd5631a6af64b1cb674dae00866e0a3ce9391922cea6c1df1ae4d6eb419fbae,,,,31,0,,quadratic_constraints,read_error,error: /home/jovyan/run-cpu/SANKHYA/data/qplib/QPLIB_8153.qps:2375: QCMATRIX section: quadratic constraints are not supported. This solver reads a quadratic OBJECTIVE only (QUADOBJ); a model with bili,0,,-1.076351999,,,0.0001,0,,,,0.001564,,,,60.0,1,8860d2a,"E2E TIR C3 container, 16 vCPU 29 GB (cgroup limits), AMD EPYC 9555 64-Core Processor host, nothing else running; AMD EPYC 9555 64-Core Processor; 256 cores; 1512 GiB RAM; Linux-x86_64",2026-10-03T08:07:41+00:00
QPLIB_8381,LMQ,0,b8000437794de433f95eb05b01b8013abc8f86ffe36eff68764e569266b8e0c4,c1f1dd372ce3b234980a6e34303f35584bfeb6051b5b0ee517c4c26c92ba0f6f,,,,51,0,,quadratic_constraints,read_error,error: /home/jovyan/run-cpu/SANKHYA/data/qplib/QPLIB_8381.qps:5935: QCMATRIX section: quadratic constraints are not supported. This solver reads a quadratic OBJECTIVE only (QUADOBJ); a model with bili,0,,-1.103431777,,,0.0001,0,,,,0.002787,,,,60.0,1,8860d2a,"E2E TIR C3 container, 16 vCPU 29 GB (cgroup limits), AMD EPYC 9555 64-Core Processor host, nothing else running; AMD EPYC 9555 64-Core Processor; 256 cores; 1512 GiB RAM; Linux-x86_64",2026-10-03T08:07:41+00:00
QPLIB_8495,DCL,1,654e6e53ac88fd4b225762557e77725b4c4e81e55c503f7ddcb46864dedbcd98,e363bc70ffdd407bc890bf95667a9adc62cfdcbab89619dfb2edc37452e01ba5,8000,27543,50286,0,1,qp-ipm,,optimal,,1,42857.49640394573,42857.49639,1.3945733371656388e-05,3.25397761099978e-10,1e-06,1,0,1,,1.397472,1.344630058,14,0,60.0,1,8860d2a,"E2E TIR C3 container, 16 vCPU 29 GB (cgroup limits), AMD EPYC 9555 64-Core Processor host, nothing else running; AMD EPYC 9555 64-Core Processor; 256 cores; 1512 GiB RAM; Linux-x86_64",2026-10-03T08:07:41+00:00
QPLIB_8500,DCL,1,0017889e009d059cbb33a57d07937a099a373cac95fa6b623b6990cef5491e6d,bf6b0888a5d466b2ac4f29aece586d84f047e7d5cc53be9b9dbaec1934de2ae7,250498,250997,1247999,0,1,qp-ipm,,time_limit,"stopped at the time limit of 59.9313s after 59.93s, 9 iterations, 0 nodes",0,0.0673473516054729,0.01792173763,0.04942561397547289,0.04942561397547289,1e-06,0,0,0,"model     /home/jovyan/run-cpu/SANKHYA/data/qplib/QPLIB_8500.qps
solution  /tmp/tmpqbah5sx2/solution.sol
problem   QPLIB_8500  250498 rows x 250997 columns  minimize
status    time_limit

Independent checks (this script shares no code with the solver):
  [PASS] structure                         2504",61.121574,59.944025839,9,0,60.0,1,8860d2a,"E2E TIR C3 container, 16 vCPU 29 GB (cgroup limits), AMD EPYC 9555 64-Core Processor host, nothing else running; AMD EPYC 9555 64-Core Processor; 256 cores; 1512 GiB RAM; Linux-x86_64",2026-10-03T08:07:41+00:00
QPLIB_8505,QCL,0,9f308fa70de7f25e12c4f1cfb4c380da1738fdc28d7977fd17a0f4dec2397124,3ca377f097ed55cb1acd298a36e7961011f5f7c4da2ed7cc2c50e4aef197ba77,10001,20050,540050,0,1,qp-ipm,nonconvex,model_error,"the quadratic objective is not convex: sparse LDL^T of Q + 1e-12 I reached a pivot of -2.5e+11 at column 19998 (x19999) in minimization sense; it exhibits a direction x with x^T Q x / x^T x = -0.5, al",0,,-4974.50005,,,1e-06,0,,,,0.203137,0.001977432,0,0,60.0,1,8860d2a,"E2E TIR C3 container, 16 vCPU 29 GB (cgroup limits), AMD EPYC 9555 64-Core Processor host, nothing else running; AMD EPYC 9555 64-Core Processor; 256 cores; 1512 GiB RAM; Linux-x86_64",2026-10-03T08:07:41+00:00
QPLIB_8515,CCL,1,f91b17c5d74bd6a51112e103fb675491ce5f6529482c93c895866850733909af,5254e040c27242f4a61ac3a982efac059564565668ec7e5c0d416e4adb7315d0,8002,16002,40003,0,1,qp-ipm,,optimal,,1,319.9999951950713,319.9999887,6.4950712612699135e-06,2.0297098408209766e-08,1e-06,1,0,1,,0.108522,0.070668619,10,0,60.0,1,8860d2a,"E2E TIR C3 container, 16 vCPU 29 GB (cgroup limits), AMD EPYC 9555 64-Core Processor host, nothing else running; AMD EPYC 9555 64-Core Processor; 256 cores; 1512 GiB RAM; Linux-x86_64",2026-10-03T08:07:41+00:00
QPLIB_8547,DCL,1,74911dcaf433d45df8966571b88db58ff8c7f08e2e984641a96f7542bdb9193f,3ef1f1890567126e9831370862717af6dd18d214f633e04d3399b72d436337da,1001000,1003001,6001000,0,1,qp-ipm,,time_limit,"stopped at the time limit of 59.7495s after 59.75s, 1 iterations, 0 nodes",0,0.00019740124999999894,-0.007398469784,0.007595871033999999,0.007595871033999999,1e-06,0,0,0,"model     /home/jovyan/run-cpu/SANKHYA/data/qplib/QPLIB_8547.qps
solution  /tmp/tmpkmlr8816/solution.sol
problem   QPLIB_8547  1001000 rows x 1003001 columns  minimize
status    time_limit

Independent checks (this script shares no code with the solver):
  [PASS] structure                         10",66.032295,59.760684695,1,0,60.0,1,8860d2a,"E2E TIR C3 container, 16 vCPU 29 GB (cgroup limits), AMD EPYC 9555 64-Core Processor host, nothing else running; AMD EPYC 9555 64-Core Processor; 256 cores; 1512 GiB RAM; Linux-x86_64",2026-10-03T08:07:41+00:00
QPLIB_8553,QCQ,0,f617471116ffb1c088d70774e900d4229c874d7a37fbdc8ec2804e059a4c229c,1b1e863f89e841e480cf33fafde9828b0dca4cf1a17f6666711c6179332cf47e,,,,0,0,,quadratic_constraints,read_error,error: /home/jovyan/run-cpu/SANKHYA/data/qplib/QPLIB_8553.qps:518999: QCMATRIX section: quadratic constraints are not supported. This solver reads a quadratic OBJECTIVE only (QUADOBJ); a model with bi,0,,1.311996694,,,1e-06,0,,,,0.118572,,,,60.0,1,8860d2a,"E2E TIR C3 container, 16 vCPU 29 GB (cgroup limits), AMD EPYC 9555 64-Core Processor host, nothing else running; AMD EPYC 9555 64-Core Processor; 256 cores; 1512 GiB RAM; Linux-x86_64",2026-10-03T08:07:41+00:00
QPLIB_8559,CCL,1,2e5c25c90517f00c6670739af82d3013a830984eb8e24a51d5d6f3650cb50224,220d7629fc61ffc6ebab6236df09c06380402409b1b1e26e8925b9072f6bd4cd,5000,10000,14998,0,1,qp-condat-vu,,time_limit,"stopped at the time limit of 17.2121s after 17.21s, 129611 iterations, 0 nodes",0,74190107.48283371,74223239.83,33132.34716628492,0.00044638777884353797,1e-06,0,1,0,"model     /home/jovyan/run-cpu/SANKHYA/data/qplib/QPLIB_8559.qps
solution  /tmp/tmpynopardb/solution.sol
problem   QPLIB_8559  5000 rows x 10000 columns  minimize
status    time_limit

Independent checks (this script shares no code with the solver):
  [PASS] structure                         5000 ro",60.031319,17.212243726,129611,0,60.0,1,8860d2a,"E2E TIR C3 container, 16 vCPU 29 GB (cgroup limits), AMD EPYC 9555 64-Core Processor host, nothing else running; AMD EPYC 9555 64-Core Processor; 256 cores; 1512 GiB RAM; Linux-x86_64",2026-10-03T08:07:41+00:00
QPLIB_8567,CCL,1,2b0050ddbf5580a1db86fd7ebcf0afbd01c6201683793353ef4a9aca71787da1,0fa4b0054bfc2afb2ed9a698839a234c9095c68923e45474957f4dcfb2a4db4f,7500,10000,22497,0,1,qp-ipm,,time_limit,"stopped at the time limit of 59.9979s after 60.00s, 35 iterations, 0 nodes",0,78939901.22169805,78965987.95,26086.72830195725,0.0003303539787088455,1e-06,0,1,0,"model     /home/jovyan/run-cpu/SANKHYA/data/qplib/QPLIB_8567.qps
solution  /tmp/tmp80f21wac/solution.sol
problem   QPLIB_8567  7500 rows x 10000 columns  minimize
status    time_limit

Independent checks (this script shares no code with the solver):
  [PASS] structure                         7500 ro",60.039952,59.999578306,35,0,60.0,1,8860d2a,"E2E TIR C3 container, 16 vCPU 29 GB (cgroup limits), AMD EPYC 9555 64-Core Processor host, nothing else running; AMD EPYC 9555 64-Core Processor; 256 cores; 1512 GiB RAM; Linux-x86_64",2026-10-03T08:07:41+00:00
QPLIB_8585,DCQ,0,419ff998c99095a1beb680e00bfd172e4d15e1469e6442d7a5310016aacc3c7f,a26667f5b35d81db0c1759f377ea45bdf80bc993018a1704ac843531c059ba82,,,,0,0,,quadratic_constraints,read_error,error: /home/jovyan/run-cpu/SANKHYA/data/qplib/QPLIB_8585.qps:400001: QCMATRIX section: quadratic constraints are not supported. This solver reads a quadratic OBJECTIVE only (QUADOBJ); a model with bi,0,,5.389672119,,,1e-06,0,,,,0.087592,,,,60.0,1,8860d2a,"E2E TIR C3 container, 16 vCPU 29 GB (cgroup limits), AMD EPYC 9555 64-Core Processor host, nothing else running; AMD EPYC 9555 64-Core Processor; 256 cores; 1512 GiB RAM; Linux-x86_64",2026-10-03T08:07:41+00:00
QPLIB_8595,DCQ,0,dc06354030017ea234c7657cf342d026e2c2eb9b981839074663bf64c47655e2,d655149bdd5019e9d090bc83e80f92662474b28bca53f262c156fd33b6cf8480,,,,0,0,,quadratic_constraints,read_error,error: /home/jovyan/run-cpu/SANKHYA/data/qplib/QPLIB_8595.qps:8833: QCMATRIX section: quadratic constraints are not supported. This solver reads a quadratic OBJECTIVE only (QUADOBJ); a model with bili,0,,10731.25,,,1e-06,0,,,,0.003551,,,,60.0,1,8860d2a,"E2E TIR C3 container, 16 vCPU 29 GB (cgroup limits), AMD EPYC 9555 64-Core Processor host, nothing else running; AMD EPYC 9555 64-Core Processor; 256 cores; 1512 GiB RAM; Linux-x86_64",2026-10-03T08:07:41+00:00
QPLIB_8602,DCL,1,cb452aeece377ea346095498267ed30fb184a432820f980a22441b603db45231,b4df879828e8b27c6c7b72d8df5221c1cb1929d6f62e368572a445e1f518139f,52983,34552,208335,0,1,qp-ipm,,time_limit,"stopped at the time limit of 59.9877s after 59.99s, 2 iterations, 0 nodes",0,857276.5293912949,27353.3872,829923.1421912949,30.340781422174103,1e-06,0,0,0,"model     /home/jovyan/run-cpu/SANKHYA/data/qplib/QPLIB_8602.qps
solution  /tmp/tmp9filkwke/solution.sol
problem   QPLIB_8602  52983 rows x 34552 columns  minimize
status    time_limit

Independent checks (this script shares no code with the solver):
  [PASS] structure                         52983 ",60.161963,59.990162818,2,0,60.0,1,8860d2a,"E2E TIR C3 container, 16 vCPU 29 GB (cgroup limits), AMD EPYC 9555 64-Core Processor host, nothing else running; AMD EPYC 9555 64-Core Processor; 256 cores; 1512 GiB RAM; Linux-x86_64",2026-10-03T08:07:41+00:00
QPLIB_8605,DCQ,0,d2800f51edcd2d652befdd03b4d1dbd1885377e6b665db2a8528fb46b45be9fb,c4935e3a2311158d3d5419fe5edb34ca9de54b267c68fe5f09d8e276ee9655ac,,,,0,0,,quadratic_constraints,read_error,error: /home/jovyan/run-cpu/SANKHYA/data/qplib/QPLIB_8605.qps:15010: QCMATRIX section: quadratic constraints are not supported. This solver reads a quadratic OBJECTIVE only (QUADOBJ); a model with bil,0,,-20.34056648,,,1e-06,0,,,,0.004945,,,,60.0,1,8860d2a,"E2E TIR C3 container, 16 vCPU 29 GB (cgroup limits), AMD EPYC 9555 64-Core Processor host, nothing else running; AMD EPYC 9555 64-Core Processor; 256 cores; 1512 GiB RAM; Linux-x86_64",2026-10-03T08:07:41+00:00
QPLIB_8616,DCL,1,351094962982fc2420ca297c4806a0f398efae26e96b0bb9dd0394945c0e788b,4b3f64e2e05a3d320823c5aaa0f4c68caa393b6b5d6d4b5e4009fdb3beee5211,10404,13870,27740,0,1,qp-ipm,,optimal,,1,245.06859783862072,245.0685978,3.8620726172666764e-08,1.5759149282840826e-10,1e-06,1,0,1,,0.089786,0.056905585,11,0,60.0,1,8860d2a,"E2E TIR C3 container, 16 vCPU 29 GB (cgroup limits), AMD EPYC 9555 64-Core Processor host, nothing else running; AMD EPYC 9555 64-Core Processor; 256 cores; 1512 GiB RAM; Linux-x86_64",2026-10-03T08:07:41+00:00
QPLIB_8683,DCQ,0,a16eb19f026408d2d2895ee65584e12124c6198938fbe64b4087de0bfd360451,0939785809dce0fc5e9f71b697ad504da7da6a48ed228196985bf1c48af8b79f,,,,0,0,,quadratic_constraints,read_error,error: /home/jovyan/run-cpu/SANKHYA/data/qplib/QPLIB_8683.qps:740016: QCMATRIX section: quadratic constraints are not supported. This solver reads a quadratic OBJECTIVE only (QUADOBJ); a model with bi,0,,,,,1e-06,,,,,0.227723,,,,60.0,1,8860d2a,"E2E TIR C3 container, 16 vCPU 29 GB (cgroup limits), AMD EPYC 9555 64-Core Processor host, nothing else running; AMD EPYC 9555 64-Core Processor; 256 cores; 1512 GiB RAM; Linux-x86_64",2026-10-03T08:07:41+00:00
QPLIB_8685,DCQ,0,1208806d2e4974c6440ab7b28c6de69ea422a8575a14bd96b1cbc9fe7efd95fa,22989731cb54e67a67ad1cf709d603e0c44b2e6d8257e5d982d62f043df61f61,,,,0,0,,quadratic_constraints,read_error,error: /home/jovyan/run-cpu/SANKHYA/data/qplib/QPLIB_8685.qps:22324: QCMATRIX section: quadratic constraints are not supported. This solver reads a quadratic OBJECTIVE only (QUADOBJ); a model with bil,0,,100.0,,,1e-06,0,,,,0.004531,,,,60.0,1,8860d2a,"E2E TIR C3 container, 16 vCPU 29 GB (cgroup limits), AMD EPYC 9555 64-Core Processor host, nothing else running; AMD EPYC 9555 64-Core Processor; 256 cores; 1512 GiB RAM; Linux-x86_64",2026-10-03T08:07:41+00:00
QPLIB_8758,QCQ,0,92a96d0fa2031a7e8d1dda03ab799e74c7d97489a4b1c0d802755b778428aa91,ce1a6c1039a2dfa2d0b44ce9856261886055dd5226d0fd1dd7e5f6f6c427220a,,,,0,0,,quadratic_constraints,read_error,error: /home/jovyan/run-cpu/SANKHYA/data/qplib/QPLIB_8758.qps:1076320: QCMATRIX section: quadratic constraints are not supported. This solver reads a quadratic OBJECTIVE only (QUADOBJ); a model with b,0,,-41.87500005,,,1e-06,0,,,,0.167006,,,,60.0,1,8860d2a,"E2E TIR C3 container, 16 vCPU 29 GB (cgroup limits), AMD EPYC 9555 64-Core Processor host, nothing else running; AMD EPYC 9555 64-Core Processor; 256 cores; 1512 GiB RAM; Linux-x86_64",2026-10-03T08:07:41+00:00
QPLIB_8777,QCL,0,8cce122f54256e5223ed81a76cc6247b97d3dd2335dba51d837283f6c0c471cb,4cdb616faa2a960daec2f12670c2fb405a6e3b2a7f3fcf43769f3a2e500cfd0d,2500,10000,7499,0,1,qp-ipm,nonconvex,model_error,"the quadratic objective is not convex: sparse LDL^T of Q + 8.5e-08 I reached a pivot of -85000 at column 9995 (x9996) in minimization sense; it exhibits a direction x with x^T Q x / x^T x = -85000, in",0,,-2238983072.0,,,1e-06,0,,,,0.03602,0.01480133,0,0,60.0,1,8860d2a,"E2E TIR C3 container, 16 vCPU 29 GB (cgroup limits), AMD EPYC 9555 64-Core Processor host, nothing else running; AMD EPYC 9555 64-Core Processor; 256 cores; 1512 GiB RAM; Linux-x86_64",2026-10-03T08:07:41+00:00
QPLIB_8784,QCC,0,18d9492832c3d5276352c4fbee5d72f9aeca0c6cf6b70e40d8d46ed05d1dc1ff,bcb82e91f5acfe8703d4d10fe125c3f902c57be2d7a684b7a52e788015ed5f9e,,,,0,0,,quadratic_constraints,read_error,error: /home/jovyan/run-cpu/SANKHYA/data/qplib/QPLIB_8784.qps:10704: QCMATRIX section: quadratic constraints are not supported. This solver reads a quadratic OBJECTIVE only (QUADOBJ); a model with bil,0,,-0.0683939176,,,1e-06,0,,,,0.003353,,,,60.0,1,8860d2a,"E2E TIR C3 container, 16 vCPU 29 GB (cgroup limits), AMD EPYC 9555 64-Core Processor host, nothing else running; AMD EPYC 9555 64-Core Processor; 256 cores; 1512 GiB RAM; Linux-x86_64",2026-10-03T08:07:41+00:00
QPLIB_8785,DCL,1,567d271815993ea9830e58fb94dde046333566d755c4740e26f57fb9719591f9,e49400fa38b499fcfc24e25b9dca7a470aba8874a5bde2f023906fee5df551bc,11362,10399,52624,0,1,qp-ipm,,optimal,,1,7867.491148857769,7867.491149,1.4223132893675938e-07,1.8078358938457494e-11,1e-06,1,0,1,,6.82388,6.786293555,14,0,60.0,1,8860d2a,"E2E TIR C3 container, 16 vCPU 29 GB (cgroup limits), AMD EPYC 9555 64-Core Processor host, nothing else running; AMD EPYC 9555 64-Core Processor; 256 cores; 1512 GiB RAM; Linux-x86_64",2026-10-03T08:07:41+00:00
QPLIB_8790,CCB,1,e9605d515f9e4eb89634fdb0a8ee0561489b11997ad2402668fa36ddfef6d2ac,5f212ed03f49d590f935f05296371e0b8108e5d1dba1eeade4973c7651242cf0,0,39204,0,0,1,qp-ipm,,optimal,,1,-0.00015624210914988126,-0.0001562421091,4.988126882030097e-14,4.988126882030097e-14,1e-06,1,0,1,,0.447743,0.374629769,6,0,60.0,1,8860d2a,"E2E TIR C3 container, 16 vCPU 29 GB (cgroup limits), AMD EPYC 9555 64-Core Processor host, nothing else running; AMD EPYC 9555 64-Core Processor; 256 cores; 1512 GiB RAM; Linux-x86_64",2026-10-03T08:07:41+00:00
QPLIB_8792,CCB,1,8b0555d0468fadae11441875b31eeeae774e7974772994f592af23ef28bad962,94ec18891a0e325f088608c95f43ae728fe3a59286e3d0cf72cfaa83996aaf87,0,15129,0,0,1,qp-ipm,,optimal,,1,3593.5162940934047,3593.518355,0.002060906595488632,5.735066282939946e-07,1e-06,1,0,1,,0.191147,0.16221341,10,0,60.0,1,8860d2a,"E2E TIR C3 container, 16 vCPU 29 GB (cgroup limits), AMD EPYC 9555 64-Core Processor host, nothing else running; AMD EPYC 9555 64-Core Processor; 256 cores; 1512 GiB RAM; Linux-x86_64",2026-10-03T08:07:41+00:00
QPLIB_8803,DCQ,0,dfdafeb00ae179ba0a5a5a23687869c8722428170b5103e9e18529934948fa49,5282def1954e2db4ba48d3190c0bdfffcc36ae68c1d2da43482cc8f0359432c5,,,,0,0,,quadratic_constraints,read_error,error: /home/jovyan/run-cpu/SANKHYA/data/qplib/QPLIB_8803.qps:700011: QCMATRIX section: quadratic constraints are not supported. This solver reads a quadratic OBJECTIVE only (QUADOBJ); a model with bi,0,,293.8760751,,,1e-06,0,,,,0.194812,,,,60.0,1,8860d2a,"E2E TIR C3 container, 16 vCPU 29 GB (cgroup limits), AMD EPYC 9555 64-Core Processor host, nothing else running; AMD EPYC 9555 64-Core Processor; 256 cores; 1512 GiB RAM; Linux-x86_64",2026-10-03T08:07:41+00:00
QPLIB_8810,DCQ,0,3c697f86e7e05912c9191030c1181c6b0409ab631e232744e3b0387e7ca8912d,c71d98923a2affae15a728b4a33d0434fff69d8389bb12dfc64ddc24d4b7287e,,,,0,0,,quadratic_constraints,read_error,error: /home/jovyan/run-cpu/SANKHYA/data/qplib/QPLIB_8810.qps:750009: QCMATRIX section: quadratic constraints are not supported. This solver reads a quadratic OBJECTIVE only (QUADOBJ); a model with bi,0,,74653384040.0,,,1e-06,0,,,,0.229271,,,,60.0,1,8860d2a,"E2E TIR C3 container, 16 vCPU 29 GB (cgroup limits), AMD EPYC 9555 64-Core Processor host, nothing else running; AMD EPYC 9555 64-Core Processor; 256 cores; 1512 GiB RAM; Linux-x86_64",2026-10-03T08:07:41+00:00
QPLIB_8815,QCD,0,d8726e77bee7b28d2f6848173af9d75bc9ce8c5d38e6fc0a61101d46adf1a9bb,9a7e784716eeb32ec1c901dfdd07b4013bbcd0f7bfc37460261c87652eb26d4e,,,,0,0,,quadratic_constraints,read_error,error: /home/jovyan/run-cpu/SANKHYA/data/qplib/QPLIB_8815.qps:130042: QCMATRIX section: quadratic constraints are not supported. This solver reads a quadratic OBJECTIVE only (QUADOBJ); a model with bi,0,,-0.03155633953,,,1e-06,0,,,,0.030423,,,,60.0,1,8860d2a,"E2E TIR C3 container, 16 vCPU 29 GB (cgroup limits), AMD EPYC 9555 64-Core Processor host, nothing else running; AMD EPYC 9555 64-Core Processor; 256 cores; 1512 GiB RAM; Linux-x86_64",2026-10-03T08:07:41+00:00
QPLIB_8845,CCL,1,6e245ab7aec4c7a96b68818a175c398a0d388e936bc73f467d821849b09bb93b,9e43aba18e45c0803bbedbdc89aaf7959c8a7a06f762dd447d71605f6ad1e212,777,1546,10247,0,1,qp-ipm,,optimal,,1,10907992.49400398,10907992.49,0.00400397926568985,3.670683922234576e-10,1e-06,1,0,1,,0.297679,0.274556944,31,0,60.0,1,8860d2a,"E2E TIR C3 container, 16 vCPU 29 GB (cgroup limits), AMD EPYC 9555 64-Core Processor host, nothing else running; AMD EPYC 9555 64-Core Processor; 256 cores; 1512 GiB RAM; Linux-x86_64",2026-10-03T08:07:41+00:00
QPLIB_8906,CCL,1,29dd7c0295e04610d14b1c1abc6a0c8184400d2cbfc3b584695557cdc768976c,ffc1d7f5fe816902b62d7f532fe79666ec16a05bfbe11e34ded0936379e4918b,838,5223,15558,0,1,qp-condat-vu,,optimal,,1,2699111.5134512703,2699111.513,0.0004512704908847809,1.671922366716906e-10,1e-06,1,0,1,,28.318144,27.96836562,211100,0,60.0,1,8860d2a,"E2E TIR C3 container, 16 vCPU 29 GB (cgroup limits), AMD EPYC 9555 64-Core Processor host, nothing else running; AMD EPYC 9555 64-Core Processor; 256 cores; 1512 GiB RAM; Linux-x86_64",2026-10-03T08:07:41+00:00
QPLIB_8938,DCL,1,243df0111d84b1cfcf58d24d15c7edb10561077ecbad1c2e53da63e847f515e4,819d8bcea762dce417e427d4e22e84dcb029221045f4f0fdbe276f207821967e,11999,4001,27997,0,1,qp-ipm,,optimal,,1,-35.77945295233443,-35.77945295,2.3344313149209484e-09,6.52450253552842e-11,1e-06,1,0,1,,0.092935,0.071362938,20,0,60.0,1,8860d2a,"E2E TIR C3 container, 16 vCPU 29 GB (cgroup limits), AMD EPYC 9555 64-Core Processor host, nothing else running; AMD EPYC 9555 64-Core Processor; 256 cores; 1512 GiB RAM; Linux-x86_64",2026-10-03T08:07:41+00:00
QPLIB_8991,CCB,1,fc5257b9a21edda9f80a7c0ef8ac42151523a68b5be5e7eb26348b6a9dcb3db5,d2b24437b670c8b6bc9c271003a7923ce2bd8d914980a93421d9f366887695da,0,14400,0,0,1,qp-ipm,,optimal,,1,-0.0016678673779135212,-0.001667867378,8.64787842030923e-14,8.64787842030923e-14,1e-06,1,0,1,,0.12082,0.091432116,6,0,60.0,1,8860d2a,"E2E TIR C3 container, 16 vCPU 29 GB (cgroup limits), AMD EPYC 9555 64-Core Processor host, nothing else running; AMD EPYC 9555 64-Core Processor; 256 cores; 1512 GiB RAM; Linux-x86_64",2026-10-03T08:07:41+00:00
QPLIB_9002,DCL,1,e6aea2b85e49862df5d8ad03339f65506ff149eeadaa74bb25ebacad14f7a664,556b0e50040f07847a8b200667ec3f6fa415c970a763abc1d509011e253ffbd0,1649,2890,9690,0,1,qp-ipm,,iteration_limit,"stopped at this engine's own ceiling of 200 iterations with relative residuals 1.2e-05 primal, 1.7e-01 dual, 2.0e+00 gap",0,173212684388.32343,,,,1e-06,,,1,,2.348766,2.335517768,200,0,60.0,1,8860d2a,"E2E TIR C3 container, 16 vCPU 29 GB (cgroup limits), AMD EPYC 9555 64-Core Processor host, nothing else running; AMD EPYC 9555 64-Core Processor; 256 cores; 1512 GiB RAM; Linux-x86_64",2026-10-03T08:07:41+00:00
QPLIB_9004,QCQ,0,c080f0b020edb6898c7628f54f1a9eee73751a0ef0f492a7b7138cb3908eacde,b8b0083afa1a10ed0a64138e2ccff6907a283806cf7fffdc2671e8d4d929a14f,,,,0,0,,quadratic_constraints,read_error,error: /home/jovyan/run-cpu/SANKHYA/data/qplib/QPLIB_9004.qps:200012: QCMATRIX section: quadratic constraints are not supported. This solver reads a quadratic OBJECTIVE only (QUADOBJ); a model with bi,0,,2.766394482,,,1e-06,0,,,,0.049196,,,,60.0,1,8860d2a,"E2E TIR C3 container, 16 vCPU 29 GB (cgroup limits), AMD EPYC 9555 64-Core Processor host, nothing else running; AMD EPYC 9555 64-Core Processor; 256 cores; 1512 GiB RAM; Linux-x86_64",2026-10-03T08:07:41+00:00
QPLIB_9008,DCL,1,3e68f10299b76bace10e33a6adc28220ef7ef8ad78313690cd278e45cbdb06b6,3d91aa9cded10691836a0bf32db17c7b224ffbfc92590d41c8174cb5441d6065,989604,1009306,9634086,0,1,qp-ipm,,time_limit,"stopped at the time limit of 59.5784s after 59.63s, 0 iterations, 0 nodes",0,0.0,-0.07472027822,0.07472027822,0.07472027822,1e-06,0,0,1,,68.900051,59.631950833,0,0,60.0,1,8860d2a,"E2E TIR C3 container, 16 vCPU 29 GB (cgroup limits), AMD EPYC 9555 64-Core Processor host, nothing else running; AMD EPYC 9555 64-Core Processor; 256 cores; 1512 GiB RAM; Linux-x86_64",2026-10-03T08:07:41+00:00
QPLIB_9030,QIL,0,ba7baac847bb87f13d93e9676091b9c7c4a2bd7c59bb4c936063ca76ea87a1d5,ce76ce58007d94186360ee96e67fb4121fec0ceef76d75d9f0c9f1ee76ae1084,5000,10000,14998,10000,1,branch-and-bound,,time_limit,"stopped at the time limit of 59.9983s after 60.01s, 0 iterations, 1 nodes; no feasible point had been found when the limit stopped the search, so none is reported (the objective is the worst represent",0,inf,375818.0,inf,inf,0.0001,0,0,1,,60.030546,60.005572128,0,1,60.0,1,8860d2a,"E2E TIR C3 container, 16 vCPU 29 GB (cgroup limits), AMD EPYC 9555 64-Core Processor host, nothing else running; AMD EPYC 9555 64-Core Processor; 256 cores; 1512 GiB RAM; Linux-x86_64",2026-10-03T08:07:41+00:00
QPLIB_9048,QIL,0,85536541c222b1b33375c1b1fde0127d186a27c1c361da92fcae756cb96c1406,021507fc3fc741307cb1e2c09a9e280b6d32072b42aaae56ae78dbe5afcef037,1,202,202,202,1,branch-and-bound,nonconvex,model_error,the continuous relaxation was refused: the quadratic objective is not convex: sparse LDL^T of Q + 1e-12 I reached a pivot of -0.000120305 at column 196 (x197) in minimization sense; it exhibits a dire,0,,-1.165682,,,0.0001,0,,,,0.003899,0.0,0,0,60.0,1,8860d2a,"E2E TIR C3 container, 16 vCPU 29 GB (cgroup limits), AMD EPYC 9555 64-Core Processor host, nothing else running; AMD EPYC 9555 64-Core Processor; 256 cores; 1512 GiB RAM; Linux-x86_64",2026-10-03T08:07:41+00:00
