instance,n_scenarios,scenario,instance_sha256,objective,reference_objective,reference,abs_gap,rel_gap,status,verified,agrees,wall_seconds,single_wall_seconds,iterations,git_commit,machine
crude_blend,10,p0,8b785238423400708bcd8d67abe195e141cdc63b55a005803d3dd0f543b8ea40,297.722088289,297.722088289,separate single solve,0.0,0.0,optimal,yes,yes,0.000074,0.000382,0,de0f393a,Windows-AMD64
crude_blend,10,p1,8b785238423400708bcd8d67abe195e141cdc63b55a005803d3dd0f543b8ea40,12.4112373592,12.4112373592,separate single solve,0.0,0.0,optimal,yes,yes,0.000065,0.000345,1,de0f393a,Windows-AMD64
crude_blend,10,p2,8b785238423400708bcd8d67abe195e141cdc63b55a005803d3dd0f543b8ea40,300.013794667,300.013794667,separate single solve,0.0,0.0,optimal,yes,yes,0.000061,0.000327,2,de0f393a,Windows-AMD64
crude_blend,10,p3,8b785238423400708bcd8d67abe195e141cdc63b55a005803d3dd0f543b8ea40,115.29693213,115.29693213,separate single solve,0.0,0.0,optimal,yes,yes,0.000049,0.000327,0,de0f393a,Windows-AMD64
crude_blend,10,p4,8b785238423400708bcd8d67abe195e141cdc63b55a005803d3dd0f543b8ea40,220.727548889,220.727548889,separate single solve,0.0,0.0,optimal,yes,yes,0.000043,0.000317,0,de0f393a,Windows-AMD64
crude_blend,10,p5,8b785238423400708bcd8d67abe195e141cdc63b55a005803d3dd0f543b8ea40,129.870760725,129.870760725,separate single solve,0.0,0.0,optimal,yes,yes,0.000061,0.000308,3,de0f393a,Windows-AMD64
crude_blend,10,p6,8b785238423400708bcd8d67abe195e141cdc63b55a005803d3dd0f543b8ea40,246.251802237,246.251802237,separate single solve,0.0,0.0,optimal,yes,yes,0.000055,0.000316,1,de0f393a,Windows-AMD64
crude_blend,10,p7,8b785238423400708bcd8d67abe195e141cdc63b55a005803d3dd0f543b8ea40,267.121992381,267.121992381,separate single solve,0.0,0.0,optimal,yes,yes,0.000040,0.000343,0,de0f393a,Windows-AMD64
crude_blend,10,p8,8b785238423400708bcd8d67abe195e141cdc63b55a005803d3dd0f543b8ea40,266.700355851,266.700355851,separate single solve,0.0,0.0,optimal,yes,yes,0.000061,0.000348,1,de0f393a,Windows-AMD64
crude_blend,10,p9,8b785238423400708bcd8d67abe195e141cdc63b55a005803d3dd0f543b8ea40,282.963276203,282.963276203,separate single solve,0.0,0.0,optimal,yes,yes,0.000045,0.000367,0,de0f393a,Windows-AMD64
crude_blend,100,p0,8b785238423400708bcd8d67abe195e141cdc63b55a005803d3dd0f543b8ea40,337.677856684,337.677856684,separate single solve,0.0,0.0,optimal,yes,yes,0.000105,0.000588,0,de0f393a,Windows-AMD64
crude_blend,100,p1,8b785238423400708bcd8d67abe195e141cdc63b55a005803d3dd0f543b8ea40,227.416261107,227.416261107,separate single solve,0.0,0.0,optimal,yes,yes,0.000099,0.000423,1,de0f393a,Windows-AMD64
crude_blend,100,p2,8b785238423400708bcd8d67abe195e141cdc63b55a005803d3dd0f543b8ea40,140.864859275,140.864859275,separate single solve,0.0,0.0,optimal,yes,yes,0.000098,0.000391,3,de0f393a,Windows-AMD64
crude_blend,100,p3,8b785238423400708bcd8d67abe195e141cdc63b55a005803d3dd0f543b8ea40,276.882889049,276.882889049,separate single solve,0.0,0.0,optimal,yes,yes,0.000093,0.000391,3,de0f393a,Windows-AMD64
crude_blend,100,p4,8b785238423400708bcd8d67abe195e141cdc63b55a005803d3dd0f543b8ea40,375.829827827,375.829827827,separate single solve,0.0,0.0,optimal,yes,yes,0.000078,0.000388,0,de0f393a,Windows-AMD64
crude_blend,100,p5,8b785238423400708bcd8d67abe195e141cdc63b55a005803d3dd0f543b8ea40,243.905544046,243.905544046,separate single solve,0.0,0.0,optimal,yes,yes,0.000070,0.000387,0,de0f393a,Windows-AMD64
crude_blend,100,p6,8b785238423400708bcd8d67abe195e141cdc63b55a005803d3dd0f543b8ea40,327.526850162,327.526850162,separate single solve,0.0,0.0,optimal,yes,yes,0.000062,0.000377,0,de0f393a,Windows-AMD64
crude_blend,100,p7,8b785238423400708bcd8d67abe195e141cdc63b55a005803d3dd0f543b8ea40,481.508305719,481.508305719,separate single solve,0.0,0.0,optimal,yes,yes,0.000062,0.000375,0,de0f393a,Windows-AMD64
crude_blend,100,p8,8b785238423400708bcd8d67abe195e141cdc63b55a005803d3dd0f543b8ea40,216.503004744,216.503004744,separate single solve,0.0,0.0,optimal,yes,yes,0.000093,0.000400,3,de0f393a,Windows-AMD64
crude_blend,100,p9,8b785238423400708bcd8d67abe195e141cdc63b55a005803d3dd0f543b8ea40,222.02160721,222.02160721,separate single solve,0.0,0.0,optimal,yes,yes,0.000097,0.000405,3,de0f393a,Windows-AMD64
crude_blend,100,p10,8b785238423400708bcd8d67abe195e141cdc63b55a005803d3dd0f543b8ea40,97.5385864541,97.5385864541,separate single solve,0.0,0.0,optimal,yes,yes,0.000067,0.000398,0,de0f393a,Windows-AMD64
crude_blend,100,p11,8b785238423400708bcd8d67abe195e141cdc63b55a005803d3dd0f543b8ea40,110.413164551,110.413164551,separate single solve,0.0,0.0,optimal,yes,yes,0.000093,0.000394,0,de0f393a,Windows-AMD64
crude_blend,100,p12,8b785238423400708bcd8d67abe195e141cdc63b55a005803d3dd0f543b8ea40,396.603238084,396.603238084,separate single solve,0.0,0.0,optimal,yes,yes,0.000068,0.000405,0,de0f393a,Windows-AMD64
crude_blend,100,p13,8b785238423400708bcd8d67abe195e141cdc63b55a005803d3dd0f543b8ea40,252.236143684,252.236143684,separate single solve,0.0,0.0,optimal,yes,yes,0.000089,0.000407,1,de0f393a,Windows-AMD64
crude_blend,100,p14,8b785238423400708bcd8d67abe195e141cdc63b55a005803d3dd0f543b8ea40,337.85394927,337.85394927,separate single solve,0.0,0.0,optimal,yes,yes,0.000070,0.000393,0,de0f393a,Windows-AMD64
crude_blend,100,p15,8b785238423400708bcd8d67abe195e141cdc63b55a005803d3dd0f543b8ea40,274.029758,274.029758,separate single solve,0.0,0.0,optimal,yes,yes,0.000094,0.000406,2,de0f393a,Windows-AMD64
crude_blend,100,p16,8b785238423400708bcd8d67abe195e141cdc63b55a005803d3dd0f543b8ea40,141.471109097,141.471109097,separate single solve,0.0,0.0,optimal,yes,yes,0.000071,0.000412,0,de0f393a,Windows-AMD64
crude_blend,100,p17,8b785238423400708bcd8d67abe195e141cdc63b55a005803d3dd0f543b8ea40,-34.7643665324,-34.7643665324,separate single solve,0.0,0.0,optimal,yes,yes,0.000069,0.000393,0,de0f393a,Windows-AMD64
crude_blend,100,p18,8b785238423400708bcd8d67abe195e141cdc63b55a005803d3dd0f543b8ea40,407.595453603,407.595453603,separate single solve,0.0,0.0,optimal,yes,yes,0.000075,0.000392,0,de0f393a,Windows-AMD64
crude_blend,100,p19,8b785238423400708bcd8d67abe195e141cdc63b55a005803d3dd0f543b8ea40,241.894627036,241.894627036,separate single solve,0.0,0.0,optimal,yes,yes,0.000095,0.000387,1,de0f393a,Windows-AMD64
crude_blend,100,p20,8b785238423400708bcd8d67abe195e141cdc63b55a005803d3dd0f543b8ea40,276.233976958,276.233976958,separate single solve,0.0,0.0,optimal,yes,yes,0.000101,0.000396,3,de0f393a,Windows-AMD64
crude_blend,100,p21,8b785238423400708bcd8d67abe195e141cdc63b55a005803d3dd0f543b8ea40,300.936624751,300.936624751,separate single solve,0.0,0.0,optimal,yes,yes,0.000073,0.000381,0,de0f393a,Windows-AMD64
crude_blend,100,p22,8b785238423400708bcd8d67abe195e141cdc63b55a005803d3dd0f543b8ea40,373.002431909,373.002431909,separate single solve,0.0,0.0,optimal,yes,yes,0.000097,0.000372,3,de0f393a,Windows-AMD64
crude_blend,100,p23,8b785238423400708bcd8d67abe195e141cdc63b55a005803d3dd0f543b8ea40,195.862258146,195.862258146,separate single solve,0.0,0.0,optimal,yes,yes,0.000085,0.000468,0,de0f393a,Windows-AMD64
crude_blend,100,p24,8b785238423400708bcd8d67abe195e141cdc63b55a005803d3dd0f543b8ea40,143.612888286,143.612888286,separate single solve,0.0,0.0,optimal,yes,yes,0.000162,0.000357,0,de0f393a,Windows-AMD64
crude_blend,100,p25,8b785238423400708bcd8d67abe195e141cdc63b55a005803d3dd0f543b8ea40,207.786989492,207.786989492,separate single solve,0.0,0.0,optimal,yes,yes,0.000081,0.000321,0,de0f393a,Windows-AMD64
crude_blend,100,p26,8b785238423400708bcd8d67abe195e141cdc63b55a005803d3dd0f543b8ea40,110.549488846,110.549488846,separate single solve,0.0,0.0,optimal,yes,yes,0.000073,0.000288,0,de0f393a,Windows-AMD64
crude_blend,100,p27,8b785238423400708bcd8d67abe195e141cdc63b55a005803d3dd0f543b8ea40,339.922749341,339.922749341,separate single solve,0.0,0.0,optimal,yes,yes,0.000063,0.000294,0,de0f393a,Windows-AMD64
crude_blend,100,p28,8b785238423400708bcd8d67abe195e141cdc63b55a005803d3dd0f543b8ea40,274.214819599,274.214819599,separate single solve,0.0,0.0,optimal,yes,yes,0.000091,0.000280,1,de0f393a,Windows-AMD64
crude_blend,100,p29,8b785238423400708bcd8d67abe195e141cdc63b55a005803d3dd0f543b8ea40,391.537082997,391.537082997,separate single solve,0.0,0.0,optimal,yes,yes,0.000099,0.000302,1,de0f393a,Windows-AMD64
crude_blend,100,p30,8b785238423400708bcd8d67abe195e141cdc63b55a005803d3dd0f543b8ea40,-43.6391713139,-43.6391713139,separate single solve,0.0,0.0,optimal,yes,yes,0.000092,0.000310,1,de0f393a,Windows-AMD64
crude_blend,100,p31,8b785238423400708bcd8d67abe195e141cdc63b55a005803d3dd0f543b8ea40,344.525581111,344.525581111,separate single solve,0.0,0.0,optimal,yes,yes,0.000101,0.000306,2,de0f393a,Windows-AMD64
crude_blend,100,p32,8b785238423400708bcd8d67abe195e141cdc63b55a005803d3dd0f543b8ea40,101.060132763,101.060132763,separate single solve,0.0,0.0,optimal,yes,yes,0.000087,0.000295,1,de0f393a,Windows-AMD64
crude_blend,100,p33,8b785238423400708bcd8d67abe195e141cdc63b55a005803d3dd0f543b8ea40,130.158465528,130.158465528,separate single solve,0.0,0.0,optimal,yes,yes,0.000088,0.000296,1,de0f393a,Windows-AMD64
crude_blend,100,p34,8b785238423400708bcd8d67abe195e141cdc63b55a005803d3dd0f543b8ea40,265.39618943,265.39618943,separate single solve,0.0,0.0,optimal,yes,yes,0.000067,0.000340,0,de0f393a,Windows-AMD64
crude_blend,100,p35,8b785238423400708bcd8d67abe195e141cdc63b55a005803d3dd0f543b8ea40,95.9089594498,95.9089594498,separate single solve,0.0,0.0,optimal,yes,yes,0.000088,0.000300,1,de0f393a,Windows-AMD64
crude_blend,100,p36,8b785238423400708bcd8d67abe195e141cdc63b55a005803d3dd0f543b8ea40,380.16746389,380.16746389,separate single solve,0.0,0.0,optimal,yes,yes,0.000088,0.000279,1,de0f393a,Windows-AMD64
crude_blend,100,p37,8b785238423400708bcd8d67abe195e141cdc63b55a005803d3dd0f543b8ea40,198.354273676,198.354273676,separate single solve,0.0,0.0,optimal,yes,yes,0.000068,0.000285,0,de0f393a,Windows-AMD64
crude_blend,100,p38,8b785238423400708bcd8d67abe195e141cdc63b55a005803d3dd0f543b8ea40,265.886431497,265.886431497,separate single solve,0.0,0.0,optimal,yes,yes,0.000067,0.000285,0,de0f393a,Windows-AMD64
crude_blend,100,p39,8b785238423400708bcd8d67abe195e141cdc63b55a005803d3dd0f543b8ea40,172.120876053,172.120876053,separate single solve,0.0,0.0,optimal,yes,yes,0.000088,0.000277,1,de0f393a,Windows-AMD64
crude_blend,100,p40,8b785238423400708bcd8d67abe195e141cdc63b55a005803d3dd0f543b8ea40,255.968905858,255.968905858,separate single solve,0.0,0.0,optimal,yes,yes,0.000086,0.000276,1,de0f393a,Windows-AMD64
crude_blend,100,p41,8b785238423400708bcd8d67abe195e141cdc63b55a005803d3dd0f543b8ea40,122.669089454,122.669089454,separate single solve,0.0,0.0,optimal,yes,yes,0.000063,0.000293,0,de0f393a,Windows-AMD64
crude_blend,100,p42,8b785238423400708bcd8d67abe195e141cdc63b55a005803d3dd0f543b8ea40,365.189239927,365.189239927,separate single solve,0.0,0.0,optimal,yes,yes,0.000064,0.000294,0,de0f393a,Windows-AMD64
crude_blend,100,p43,8b785238423400708bcd8d67abe195e141cdc63b55a005803d3dd0f543b8ea40,143.577862939,143.577862939,separate single solve,0.0,0.0,optimal,yes,yes,0.000097,0.000283,3,de0f393a,Windows-AMD64
crude_blend,100,p44,8b785238423400708bcd8d67abe195e141cdc63b55a005803d3dd0f543b8ea40,345.667426222,345.667426222,separate single solve,0.0,0.0,optimal,yes,yes,0.000092,0.000282,2,de0f393a,Windows-AMD64
crude_blend,100,p45,8b785238423400708bcd8d67abe195e141cdc63b55a005803d3dd0f543b8ea40,222.793150861,222.793150861,separate single solve,0.0,0.0,optimal,yes,yes,0.000097,0.000285,3,de0f393a,Windows-AMD64
crude_blend,100,p46,8b785238423400708bcd8d67abe195e141cdc63b55a005803d3dd0f543b8ea40,317.331629405,317.331629405,separate single solve,0.0,0.0,optimal,yes,yes,0.000095,0.000278,3,de0f393a,Windows-AMD64
crude_blend,100,p47,8b785238423400708bcd8d67abe195e141cdc63b55a005803d3dd0f543b8ea40,304.748473111,304.748473111,separate single solve,0.0,0.0,optimal,yes,yes,0.000087,0.000294,2,de0f393a,Windows-AMD64
crude_blend,100,p48,8b785238423400708bcd8d67abe195e141cdc63b55a005803d3dd0f543b8ea40,182.768131605,182.768131605,separate single solve,0.0,0.0,optimal,yes,yes,0.000087,0.000293,1,de0f393a,Windows-AMD64
crude_blend,100,p49,8b785238423400708bcd8d67abe195e141cdc63b55a005803d3dd0f543b8ea40,370.818056135,370.818056135,separate single solve,0.0,0.0,optimal,yes,yes,0.000063,0.000290,0,de0f393a,Windows-AMD64
crude_blend,100,p50,8b785238423400708bcd8d67abe195e141cdc63b55a005803d3dd0f543b8ea40,247.520087084,247.520087084,separate single solve,0.0,0.0,optimal,yes,yes,0.000069,0.000292,0,de0f393a,Windows-AMD64
crude_blend,100,p51,8b785238423400708bcd8d67abe195e141cdc63b55a005803d3dd0f543b8ea40,32.004123767,32.004123767,separate single solve,0.0,0.0,optimal,yes,yes,0.000099,0.000293,3,de0f393a,Windows-AMD64
crude_blend,100,p52,8b785238423400708bcd8d67abe195e141cdc63b55a005803d3dd0f543b8ea40,225.226020641,225.226020641,separate single solve,0.0,0.0,optimal,yes,yes,0.000068,0.000290,0,de0f393a,Windows-AMD64
crude_blend,100,p53,8b785238423400708bcd8d67abe195e141cdc63b55a005803d3dd0f543b8ea40,299.39510367,299.39510367,separate single solve,0.0,0.0,optimal,yes,yes,0.000093,0.000282,3,de0f393a,Windows-AMD64
crude_blend,100,p54,8b785238423400708bcd8d67abe195e141cdc63b55a005803d3dd0f543b8ea40,229.157799702,229.157799702,separate single solve,0.0,0.0,optimal,yes,yes,0.000096,0.000279,1,de0f393a,Windows-AMD64
crude_blend,100,p55,8b785238423400708bcd8d67abe195e141cdc63b55a005803d3dd0f543b8ea40,213.661765984,213.661765984,separate single solve,0.0,0.0,optimal,yes,yes,0.000074,0.000287,0,de0f393a,Windows-AMD64
crude_blend,100,p56,8b785238423400708bcd8d67abe195e141cdc63b55a005803d3dd0f543b8ea40,12.0041040162,12.0041040162,separate single solve,0.0,0.0,optimal,yes,yes,0.000071,0.000294,0,de0f393a,Windows-AMD64
crude_blend,100,p57,8b785238423400708bcd8d67abe195e141cdc63b55a005803d3dd0f543b8ea40,335.496668889,335.496668889,separate single solve,0.0,0.0,optimal,yes,yes,0.000089,0.000276,2,de0f393a,Windows-AMD64
crude_blend,100,p58,8b785238423400708bcd8d67abe195e141cdc63b55a005803d3dd0f543b8ea40,287.731967059,287.731967059,separate single solve,0.0,0.0,optimal,yes,yes,0.000069,0.000279,0,de0f393a,Windows-AMD64
crude_blend,100,p59,8b785238423400708bcd8d67abe195e141cdc63b55a005803d3dd0f543b8ea40,254.269238889,254.269238889,separate single solve,0.0,0.0,optimal,yes,yes,0.000095,0.000287,2,de0f393a,Windows-AMD64
crude_blend,100,p60,8b785238423400708bcd8d67abe195e141cdc63b55a005803d3dd0f543b8ea40,319.467832819,319.467832819,separate single solve,0.0,0.0,optimal,yes,yes,0.000068,0.000300,0,de0f393a,Windows-AMD64
crude_blend,100,p61,8b785238423400708bcd8d67abe195e141cdc63b55a005803d3dd0f543b8ea40,481.736451819,481.736451819,separate single solve,0.0,0.0,optimal,yes,yes,0.000069,0.000279,0,de0f393a,Windows-AMD64
crude_blend,100,p62,8b785238423400708bcd8d67abe195e141cdc63b55a005803d3dd0f543b8ea40,364.88764121,364.88764121,separate single solve,0.0,0.0,optimal,yes,yes,0.000096,0.000343,3,de0f393a,Windows-AMD64
crude_blend,100,p63,8b785238423400708bcd8d67abe195e141cdc63b55a005803d3dd0f543b8ea40,248.442355308,248.442355308,separate single solve,0.0,0.0,optimal,yes,yes,0.000070,0.000296,0,de0f393a,Windows-AMD64
crude_blend,100,p64,8b785238423400708bcd8d67abe195e141cdc63b55a005803d3dd0f543b8ea40,95.1710766973,95.1710766973,separate single solve,0.0,0.0,optimal,yes,yes,0.000066,0.000279,0,de0f393a,Windows-AMD64
crude_blend,100,p65,8b785238423400708bcd8d67abe195e141cdc63b55a005803d3dd0f543b8ea40,294.003066559,294.003066559,separate single solve,0.0,0.0,optimal,yes,yes,0.000070,0.000282,0,de0f393a,Windows-AMD64
crude_blend,100,p66,8b785238423400708bcd8d67abe195e141cdc63b55a005803d3dd0f543b8ea40,136.414833333,136.414833333,separate single solve,0.0,0.0,optimal,yes,yes,0.000092,0.000334,2,de0f393a,Windows-AMD64
crude_blend,100,p67,8b785238423400708bcd8d67abe195e141cdc63b55a005803d3dd0f543b8ea40,243.266945027,243.266945027,separate single solve,0.0,0.0,optimal,yes,yes,0.000069,0.000308,0,de0f393a,Windows-AMD64
crude_blend,100,p68,8b785238423400708bcd8d67abe195e141cdc63b55a005803d3dd0f543b8ea40,310.910900039,310.910900039,separate single solve,0.0,0.0,optimal,yes,yes,0.000107,0.000308,1,de0f393a,Windows-AMD64
crude_blend,100,p69,8b785238423400708bcd8d67abe195e141cdc63b55a005803d3dd0f543b8ea40,279.271230658,279.271230658,separate single solve,0.0,0.0,optimal,yes,yes,0.000090,0.000315,1,de0f393a,Windows-AMD64
crude_blend,100,p70,8b785238423400708bcd8d67abe195e141cdc63b55a005803d3dd0f543b8ea40,319.110949446,319.110949446,separate single solve,0.0,0.0,optimal,yes,yes,0.000068,0.000334,0,de0f393a,Windows-AMD64
crude_blend,100,p71,8b785238423400708bcd8d67abe195e141cdc63b55a005803d3dd0f543b8ea40,157.9346925,157.9346925,separate single solve,0.0,0.0,optimal,yes,yes,0.000092,0.000293,1,de0f393a,Windows-AMD64
crude_blend,100,p72,8b785238423400708bcd8d67abe195e141cdc63b55a005803d3dd0f543b8ea40,73.7520724811,73.7520724811,separate single solve,0.0,0.0,optimal,yes,yes,0.000072,0.000281,0,de0f393a,Windows-AMD64
crude_blend,100,p73,8b785238423400708bcd8d67abe195e141cdc63b55a005803d3dd0f543b8ea40,423.640965204,423.640965204,separate single solve,0.0,0.0,optimal,yes,yes,0.000092,0.000401,1,de0f393a,Windows-AMD64
crude_blend,100,p74,8b785238423400708bcd8d67abe195e141cdc63b55a005803d3dd0f543b8ea40,130.420727459,130.420727459,separate single solve,0.0,0.0,optimal,yes,yes,0.000064,0.000326,0,de0f393a,Windows-AMD64
crude_blend,100,p75,8b785238423400708bcd8d67abe195e141cdc63b55a005803d3dd0f543b8ea40,190.291136842,190.291136842,separate single solve,0.0,0.0,optimal,yes,yes,0.000087,0.000296,1,de0f393a,Windows-AMD64
crude_blend,100,p76,8b785238423400708bcd8d67abe195e141cdc63b55a005803d3dd0f543b8ea40,116.009512957,116.009512957,separate single solve,0.0,0.0,optimal,yes,yes,0.000070,0.000295,0,de0f393a,Windows-AMD64
crude_blend,100,p77,8b785238423400708bcd8d67abe195e141cdc63b55a005803d3dd0f543b8ea40,240.984439474,240.984439474,separate single solve,0.0,0.0,optimal,yes,yes,0.000089,0.000283,1,de0f393a,Windows-AMD64
crude_blend,100,p78,8b785238423400708bcd8d67abe195e141cdc63b55a005803d3dd0f543b8ea40,176.111503158,176.111503158,separate single solve,0.0,0.0,optimal,yes,yes,0.000089,0.000285,1,de0f393a,Windows-AMD64
crude_blend,100,p79,8b785238423400708bcd8d67abe195e141cdc63b55a005803d3dd0f543b8ea40,295.783811711,295.783811711,separate single solve,0.0,0.0,optimal,yes,yes,0.000087,0.000278,1,de0f393a,Windows-AMD64
crude_blend,100,p80,8b785238423400708bcd8d67abe195e141cdc63b55a005803d3dd0f543b8ea40,259.238743757,259.238743757,separate single solve,0.0,0.0,optimal,yes,yes,0.000077,0.000281,0,de0f393a,Windows-AMD64
crude_blend,100,p81,8b785238423400708bcd8d67abe195e141cdc63b55a005803d3dd0f543b8ea40,310.183581556,310.183581556,separate single solve,0.0,0.0,optimal,yes,yes,0.000096,0.000291,2,de0f393a,Windows-AMD64
crude_blend,100,p82,8b785238423400708bcd8d67abe195e141cdc63b55a005803d3dd0f543b8ea40,265.061204913,265.061204913,separate single solve,0.0,0.0,optimal,yes,yes,0.000095,0.000295,1,de0f393a,Windows-AMD64
crude_blend,100,p83,8b785238423400708bcd8d67abe195e141cdc63b55a005803d3dd0f543b8ea40,101.247614006,101.247614006,separate single solve,0.0,0.0,optimal,yes,yes,0.000101,0.000287,3,de0f393a,Windows-AMD64
crude_blend,100,p84,8b785238423400708bcd8d67abe195e141cdc63b55a005803d3dd0f543b8ea40,332.881910973,332.881910973,separate single solve,0.0,0.0,optimal,yes,yes,0.000071,0.000303,0,de0f393a,Windows-AMD64
crude_blend,100,p85,8b785238423400708bcd8d67abe195e141cdc63b55a005803d3dd0f543b8ea40,304.431154686,304.431154686,separate single solve,0.0,0.0,optimal,yes,yes,0.000091,0.000287,1,de0f393a,Windows-AMD64
crude_blend,100,p86,8b785238423400708bcd8d67abe195e141cdc63b55a005803d3dd0f543b8ea40,-36.9538304757,-36.9538304757,separate single solve,0.0,0.0,optimal,yes,yes,0.000071,0.000306,0,de0f393a,Windows-AMD64
crude_blend,100,p87,8b785238423400708bcd8d67abe195e141cdc63b55a005803d3dd0f543b8ea40,274.430033042,274.430033042,separate single solve,0.0,0.0,optimal,yes,yes,0.000095,0.000287,3,de0f393a,Windows-AMD64
crude_blend,100,p88,8b785238423400708bcd8d67abe195e141cdc63b55a005803d3dd0f543b8ea40,353.462064444,353.462064444,separate single solve,0.0,0.0,optimal,yes,yes,0.000090,0.000325,2,de0f393a,Windows-AMD64
crude_blend,100,p89,8b785238423400708bcd8d67abe195e141cdc63b55a005803d3dd0f543b8ea40,435.714090693,435.714090693,separate single solve,0.0,0.0,optimal,yes,yes,0.000096,0.000293,3,de0f393a,Windows-AMD64
crude_blend,100,p90,8b785238423400708bcd8d67abe195e141cdc63b55a005803d3dd0f543b8ea40,246.670077864,246.670077864,separate single solve,0.0,0.0,optimal,yes,yes,0.000094,0.000289,1,de0f393a,Windows-AMD64
crude_blend,100,p91,8b785238423400708bcd8d67abe195e141cdc63b55a005803d3dd0f543b8ea40,429.084198667,429.084198667,separate single solve,0.0,0.0,optimal,yes,yes,0.000092,0.000283,2,de0f393a,Windows-AMD64
crude_blend,100,p92,8b785238423400708bcd8d67abe195e141cdc63b55a005803d3dd0f543b8ea40,411.342248421,411.342248421,separate single solve,0.0,0.0,optimal,yes,yes,0.000095,0.000291,1,de0f393a,Windows-AMD64
crude_blend,100,p93,8b785238423400708bcd8d67abe195e141cdc63b55a005803d3dd0f543b8ea40,187.706659981,187.706659981,separate single solve,0.0,0.0,optimal,yes,yes,0.000073,0.000444,0,de0f393a,Windows-AMD64
crude_blend,100,p94,8b785238423400708bcd8d67abe195e141cdc63b55a005803d3dd0f543b8ea40,140.6498251,140.6498251,separate single solve,0.0,0.0,optimal,yes,yes,0.000071,0.000919,0,de0f393a,Windows-AMD64
crude_blend,100,p95,8b785238423400708bcd8d67abe195e141cdc63b55a005803d3dd0f543b8ea40,203.150806792,203.150806792,separate single solve,0.0,0.0,optimal,yes,yes,0.000068,0.000585,0,de0f393a,Windows-AMD64
crude_blend,100,p96,8b785238423400708bcd8d67abe195e141cdc63b55a005803d3dd0f543b8ea40,169.188882932,169.188882932,separate single solve,0.0,0.0,optimal,yes,yes,0.000068,0.000338,0,de0f393a,Windows-AMD64
crude_blend,100,p97,8b785238423400708bcd8d67abe195e141cdc63b55a005803d3dd0f543b8ea40,171.28119147,171.28119147,separate single solve,0.0,0.0,optimal,yes,yes,0.000068,0.000351,0,de0f393a,Windows-AMD64
crude_blend,100,p98,8b785238423400708bcd8d67abe195e141cdc63b55a005803d3dd0f543b8ea40,283.201243223,283.201243223,separate single solve,0.0,0.0,optimal,yes,yes,0.000099,0.000304,3,de0f393a,Windows-AMD64
crude_blend,100,p99,8b785238423400708bcd8d67abe195e141cdc63b55a005803d3dd0f543b8ea40,328.390550497,328.390550497,separate single solve,0.0,0.0,optimal,yes,yes,0.000067,0.000298,0,de0f393a,Windows-AMD64
crude_blend,1000,p0,8b785238423400708bcd8d67abe195e141cdc63b55a005803d3dd0f543b8ea40,227.062305411,227.062305411,separate single solve,0.0,0.0,optimal,yes,yes,0.000076,0.000463,0,de0f393a,Windows-AMD64
crude_blend,1000,p1,8b785238423400708bcd8d67abe195e141cdc63b55a005803d3dd0f543b8ea40,300.407958211,300.407958211,separate single solve,0.0,0.0,optimal,yes,yes,0.000046,0.000313,0,de0f393a,Windows-AMD64
crude_blend,1000,p2,8b785238423400708bcd8d67abe195e141cdc63b55a005803d3dd0f543b8ea40,466.084405987,466.084405987,separate single solve,0.0,0.0,optimal,yes,yes,0.000060,0.000295,1,de0f393a,Windows-AMD64
crude_blend,1000,p3,8b785238423400708bcd8d67abe195e141cdc63b55a005803d3dd0f543b8ea40,234.358348159,234.358348159,separate single solve,0.0,0.0,optimal,yes,yes,0.000041,0.000271,0,de0f393a,Windows-AMD64
crude_blend,1000,p4,8b785238423400708bcd8d67abe195e141cdc63b55a005803d3dd0f543b8ea40,408.455569481,408.455569481,separate single solve,0.0,0.0,optimal,yes,yes,0.000041,0.000291,0,de0f393a,Windows-AMD64
crude_blend,1000,p5,8b785238423400708bcd8d67abe195e141cdc63b55a005803d3dd0f543b8ea40,250.521523065,250.521523065,separate single solve,0.0,0.0,optimal,yes,yes,0.000039,0.000277,0,de0f393a,Windows-AMD64
crude_blend,1000,p6,8b785238423400708bcd8d67abe195e141cdc63b55a005803d3dd0f543b8ea40,307.162242114,307.162242114,separate single solve,0.0,0.0,optimal,yes,yes,0.000039,0.000264,0,de0f393a,Windows-AMD64
crude_blend,1000,p7,8b785238423400708bcd8d67abe195e141cdc63b55a005803d3dd0f543b8ea40,394.798000511,394.798000511,separate single solve,0.0,0.0,optimal,yes,yes,0.000054,0.000264,1,de0f393a,Windows-AMD64
crude_blend,1000,p8,8b785238423400708bcd8d67abe195e141cdc63b55a005803d3dd0f543b8ea40,448.598527107,448.598527107,separate single solve,0.0,0.0,optimal,yes,yes,0.000060,0.000263,3,de0f393a,Windows-AMD64
crude_blend,1000,p9,8b785238423400708bcd8d67abe195e141cdc63b55a005803d3dd0f543b8ea40,357.029730614,357.029730614,separate single solve,0.0,0.0,optimal,yes,yes,0.000043,0.000264,0,de0f393a,Windows-AMD64
crude_blend,1000,p10,8b785238423400708bcd8d67abe195e141cdc63b55a005803d3dd0f543b8ea40,158.665049342,158.665049342,separate single solve,0.0,0.0,optimal,yes,yes,0.000056,0.000265,1,de0f393a,Windows-AMD64
crude_blend,1000,p11,8b785238423400708bcd8d67abe195e141cdc63b55a005803d3dd0f543b8ea40,193.91386121,193.91386121,separate single solve,0.0,0.0,optimal,yes,yes,0.000056,0.000266,1,de0f393a,Windows-AMD64
crude_blend,1000,p12,8b785238423400708bcd8d67abe195e141cdc63b55a005803d3dd0f543b8ea40,270.491253727,270.491253727,separate single solve,0.0,0.0,optimal,yes,yes,0.000054,0.000260,0,de0f393a,Windows-AMD64
crude_blend,1000,p13,8b785238423400708bcd8d67abe195e141cdc63b55a005803d3dd0f543b8ea40,400.986330667,400.986330667,separate single solve,0.0,0.0,optimal,yes,yes,0.000066,0.000263,2,de0f393a,Windows-AMD64
crude_blend,1000,p14,8b785238423400708bcd8d67abe195e141cdc63b55a005803d3dd0f543b8ea40,461.265617858,461.265617858,separate single solve,0.0,0.0,optimal,yes,yes,0.000087,0.000263,1,de0f393a,Windows-AMD64
crude_blend,1000,p15,8b785238423400708bcd8d67abe195e141cdc63b55a005803d3dd0f543b8ea40,142.973671268,142.973671268,separate single solve,0.0,0.0,optimal,yes,yes,0.000048,0.000261,0,de0f393a,Windows-AMD64
crude_blend,1000,p16,8b785238423400708bcd8d67abe195e141cdc63b55a005803d3dd0f543b8ea40,406.621341172,406.621341172,separate single solve,0.0,0.0,optimal,yes,yes,0.000057,0.000262,1,de0f393a,Windows-AMD64
crude_blend,1000,p17,8b785238423400708bcd8d67abe195e141cdc63b55a005803d3dd0f543b8ea40,301.514904783,301.514904783,separate single solve,0.0,0.0,optimal,yes,yes,0.000079,0.000266,3,de0f393a,Windows-AMD64
crude_blend,1000,p18,8b785238423400708bcd8d67abe195e141cdc63b55a005803d3dd0f543b8ea40,244.915086608,244.915086608,separate single solve,0.0,0.0,optimal,yes,yes,0.000057,0.000266,1,de0f393a,Windows-AMD64
crude_blend,1000,p19,8b785238423400708bcd8d67abe195e141cdc63b55a005803d3dd0f543b8ea40,354.398417678,354.398417678,separate single solve,0.0,0.0,optimal,yes,yes,0.000043,0.000267,0,de0f393a,Windows-AMD64
crude_blend,1000,p20,8b785238423400708bcd8d67abe195e141cdc63b55a005803d3dd0f543b8ea40,-15.2279339541,-15.2279339541,separate single solve,0.0,0.0,optimal,yes,yes,0.000041,0.000272,0,de0f393a,Windows-AMD64
crude_blend,1000,p21,8b785238423400708bcd8d67abe195e141cdc63b55a005803d3dd0f543b8ea40,337.88255953,337.88255953,separate single solve,0.0,0.0,optimal,yes,yes,0.000040,0.000269,0,de0f393a,Windows-AMD64
crude_blend,1000,p22,8b785238423400708bcd8d67abe195e141cdc63b55a005803d3dd0f543b8ea40,390.999397003,390.999397003,separate single solve,0.0,0.0,optimal,yes,yes,0.000056,0.000262,1,de0f393a,Windows-AMD64
crude_blend,1000,p23,8b785238423400708bcd8d67abe195e141cdc63b55a005803d3dd0f543b8ea40,215.293366162,215.293366162,separate single solve,0.0,0.0,optimal,yes,yes,0.000039,0.000264,0,de0f393a,Windows-AMD64
crude_blend,1000,p24,8b785238423400708bcd8d67abe195e141cdc63b55a005803d3dd0f543b8ea40,411.949844129,411.949844129,separate single solve,0.0,0.0,optimal,yes,yes,0.000058,0.000267,1,de0f393a,Windows-AMD64
crude_blend,1000,p25,8b785238423400708bcd8d67abe195e141cdc63b55a005803d3dd0f543b8ea40,297.466678865,297.466678865,separate single solve,0.0,0.0,optimal,yes,yes,0.000039,0.000266,0,de0f393a,Windows-AMD64
crude_blend,1000,p26,8b785238423400708bcd8d67abe195e141cdc63b55a005803d3dd0f543b8ea40,285.189533011,285.189533011,separate single solve,0.0,0.0,optimal,yes,yes,0.000042,0.000262,0,de0f393a,Windows-AMD64
crude_blend,1000,p27,8b785238423400708bcd8d67abe195e141cdc63b55a005803d3dd0f543b8ea40,369.59185778,369.59185778,separate single solve,0.0,0.0,optimal,yes,yes,0.000057,0.000272,3,de0f393a,Windows-AMD64
crude_blend,1000,p28,8b785238423400708bcd8d67abe195e141cdc63b55a005803d3dd0f543b8ea40,354.304610537,354.304610537,separate single solve,0.0,0.0,optimal,yes,yes,0.000059,0.000279,3,de0f393a,Windows-AMD64
crude_blend,1000,p29,8b785238423400708bcd8d67abe195e141cdc63b55a005803d3dd0f543b8ea40,101.475679929,101.475679929,separate single solve,0.0,0.0,optimal,yes,yes,0.000059,0.000260,3,de0f393a,Windows-AMD64
crude_blend,1000,p30,8b785238423400708bcd8d67abe195e141cdc63b55a005803d3dd0f543b8ea40,269.481290789,269.481290789,separate single solve,0.0,0.0,optimal,yes,yes,0.000055,0.000265,1,de0f393a,Windows-AMD64
crude_blend,1000,p31,8b785238423400708bcd8d67abe195e141cdc63b55a005803d3dd0f543b8ea40,318.152170414,318.152170414,separate single solve,0.0,0.0,optimal,yes,yes,0.000066,0.000265,3,de0f393a,Windows-AMD64
crude_blend,1000,p32,8b785238423400708bcd8d67abe195e141cdc63b55a005803d3dd0f543b8ea40,380.150147859,380.150147859,separate single solve,0.0,0.0,optimal,yes,yes,0.000041,0.000284,0,de0f393a,Windows-AMD64
crude_blend,1000,p33,8b785238423400708bcd8d67abe195e141cdc63b55a005803d3dd0f543b8ea40,212.751667223,212.751667223,separate single solve,0.0,0.0,optimal,yes,yes,0.000058,0.000277,3,de0f393a,Windows-AMD64
crude_blend,1000,p34,8b785238423400708bcd8d67abe195e141cdc63b55a005803d3dd0f543b8ea40,171.202957889,171.202957889,separate single solve,0.0,0.0,optimal,yes,yes,0.000039,0.000268,0,de0f393a,Windows-AMD64
crude_blend,1000,p35,8b785238423400708bcd8d67abe195e141cdc63b55a005803d3dd0f543b8ea40,451.301364764,451.301364764,separate single solve,0.0,0.0,optimal,yes,yes,0.000054,0.000271,1,de0f393a,Windows-AMD64
crude_blend,1000,p36,8b785238423400708bcd8d67abe195e141cdc63b55a005803d3dd0f543b8ea40,62.9454215162,62.9454215162,separate single solve,0.0,0.0,optimal,yes,yes,0.000047,0.000261,0,de0f393a,Windows-AMD64
crude_blend,1000,p37,8b785238423400708bcd8d67abe195e141cdc63b55a005803d3dd0f543b8ea40,330.265681076,330.265681076,separate single solve,0.0,0.0,optimal,yes,yes,0.000041,0.000264,0,de0f393a,Windows-AMD64
crude_blend,1000,p38,8b785238423400708bcd8d67abe195e141cdc63b55a005803d3dd0f543b8ea40,146.627901301,146.627901301,separate single solve,0.0,0.0,optimal,yes,yes,0.000055,0.000270,1,de0f393a,Windows-AMD64
crude_blend,1000,p39,8b785238423400708bcd8d67abe195e141cdc63b55a005803d3dd0f543b8ea40,150.748168135,150.748168135,separate single solve,0.0,0.0,optimal,yes,yes,0.000043,0.000263,0,de0f393a,Windows-AMD64
crude_blend,1000,p40,8b785238423400708bcd8d67abe195e141cdc63b55a005803d3dd0f543b8ea40,382.681874181,382.681874181,separate single solve,0.0,0.0,optimal,yes,yes,0.000041,0.000266,0,de0f393a,Windows-AMD64
crude_blend,1000,p41,8b785238423400708bcd8d67abe195e141cdc63b55a005803d3dd0f543b8ea40,265.710854595,265.710854595,separate single solve,0.0,0.0,optimal,yes,yes,0.000054,0.000267,1,de0f393a,Windows-AMD64
crude_blend,1000,p42,8b785238423400708bcd8d67abe195e141cdc63b55a005803d3dd0f543b8ea40,425.498305676,425.498305676,separate single solve,0.0,0.0,optimal,yes,yes,0.000042,0.000262,0,de0f393a,Windows-AMD64
crude_blend,1000,p43,8b785238423400708bcd8d67abe195e141cdc63b55a005803d3dd0f543b8ea40,413.661165832,413.661165832,separate single solve,0.0,0.0,optimal,yes,yes,0.000059,0.000271,3,de0f393a,Windows-AMD64
crude_blend,1000,p44,8b785238423400708bcd8d67abe195e141cdc63b55a005803d3dd0f543b8ea40,234.757983162,234.757983162,separate single solve,0.0,0.0,optimal,yes,yes,0.000040,0.000268,0,de0f393a,Windows-AMD64
crude_blend,1000,p45,8b785238423400708bcd8d67abe195e141cdc63b55a005803d3dd0f543b8ea40,247.236454444,247.236454444,separate single solve,0.0,0.0,optimal,yes,yes,0.000058,0.000273,2,de0f393a,Windows-AMD64
crude_blend,1000,p46,8b785238423400708bcd8d67abe195e141cdc63b55a005803d3dd0f543b8ea40,302.554758444,302.554758444,separate single solve,0.0,0.0,optimal,yes,yes,0.000055,0.000262,2,de0f393a,Windows-AMD64
crude_blend,1000,p47,8b785238423400708bcd8d67abe195e141cdc63b55a005803d3dd0f543b8ea40,342.209578889,342.209578889,separate single solve,0.0,0.0,optimal,yes,yes,0.000054,0.000259,2,de0f393a,Windows-AMD64
crude_blend,1000,p48,8b785238423400708bcd8d67abe195e141cdc63b55a005803d3dd0f543b8ea40,279.26637167,279.26637167,separate single solve,0.0,0.0,optimal,yes,yes,0.000054,0.000267,1,de0f393a,Windows-AMD64
crude_blend,1000,p49,8b785238423400708bcd8d67abe195e141cdc63b55a005803d3dd0f543b8ea40,294.500498158,294.500498158,separate single solve,0.0,0.0,optimal,yes,yes,0.000054,0.000260,1,de0f393a,Windows-AMD64
crude_blend,1000,p50,8b785238423400708bcd8d67abe195e141cdc63b55a005803d3dd0f543b8ea40,363.03659266,363.03659266,separate single solve,0.0,0.0,optimal,yes,yes,0.000054,0.000268,1,de0f393a,Windows-AMD64
crude_blend,1000,p51,8b785238423400708bcd8d67abe195e141cdc63b55a005803d3dd0f543b8ea40,55.7671505189,55.7671505189,separate single solve,0.0,0.0,optimal,yes,yes,0.000042,0.000272,0,de0f393a,Windows-AMD64
crude_blend,1000,p52,8b785238423400708bcd8d67abe195e141cdc63b55a005803d3dd0f543b8ea40,255.950867243,255.950867243,separate single solve,0.0,0.0,optimal,yes,yes,0.000058,0.000267,3,de0f393a,Windows-AMD64
crude_blend,1000,p53,8b785238423400708bcd8d67abe195e141cdc63b55a005803d3dd0f543b8ea40,291.444882354,291.444882354,separate single solve,0.0,0.0,optimal,yes,yes,0.000041,0.000270,0,de0f393a,Windows-AMD64
crude_blend,1000,p54,8b785238423400708bcd8d67abe195e141cdc63b55a005803d3dd0f543b8ea40,285.382144079,285.382144079,separate single solve,0.0,0.0,optimal,yes,yes,0.000056,0.000271,1,de0f393a,Windows-AMD64
crude_blend,1000,p55,8b785238423400708bcd8d67abe195e141cdc63b55a005803d3dd0f543b8ea40,-30.3505291845,-30.3505291845,separate single solve,0.0,0.0,optimal,yes,yes,0.000062,0.000275,3,de0f393a,Windows-AMD64
crude_blend,1000,p56,8b785238423400708bcd8d67abe195e141cdc63b55a005803d3dd0f543b8ea40,235.405949511,235.405949511,separate single solve,0.0,0.0,optimal,yes,yes,0.000050,0.000270,0,de0f393a,Windows-AMD64
crude_blend,1000,p57,8b785238423400708bcd8d67abe195e141cdc63b55a005803d3dd0f543b8ea40,386.598781825,386.598781825,separate single solve,0.0,0.0,optimal,yes,yes,0.000056,0.000272,1,de0f393a,Windows-AMD64
crude_blend,1000,p58,8b785238423400708bcd8d67abe195e141cdc63b55a005803d3dd0f543b8ea40,294.156902265,294.156902265,separate single solve,0.0,0.0,optimal,yes,yes,0.000059,0.000277,3,de0f393a,Windows-AMD64
crude_blend,1000,p59,8b785238423400708bcd8d67abe195e141cdc63b55a005803d3dd0f543b8ea40,284.114005107,284.114005107,separate single solve,0.0,0.0,optimal,yes,yes,0.000061,0.000264,1,de0f393a,Windows-AMD64
crude_blend,1000,p60,8b785238423400708bcd8d67abe195e141cdc63b55a005803d3dd0f543b8ea40,360.219842667,360.219842667,separate single solve,0.0,0.0,optimal,yes,yes,0.000059,0.000269,2,de0f393a,Windows-AMD64
crude_blend,1000,p61,8b785238423400708bcd8d67abe195e141cdc63b55a005803d3dd0f543b8ea40,259.362425806,259.362425806,separate single solve,0.0,0.0,optimal,yes,yes,0.000057,0.000297,1,de0f393a,Windows-AMD64
crude_blend,1000,p62,8b785238423400708bcd8d67abe195e141cdc63b55a005803d3dd0f543b8ea40,229.687926,229.687926,separate single solve,0.0,0.0,optimal,yes,yes,0.000063,0.000279,2,de0f393a,Windows-AMD64
crude_blend,1000,p63,8b785238423400708bcd8d67abe195e141cdc63b55a005803d3dd0f543b8ea40,283.562258628,283.562258628,separate single solve,0.0,0.0,optimal,yes,yes,0.000061,0.000280,3,de0f393a,Windows-AMD64
crude_blend,1000,p64,8b785238423400708bcd8d67abe195e141cdc63b55a005803d3dd0f543b8ea40,207.117044744,207.117044744,separate single solve,0.0,0.0,optimal,yes,yes,0.000054,0.000287,1,de0f393a,Windows-AMD64
crude_blend,1000,p65,8b785238423400708bcd8d67abe195e141cdc63b55a005803d3dd0f543b8ea40,232.153050738,232.153050738,separate single solve,0.0,0.0,optimal,yes,yes,0.000056,0.000280,1,de0f393a,Windows-AMD64
crude_blend,1000,p66,8b785238423400708bcd8d67abe195e141cdc63b55a005803d3dd0f543b8ea40,188.017245346,188.017245346,separate single solve,0.0,0.0,optimal,yes,yes,0.000039,0.000266,0,de0f393a,Windows-AMD64
crude_blend,1000,p67,8b785238423400708bcd8d67abe195e141cdc63b55a005803d3dd0f543b8ea40,346.305622549,346.305622549,separate single solve,0.0,0.0,optimal,yes,yes,0.000039,0.000279,0,de0f393a,Windows-AMD64
crude_blend,1000,p68,8b785238423400708bcd8d67abe195e141cdc63b55a005803d3dd0f543b8ea40,127.879983997,127.879983997,separate single solve,0.0,0.0,optimal,yes,yes,0.000038,0.000256,0,de0f393a,Windows-AMD64
crude_blend,1000,p69,8b785238423400708bcd8d67abe195e141cdc63b55a005803d3dd0f543b8ea40,306.506778553,306.506778553,separate single solve,0.0,0.0,optimal,yes,yes,0.000053,0.000258,1,de0f393a,Windows-AMD64
crude_blend,1000,p70,8b785238423400708bcd8d67abe195e141cdc63b55a005803d3dd0f543b8ea40,304.462812411,304.462812411,separate single solve,0.0,0.0,optimal,yes,yes,0.000049,0.000258,0,de0f393a,Windows-AMD64
crude_blend,1000,p71,8b785238423400708bcd8d67abe195e141cdc63b55a005803d3dd0f543b8ea40,190.854758889,190.854758889,separate single solve,0.0,0.0,optimal,yes,yes,0.000057,0.000256,2,de0f393a,Windows-AMD64
crude_blend,1000,p72,8b785238423400708bcd8d67abe195e141cdc63b55a005803d3dd0f543b8ea40,338.655927111,338.655927111,separate single solve,0.0,0.0,optimal,yes,yes,0.000054,0.000254,2,de0f393a,Windows-AMD64
crude_blend,1000,p73,8b785238423400708bcd8d67abe195e141cdc63b55a005803d3dd0f543b8ea40,137.01721143,137.01721143,separate single solve,0.0,0.0,optimal,yes,yes,0.000055,0.000264,1,de0f393a,Windows-AMD64
crude_blend,1000,p74,8b785238423400708bcd8d67abe195e141cdc63b55a005803d3dd0f543b8ea40,315.960206667,315.960206667,separate single solve,0.0,0.0,optimal,yes,yes,0.000062,0.000259,2,de0f393a,Windows-AMD64
crude_blend,1000,p75,8b785238423400708bcd8d67abe195e141cdc63b55a005803d3dd0f543b8ea40,289.50682683,289.50682683,separate single solve,0.0,0.0,optimal,yes,yes,0.000044,0.000262,0,de0f393a,Windows-AMD64
crude_blend,1000,p76,8b785238423400708bcd8d67abe195e141cdc63b55a005803d3dd0f543b8ea40,147.562694783,147.562694783,separate single solve,0.0,0.0,optimal,yes,yes,0.000059,0.000262,3,de0f393a,Windows-AMD64
crude_blend,1000,p77,8b785238423400708bcd8d67abe195e141cdc63b55a005803d3dd0f543b8ea40,277.777540565,277.777540565,separate single solve,0.0,0.0,optimal,yes,yes,0.000040,0.000258,0,de0f393a,Windows-AMD64
crude_blend,1000,p78,8b785238423400708bcd8d67abe195e141cdc63b55a005803d3dd0f543b8ea40,258.318234505,258.318234505,separate single solve,0.0,0.0,optimal,yes,yes,0.000060,0.000263,3,de0f393a,Windows-AMD64
crude_blend,1000,p79,8b785238423400708bcd8d67abe195e141cdc63b55a005803d3dd0f543b8ea40,197.001158583,197.001158583,separate single solve,0.0,0.0,optimal,yes,yes,0.000059,0.000263,3,de0f393a,Windows-AMD64
crude_blend,1000,p80,8b785238423400708bcd8d67abe195e141cdc63b55a005803d3dd0f543b8ea40,320.382674897,320.382674897,separate single solve,0.0,0.0,optimal,yes,yes,0.000044,0.000273,0,de0f393a,Windows-AMD64
crude_blend,1000,p81,8b785238423400708bcd8d67abe195e141cdc63b55a005803d3dd0f543b8ea40,232.645760919,232.645760919,separate single solve,0.0,0.0,optimal,yes,yes,0.000048,0.000266,0,de0f393a,Windows-AMD64
crude_blend,1000,p82,8b785238423400708bcd8d67abe195e141cdc63b55a005803d3dd0f543b8ea40,470.462448597,470.462448597,separate single solve,0.0,0.0,optimal,yes,yes,0.000044,0.000262,0,de0f393a,Windows-AMD64
crude_blend,1000,p83,8b785238423400708bcd8d67abe195e141cdc63b55a005803d3dd0f543b8ea40,119.093708584,119.093708584,separate single solve,0.0,0.0,optimal,yes,yes,0.000042,0.000269,0,de0f393a,Windows-AMD64
crude_blend,1000,p84,8b785238423400708bcd8d67abe195e141cdc63b55a005803d3dd0f543b8ea40,238.709628889,238.709628889,separate single solve,0.0,0.0,optimal,yes,yes,0.000068,0.000263,2,de0f393a,Windows-AMD64
crude_blend,1000,p85,8b785238423400708bcd8d67abe195e141cdc63b55a005803d3dd0f543b8ea40,288.400936941,288.400936941,separate single solve,0.0,0.0,optimal,yes,yes,0.000046,0.000264,0,de0f393a,Windows-AMD64
crude_blend,1000,p86,8b785238423400708bcd8d67abe195e141cdc63b55a005803d3dd0f543b8ea40,121.17871488,121.17871488,separate single solve,0.0,0.0,optimal,yes,yes,0.000056,0.000266,1,de0f393a,Windows-AMD64
crude_blend,1000,p87,8b785238423400708bcd8d67abe195e141cdc63b55a005803d3dd0f543b8ea40,289.430679778,289.430679778,separate single solve,0.0,0.0,optimal,yes,yes,0.000057,0.000260,2,de0f393a,Windows-AMD64
crude_blend,1000,p88,8b785238423400708bcd8d67abe195e141cdc63b55a005803d3dd0f543b8ea40,4.27669798108,4.27669798108,separate single solve,0.0,0.0,optimal,yes,yes,0.000044,0.000282,0,de0f393a,Windows-AMD64
crude_blend,1000,p89,8b785238423400708bcd8d67abe195e141cdc63b55a005803d3dd0f543b8ea40,243.202861227,243.202861227,separate single solve,0.0,0.0,optimal,yes,yes,0.000044,0.000268,0,de0f393a,Windows-AMD64
crude_blend,1000,p90,8b785238423400708bcd8d67abe195e141cdc63b55a005803d3dd0f543b8ea40,238.824880046,238.824880046,separate single solve,0.0,0.0,optimal,yes,yes,0.000043,0.000266,0,de0f393a,Windows-AMD64
crude_blend,1000,p91,8b785238423400708bcd8d67abe195e141cdc63b55a005803d3dd0f543b8ea40,320.714492984,320.714492984,separate single solve,0.0,0.0,optimal,yes,yes,0.000061,0.000266,1,de0f393a,Windows-AMD64
crude_blend,1000,p92,8b785238423400708bcd8d67abe195e141cdc63b55a005803d3dd0f543b8ea40,167.242954667,167.242954667,separate single solve,0.0,0.0,optimal,yes,yes,0.000063,0.000281,3,de0f393a,Windows-AMD64
crude_blend,1000,p93,8b785238423400708bcd8d67abe195e141cdc63b55a005803d3dd0f543b8ea40,375.980824203,375.980824203,separate single solve,0.0,0.0,optimal,yes,yes,0.000051,0.000268,0,de0f393a,Windows-AMD64
crude_blend,1000,p94,8b785238423400708bcd8d67abe195e141cdc63b55a005803d3dd0f543b8ea40,415.824726057,415.824726057,separate single solve,0.0,0.0,optimal,yes,yes,0.000042,0.000272,0,de0f393a,Windows-AMD64
crude_blend,1000,p95,8b785238423400708bcd8d67abe195e141cdc63b55a005803d3dd0f543b8ea40,397.31790913,397.31790913,separate single solve,0.0,0.0,optimal,yes,yes,0.000039,0.000280,0,de0f393a,Windows-AMD64
crude_blend,1000,p96,8b785238423400708bcd8d67abe195e141cdc63b55a005803d3dd0f543b8ea40,195.385136667,195.385136667,separate single solve,0.0,0.0,optimal,yes,yes,0.000060,0.000276,3,de0f393a,Windows-AMD64
crude_blend,1000,p97,8b785238423400708bcd8d67abe195e141cdc63b55a005803d3dd0f543b8ea40,170.587104927,170.587104927,separate single solve,0.0,0.0,optimal,yes,yes,0.000042,0.000285,0,de0f393a,Windows-AMD64
crude_blend,1000,p98,8b785238423400708bcd8d67abe195e141cdc63b55a005803d3dd0f543b8ea40,261.90804803,261.90804803,separate single solve,0.0,0.0,optimal,yes,yes,0.000041,0.000285,0,de0f393a,Windows-AMD64
crude_blend,1000,p99,8b785238423400708bcd8d67abe195e141cdc63b55a005803d3dd0f543b8ea40,289.304191314,289.304191314,separate single solve,0.0,0.0,optimal,yes,yes,0.000040,0.000270,0,de0f393a,Windows-AMD64
crude_blend,1000,p100,8b785238423400708bcd8d67abe195e141cdc63b55a005803d3dd0f543b8ea40,286.715506667,286.715506667,separate single solve,0.0,0.0,optimal,yes,yes,0.000055,0.000266,2,de0f393a,Windows-AMD64
crude_blend,1000,p101,8b785238423400708bcd8d67abe195e141cdc63b55a005803d3dd0f543b8ea40,117.543278992,117.543278992,separate single solve,0.0,0.0,optimal,yes,yes,0.000043,0.000273,0,de0f393a,Windows-AMD64
crude_blend,1000,p102,8b785238423400708bcd8d67abe195e141cdc63b55a005803d3dd0f543b8ea40,34.6810264474,34.6810264474,separate single solve,0.0,0.0,optimal,yes,yes,0.000055,0.000278,1,de0f393a,Windows-AMD64
crude_blend,1000,p103,8b785238423400708bcd8d67abe195e141cdc63b55a005803d3dd0f543b8ea40,265.068777204,265.068777204,separate single solve,0.0,0.0,optimal,yes,yes,0.000055,0.000272,1,de0f393a,Windows-AMD64
crude_blend,1000,p104,8b785238423400708bcd8d67abe195e141cdc63b55a005803d3dd0f543b8ea40,334.359075556,334.359075556,separate single solve,0.0,0.0,optimal,yes,yes,0.000055,0.000293,2,de0f393a,Windows-AMD64
crude_blend,1000,p105,8b785238423400708bcd8d67abe195e141cdc63b55a005803d3dd0f543b8ea40,114.696790778,114.696790778,separate single solve,0.0,0.0,optimal,yes,yes,0.000044,0.000272,0,de0f393a,Windows-AMD64
crude_blend,1000,p106,8b785238423400708bcd8d67abe195e141cdc63b55a005803d3dd0f543b8ea40,383.736857084,383.736857084,separate single solve,0.0,0.0,optimal,yes,yes,0.000043,0.000258,0,de0f393a,Windows-AMD64
crude_blend,1000,p107,8b785238423400708bcd8d67abe195e141cdc63b55a005803d3dd0f543b8ea40,449.050583495,449.050583495,separate single solve,0.0,0.0,optimal,yes,yes,0.000042,0.000254,0,de0f393a,Windows-AMD64
crude_blend,1000,p108,8b785238423400708bcd8d67abe195e141cdc63b55a005803d3dd0f543b8ea40,187.924828239,187.924828239,separate single solve,0.0,0.0,optimal,yes,yes,0.000056,0.000265,1,de0f393a,Windows-AMD64
crude_blend,1000,p109,8b785238423400708bcd8d67abe195e141cdc63b55a005803d3dd0f543b8ea40,400.416592332,400.416592332,separate single solve,0.0,0.0,optimal,yes,yes,0.000039,0.000260,0,de0f393a,Windows-AMD64
crude_blend,1000,p110,8b785238423400708bcd8d67abe195e141cdc63b55a005803d3dd0f543b8ea40,193.183859502,193.183859502,separate single solve,0.0,0.0,optimal,yes,yes,0.000066,0.000290,1,de0f393a,Windows-AMD64
crude_blend,1000,p111,8b785238423400708bcd8d67abe195e141cdc63b55a005803d3dd0f543b8ea40,154.136843333,154.136843333,separate single solve,0.0,0.0,optimal,yes,yes,0.000057,0.000266,2,de0f393a,Windows-AMD64
crude_blend,1000,p112,8b785238423400708bcd8d67abe195e141cdc63b55a005803d3dd0f543b8ea40,63.9938097676,63.9938097676,separate single solve,0.0,0.0,optimal,yes,yes,0.000041,0.000253,0,de0f393a,Windows-AMD64
crude_blend,1000,p113,8b785238423400708bcd8d67abe195e141cdc63b55a005803d3dd0f543b8ea40,280.970696162,280.970696162,separate single solve,0.0,0.0,optimal,yes,yes,0.000074,0.000250,3,de0f393a,Windows-AMD64
crude_blend,1000,p114,8b785238423400708bcd8d67abe195e141cdc63b55a005803d3dd0f543b8ea40,361.858203497,361.858203497,separate single solve,0.0,0.0,optimal,yes,yes,0.000048,0.000250,0,de0f393a,Windows-AMD64
crude_blend,1000,p115,8b785238423400708bcd8d67abe195e141cdc63b55a005803d3dd0f543b8ea40,365.202061057,365.202061057,separate single solve,0.0,0.0,optimal,yes,yes,0.000041,0.000248,0,de0f393a,Windows-AMD64
crude_blend,1000,p116,8b785238423400708bcd8d67abe195e141cdc63b55a005803d3dd0f543b8ea40,329.710078889,329.710078889,separate single solve,0.0,0.0,optimal,yes,yes,0.000056,0.000247,2,de0f393a,Windows-AMD64
crude_blend,1000,p117,8b785238423400708bcd8d67abe195e141cdc63b55a005803d3dd0f543b8ea40,262.433332822,262.433332822,separate single solve,0.0,0.0,optimal,yes,yes,0.000042,0.000426,0,de0f393a,Windows-AMD64
crude_blend,1000,p118,8b785238423400708bcd8d67abe195e141cdc63b55a005803d3dd0f543b8ea40,259.105120222,259.105120222,separate single solve,0.0,0.0,optimal,yes,yes,0.000056,0.000319,2,de0f393a,Windows-AMD64
crude_blend,1000,p119,8b785238423400708bcd8d67abe195e141cdc63b55a005803d3dd0f543b8ea40,192.769858589,192.769858589,separate single solve,0.0,0.0,optimal,yes,yes,0.000039,0.000277,0,de0f393a,Windows-AMD64
crude_blend,1000,p120,8b785238423400708bcd8d67abe195e141cdc63b55a005803d3dd0f543b8ea40,316.329908554,316.329908554,separate single solve,0.0,0.0,optimal,yes,yes,0.000042,0.000263,0,de0f393a,Windows-AMD64
crude_blend,1000,p121,8b785238423400708bcd8d67abe195e141cdc63b55a005803d3dd0f543b8ea40,289.908963074,289.908963074,separate single solve,0.0,0.0,optimal,yes,yes,0.000063,0.000259,3,de0f393a,Windows-AMD64
crude_blend,1000,p122,8b785238423400708bcd8d67abe195e141cdc63b55a005803d3dd0f543b8ea40,16.9361552632,16.9361552632,separate single solve,0.0,0.0,optimal,yes,yes,0.000058,0.000270,1,de0f393a,Windows-AMD64
crude_blend,1000,p123,8b785238423400708bcd8d67abe195e141cdc63b55a005803d3dd0f543b8ea40,141.322302203,141.322302203,separate single solve,0.0,0.0,optimal,yes,yes,0.000044,0.000263,0,de0f393a,Windows-AMD64
crude_blend,1000,p124,8b785238423400708bcd8d67abe195e141cdc63b55a005803d3dd0f543b8ea40,216.707217949,216.707217949,separate single solve,0.0,0.0,optimal,yes,yes,0.000040,0.000262,0,de0f393a,Windows-AMD64
crude_blend,1000,p125,8b785238423400708bcd8d67abe195e141cdc63b55a005803d3dd0f543b8ea40,258.521824151,258.521824151,separate single solve,0.0,0.0,optimal,yes,yes,0.000043,0.000259,0,de0f393a,Windows-AMD64
crude_blend,1000,p126,8b785238423400708bcd8d67abe195e141cdc63b55a005803d3dd0f543b8ea40,234.863012119,234.863012119,separate single solve,0.0,0.0,optimal,yes,yes,0.000041,0.000261,0,de0f393a,Windows-AMD64
crude_blend,1000,p127,8b785238423400708bcd8d67abe195e141cdc63b55a005803d3dd0f543b8ea40,133.963537159,133.963537159,separate single solve,0.0,0.0,optimal,yes,yes,0.000059,0.000259,3,de0f393a,Windows-AMD64
crude_blend,1000,p128,8b785238423400708bcd8d67abe195e141cdc63b55a005803d3dd0f543b8ea40,274.034588867,274.034588867,separate single solve,0.0,0.0,optimal,yes,yes,0.000057,0.000258,1,de0f393a,Windows-AMD64
crude_blend,1000,p129,8b785238423400708bcd8d67abe195e141cdc63b55a005803d3dd0f543b8ea40,363.705321259,363.705321259,separate single solve,0.0,0.0,optimal,yes,yes,0.000039,0.000254,0,de0f393a,Windows-AMD64
crude_blend,1000,p130,8b785238423400708bcd8d67abe195e141cdc63b55a005803d3dd0f543b8ea40,317.03931932,317.03931932,separate single solve,0.0,0.0,optimal,yes,yes,0.000056,0.000267,3,de0f393a,Windows-AMD64
crude_blend,1000,p131,8b785238423400708bcd8d67abe195e141cdc63b55a005803d3dd0f543b8ea40,223.954721556,223.954721556,separate single solve,0.0,0.0,optimal,yes,yes,0.000054,0.000258,2,de0f393a,Windows-AMD64
crude_blend,1000,p132,8b785238423400708bcd8d67abe195e141cdc63b55a005803d3dd0f543b8ea40,145.721453043,145.721453043,separate single solve,0.0,0.0,optimal,yes,yes,0.000038,0.000257,0,de0f393a,Windows-AMD64
crude_blend,1000,p133,8b785238423400708bcd8d67abe195e141cdc63b55a005803d3dd0f543b8ea40,127.772735778,127.772735778,separate single solve,0.0,0.0,optimal,yes,yes,0.000054,0.000255,2,de0f393a,Windows-AMD64
crude_blend,1000,p134,8b785238423400708bcd8d67abe195e141cdc63b55a005803d3dd0f543b8ea40,296.296978786,296.296978786,separate single solve,0.0,0.0,optimal,yes,yes,0.000040,0.000265,0,de0f393a,Windows-AMD64
crude_blend,1000,p135,8b785238423400708bcd8d67abe195e141cdc63b55a005803d3dd0f543b8ea40,387.341881005,387.341881005,separate single solve,0.0,0.0,optimal,yes,yes,0.000038,0.000279,0,de0f393a,Windows-AMD64
crude_blend,1000,p136,8b785238423400708bcd8d67abe195e141cdc63b55a005803d3dd0f543b8ea40,262.298382749,262.298382749,separate single solve,0.0,0.0,optimal,yes,yes,0.000038,0.000270,0,de0f393a,Windows-AMD64
crude_blend,1000,p137,8b785238423400708bcd8d67abe195e141cdc63b55a005803d3dd0f543b8ea40,239.977791366,239.977791366,separate single solve,0.0,0.0,optimal,yes,yes,0.000058,0.000264,3,de0f393a,Windows-AMD64
crude_blend,1000,p138,8b785238423400708bcd8d67abe195e141cdc63b55a005803d3dd0f543b8ea40,384.673880777,384.673880777,separate single solve,0.0,0.0,optimal,yes,yes,0.000056,0.000281,1,de0f393a,Windows-AMD64
crude_blend,1000,p139,8b785238423400708bcd8d67abe195e141cdc63b55a005803d3dd0f543b8ea40,271.748383625,271.748383625,separate single solve,0.0,0.0,optimal,yes,yes,0.000057,0.000267,1,de0f393a,Windows-AMD64
crude_blend,1000,p140,8b785238423400708bcd8d67abe195e141cdc63b55a005803d3dd0f543b8ea40,343.457294092,343.457294092,separate single solve,0.0,0.0,optimal,yes,yes,0.000043,0.000269,0,de0f393a,Windows-AMD64
crude_blend,1000,p141,8b785238423400708bcd8d67abe195e141cdc63b55a005803d3dd0f543b8ea40,215.65219699,215.65219699,separate single solve,0.0,0.0,optimal,yes,yes,0.000059,0.000361,1,de0f393a,Windows-AMD64
crude_blend,1000,p142,8b785238423400708bcd8d67abe195e141cdc63b55a005803d3dd0f543b8ea40,421.337251579,421.337251579,separate single solve,0.0,0.0,optimal,yes,yes,0.000057,0.000387,1,de0f393a,Windows-AMD64
crude_blend,1000,p143,8b785238423400708bcd8d67abe195e141cdc63b55a005803d3dd0f543b8ea40,267.021089456,267.021089456,separate single solve,0.0,0.0,optimal,yes,yes,0.000069,0.000408,1,de0f393a,Windows-AMD64
crude_blend,1000,p144,8b785238423400708bcd8d67abe195e141cdc63b55a005803d3dd0f543b8ea40,277.29268211,277.29268211,separate single solve,0.0,0.0,optimal,yes,yes,0.000129,0.000370,1,de0f393a,Windows-AMD64
crude_blend,1000,p145,8b785238423400708bcd8d67abe195e141cdc63b55a005803d3dd0f543b8ea40,294.58435077,294.58435077,separate single solve,0.0,0.0,optimal,yes,yes,0.000055,0.000287,0,de0f393a,Windows-AMD64
crude_blend,1000,p146,8b785238423400708bcd8d67abe195e141cdc63b55a005803d3dd0f543b8ea40,311.839346848,311.839346848,separate single solve,0.0,0.0,optimal,yes,yes,0.000058,0.000271,1,de0f393a,Windows-AMD64
crude_blend,1000,p147,8b785238423400708bcd8d67abe195e141cdc63b55a005803d3dd0f543b8ea40,157.49694068,157.49694068,separate single solve,0.0,0.0,optimal,yes,yes,0.000059,0.000306,1,de0f393a,Windows-AMD64
crude_blend,1000,p148,8b785238423400708bcd8d67abe195e141cdc63b55a005803d3dd0f543b8ea40,216.266765443,216.266765443,separate single solve,0.0,0.0,optimal,yes,yes,0.000059,0.000303,1,de0f393a,Windows-AMD64
crude_blend,1000,p149,8b785238423400708bcd8d67abe195e141cdc63b55a005803d3dd0f543b8ea40,155.699026667,155.699026667,separate single solve,0.0,0.0,optimal,yes,yes,0.000058,0.000291,2,de0f393a,Windows-AMD64
crude_blend,1000,p150,8b785238423400708bcd8d67abe195e141cdc63b55a005803d3dd0f543b8ea40,276.515783948,276.515783948,separate single solve,0.0,0.0,optimal,yes,yes,0.000061,0.000300,3,de0f393a,Windows-AMD64
crude_blend,1000,p151,8b785238423400708bcd8d67abe195e141cdc63b55a005803d3dd0f543b8ea40,347.520132573,347.520132573,separate single solve,0.0,0.0,optimal,yes,yes,0.000044,0.000349,0,de0f393a,Windows-AMD64
crude_blend,1000,p152,8b785238423400708bcd8d67abe195e141cdc63b55a005803d3dd0f543b8ea40,1.07496467838,1.07496467838,separate single solve,0.0,0.0,optimal,yes,yes,0.000044,0.000308,0,de0f393a,Windows-AMD64
crude_blend,1000,p153,8b785238423400708bcd8d67abe195e141cdc63b55a005803d3dd0f543b8ea40,212.903151868,212.903151868,separate single solve,0.0,0.0,optimal,yes,yes,0.000044,0.000300,0,de0f393a,Windows-AMD64
crude_blend,1000,p154,8b785238423400708bcd8d67abe195e141cdc63b55a005803d3dd0f543b8ea40,72.8196896784,72.8196896784,separate single solve,0.0,0.0,optimal,yes,yes,0.000042,0.000297,0,de0f393a,Windows-AMD64
crude_blend,1000,p155,8b785238423400708bcd8d67abe195e141cdc63b55a005803d3dd0f543b8ea40,192.450737172,192.450737172,separate single solve,0.0,0.0,optimal,yes,yes,0.000067,0.000292,3,de0f393a,Windows-AMD64
crude_blend,1000,p156,8b785238423400708bcd8d67abe195e141cdc63b55a005803d3dd0f543b8ea40,120.450181184,120.450181184,separate single solve,0.0,0.0,optimal,yes,yes,0.000056,0.000286,1,de0f393a,Windows-AMD64
crude_blend,1000,p157,8b785238423400708bcd8d67abe195e141cdc63b55a005803d3dd0f543b8ea40,417.827135249,417.827135249,separate single solve,0.0,0.0,optimal,yes,yes,0.000055,0.000311,1,de0f393a,Windows-AMD64
crude_blend,1000,p158,8b785238423400708bcd8d67abe195e141cdc63b55a005803d3dd0f543b8ea40,141.581842011,141.581842011,separate single solve,0.0,0.0,optimal,yes,yes,0.000041,0.000299,0,de0f393a,Windows-AMD64
crude_blend,1000,p159,8b785238423400708bcd8d67abe195e141cdc63b55a005803d3dd0f543b8ea40,233.804682557,233.804682557,separate single solve,0.0,0.0,optimal,yes,yes,0.000053,0.000292,1,de0f393a,Windows-AMD64
crude_blend,1000,p160,8b785238423400708bcd8d67abe195e141cdc63b55a005803d3dd0f543b8ea40,270.898184222,270.898184222,separate single solve,0.0,0.0,optimal,yes,yes,0.000061,0.000297,2,de0f393a,Windows-AMD64
crude_blend,1000,p161,8b785238423400708bcd8d67abe195e141cdc63b55a005803d3dd0f543b8ea40,360.981241454,360.981241454,separate single solve,0.0,0.0,optimal,yes,yes,0.000041,0.000295,0,de0f393a,Windows-AMD64
crude_blend,1000,p162,8b785238423400708bcd8d67abe195e141cdc63b55a005803d3dd0f543b8ea40,395.249668446,395.249668446,separate single solve,0.0,0.0,optimal,yes,yes,0.000039,0.000290,0,de0f393a,Windows-AMD64
crude_blend,1000,p163,8b785238423400708bcd8d67abe195e141cdc63b55a005803d3dd0f543b8ea40,-30.9232652865,-30.9232652865,separate single solve,0.0,0.0,optimal,yes,yes,0.000043,0.000291,0,de0f393a,Windows-AMD64
crude_blend,1000,p164,8b785238423400708bcd8d67abe195e141cdc63b55a005803d3dd0f543b8ea40,332.732826341,332.732826341,separate single solve,0.0,0.0,optimal,yes,yes,0.000038,0.000298,0,de0f393a,Windows-AMD64
crude_blend,1000,p165,8b785238423400708bcd8d67abe195e141cdc63b55a005803d3dd0f543b8ea40,222.627506667,222.627506667,separate single solve,0.0,0.0,optimal,yes,yes,0.000056,0.000297,2,de0f393a,Windows-AMD64
crude_blend,1000,p166,8b785238423400708bcd8d67abe195e141cdc63b55a005803d3dd0f543b8ea40,245.787127812,245.787127812,separate single solve,0.0,0.0,optimal,yes,yes,0.000059,0.000295,3,de0f393a,Windows-AMD64
crude_blend,1000,p167,8b785238423400708bcd8d67abe195e141cdc63b55a005803d3dd0f543b8ea40,341.171425405,341.171425405,separate single solve,0.0,0.0,optimal,yes,yes,0.000059,0.000340,3,de0f393a,Windows-AMD64
crude_blend,1000,p168,8b785238423400708bcd8d67abe195e141cdc63b55a005803d3dd0f543b8ea40,257.104900444,257.104900444,separate single solve,0.0,0.0,optimal,yes,yes,0.000058,0.000378,2,de0f393a,Windows-AMD64
crude_blend,1000,p169,8b785238423400708bcd8d67abe195e141cdc63b55a005803d3dd0f543b8ea40,305.261176744,305.261176744,separate single solve,0.0,0.0,optimal,yes,yes,0.000057,0.000353,1,de0f393a,Windows-AMD64
crude_blend,1000,p170,8b785238423400708bcd8d67abe195e141cdc63b55a005803d3dd0f543b8ea40,185.456336292,185.456336292,separate single solve,0.0,0.0,optimal,yes,yes,0.000042,0.000362,0,de0f393a,Windows-AMD64
crude_blend,1000,p171,8b785238423400708bcd8d67abe195e141cdc63b55a005803d3dd0f543b8ea40,241.331126447,241.331126447,separate single solve,0.0,0.0,optimal,yes,yes,0.000059,0.000360,1,de0f393a,Windows-AMD64
crude_blend,1000,p172,8b785238423400708bcd8d67abe195e141cdc63b55a005803d3dd0f543b8ea40,168.529024449,168.529024449,separate single solve,0.0,0.0,optimal,yes,yes,0.000043,0.000347,0,de0f393a,Windows-AMD64
crude_blend,1000,p173,8b785238423400708bcd8d67abe195e141cdc63b55a005803d3dd0f543b8ea40,264.000758289,264.000758289,separate single solve,0.0,0.0,optimal,yes,yes,0.000056,0.000338,1,de0f393a,Windows-AMD64
crude_blend,1000,p174,8b785238423400708bcd8d67abe195e141cdc63b55a005803d3dd0f543b8ea40,329.128977638,329.128977638,separate single solve,0.0,0.0,optimal,yes,yes,0.000055,0.000341,1,de0f393a,Windows-AMD64
crude_blend,1000,p175,8b785238423400708bcd8d67abe195e141cdc63b55a005803d3dd0f543b8ea40,449.430564184,449.430564184,separate single solve,0.0,0.0,optimal,yes,yes,0.000043,0.000369,0,de0f393a,Windows-AMD64
crude_blend,1000,p176,8b785238423400708bcd8d67abe195e141cdc63b55a005803d3dd0f543b8ea40,298.290616203,298.290616203,separate single solve,0.0,0.0,optimal,yes,yes,0.000039,0.000341,0,de0f393a,Windows-AMD64
crude_blend,1000,p177,8b785238423400708bcd8d67abe195e141cdc63b55a005803d3dd0f543b8ea40,71.6099048568,71.6099048568,separate single solve,0.0,0.0,optimal,yes,yes,0.000043,0.000341,0,de0f393a,Windows-AMD64
crude_blend,1000,p178,8b785238423400708bcd8d67abe195e141cdc63b55a005803d3dd0f543b8ea40,121.975514737,121.975514737,separate single solve,0.0,0.0,optimal,yes,yes,0.000068,0.000339,1,de0f393a,Windows-AMD64
crude_blend,1000,p179,8b785238423400708bcd8d67abe195e141cdc63b55a005803d3dd0f543b8ea40,449.31860178,449.31860178,separate single solve,0.0,0.0,optimal,yes,yes,0.000059,0.000342,1,de0f393a,Windows-AMD64
crude_blend,1000,p180,8b785238423400708bcd8d67abe195e141cdc63b55a005803d3dd0f543b8ea40,424.124665282,424.124665282,separate single solve,0.0,0.0,optimal,yes,yes,0.000064,0.000339,1,de0f393a,Windows-AMD64
crude_blend,1000,p181,8b785238423400708bcd8d67abe195e141cdc63b55a005803d3dd0f543b8ea40,374.300086796,374.300086796,separate single solve,0.0,0.0,optimal,yes,yes,0.000058,0.000354,1,de0f393a,Windows-AMD64
crude_blend,1000,p182,8b785238423400708bcd8d67abe195e141cdc63b55a005803d3dd0f543b8ea40,320.233496019,320.233496019,separate single solve,0.0,0.0,optimal,yes,yes,0.000058,0.000343,1,de0f393a,Windows-AMD64
crude_blend,1000,p183,8b785238423400708bcd8d67abe195e141cdc63b55a005803d3dd0f543b8ea40,293.854786239,293.854786239,separate single solve,0.0,0.0,optimal,yes,yes,0.000058,0.000345,1,de0f393a,Windows-AMD64
crude_blend,1000,p184,8b785238423400708bcd8d67abe195e141cdc63b55a005803d3dd0f543b8ea40,317.939147502,317.939147502,separate single solve,0.0,0.0,optimal,yes,yes,0.000063,0.000352,1,de0f393a,Windows-AMD64
crude_blend,1000,p185,8b785238423400708bcd8d67abe195e141cdc63b55a005803d3dd0f543b8ea40,327.652682095,327.652682095,separate single solve,0.0,0.0,optimal,yes,yes,0.000044,0.000346,0,de0f393a,Windows-AMD64
crude_blend,1000,p186,8b785238423400708bcd8d67abe195e141cdc63b55a005803d3dd0f543b8ea40,174.333674616,174.333674616,separate single solve,0.0,0.0,optimal,yes,yes,0.000044,0.000345,0,de0f393a,Windows-AMD64
crude_blend,1000,p187,8b785238423400708bcd8d67abe195e141cdc63b55a005803d3dd0f543b8ea40,55.513805,55.513805,separate single solve,0.0,0.0,optimal,yes,yes,0.000052,0.000356,1,de0f393a,Windows-AMD64
crude_blend,1000,p188,8b785238423400708bcd8d67abe195e141cdc63b55a005803d3dd0f543b8ea40,-89.8011989903,-89.8011989903,separate single solve,0.0,0.0,optimal,yes,yes,0.000055,0.000347,1,de0f393a,Windows-AMD64
crude_blend,1000,p189,8b785238423400708bcd8d67abe195e141cdc63b55a005803d3dd0f543b8ea40,331.602367211,331.602367211,separate single solve,0.0,0.0,optimal,yes,yes,0.000041,0.000349,0,de0f393a,Windows-AMD64
crude_blend,1000,p190,8b785238423400708bcd8d67abe195e141cdc63b55a005803d3dd0f543b8ea40,314.908477793,314.908477793,separate single solve,0.0,0.0,optimal,yes,yes,0.000053,0.000347,1,de0f393a,Windows-AMD64
crude_blend,1000,p191,8b785238423400708bcd8d67abe195e141cdc63b55a005803d3dd0f543b8ea40,60.5847465703,60.5847465703,separate single solve,0.0,0.0,optimal,yes,yes,0.000041,0.000344,0,de0f393a,Windows-AMD64
crude_blend,1000,p192,8b785238423400708bcd8d67abe195e141cdc63b55a005803d3dd0f543b8ea40,351.718714939,351.718714939,separate single solve,0.0,0.0,optimal,yes,yes,0.000054,0.000338,1,de0f393a,Windows-AMD64
crude_blend,1000,p193,8b785238423400708bcd8d67abe195e141cdc63b55a005803d3dd0f543b8ea40,395.539497702,395.539497702,separate single solve,0.0,0.0,optimal,yes,yes,0.000054,0.000350,1,de0f393a,Windows-AMD64
crude_blend,1000,p194,8b785238423400708bcd8d67abe195e141cdc63b55a005803d3dd0f543b8ea40,278.475924479,278.475924479,separate single solve,0.0,0.0,optimal,yes,yes,0.000053,0.000338,1,de0f393a,Windows-AMD64
crude_blend,1000,p195,8b785238423400708bcd8d67abe195e141cdc63b55a005803d3dd0f543b8ea40,311.695498597,311.695498597,separate single solve,0.0,0.0,optimal,yes,yes,0.000039,0.000338,0,de0f393a,Windows-AMD64
crude_blend,1000,p196,8b785238423400708bcd8d67abe195e141cdc63b55a005803d3dd0f543b8ea40,323.775811711,323.775811711,separate single solve,0.0,0.0,optimal,yes,yes,0.000056,0.000343,1,de0f393a,Windows-AMD64
crude_blend,1000,p197,8b785238423400708bcd8d67abe195e141cdc63b55a005803d3dd0f543b8ea40,406.613407333,406.613407333,separate single solve,0.0,0.0,optimal,yes,yes,0.000056,0.000339,2,de0f393a,Windows-AMD64
crude_blend,1000,p198,8b785238423400708bcd8d67abe195e141cdc63b55a005803d3dd0f543b8ea40,291.462291719,291.462291719,separate single solve,0.0,0.0,optimal,yes,yes,0.000043,0.000341,0,de0f393a,Windows-AMD64
crude_blend,1000,p199,8b785238423400708bcd8d67abe195e141cdc63b55a005803d3dd0f543b8ea40,299.067303379,299.067303379,separate single solve,0.0,0.0,optimal,yes,yes,0.000120,0.000347,3,de0f393a,Windows-AMD64
crude_blend,1000,p200,8b785238423400708bcd8d67abe195e141cdc63b55a005803d3dd0f543b8ea40,222.771055556,222.771055556,separate single solve,0.0,0.0,optimal,yes,yes,0.000116,0.000334,2,de0f393a,Windows-AMD64
crude_blend,1000,p201,8b785238423400708bcd8d67abe195e141cdc63b55a005803d3dd0f543b8ea40,381.895943943,381.895943943,separate single solve,0.0,0.0,optimal,yes,yes,0.000058,0.000389,0,de0f393a,Windows-AMD64
crude_blend,1000,p202,8b785238423400708bcd8d67abe195e141cdc63b55a005803d3dd0f543b8ea40,343.29574712,343.29574712,separate single solve,0.0,0.0,optimal,yes,yes,0.000077,0.000350,3,de0f393a,Windows-AMD64
crude_blend,1000,p203,8b785238423400708bcd8d67abe195e141cdc63b55a005803d3dd0f543b8ea40,405.026523951,405.026523951,separate single solve,0.0,0.0,optimal,yes,yes,0.000051,0.000343,0,de0f393a,Windows-AMD64
crude_blend,1000,p204,8b785238423400708bcd8d67abe195e141cdc63b55a005803d3dd0f543b8ea40,-79.4715272838,-79.4715272838,separate single solve,0.0,0.0,optimal,yes,yes,0.000042,0.000351,0,de0f393a,Windows-AMD64
crude_blend,1000,p205,8b785238423400708bcd8d67abe195e141cdc63b55a005803d3dd0f543b8ea40,245.471314492,245.471314492,separate single solve,0.0,0.0,optimal,yes,yes,0.000068,0.000342,3,de0f393a,Windows-AMD64
crude_blend,1000,p206,8b785238423400708bcd8d67abe195e141cdc63b55a005803d3dd0f543b8ea40,278.244763243,278.244763243,separate single solve,0.0,0.0,optimal,yes,yes,0.000068,0.000338,3,de0f393a,Windows-AMD64
crude_blend,1000,p207,8b785238423400708bcd8d67abe195e141cdc63b55a005803d3dd0f543b8ea40,58.1858842105,58.1858842105,separate single solve,0.0,0.0,optimal,yes,yes,0.000057,0.000336,1,de0f393a,Windows-AMD64
crude_blend,1000,p208,8b785238423400708bcd8d67abe195e141cdc63b55a005803d3dd0f543b8ea40,304.347733204,304.347733204,separate single solve,0.0,0.0,optimal,yes,yes,0.000056,0.000342,1,de0f393a,Windows-AMD64
crude_blend,1000,p209,8b785238423400708bcd8d67abe195e141cdc63b55a005803d3dd0f543b8ea40,234.076186252,234.076186252,separate single solve,0.0,0.0,optimal,yes,yes,0.000060,0.000338,3,de0f393a,Windows-AMD64
crude_blend,1000,p210,8b785238423400708bcd8d67abe195e141cdc63b55a005803d3dd0f543b8ea40,166.481352197,166.481352197,separate single solve,0.0,0.0,optimal,yes,yes,0.000044,0.000347,0,de0f393a,Windows-AMD64
crude_blend,1000,p211,8b785238423400708bcd8d67abe195e141cdc63b55a005803d3dd0f543b8ea40,33.6986686595,33.6986686595,separate single solve,0.0,0.0,optimal,yes,yes,0.000041,0.000345,0,de0f393a,Windows-AMD64
crude_blend,1000,p212,8b785238423400708bcd8d67abe195e141cdc63b55a005803d3dd0f543b8ea40,295.452699111,295.452699111,separate single solve,0.0,0.0,optimal,yes,yes,0.000055,0.000359,2,de0f393a,Windows-AMD64
crude_blend,1000,p213,8b785238423400708bcd8d67abe195e141cdc63b55a005803d3dd0f543b8ea40,428.025454492,428.025454492,separate single solve,0.0,0.0,optimal,yes,yes,0.000053,0.000343,1,de0f393a,Windows-AMD64
crude_blend,1000,p214,8b785238423400708bcd8d67abe195e141cdc63b55a005803d3dd0f543b8ea40,370.075895386,370.075895386,separate single solve,0.0,0.0,optimal,yes,yes,0.000038,0.000341,0,de0f393a,Windows-AMD64
crude_blend,1000,p215,8b785238423400708bcd8d67abe195e141cdc63b55a005803d3dd0f543b8ea40,282.425134123,282.425134123,separate single solve,0.0,0.0,optimal,yes,yes,0.000058,0.000339,3,de0f393a,Windows-AMD64
crude_blend,1000,p216,8b785238423400708bcd8d67abe195e141cdc63b55a005803d3dd0f543b8ea40,332.620937087,332.620937087,separate single solve,0.0,0.0,optimal,yes,yes,0.000058,0.000349,3,de0f393a,Windows-AMD64
crude_blend,1000,p217,8b785238423400708bcd8d67abe195e141cdc63b55a005803d3dd0f543b8ea40,219.709502895,219.709502895,separate single solve,0.0,0.0,optimal,yes,yes,0.000053,0.000342,1,de0f393a,Windows-AMD64
crude_blend,1000,p218,8b785238423400708bcd8d67abe195e141cdc63b55a005803d3dd0f543b8ea40,273.469045644,273.469045644,separate single solve,0.0,0.0,optimal,yes,yes,0.000055,0.000346,1,de0f393a,Windows-AMD64
crude_blend,1000,p219,8b785238423400708bcd8d67abe195e141cdc63b55a005803d3dd0f543b8ea40,215.88030954,215.88030954,separate single solve,0.0,0.0,optimal,yes,yes,0.000055,0.000344,1,de0f393a,Windows-AMD64
crude_blend,1000,p220,8b785238423400708bcd8d67abe195e141cdc63b55a005803d3dd0f543b8ea40,253.464672368,253.464672368,separate single solve,0.0,0.0,optimal,yes,yes,0.000055,0.000343,1,de0f393a,Windows-AMD64
crude_blend,1000,p221,8b785238423400708bcd8d67abe195e141cdc63b55a005803d3dd0f543b8ea40,361.085815946,361.085815946,separate single solve,0.0,0.0,optimal,yes,yes,0.000038,0.000351,0,de0f393a,Windows-AMD64
crude_blend,1000,p222,8b785238423400708bcd8d67abe195e141cdc63b55a005803d3dd0f543b8ea40,483.728829773,483.728829773,separate single solve,0.0,0.0,optimal,yes,yes,0.000042,0.000364,0,de0f393a,Windows-AMD64
crude_blend,1000,p223,8b785238423400708bcd8d67abe195e141cdc63b55a005803d3dd0f543b8ea40,144.873069111,144.873069111,separate single solve,0.0,0.0,optimal,yes,yes,0.000055,0.000334,2,de0f393a,Windows-AMD64
crude_blend,1000,p224,8b785238423400708bcd8d67abe195e141cdc63b55a005803d3dd0f543b8ea40,242.745003947,242.745003947,separate single solve,0.0,0.0,optimal,yes,yes,0.000055,0.000343,1,de0f393a,Windows-AMD64
crude_blend,1000,p225,8b785238423400708bcd8d67abe195e141cdc63b55a005803d3dd0f543b8ea40,263.006717605,263.006717605,separate single solve,0.0,0.0,optimal,yes,yes,0.000043,0.000357,0,de0f393a,Windows-AMD64
crude_blend,1000,p226,8b785238423400708bcd8d67abe195e141cdc63b55a005803d3dd0f543b8ea40,151.480869062,151.480869062,separate single solve,0.0,0.0,optimal,yes,yes,0.000040,0.000343,0,de0f393a,Windows-AMD64
crude_blend,1000,p227,8b785238423400708bcd8d67abe195e141cdc63b55a005803d3dd0f543b8ea40,204.141023515,204.141023515,separate single solve,0.0,0.0,optimal,yes,yes,0.000061,0.000341,3,de0f393a,Windows-AMD64
crude_blend,1000,p228,8b785238423400708bcd8d67abe195e141cdc63b55a005803d3dd0f543b8ea40,372.146052232,372.146052232,separate single solve,0.0,0.0,optimal,yes,yes,0.000043,0.000356,0,de0f393a,Windows-AMD64
crude_blend,1000,p229,8b785238423400708bcd8d67abe195e141cdc63b55a005803d3dd0f543b8ea40,288.361385111,288.361385111,separate single solve,0.0,0.0,optimal,yes,yes,0.000059,0.000340,2,de0f393a,Windows-AMD64
crude_blend,1000,p230,8b785238423400708bcd8d67abe195e141cdc63b55a005803d3dd0f543b8ea40,102.351899715,102.351899715,separate single solve,0.0,0.0,optimal,yes,yes,0.000078,0.000342,3,de0f393a,Windows-AMD64
crude_blend,1000,p231,8b785238423400708bcd8d67abe195e141cdc63b55a005803d3dd0f543b8ea40,130.920561316,130.920561316,separate single solve,0.0,0.0,optimal,yes,yes,0.000046,0.000347,0,de0f393a,Windows-AMD64
crude_blend,1000,p232,8b785238423400708bcd8d67abe195e141cdc63b55a005803d3dd0f543b8ea40,-43.9170314951,-43.9170314951,separate single solve,0.0,0.0,optimal,yes,yes,0.000062,0.000348,1,de0f393a,Windows-AMD64
crude_blend,1000,p233,8b785238423400708bcd8d67abe195e141cdc63b55a005803d3dd0f543b8ea40,90.3523597108,90.3523597108,separate single solve,0.0,0.0,optimal,yes,yes,0.000045,0.000359,0,de0f393a,Windows-AMD64
crude_blend,1000,p234,8b785238423400708bcd8d67abe195e141cdc63b55a005803d3dd0f543b8ea40,245.258942557,245.258942557,separate single solve,0.0,0.0,optimal,yes,yes,0.000039,0.000359,0,de0f393a,Windows-AMD64
crude_blend,1000,p235,8b785238423400708bcd8d67abe195e141cdc63b55a005803d3dd0f543b8ea40,450.539074997,450.539074997,separate single solve,0.0,0.0,optimal,yes,yes,0.000057,0.000347,1,de0f393a,Windows-AMD64
crude_blend,1000,p236,8b785238423400708bcd8d67abe195e141cdc63b55a005803d3dd0f543b8ea40,269.657362441,269.657362441,separate single solve,0.0,0.0,optimal,yes,yes,0.000039,0.000346,0,de0f393a,Windows-AMD64
crude_blend,1000,p237,8b785238423400708bcd8d67abe195e141cdc63b55a005803d3dd0f543b8ea40,344.818056346,344.818056346,separate single solve,0.0,0.0,optimal,yes,yes,0.000038,0.000345,0,de0f393a,Windows-AMD64
crude_blend,1000,p238,8b785238423400708bcd8d67abe195e141cdc63b55a005803d3dd0f543b8ea40,139.055690011,139.055690011,separate single solve,0.0,0.0,optimal,yes,yes,0.000041,0.000345,0,de0f393a,Windows-AMD64
crude_blend,1000,p239,8b785238423400708bcd8d67abe195e141cdc63b55a005803d3dd0f543b8ea40,84.4301293514,84.4301293514,separate single solve,0.0,0.0,optimal,yes,yes,0.000041,0.000364,0,de0f393a,Windows-AMD64
crude_blend,1000,p240,8b785238423400708bcd8d67abe195e141cdc63b55a005803d3dd0f543b8ea40,348.449622237,348.449622237,separate single solve,0.0,0.0,optimal,yes,yes,0.000054,0.000349,1,de0f393a,Windows-AMD64
crude_blend,1000,p241,8b785238423400708bcd8d67abe195e141cdc63b55a005803d3dd0f543b8ea40,319.325870958,319.325870958,separate single solve,0.0,0.0,optimal,yes,yes,0.000057,0.000348,1,de0f393a,Windows-AMD64
crude_blend,1000,p242,8b785238423400708bcd8d67abe195e141cdc63b55a005803d3dd0f543b8ea40,343.085579556,343.085579556,separate single solve,0.0,0.0,optimal,yes,yes,0.000056,0.000347,2,de0f393a,Windows-AMD64
crude_blend,1000,p243,8b785238423400708bcd8d67abe195e141cdc63b55a005803d3dd0f543b8ea40,376.754829961,376.754829961,separate single solve,0.0,0.0,optimal,yes,yes,0.000056,0.000350,1,de0f393a,Windows-AMD64
crude_blend,1000,p244,8b785238423400708bcd8d67abe195e141cdc63b55a005803d3dd0f543b8ea40,171.977338219,171.977338219,separate single solve,0.0,0.0,optimal,yes,yes,0.000040,0.000345,0,de0f393a,Windows-AMD64
crude_blend,1000,p245,8b785238423400708bcd8d67abe195e141cdc63b55a005803d3dd0f543b8ea40,226.954835081,226.954835081,separate single solve,0.0,0.0,optimal,yes,yes,0.000062,0.000359,3,de0f393a,Windows-AMD64
crude_blend,1000,p246,8b785238423400708bcd8d67abe195e141cdc63b55a005803d3dd0f543b8ea40,161.628825625,161.628825625,separate single solve,0.0,0.0,optimal,yes,yes,0.000059,0.000345,1,de0f393a,Windows-AMD64
crude_blend,1000,p247,8b785238423400708bcd8d67abe195e141cdc63b55a005803d3dd0f543b8ea40,208.250998259,208.250998259,separate single solve,0.0,0.0,optimal,yes,yes,0.000071,0.000351,1,de0f393a,Windows-AMD64
crude_blend,1000,p248,8b785238423400708bcd8d67abe195e141cdc63b55a005803d3dd0f543b8ea40,465.501308435,465.501308435,separate single solve,0.0,0.0,optimal,yes,yes,0.000043,0.000344,0,de0f393a,Windows-AMD64
crude_blend,1000,p249,8b785238423400708bcd8d67abe195e141cdc63b55a005803d3dd0f543b8ea40,234.269684,234.269684,separate single solve,0.0,0.0,optimal,yes,yes,0.000063,0.000349,2,de0f393a,Windows-AMD64
crude_blend,1000,p250,8b785238423400708bcd8d67abe195e141cdc63b55a005803d3dd0f543b8ea40,188.552414719,188.552414719,separate single solve,0.0,0.0,optimal,yes,yes,0.000043,0.000366,0,de0f393a,Windows-AMD64
crude_blend,1000,p251,8b785238423400708bcd8d67abe195e141cdc63b55a005803d3dd0f543b8ea40,264.550737254,264.550737254,separate single solve,0.0,0.0,optimal,yes,yes,0.000039,0.000347,0,de0f393a,Windows-AMD64
crude_blend,1000,p252,8b785238423400708bcd8d67abe195e141cdc63b55a005803d3dd0f543b8ea40,186.56625267,186.56625267,separate single solve,0.0,0.0,optimal,yes,yes,0.000038,0.000340,0,de0f393a,Windows-AMD64
crude_blend,1000,p253,8b785238423400708bcd8d67abe195e141cdc63b55a005803d3dd0f543b8ea40,-50.0782676784,-50.0782676784,separate single solve,0.0,0.0,optimal,yes,yes,0.000042,0.000345,0,de0f393a,Windows-AMD64
crude_blend,1000,p254,8b785238423400708bcd8d67abe195e141cdc63b55a005803d3dd0f543b8ea40,430.537181168,430.537181168,separate single solve,0.0,0.0,optimal,yes,yes,0.000038,0.000341,0,de0f393a,Windows-AMD64
crude_blend,1000,p255,8b785238423400708bcd8d67abe195e141cdc63b55a005803d3dd0f543b8ea40,336.624278716,336.624278716,separate single solve,0.0,0.0,optimal,yes,yes,0.000038,0.000359,0,de0f393a,Windows-AMD64
crude_blend,1000,p256,8b785238423400708bcd8d67abe195e141cdc63b55a005803d3dd0f543b8ea40,294.575043914,294.575043914,separate single solve,0.0,0.0,optimal,yes,yes,0.000041,0.000358,0,de0f393a,Windows-AMD64
crude_blend,1000,p257,8b785238423400708bcd8d67abe195e141cdc63b55a005803d3dd0f543b8ea40,129.848514194,129.848514194,separate single solve,0.0,0.0,optimal,yes,yes,0.000054,0.000350,1,de0f393a,Windows-AMD64
crude_blend,1000,p258,8b785238423400708bcd8d67abe195e141cdc63b55a005803d3dd0f543b8ea40,158.978059877,158.978059877,separate single solve,0.0,0.0,optimal,yes,yes,0.000058,0.000344,3,de0f393a,Windows-AMD64
crude_blend,1000,p259,8b785238423400708bcd8d67abe195e141cdc63b55a005803d3dd0f543b8ea40,57.486281873,57.486281873,separate single solve,0.0,0.0,optimal,yes,yes,0.000038,0.000342,0,de0f393a,Windows-AMD64
crude_blend,1000,p260,8b785238423400708bcd8d67abe195e141cdc63b55a005803d3dd0f543b8ea40,344.149841111,344.149841111,separate single solve,0.0,0.0,optimal,yes,yes,0.000054,0.000344,2,de0f393a,Windows-AMD64
crude_blend,1000,p261,8b785238423400708bcd8d67abe195e141cdc63b55a005803d3dd0f543b8ea40,346.323787735,346.323787735,separate single solve,0.0,0.0,optimal,yes,yes,0.000053,0.000342,1,de0f393a,Windows-AMD64
crude_blend,1000,p262,8b785238423400708bcd8d67abe195e141cdc63b55a005803d3dd0f543b8ea40,293.287340867,293.287340867,separate single solve,0.0,0.0,optimal,yes,yes,0.000055,0.000370,1,de0f393a,Windows-AMD64
crude_blend,1000,p263,8b785238423400708bcd8d67abe195e141cdc63b55a005803d3dd0f543b8ea40,339.44260132,339.44260132,separate single solve,0.0,0.0,optimal,yes,yes,0.000056,0.000341,3,de0f393a,Windows-AMD64
crude_blend,1000,p264,8b785238423400708bcd8d67abe195e141cdc63b55a005803d3dd0f543b8ea40,394.419570949,394.419570949,separate single solve,0.0,0.0,optimal,yes,yes,0.000039,0.000347,0,de0f393a,Windows-AMD64
crude_blend,1000,p265,8b785238423400708bcd8d67abe195e141cdc63b55a005803d3dd0f543b8ea40,167.848022681,167.848022681,separate single solve,0.0,0.0,optimal,yes,yes,0.000041,0.000342,0,de0f393a,Windows-AMD64
crude_blend,1000,p266,8b785238423400708bcd8d67abe195e141cdc63b55a005803d3dd0f543b8ea40,192.172289366,192.172289366,separate single solve,0.0,0.0,optimal,yes,yes,0.000059,0.000343,3,de0f393a,Windows-AMD64
crude_blend,1000,p267,8b785238423400708bcd8d67abe195e141cdc63b55a005803d3dd0f543b8ea40,330.957255372,330.957255372,separate single solve,0.0,0.0,optimal,yes,yes,0.000054,0.000345,1,de0f393a,Windows-AMD64
crude_blend,1000,p268,8b785238423400708bcd8d67abe195e141cdc63b55a005803d3dd0f543b8ea40,345.716966667,345.716966667,separate single solve,0.0,0.0,optimal,yes,yes,0.000054,0.000366,2,de0f393a,Windows-AMD64
crude_blend,1000,p269,8b785238423400708bcd8d67abe195e141cdc63b55a005803d3dd0f543b8ea40,360.655278908,360.655278908,separate single solve,0.0,0.0,optimal,yes,yes,0.000041,0.000340,0,de0f393a,Windows-AMD64
crude_blend,1000,p270,8b785238423400708bcd8d67abe195e141cdc63b55a005803d3dd0f543b8ea40,279.922355184,279.922355184,separate single solve,0.0,0.0,optimal,yes,yes,0.000067,0.000343,3,de0f393a,Windows-AMD64
crude_blend,1000,p271,8b785238423400708bcd8d67abe195e141cdc63b55a005803d3dd0f543b8ea40,37.8959051081,37.8959051081,separate single solve,0.0,0.0,optimal,yes,yes,0.000040,0.000345,0,de0f393a,Windows-AMD64
crude_blend,1000,p272,8b785238423400708bcd8d67abe195e141cdc63b55a005803d3dd0f543b8ea40,355.036716447,355.036716447,separate single solve,0.0,0.0,optimal,yes,yes,0.000056,0.000338,1,de0f393a,Windows-AMD64
crude_blend,1000,p273,8b785238423400708bcd8d67abe195e141cdc63b55a005803d3dd0f543b8ea40,174.252818908,174.252818908,separate single solve,0.0,0.0,optimal,yes,yes,0.000040,0.000350,0,de0f393a,Windows-AMD64
crude_blend,1000,p274,8b785238423400708bcd8d67abe195e141cdc63b55a005803d3dd0f543b8ea40,424.049538349,424.049538349,separate single solve,0.0,0.0,optimal,yes,yes,0.000041,0.000345,0,de0f393a,Windows-AMD64
crude_blend,1000,p275,8b785238423400708bcd8d67abe195e141cdc63b55a005803d3dd0f543b8ea40,94.4336919216,94.4336919216,separate single solve,0.0,0.0,optimal,yes,yes,0.000038,0.000345,0,de0f393a,Windows-AMD64
crude_blend,1000,p276,8b785238423400708bcd8d67abe195e141cdc63b55a005803d3dd0f543b8ea40,115.176869068,115.176869068,separate single solve,0.0,0.0,optimal,yes,yes,0.000058,0.000345,3,de0f393a,Windows-AMD64
crude_blend,1000,p277,8b785238423400708bcd8d67abe195e141cdc63b55a005803d3dd0f543b8ea40,275.979385395,275.979385395,separate single solve,0.0,0.0,optimal,yes,yes,0.000055,0.000341,1,de0f393a,Windows-AMD64
crude_blend,1000,p278,8b785238423400708bcd8d67abe195e141cdc63b55a005803d3dd0f543b8ea40,3.71985355556,3.71985355556,separate single solve,0.0,0.0,optimal,yes,yes,0.000056,0.000338,2,de0f393a,Windows-AMD64
crude_blend,1000,p279,8b785238423400708bcd8d67abe195e141cdc63b55a005803d3dd0f543b8ea40,381.300548447,381.300548447,separate single solve,0.0,0.0,optimal,yes,yes,0.000059,0.000359,3,de0f393a,Windows-AMD64
crude_blend,1000,p280,8b785238423400708bcd8d67abe195e141cdc63b55a005803d3dd0f543b8ea40,385.170137333,385.170137333,separate single solve,0.0,0.0,optimal,yes,yes,0.000054,0.000345,2,de0f393a,Windows-AMD64
crude_blend,1000,p281,8b785238423400708bcd8d67abe195e141cdc63b55a005803d3dd0f543b8ea40,280.192609854,280.192609854,separate single solve,0.0,0.0,optimal,yes,yes,0.000039,0.000346,0,de0f393a,Windows-AMD64
crude_blend,1000,p282,8b785238423400708bcd8d67abe195e141cdc63b55a005803d3dd0f543b8ea40,338.759300939,338.759300939,separate single solve,0.0,0.0,optimal,yes,yes,0.000060,0.000350,3,de0f393a,Windows-AMD64
crude_blend,1000,p283,8b785238423400708bcd8d67abe195e141cdc63b55a005803d3dd0f543b8ea40,269.18066,269.18066,separate single solve,0.0,0.0,optimal,yes,yes,0.000055,0.000351,2,de0f393a,Windows-AMD64
crude_blend,1000,p284,8b785238423400708bcd8d67abe195e141cdc63b55a005803d3dd0f543b8ea40,191.501894342,191.501894342,separate single solve,0.0,0.0,optimal,yes,yes,0.000055,0.000347,1,de0f393a,Windows-AMD64
crude_blend,1000,p285,8b785238423400708bcd8d67abe195e141cdc63b55a005803d3dd0f543b8ea40,37.3798630227,37.3798630227,separate single solve,0.0,0.0,optimal,yes,yes,0.000057,0.000357,1,de0f393a,Windows-AMD64
crude_blend,1000,p286,8b785238423400708bcd8d67abe195e141cdc63b55a005803d3dd0f543b8ea40,218.219918414,218.219918414,separate single solve,0.0,0.0,optimal,yes,yes,0.000058,0.000344,1,de0f393a,Windows-AMD64
crude_blend,1000,p287,8b785238423400708bcd8d67abe195e141cdc63b55a005803d3dd0f543b8ea40,360.623865981,360.623865981,separate single solve,0.0,0.0,optimal,yes,yes,0.000043,0.000359,0,de0f393a,Windows-AMD64
crude_blend,1000,p288,8b785238423400708bcd8d67abe195e141cdc63b55a005803d3dd0f543b8ea40,84.6142829108,84.6142829108,separate single solve,0.0,0.0,optimal,yes,yes,0.000044,0.000354,0,de0f393a,Windows-AMD64
crude_blend,1000,p289,8b785238423400708bcd8d67abe195e141cdc63b55a005803d3dd0f543b8ea40,304.964808667,304.964808667,separate single solve,0.0,0.0,optimal,yes,yes,0.000059,0.000356,2,de0f393a,Windows-AMD64
crude_blend,1000,p290,8b785238423400708bcd8d67abe195e141cdc63b55a005803d3dd0f543b8ea40,362.529862874,362.529862874,separate single solve,0.0,0.0,optimal,yes,yes,0.000062,0.000348,1,de0f393a,Windows-AMD64
crude_blend,1000,p291,8b785238423400708bcd8d67abe195e141cdc63b55a005803d3dd0f543b8ea40,293.027938889,293.027938889,separate single solve,0.0,0.0,optimal,yes,yes,0.000061,0.000355,2,de0f393a,Windows-AMD64
crude_blend,1000,p292,8b785238423400708bcd8d67abe195e141cdc63b55a005803d3dd0f543b8ea40,376.188759522,376.188759522,separate single solve,0.0,0.0,optimal,yes,yes,0.000043,0.000350,0,de0f393a,Windows-AMD64
crude_blend,1000,p293,8b785238423400708bcd8d67abe195e141cdc63b55a005803d3dd0f543b8ea40,124.393246444,124.393246444,separate single solve,0.0,0.0,optimal,yes,yes,0.000058,0.000340,2,de0f393a,Windows-AMD64
crude_blend,1000,p294,8b785238423400708bcd8d67abe195e141cdc63b55a005803d3dd0f543b8ea40,263.409833832,263.409833832,separate single solve,0.0,0.0,optimal,yes,yes,0.000055,0.000342,1,de0f393a,Windows-AMD64
crude_blend,1000,p295,8b785238423400708bcd8d67abe195e141cdc63b55a005803d3dd0f543b8ea40,187.258313051,187.258313051,separate single solve,0.0,0.0,optimal,yes,yes,0.000043,0.000340,0,de0f393a,Windows-AMD64
crude_blend,1000,p296,8b785238423400708bcd8d67abe195e141cdc63b55a005803d3dd0f543b8ea40,314.354600006,314.354600006,separate single solve,0.0,0.0,optimal,yes,yes,0.000059,0.000356,3,de0f393a,Windows-AMD64
crude_blend,1000,p297,8b785238423400708bcd8d67abe195e141cdc63b55a005803d3dd0f543b8ea40,229.409212878,229.409212878,separate single solve,0.0,0.0,optimal,yes,yes,0.000041,0.000363,0,de0f393a,Windows-AMD64
crude_blend,1000,p298,8b785238423400708bcd8d67abe195e141cdc63b55a005803d3dd0f543b8ea40,193.449764365,193.449764365,separate single solve,0.0,0.0,optimal,yes,yes,0.000038,0.000354,0,de0f393a,Windows-AMD64
crude_blend,1000,p299,8b785238423400708bcd8d67abe195e141cdc63b55a005803d3dd0f543b8ea40,337.751730427,337.751730427,separate single solve,0.0,0.0,optimal,yes,yes,0.000039,0.000502,0,de0f393a,Windows-AMD64
crude_blend,1000,p300,8b785238423400708bcd8d67abe195e141cdc63b55a005803d3dd0f543b8ea40,243.957957462,243.957957462,separate single solve,0.0,0.0,optimal,yes,yes,0.000042,0.000551,0,de0f393a,Windows-AMD64
crude_blend,1000,p301,8b785238423400708bcd8d67abe195e141cdc63b55a005803d3dd0f543b8ea40,214.821719532,214.821719532,separate single solve,0.0,0.0,optimal,yes,yes,0.000039,0.000314,0,de0f393a,Windows-AMD64
crude_blend,1000,p302,8b785238423400708bcd8d67abe195e141cdc63b55a005803d3dd0f543b8ea40,265.7165825,265.7165825,separate single solve,0.0,0.0,optimal,yes,yes,0.000055,0.000278,1,de0f393a,Windows-AMD64
crude_blend,1000,p303,8b785238423400708bcd8d67abe195e141cdc63b55a005803d3dd0f543b8ea40,450.387598903,450.387598903,separate single solve,0.0,0.0,optimal,yes,yes,0.000041,0.000275,0,de0f393a,Windows-AMD64
crude_blend,1000,p304,8b785238423400708bcd8d67abe195e141cdc63b55a005803d3dd0f543b8ea40,249.316680278,249.316680278,separate single solve,0.0,0.0,optimal,yes,yes,0.000041,0.000281,0,de0f393a,Windows-AMD64
crude_blend,1000,p305,8b785238423400708bcd8d67abe195e141cdc63b55a005803d3dd0f543b8ea40,290.260611521,290.260611521,separate single solve,0.0,0.0,optimal,yes,yes,0.000058,0.000275,3,de0f393a,Windows-AMD64
crude_blend,1000,p306,8b785238423400708bcd8d67abe195e141cdc63b55a005803d3dd0f543b8ea40,268.484760865,268.484760865,separate single solve,0.0,0.0,optimal,yes,yes,0.000039,0.000270,0,de0f393a,Windows-AMD64
crude_blend,1000,p307,8b785238423400708bcd8d67abe195e141cdc63b55a005803d3dd0f543b8ea40,262.810565014,262.810565014,separate single solve,0.0,0.0,optimal,yes,yes,0.000039,0.000269,0,de0f393a,Windows-AMD64
crude_blend,1000,p308,8b785238423400708bcd8d67abe195e141cdc63b55a005803d3dd0f543b8ea40,374.797320595,374.797320595,separate single solve,0.0,0.0,optimal,yes,yes,0.000062,0.000282,3,de0f393a,Windows-AMD64
crude_blend,1000,p309,8b785238423400708bcd8d67abe195e141cdc63b55a005803d3dd0f543b8ea40,235.436220289,235.436220289,separate single solve,0.0,0.0,optimal,yes,yes,0.000040,0.000272,0,de0f393a,Windows-AMD64
crude_blend,1000,p310,8b785238423400708bcd8d67abe195e141cdc63b55a005803d3dd0f543b8ea40,232.593268,232.593268,separate single solve,0.0,0.0,optimal,yes,yes,0.000076,0.000271,2,de0f393a,Windows-AMD64
crude_blend,1000,p311,8b785238423400708bcd8d67abe195e141cdc63b55a005803d3dd0f543b8ea40,83.4247454946,83.4247454946,separate single solve,0.0,0.0,optimal,yes,yes,0.000045,0.000280,0,de0f393a,Windows-AMD64
crude_blend,1000,p312,8b785238423400708bcd8d67abe195e141cdc63b55a005803d3dd0f543b8ea40,404.507078071,404.507078071,separate single solve,0.0,0.0,optimal,yes,yes,0.000062,0.000280,3,de0f393a,Windows-AMD64
crude_blend,1000,p313,8b785238423400708bcd8d67abe195e141cdc63b55a005803d3dd0f543b8ea40,329.426598168,329.426598168,separate single solve,0.0,0.0,optimal,yes,yes,0.000043,0.000272,0,de0f393a,Windows-AMD64
crude_blend,1000,p314,8b785238423400708bcd8d67abe195e141cdc63b55a005803d3dd0f543b8ea40,147.469315547,147.469315547,separate single solve,0.0,0.0,optimal,yes,yes,0.000061,0.000271,1,de0f393a,Windows-AMD64
crude_blend,1000,p315,8b785238423400708bcd8d67abe195e141cdc63b55a005803d3dd0f543b8ea40,-21.0359899135,-21.0359899135,separate single solve,0.0,0.0,optimal,yes,yes,0.000043,0.000433,0,de0f393a,Windows-AMD64
crude_blend,1000,p316,8b785238423400708bcd8d67abe195e141cdc63b55a005803d3dd0f543b8ea40,293.476338466,293.476338466,separate single solve,0.0,0.0,optimal,yes,yes,0.000054,0.000417,1,de0f393a,Windows-AMD64
crude_blend,1000,p317,8b785238423400708bcd8d67abe195e141cdc63b55a005803d3dd0f543b8ea40,265.888515838,265.888515838,separate single solve,0.0,0.0,optimal,yes,yes,0.000059,0.000392,3,de0f393a,Windows-AMD64
crude_blend,1000,p318,8b785238423400708bcd8d67abe195e141cdc63b55a005803d3dd0f543b8ea40,396.548386032,396.548386032,separate single solve,0.0,0.0,optimal,yes,yes,0.000038,0.000309,0,de0f393a,Windows-AMD64
crude_blend,1000,p319,8b785238423400708bcd8d67abe195e141cdc63b55a005803d3dd0f543b8ea40,259.645189314,259.645189314,separate single solve,0.0,0.0,optimal,yes,yes,0.000039,0.000298,0,de0f393a,Windows-AMD64
crude_blend,1000,p320,8b785238423400708bcd8d67abe195e141cdc63b55a005803d3dd0f543b8ea40,276.014211761,276.014211761,separate single solve,0.0,0.0,optimal,yes,yes,0.000053,0.000308,1,de0f393a,Windows-AMD64
crude_blend,1000,p321,8b785238423400708bcd8d67abe195e141cdc63b55a005803d3dd0f543b8ea40,432.118605549,432.118605549,separate single solve,0.0,0.0,optimal,yes,yes,0.000041,0.000304,0,de0f393a,Windows-AMD64
crude_blend,1000,p322,8b785238423400708bcd8d67abe195e141cdc63b55a005803d3dd0f543b8ea40,124.612261262,124.612261262,separate single solve,0.0,0.0,optimal,yes,yes,0.000057,0.000287,3,de0f393a,Windows-AMD64
crude_blend,1000,p323,8b785238423400708bcd8d67abe195e141cdc63b55a005803d3dd0f543b8ea40,329.190169249,329.190169249,separate single solve,0.0,0.0,optimal,yes,yes,0.000054,0.000304,1,de0f393a,Windows-AMD64
crude_blend,1000,p324,8b785238423400708bcd8d67abe195e141cdc63b55a005803d3dd0f543b8ea40,214.747749265,214.747749265,separate single solve,0.0,0.0,optimal,yes,yes,0.000039,0.000284,0,de0f393a,Windows-AMD64
crude_blend,1000,p325,8b785238423400708bcd8d67abe195e141cdc63b55a005803d3dd0f543b8ea40,355.832673333,355.832673333,separate single solve,0.0,0.0,optimal,yes,yes,0.000055,0.000288,2,de0f393a,Windows-AMD64
crude_blend,1000,p326,8b785238423400708bcd8d67abe195e141cdc63b55a005803d3dd0f543b8ea40,50.9599909459,50.9599909459,separate single solve,0.0,0.0,optimal,yes,yes,0.000040,0.000301,0,de0f393a,Windows-AMD64
crude_blend,1000,p327,8b785238423400708bcd8d67abe195e141cdc63b55a005803d3dd0f543b8ea40,400.303873055,400.303873055,separate single solve,0.0,0.0,optimal,yes,yes,0.000058,0.000279,3,de0f393a,Windows-AMD64
crude_blend,1000,p328,8b785238423400708bcd8d67abe195e141cdc63b55a005803d3dd0f543b8ea40,169.366783443,169.366783443,separate single solve,0.0,0.0,optimal,yes,yes,0.000054,0.000294,1,de0f393a,Windows-AMD64
crude_blend,1000,p329,8b785238423400708bcd8d67abe195e141cdc63b55a005803d3dd0f543b8ea40,267.231335922,267.231335922,separate single solve,0.0,0.0,optimal,yes,yes,0.000059,0.000295,3,de0f393a,Windows-AMD64
crude_blend,1000,p330,8b785238423400708bcd8d67abe195e141cdc63b55a005803d3dd0f543b8ea40,333.942564673,333.942564673,separate single solve,0.0,0.0,optimal,yes,yes,0.000057,0.000274,3,de0f393a,Windows-AMD64
crude_blend,1000,p331,8b785238423400708bcd8d67abe195e141cdc63b55a005803d3dd0f543b8ea40,176.06818527,176.06818527,separate single solve,0.0,0.0,optimal,yes,yes,0.000041,0.000290,0,de0f393a,Windows-AMD64
crude_blend,1000,p332,8b785238423400708bcd8d67abe195e141cdc63b55a005803d3dd0f543b8ea40,64.3574582946,64.3574582946,separate single solve,0.0,0.0,optimal,yes,yes,0.000043,0.000302,0,de0f393a,Windows-AMD64
crude_blend,1000,p333,8b785238423400708bcd8d67abe195e141cdc63b55a005803d3dd0f543b8ea40,258.996479883,258.996479883,separate single solve,0.0,0.0,optimal,yes,yes,0.000060,0.000273,3,de0f393a,Windows-AMD64
crude_blend,1000,p334,8b785238423400708bcd8d67abe195e141cdc63b55a005803d3dd0f543b8ea40,284.550673565,284.550673565,separate single solve,0.0,0.0,optimal,yes,yes,0.000041,0.000296,0,de0f393a,Windows-AMD64
crude_blend,1000,p335,8b785238423400708bcd8d67abe195e141cdc63b55a005803d3dd0f543b8ea40,414.631172,414.631172,separate single solve,0.0,0.0,optimal,yes,yes,0.000056,0.000282,1,de0f393a,Windows-AMD64
crude_blend,1000,p336,8b785238423400708bcd8d67abe195e141cdc63b55a005803d3dd0f543b8ea40,274.892900395,274.892900395,separate single solve,0.0,0.0,optimal,yes,yes,0.000055,0.000280,1,de0f393a,Windows-AMD64
crude_blend,1000,p337,8b785238423400708bcd8d67abe195e141cdc63b55a005803d3dd0f543b8ea40,423.988071294,423.988071294,separate single solve,0.0,0.0,optimal,yes,yes,0.000058,0.000289,3,de0f393a,Windows-AMD64
crude_blend,1000,p338,8b785238423400708bcd8d67abe195e141cdc63b55a005803d3dd0f543b8ea40,95.4877526378,95.4877526378,separate single solve,0.0,0.0,optimal,yes,yes,0.000042,0.000284,0,de0f393a,Windows-AMD64
crude_blend,1000,p339,8b785238423400708bcd8d67abe195e141cdc63b55a005803d3dd0f543b8ea40,263.472121793,263.472121793,separate single solve,0.0,0.0,optimal,yes,yes,0.000059,0.000281,3,de0f393a,Windows-AMD64
crude_blend,1000,p340,8b785238423400708bcd8d67abe195e141cdc63b55a005803d3dd0f543b8ea40,368.015473832,368.015473832,separate single solve,0.0,0.0,optimal,yes,yes,0.000042,0.000292,0,de0f393a,Windows-AMD64
crude_blend,1000,p341,8b785238423400708bcd8d67abe195e141cdc63b55a005803d3dd0f543b8ea40,292.787186968,292.787186968,separate single solve,0.0,0.0,optimal,yes,yes,0.000042,0.000286,0,de0f393a,Windows-AMD64
crude_blend,1000,p342,8b785238423400708bcd8d67abe195e141cdc63b55a005803d3dd0f543b8ea40,241.313019838,241.313019838,separate single solve,0.0,0.0,optimal,yes,yes,0.000058,0.000286,3,de0f393a,Windows-AMD64
crude_blend,1000,p343,8b785238423400708bcd8d67abe195e141cdc63b55a005803d3dd0f543b8ea40,272.925061346,272.925061346,separate single solve,0.0,0.0,optimal,yes,yes,0.000056,0.000287,1,de0f393a,Windows-AMD64
crude_blend,1000,p344,8b785238423400708bcd8d67abe195e141cdc63b55a005803d3dd0f543b8ea40,142.121824531,142.121824531,separate single solve,0.0,0.0,optimal,yes,yes,0.000059,0.000290,3,de0f393a,Windows-AMD64
crude_blend,1000,p345,8b785238423400708bcd8d67abe195e141cdc63b55a005803d3dd0f543b8ea40,149.910803974,149.910803974,separate single solve,0.0,0.0,optimal,yes,yes,0.000057,0.000294,1,de0f393a,Windows-AMD64
crude_blend,1000,p346,8b785238423400708bcd8d67abe195e141cdc63b55a005803d3dd0f543b8ea40,333.073994531,333.073994531,separate single solve,0.0,0.0,optimal,yes,yes,0.000059,0.000297,3,de0f393a,Windows-AMD64
crude_blend,1000,p347,8b785238423400708bcd8d67abe195e141cdc63b55a005803d3dd0f543b8ea40,249.153265914,249.153265914,separate single solve,0.0,0.0,optimal,yes,yes,0.000042,0.000304,0,de0f393a,Windows-AMD64
crude_blend,1000,p348,8b785238423400708bcd8d67abe195e141cdc63b55a005803d3dd0f543b8ea40,318.241069932,318.241069932,separate single solve,0.0,0.0,optimal,yes,yes,0.000050,0.000303,0,de0f393a,Windows-AMD64
crude_blend,1000,p349,8b785238423400708bcd8d67abe195e141cdc63b55a005803d3dd0f543b8ea40,107.448738859,107.448738859,separate single solve,0.0,0.0,optimal,yes,yes,0.000043,0.000304,0,de0f393a,Windows-AMD64
crude_blend,1000,p350,8b785238423400708bcd8d67abe195e141cdc63b55a005803d3dd0f543b8ea40,147.98323556,147.98323556,separate single solve,0.0,0.0,optimal,yes,yes,0.000062,0.000314,1,de0f393a,Windows-AMD64
crude_blend,1000,p351,8b785238423400708bcd8d67abe195e141cdc63b55a005803d3dd0f543b8ea40,101.144322808,101.144322808,separate single solve,0.0,0.0,optimal,yes,yes,0.000043,0.000381,0,de0f393a,Windows-AMD64
crude_blend,1000,p352,8b785238423400708bcd8d67abe195e141cdc63b55a005803d3dd0f543b8ea40,208.740264647,208.740264647,separate single solve,0.0,0.0,optimal,yes,yes,0.000061,0.000407,1,de0f393a,Windows-AMD64
crude_blend,1000,p353,8b785238423400708bcd8d67abe195e141cdc63b55a005803d3dd0f543b8ea40,336.875751551,336.875751551,separate single solve,0.0,0.0,optimal,yes,yes,0.000046,0.000401,0,de0f393a,Windows-AMD64
crude_blend,1000,p354,8b785238423400708bcd8d67abe195e141cdc63b55a005803d3dd0f543b8ea40,323.754992222,323.754992222,separate single solve,0.0,0.0,optimal,yes,yes,0.000059,0.000406,2,de0f393a,Windows-AMD64
crude_blend,1000,p355,8b785238423400708bcd8d67abe195e141cdc63b55a005803d3dd0f543b8ea40,354.157462303,354.157462303,separate single solve,0.0,0.0,optimal,yes,yes,0.000042,0.000408,0,de0f393a,Windows-AMD64
crude_blend,1000,p356,8b785238423400708bcd8d67abe195e141cdc63b55a005803d3dd0f543b8ea40,305.224858219,305.224858219,separate single solve,0.0,0.0,optimal,yes,yes,0.000038,0.000404,0,de0f393a,Windows-AMD64
crude_blend,1000,p357,8b785238423400708bcd8d67abe195e141cdc63b55a005803d3dd0f543b8ea40,137.888271825,137.888271825,separate single solve,0.0,0.0,optimal,yes,yes,0.000055,0.000402,1,de0f393a,Windows-AMD64
crude_blend,1000,p358,8b785238423400708bcd8d67abe195e141cdc63b55a005803d3dd0f543b8ea40,19.991266273,19.991266273,separate single solve,0.0,0.0,optimal,yes,yes,0.000042,0.000389,0,de0f393a,Windows-AMD64
crude_blend,1000,p359,8b785238423400708bcd8d67abe195e141cdc63b55a005803d3dd0f543b8ea40,240.364603631,240.364603631,separate single solve,0.0,0.0,optimal,yes,yes,0.000058,0.000386,3,de0f393a,Windows-AMD64
crude_blend,1000,p360,8b785238423400708bcd8d67abe195e141cdc63b55a005803d3dd0f543b8ea40,51.4746857838,51.4746857838,separate single solve,0.0,0.0,optimal,yes,yes,0.000040,0.000414,0,de0f393a,Windows-AMD64
crude_blend,1000,p361,8b785238423400708bcd8d67abe195e141cdc63b55a005803d3dd0f543b8ea40,222.796761842,222.796761842,separate single solve,0.0,0.0,optimal,yes,yes,0.000054,0.000385,1,de0f393a,Windows-AMD64
crude_blend,1000,p362,8b785238423400708bcd8d67abe195e141cdc63b55a005803d3dd0f543b8ea40,191.821191465,191.821191465,separate single solve,0.0,0.0,optimal,yes,yes,0.000039,0.000389,0,de0f393a,Windows-AMD64
crude_blend,1000,p363,8b785238423400708bcd8d67abe195e141cdc63b55a005803d3dd0f543b8ea40,413.871009984,413.871009984,separate single solve,0.0,0.0,optimal,yes,yes,0.000041,0.000379,0,de0f393a,Windows-AMD64
crude_blend,1000,p364,8b785238423400708bcd8d67abe195e141cdc63b55a005803d3dd0f543b8ea40,264.865027139,264.865027139,separate single solve,0.0,0.0,optimal,yes,yes,0.000054,0.000390,1,de0f393a,Windows-AMD64
crude_blend,1000,p365,8b785238423400708bcd8d67abe195e141cdc63b55a005803d3dd0f543b8ea40,241.333581307,241.333581307,separate single solve,0.0,0.0,optimal,yes,yes,0.000059,0.000395,3,de0f393a,Windows-AMD64
crude_blend,1000,p366,8b785238423400708bcd8d67abe195e141cdc63b55a005803d3dd0f543b8ea40,416.525513556,416.525513556,separate single solve,0.0,0.0,optimal,yes,yes,0.000055,0.000383,2,de0f393a,Windows-AMD64
crude_blend,1000,p367,8b785238423400708bcd8d67abe195e141cdc63b55a005803d3dd0f543b8ea40,308.679665168,308.679665168,separate single solve,0.0,0.0,optimal,yes,yes,0.000042,0.000381,0,de0f393a,Windows-AMD64
crude_blend,1000,p368,8b785238423400708bcd8d67abe195e141cdc63b55a005803d3dd0f543b8ea40,366.022308444,366.022308444,separate single solve,0.0,0.0,optimal,yes,yes,0.000054,0.000378,2,de0f393a,Windows-AMD64
crude_blend,1000,p369,8b785238423400708bcd8d67abe195e141cdc63b55a005803d3dd0f543b8ea40,426.022563903,426.022563903,separate single solve,0.0,0.0,optimal,yes,yes,0.000055,0.000391,1,de0f393a,Windows-AMD64
crude_blend,1000,p370,8b785238423400708bcd8d67abe195e141cdc63b55a005803d3dd0f543b8ea40,307.156555322,307.156555322,separate single solve,0.0,0.0,optimal,yes,yes,0.000044,0.000382,0,de0f393a,Windows-AMD64
crude_blend,1000,p371,8b785238423400708bcd8d67abe195e141cdc63b55a005803d3dd0f543b8ea40,178.479886019,178.479886019,separate single solve,0.0,0.0,optimal,yes,yes,0.000043,0.000409,0,de0f393a,Windows-AMD64
crude_blend,1000,p372,8b785238423400708bcd8d67abe195e141cdc63b55a005803d3dd0f543b8ea40,209.942667632,209.942667632,separate single solve,0.0,0.0,optimal,yes,yes,0.000041,0.000393,0,de0f393a,Windows-AMD64
crude_blend,1000,p373,8b785238423400708bcd8d67abe195e141cdc63b55a005803d3dd0f543b8ea40,420.305364175,420.305364175,separate single solve,0.0,0.0,optimal,yes,yes,0.000074,0.000381,1,de0f393a,Windows-AMD64
crude_blend,1000,p374,8b785238423400708bcd8d67abe195e141cdc63b55a005803d3dd0f543b8ea40,312.153315191,312.153315191,separate single solve,0.0,0.0,optimal,yes,yes,0.000064,0.000385,3,de0f393a,Windows-AMD64
crude_blend,1000,p375,8b785238423400708bcd8d67abe195e141cdc63b55a005803d3dd0f543b8ea40,391.958036317,391.958036317,separate single solve,0.0,0.0,optimal,yes,yes,0.000059,0.000391,1,de0f393a,Windows-AMD64
crude_blend,1000,p376,8b785238423400708bcd8d67abe195e141cdc63b55a005803d3dd0f543b8ea40,237.939823896,237.939823896,separate single solve,0.0,0.0,optimal,yes,yes,0.000054,0.000409,1,de0f393a,Windows-AMD64
crude_blend,1000,p377,8b785238423400708bcd8d67abe195e141cdc63b55a005803d3dd0f543b8ea40,74.8543659741,74.8543659741,separate single solve,0.0,0.0,optimal,yes,yes,0.000055,0.000394,1,de0f393a,Windows-AMD64
crude_blend,1000,p378,8b785238423400708bcd8d67abe195e141cdc63b55a005803d3dd0f543b8ea40,206.467343778,206.467343778,separate single solve,0.0,0.0,optimal,yes,yes,0.000054,0.000410,2,de0f393a,Windows-AMD64
crude_blend,1000,p379,8b785238423400708bcd8d67abe195e141cdc63b55a005803d3dd0f543b8ea40,445.611960492,445.611960492,separate single solve,0.0,0.0,optimal,yes,yes,0.000056,0.000396,1,de0f393a,Windows-AMD64
crude_blend,1000,p380,8b785238423400708bcd8d67abe195e141cdc63b55a005803d3dd0f543b8ea40,370.005956168,370.005956168,separate single solve,0.0,0.0,optimal,yes,yes,0.000065,0.000403,1,de0f393a,Windows-AMD64
crude_blend,1000,p381,8b785238423400708bcd8d67abe195e141cdc63b55a005803d3dd0f543b8ea40,168.551635938,168.551635938,separate single solve,0.0,0.0,optimal,yes,yes,0.000042,0.000376,0,de0f393a,Windows-AMD64
crude_blend,1000,p382,8b785238423400708bcd8d67abe195e141cdc63b55a005803d3dd0f543b8ea40,307.877434065,307.877434065,separate single solve,0.0,0.0,optimal,yes,yes,0.000064,0.000358,3,de0f393a,Windows-AMD64
crude_blend,1000,p383,8b785238423400708bcd8d67abe195e141cdc63b55a005803d3dd0f543b8ea40,268.67894422,268.67894422,separate single solve,0.0,0.0,optimal,yes,yes,0.000057,0.000359,1,de0f393a,Windows-AMD64
crude_blend,1000,p384,8b785238423400708bcd8d67abe195e141cdc63b55a005803d3dd0f543b8ea40,151.380473107,151.380473107,separate single solve,0.0,0.0,optimal,yes,yes,0.000057,0.000360,1,de0f393a,Windows-AMD64
crude_blend,1000,p385,8b785238423400708bcd8d67abe195e141cdc63b55a005803d3dd0f543b8ea40,407.46500765,407.46500765,separate single solve,0.0,0.0,optimal,yes,yes,0.000088,0.000378,1,de0f393a,Windows-AMD64
crude_blend,1000,p386,8b785238423400708bcd8d67abe195e141cdc63b55a005803d3dd0f543b8ea40,268.055016265,268.055016265,separate single solve,0.0,0.0,optimal,yes,yes,0.000060,0.000374,1,de0f393a,Windows-AMD64
crude_blend,1000,p387,8b785238423400708bcd8d67abe195e141cdc63b55a005803d3dd0f543b8ea40,300.047747886,300.047747886,separate single solve,0.0,0.0,optimal,yes,yes,0.000039,0.000360,0,de0f393a,Windows-AMD64
crude_blend,1000,p388,8b785238423400708bcd8d67abe195e141cdc63b55a005803d3dd0f543b8ea40,154.289860095,154.289860095,separate single solve,0.0,0.0,optimal,yes,yes,0.000041,0.000358,0,de0f393a,Windows-AMD64
crude_blend,1000,p389,8b785238423400708bcd8d67abe195e141cdc63b55a005803d3dd0f543b8ea40,208.841344811,208.841344811,separate single solve,0.0,0.0,optimal,yes,yes,0.000041,0.000355,0,de0f393a,Windows-AMD64
crude_blend,1000,p390,8b785238423400708bcd8d67abe195e141cdc63b55a005803d3dd0f543b8ea40,394.868103111,394.868103111,separate single solve,0.0,0.0,optimal,yes,yes,0.000055,0.000358,2,de0f393a,Windows-AMD64
crude_blend,1000,p391,8b785238423400708bcd8d67abe195e141cdc63b55a005803d3dd0f543b8ea40,299.782115508,299.782115508,separate single solve,0.0,0.0,optimal,yes,yes,0.000039,0.000359,0,de0f393a,Windows-AMD64
crude_blend,1000,p392,8b785238423400708bcd8d67abe195e141cdc63b55a005803d3dd0f543b8ea40,175.761582454,175.761582454,separate single solve,0.0,0.0,optimal,yes,yes,0.000043,0.000462,0,de0f393a,Windows-AMD64
crude_blend,1000,p393,8b785238423400708bcd8d67abe195e141cdc63b55a005803d3dd0f543b8ea40,178.137996889,178.137996889,separate single solve,0.0,0.0,optimal,yes,yes,0.000053,0.000384,2,de0f393a,Windows-AMD64
crude_blend,1000,p394,8b785238423400708bcd8d67abe195e141cdc63b55a005803d3dd0f543b8ea40,300.969395263,300.969395263,separate single solve,0.0,0.0,optimal,yes,yes,0.000054,0.000312,1,de0f393a,Windows-AMD64
crude_blend,1000,p395,8b785238423400708bcd8d67abe195e141cdc63b55a005803d3dd0f543b8ea40,324.797276222,324.797276222,separate single solve,0.0,0.0,optimal,yes,yes,0.000053,0.000367,2,de0f393a,Windows-AMD64
crude_blend,1000,p396,8b785238423400708bcd8d67abe195e141cdc63b55a005803d3dd0f543b8ea40,189.461605778,189.461605778,separate single solve,0.0,0.0,optimal,yes,yes,0.000053,0.000381,2,de0f393a,Windows-AMD64
crude_blend,1000,p397,8b785238423400708bcd8d67abe195e141cdc63b55a005803d3dd0f543b8ea40,149.89232927,149.89232927,separate single solve,0.0,0.0,optimal,yes,yes,0.000037,0.000395,0,de0f393a,Windows-AMD64
crude_blend,1000,p398,8b785238423400708bcd8d67abe195e141cdc63b55a005803d3dd0f543b8ea40,477.235779392,477.235779392,separate single solve,0.0,0.0,optimal,yes,yes,0.000042,0.000396,0,de0f393a,Windows-AMD64
crude_blend,1000,p399,8b785238423400708bcd8d67abe195e141cdc63b55a005803d3dd0f543b8ea40,263.206217584,263.206217584,separate single solve,0.0,0.0,optimal,yes,yes,0.000040,0.000380,0,de0f393a,Windows-AMD64
crude_blend,1000,p400,8b785238423400708bcd8d67abe195e141cdc63b55a005803d3dd0f543b8ea40,312.640054527,312.640054527,separate single solve,0.0,0.0,optimal,yes,yes,0.000041,0.000378,0,de0f393a,Windows-AMD64
crude_blend,1000,p401,8b785238423400708bcd8d67abe195e141cdc63b55a005803d3dd0f543b8ea40,179.064273773,179.064273773,separate single solve,0.0,0.0,optimal,yes,yes,0.000061,0.000376,1,de0f393a,Windows-AMD64
crude_blend,1000,p402,8b785238423400708bcd8d67abe195e141cdc63b55a005803d3dd0f543b8ea40,-2.28636171053,-2.28636171053,separate single solve,0.0,0.0,optimal,yes,yes,0.000054,0.000379,1,de0f393a,Windows-AMD64
crude_blend,1000,p403,8b785238423400708bcd8d67abe195e141cdc63b55a005803d3dd0f543b8ea40,205.259729049,205.259729049,separate single solve,0.0,0.0,optimal,yes,yes,0.000058,0.000370,3,de0f393a,Windows-AMD64
crude_blend,1000,p404,8b785238423400708bcd8d67abe195e141cdc63b55a005803d3dd0f543b8ea40,327.055641441,327.055641441,separate single solve,0.0,0.0,optimal,yes,yes,0.000041,0.000337,0,de0f393a,Windows-AMD64
crude_blend,1000,p405,8b785238423400708bcd8d67abe195e141cdc63b55a005803d3dd0f543b8ea40,404.459994805,404.459994805,separate single solve,0.0,0.0,optimal,yes,yes,0.000041,0.000286,0,de0f393a,Windows-AMD64
crude_blend,1000,p406,8b785238423400708bcd8d67abe195e141cdc63b55a005803d3dd0f543b8ea40,300.097732573,300.097732573,separate single solve,0.0,0.0,optimal,yes,yes,0.000039,0.000270,0,de0f393a,Windows-AMD64
crude_blend,1000,p407,8b785238423400708bcd8d67abe195e141cdc63b55a005803d3dd0f543b8ea40,182.303385741,182.303385741,separate single solve,0.0,0.0,optimal,yes,yes,0.000058,0.000267,1,de0f393a,Windows-AMD64
crude_blend,1000,p408,8b785238423400708bcd8d67abe195e141cdc63b55a005803d3dd0f543b8ea40,213.189115786,213.189115786,separate single solve,0.0,0.0,optimal,yes,yes,0.000064,0.000268,1,de0f393a,Windows-AMD64
crude_blend,1000,p409,8b785238423400708bcd8d67abe195e141cdc63b55a005803d3dd0f543b8ea40,159.0807474,159.0807474,separate single solve,0.0,0.0,optimal,yes,yes,0.000042,0.000286,0,de0f393a,Windows-AMD64
crude_blend,1000,p410,8b785238423400708bcd8d67abe195e141cdc63b55a005803d3dd0f543b8ea40,319.433877301,319.433877301,separate single solve,0.0,0.0,optimal,yes,yes,0.000063,0.000265,3,de0f393a,Windows-AMD64
crude_blend,1000,p411,8b785238423400708bcd8d67abe195e141cdc63b55a005803d3dd0f543b8ea40,48.8728843301,48.8728843301,separate single solve,0.0,0.0,optimal,yes,yes,0.000061,0.000292,1,de0f393a,Windows-AMD64
crude_blend,1000,p412,8b785238423400708bcd8d67abe195e141cdc63b55a005803d3dd0f543b8ea40,274.790825556,274.790825556,separate single solve,0.0,0.0,optimal,yes,yes,0.000060,0.000281,2,de0f393a,Windows-AMD64
crude_blend,1000,p413,8b785238423400708bcd8d67abe195e141cdc63b55a005803d3dd0f543b8ea40,376.150082189,376.150082189,separate single solve,0.0,0.0,optimal,yes,yes,0.000050,0.000270,0,de0f393a,Windows-AMD64
crude_blend,1000,p414,8b785238423400708bcd8d67abe195e141cdc63b55a005803d3dd0f543b8ea40,341.379462889,341.379462889,separate single solve,0.0,0.0,optimal,yes,yes,0.000060,0.000272,2,de0f393a,Windows-AMD64
crude_blend,1000,p415,8b785238423400708bcd8d67abe195e141cdc63b55a005803d3dd0f543b8ea40,272.777016889,272.777016889,separate single solve,0.0,0.0,optimal,yes,yes,0.000060,0.000278,2,de0f393a,Windows-AMD64
crude_blend,1000,p416,8b785238423400708bcd8d67abe195e141cdc63b55a005803d3dd0f543b8ea40,288.937934667,288.937934667,separate single solve,0.0,0.0,optimal,yes,yes,0.000055,0.000285,2,de0f393a,Windows-AMD64
crude_blend,1000,p417,8b785238423400708bcd8d67abe195e141cdc63b55a005803d3dd0f543b8ea40,34.1088475324,34.1088475324,separate single solve,0.0,0.0,optimal,yes,yes,0.000039,0.000271,0,de0f393a,Windows-AMD64
crude_blend,1000,p418,8b785238423400708bcd8d67abe195e141cdc63b55a005803d3dd0f543b8ea40,113.724801795,113.724801795,separate single solve,0.0,0.0,optimal,yes,yes,0.000041,0.000268,0,de0f393a,Windows-AMD64
crude_blend,1000,p419,8b785238423400708bcd8d67abe195e141cdc63b55a005803d3dd0f543b8ea40,301.725759778,301.725759778,separate single solve,0.0,0.0,optimal,yes,yes,0.000053,0.000269,2,de0f393a,Windows-AMD64
crude_blend,1000,p420,8b785238423400708bcd8d67abe195e141cdc63b55a005803d3dd0f543b8ea40,305.926185216,305.926185216,separate single solve,0.0,0.0,optimal,yes,yes,0.000039,0.000286,0,de0f393a,Windows-AMD64
crude_blend,1000,p421,8b785238423400708bcd8d67abe195e141cdc63b55a005803d3dd0f543b8ea40,354.136326667,354.136326667,separate single solve,0.0,0.0,optimal,yes,yes,0.000054,0.000269,2,de0f393a,Windows-AMD64
crude_blend,1000,p422,8b785238423400708bcd8d67abe195e141cdc63b55a005803d3dd0f543b8ea40,177.451800314,177.451800314,separate single solve,0.0,0.0,optimal,yes,yes,0.000042,0.000273,0,de0f393a,Windows-AMD64
crude_blend,1000,p423,8b785238423400708bcd8d67abe195e141cdc63b55a005803d3dd0f543b8ea40,388.475999737,388.475999737,separate single solve,0.0,0.0,optimal,yes,yes,0.000054,0.000292,1,de0f393a,Windows-AMD64
crude_blend,1000,p424,8b785238423400708bcd8d67abe195e141cdc63b55a005803d3dd0f543b8ea40,363.361833556,363.361833556,separate single solve,0.0,0.0,optimal,yes,yes,0.000054,0.000271,2,de0f393a,Windows-AMD64
crude_blend,1000,p425,8b785238423400708bcd8d67abe195e141cdc63b55a005803d3dd0f543b8ea40,298.173994285,298.173994285,separate single solve,0.0,0.0,optimal,yes,yes,0.000063,0.000276,1,de0f393a,Windows-AMD64
crude_blend,1000,p426,8b785238423400708bcd8d67abe195e141cdc63b55a005803d3dd0f543b8ea40,237.587793984,237.587793984,separate single solve,0.0,0.0,optimal,yes,yes,0.000042,0.000278,0,de0f393a,Windows-AMD64
crude_blend,1000,p427,8b785238423400708bcd8d67abe195e141cdc63b55a005803d3dd0f543b8ea40,218.824342667,218.824342667,separate single solve,0.0,0.0,optimal,yes,yes,0.000268,0.000276,1,de0f393a,Windows-AMD64
crude_blend,1000,p428,8b785238423400708bcd8d67abe195e141cdc63b55a005803d3dd0f543b8ea40,363.608085217,363.608085217,separate single solve,0.0,0.0,optimal,yes,yes,0.000192,0.000280,1,de0f393a,Windows-AMD64
crude_blend,1000,p429,8b785238423400708bcd8d67abe195e141cdc63b55a005803d3dd0f543b8ea40,33.2353692432,33.2353692432,separate single solve,0.0,0.0,optimal,yes,yes,0.000123,0.000282,0,de0f393a,Windows-AMD64
crude_blend,1000,p430,8b785238423400708bcd8d67abe195e141cdc63b55a005803d3dd0f543b8ea40,183.48931613,183.48931613,separate single solve,0.0,0.0,optimal,yes,yes,0.000097,0.000292,0,de0f393a,Windows-AMD64
crude_blend,1000,p431,8b785238423400708bcd8d67abe195e141cdc63b55a005803d3dd0f543b8ea40,178.506888314,178.506888314,separate single solve,0.0,0.0,optimal,yes,yes,0.000070,0.000285,0,de0f393a,Windows-AMD64
crude_blend,1000,p432,8b785238423400708bcd8d67abe195e141cdc63b55a005803d3dd0f543b8ea40,394.492105322,394.492105322,separate single solve,0.0,0.0,optimal,yes,yes,0.000066,0.000280,0,de0f393a,Windows-AMD64
crude_blend,1000,p433,8b785238423400708bcd8d67abe195e141cdc63b55a005803d3dd0f543b8ea40,220.049466142,220.049466142,separate single solve,0.0,0.0,optimal,yes,yes,0.000091,0.000282,1,de0f393a,Windows-AMD64
crude_blend,1000,p434,8b785238423400708bcd8d67abe195e141cdc63b55a005803d3dd0f543b8ea40,258.197109333,258.197109333,separate single solve,0.0,0.0,optimal,yes,yes,0.000098,0.000278,3,de0f393a,Windows-AMD64
crude_blend,1000,p435,8b785238423400708bcd8d67abe195e141cdc63b55a005803d3dd0f543b8ea40,265.398889333,265.398889333,separate single solve,0.0,0.0,optimal,yes,yes,0.000076,0.000294,2,de0f393a,Windows-AMD64
crude_blend,1000,p436,8b785238423400708bcd8d67abe195e141cdc63b55a005803d3dd0f543b8ea40,263.722109722,263.722109722,separate single solve,0.0,0.0,optimal,yes,yes,0.000113,0.000294,3,de0f393a,Windows-AMD64
crude_blend,1000,p437,8b785238423400708bcd8d67abe195e141cdc63b55a005803d3dd0f543b8ea40,134.405432447,134.405432447,separate single solve,0.0,0.0,optimal,yes,yes,0.000071,0.000321,3,de0f393a,Windows-AMD64
crude_blend,1000,p438,8b785238423400708bcd8d67abe195e141cdc63b55a005803d3dd0f543b8ea40,270.560531842,270.560531842,separate single solve,0.0,0.0,optimal,yes,yes,0.000060,0.000343,1,de0f393a,Windows-AMD64
crude_blend,1000,p439,8b785238423400708bcd8d67abe195e141cdc63b55a005803d3dd0f543b8ea40,121.988633398,121.988633398,separate single solve,0.0,0.0,optimal,yes,yes,0.000061,0.000285,3,de0f393a,Windows-AMD64
crude_blend,1000,p440,8b785238423400708bcd8d67abe195e141cdc63b55a005803d3dd0f543b8ea40,380.339737419,380.339737419,separate single solve,0.0,0.0,optimal,yes,yes,0.000040,0.000283,0,de0f393a,Windows-AMD64
crude_blend,1000,p441,8b785238423400708bcd8d67abe195e141cdc63b55a005803d3dd0f543b8ea40,337.120591379,337.120591379,separate single solve,0.0,0.0,optimal,yes,yes,0.000057,0.000299,3,de0f393a,Windows-AMD64
crude_blend,1000,p442,8b785238423400708bcd8d67abe195e141cdc63b55a005803d3dd0f543b8ea40,150.825736252,150.825736252,separate single solve,0.0,0.0,optimal,yes,yes,0.000055,0.000309,1,de0f393a,Windows-AMD64
crude_blend,1000,p443,8b785238423400708bcd8d67abe195e141cdc63b55a005803d3dd0f543b8ea40,304.609255605,304.609255605,separate single solve,0.0,0.0,optimal,yes,yes,0.000057,0.000292,3,de0f393a,Windows-AMD64
crude_blend,1000,p444,8b785238423400708bcd8d67abe195e141cdc63b55a005803d3dd0f543b8ea40,181.956670559,181.956670559,separate single solve,0.0,0.0,optimal,yes,yes,0.000038,0.000291,0,de0f393a,Windows-AMD64
crude_blend,1000,p445,8b785238423400708bcd8d67abe195e141cdc63b55a005803d3dd0f543b8ea40,269.920927502,269.920927502,separate single solve,0.0,0.0,optimal,yes,yes,0.000054,0.000281,1,de0f393a,Windows-AMD64
crude_blend,1000,p446,8b785238423400708bcd8d67abe195e141cdc63b55a005803d3dd0f543b8ea40,356.361546932,356.361546932,separate single solve,0.0,0.0,optimal,yes,yes,0.000039,0.000325,0,de0f393a,Windows-AMD64
crude_blend,1000,p447,8b785238423400708bcd8d67abe195e141cdc63b55a005803d3dd0f543b8ea40,218.112604778,218.112604778,separate single solve,0.0,0.0,optimal,yes,yes,0.000037,0.000347,0,de0f393a,Windows-AMD64
crude_blend,1000,p448,8b785238423400708bcd8d67abe195e141cdc63b55a005803d3dd0f543b8ea40,328.750416,328.750416,separate single solve,0.0,0.0,optimal,yes,yes,0.000038,0.000360,0,de0f393a,Windows-AMD64
crude_blend,1000,p449,8b785238423400708bcd8d67abe195e141cdc63b55a005803d3dd0f543b8ea40,307.935509211,307.935509211,separate single solve,0.0,0.0,optimal,yes,yes,0.000053,0.000315,1,de0f393a,Windows-AMD64
crude_blend,1000,p450,8b785238423400708bcd8d67abe195e141cdc63b55a005803d3dd0f543b8ea40,25.4846732432,25.4846732432,separate single solve,0.0,0.0,optimal,yes,yes,0.000042,0.000284,0,de0f393a,Windows-AMD64
crude_blend,1000,p451,8b785238423400708bcd8d67abe195e141cdc63b55a005803d3dd0f543b8ea40,286.053852895,286.053852895,separate single solve,0.0,0.0,optimal,yes,yes,0.000052,0.000259,1,de0f393a,Windows-AMD64
crude_blend,1000,p452,8b785238423400708bcd8d67abe195e141cdc63b55a005803d3dd0f543b8ea40,416.956740265,416.956740265,separate single solve,0.0,0.0,optimal,yes,yes,0.000062,0.000255,1,de0f393a,Windows-AMD64
crude_blend,1000,p453,8b785238423400708bcd8d67abe195e141cdc63b55a005803d3dd0f543b8ea40,402.420504289,402.420504289,separate single solve,0.0,0.0,optimal,yes,yes,0.000039,0.000255,0,de0f393a,Windows-AMD64
crude_blend,1000,p454,8b785238423400708bcd8d67abe195e141cdc63b55a005803d3dd0f543b8ea40,303.403258492,303.403258492,separate single solve,0.0,0.0,optimal,yes,yes,0.000057,0.000257,3,de0f393a,Windows-AMD64
crude_blend,1000,p455,8b785238423400708bcd8d67abe195e141cdc63b55a005803d3dd0f543b8ea40,391.301536375,391.301536375,separate single solve,0.0,0.0,optimal,yes,yes,0.000057,0.000259,1,de0f393a,Windows-AMD64
crude_blend,1000,p456,8b785238423400708bcd8d67abe195e141cdc63b55a005803d3dd0f543b8ea40,243.856526188,243.856526188,separate single solve,0.0,0.0,optimal,yes,yes,0.000054,0.000257,1,de0f393a,Windows-AMD64
crude_blend,1000,p457,8b785238423400708bcd8d67abe195e141cdc63b55a005803d3dd0f543b8ea40,352.621396281,352.621396281,separate single solve,0.0,0.0,optimal,yes,yes,0.000050,0.000255,0,de0f393a,Windows-AMD64
crude_blend,1000,p458,8b785238423400708bcd8d67abe195e141cdc63b55a005803d3dd0f543b8ea40,417.247491948,417.247491948,separate single solve,0.0,0.0,optimal,yes,yes,0.000056,0.000262,1,de0f393a,Windows-AMD64
crude_blend,1000,p459,8b785238423400708bcd8d67abe195e141cdc63b55a005803d3dd0f543b8ea40,354.87516673,354.87516673,separate single solve,0.0,0.0,optimal,yes,yes,0.000044,0.000257,0,de0f393a,Windows-AMD64
crude_blend,1000,p460,8b785238423400708bcd8d67abe195e141cdc63b55a005803d3dd0f543b8ea40,6.96261155556,6.96261155556,separate single solve,0.0,0.0,optimal,yes,yes,0.000061,0.000258,2,de0f393a,Windows-AMD64
crude_blend,1000,p461,8b785238423400708bcd8d67abe195e141cdc63b55a005803d3dd0f543b8ea40,207.379805243,207.379805243,separate single solve,0.0,0.0,optimal,yes,yes,0.000056,0.000260,1,de0f393a,Windows-AMD64
crude_blend,1000,p462,8b785238423400708bcd8d67abe195e141cdc63b55a005803d3dd0f543b8ea40,106.939070526,106.939070526,separate single solve,0.0,0.0,optimal,yes,yes,0.000056,0.000257,1,de0f393a,Windows-AMD64
crude_blend,1000,p463,8b785238423400708bcd8d67abe195e141cdc63b55a005803d3dd0f543b8ea40,161.614954706,161.614954706,separate single solve,0.0,0.0,optimal,yes,yes,0.000061,0.000261,1,de0f393a,Windows-AMD64
crude_blend,1000,p464,8b785238423400708bcd8d67abe195e141cdc63b55a005803d3dd0f543b8ea40,118.007205189,118.007205189,separate single solve,0.0,0.0,optimal,yes,yes,0.000042,0.000260,0,de0f393a,Windows-AMD64
crude_blend,1000,p465,8b785238423400708bcd8d67abe195e141cdc63b55a005803d3dd0f543b8ea40,115.516016711,115.516016711,separate single solve,0.0,0.0,optimal,yes,yes,0.000041,0.000262,0,de0f393a,Windows-AMD64
crude_blend,1000,p466,8b785238423400708bcd8d67abe195e141cdc63b55a005803d3dd0f543b8ea40,290.13984567,290.13984567,separate single solve,0.0,0.0,optimal,yes,yes,0.000058,0.000271,1,de0f393a,Windows-AMD64
crude_blend,1000,p467,8b785238423400708bcd8d67abe195e141cdc63b55a005803d3dd0f543b8ea40,305.92537679,305.92537679,separate single solve,0.0,0.0,optimal,yes,yes,0.000059,0.000264,3,de0f393a,Windows-AMD64
crude_blend,1000,p468,8b785238423400708bcd8d67abe195e141cdc63b55a005803d3dd0f543b8ea40,120.441412291,120.441412291,separate single solve,0.0,0.0,optimal,yes,yes,0.000061,0.000265,3,de0f393a,Windows-AMD64
crude_blend,1000,p469,8b785238423400708bcd8d67abe195e141cdc63b55a005803d3dd0f543b8ea40,234.896540278,234.896540278,separate single solve,0.0,0.0,optimal,yes,yes,0.000059,0.000264,1,de0f393a,Windows-AMD64
crude_blend,1000,p470,8b785238423400708bcd8d67abe195e141cdc63b55a005803d3dd0f543b8ea40,354.900185612,354.900185612,separate single solve,0.0,0.0,optimal,yes,yes,0.000067,0.000264,1,de0f393a,Windows-AMD64
crude_blend,1000,p471,8b785238423400708bcd8d67abe195e141cdc63b55a005803d3dd0f543b8ea40,202.198751333,202.198751333,separate single solve,0.0,0.0,optimal,yes,yes,0.000062,0.000259,2,de0f393a,Windows-AMD64
crude_blend,1000,p472,8b785238423400708bcd8d67abe195e141cdc63b55a005803d3dd0f543b8ea40,193.452283816,193.452283816,separate single solve,0.0,0.0,optimal,yes,yes,0.000060,0.000288,1,de0f393a,Windows-AMD64
crude_blend,1000,p473,8b785238423400708bcd8d67abe195e141cdc63b55a005803d3dd0f543b8ea40,334.280550285,334.280550285,separate single solve,0.0,0.0,optimal,yes,yes,0.000068,0.000289,1,de0f393a,Windows-AMD64
crude_blend,1000,p474,8b785238423400708bcd8d67abe195e141cdc63b55a005803d3dd0f543b8ea40,263.965001333,263.965001333,separate single solve,0.0,0.0,optimal,yes,yes,0.000063,0.000265,2,de0f393a,Windows-AMD64
crude_blend,1000,p475,8b785238423400708bcd8d67abe195e141cdc63b55a005803d3dd0f543b8ea40,-61.5370401216,-61.5370401216,separate single solve,0.0,0.0,optimal,yes,yes,0.000047,0.000268,0,de0f393a,Windows-AMD64
crude_blend,1000,p476,8b785238423400708bcd8d67abe195e141cdc63b55a005803d3dd0f543b8ea40,312.260178532,312.260178532,separate single solve,0.0,0.0,optimal,yes,yes,0.000048,0.000288,0,de0f393a,Windows-AMD64
crude_blend,1000,p477,8b785238423400708bcd8d67abe195e141cdc63b55a005803d3dd0f543b8ea40,277.767050492,277.767050492,separate single solve,0.0,0.0,optimal,yes,yes,0.000041,0.000269,0,de0f393a,Windows-AMD64
crude_blend,1000,p478,8b785238423400708bcd8d67abe195e141cdc63b55a005803d3dd0f543b8ea40,424.985418149,424.985418149,separate single solve,0.0,0.0,optimal,yes,yes,0.000038,0.000269,0,de0f393a,Windows-AMD64
crude_blend,1000,p479,8b785238423400708bcd8d67abe195e141cdc63b55a005803d3dd0f543b8ea40,277.84243378,277.84243378,separate single solve,0.0,0.0,optimal,yes,yes,0.000057,0.000271,3,de0f393a,Windows-AMD64
crude_blend,1000,p480,8b785238423400708bcd8d67abe195e141cdc63b55a005803d3dd0f543b8ea40,330.105476,330.105476,separate single solve,0.0,0.0,optimal,yes,yes,0.000055,0.000276,2,de0f393a,Windows-AMD64
crude_blend,1000,p481,8b785238423400708bcd8d67abe195e141cdc63b55a005803d3dd0f543b8ea40,277.928641152,277.928641152,separate single solve,0.0,0.0,optimal,yes,yes,0.000053,0.000266,1,de0f393a,Windows-AMD64
crude_blend,1000,p482,8b785238423400708bcd8d67abe195e141cdc63b55a005803d3dd0f543b8ea40,192.178058832,192.178058832,separate single solve,0.0,0.0,optimal,yes,yes,0.000039,0.000248,0,de0f393a,Windows-AMD64
crude_blend,1000,p483,8b785238423400708bcd8d67abe195e141cdc63b55a005803d3dd0f543b8ea40,194.41628435,194.41628435,separate single solve,0.0,0.0,optimal,yes,yes,0.000053,0.000246,1,de0f393a,Windows-AMD64
crude_blend,1000,p484,8b785238423400708bcd8d67abe195e141cdc63b55a005803d3dd0f543b8ea40,81.0213660453,81.0213660453,separate single solve,0.0,0.0,optimal,yes,yes,0.000060,0.000248,3,de0f393a,Windows-AMD64
crude_blend,1000,p485,8b785238423400708bcd8d67abe195e141cdc63b55a005803d3dd0f543b8ea40,179.467940689,179.467940689,separate single solve,0.0,0.0,optimal,yes,yes,0.000042,0.000254,0,de0f393a,Windows-AMD64
crude_blend,1000,p486,8b785238423400708bcd8d67abe195e141cdc63b55a005803d3dd0f543b8ea40,331.067629286,331.067629286,separate single solve,0.0,0.0,optimal,yes,yes,0.000040,0.000257,0,de0f393a,Windows-AMD64
crude_blend,1000,p487,8b785238423400708bcd8d67abe195e141cdc63b55a005803d3dd0f543b8ea40,64.2739848889,64.2739848889,separate single solve,0.0,0.0,optimal,yes,yes,0.000053,0.000241,2,de0f393a,Windows-AMD64
crude_blend,1000,p488,8b785238423400708bcd8d67abe195e141cdc63b55a005803d3dd0f543b8ea40,-67.2253743689,-67.2253743689,separate single solve,0.0,0.0,optimal,yes,yes,0.000056,0.000260,1,de0f393a,Windows-AMD64
crude_blend,1000,p489,8b785238423400708bcd8d67abe195e141cdc63b55a005803d3dd0f543b8ea40,313.319584611,313.319584611,separate single solve,0.0,0.0,optimal,yes,yes,0.000048,0.000256,0,de0f393a,Windows-AMD64
crude_blend,1000,p490,8b785238423400708bcd8d67abe195e141cdc63b55a005803d3dd0f543b8ea40,386.673997346,386.673997346,separate single solve,0.0,0.0,optimal,yes,yes,0.000058,0.000254,3,de0f393a,Windows-AMD64
crude_blend,1000,p491,8b785238423400708bcd8d67abe195e141cdc63b55a005803d3dd0f543b8ea40,247.293915581,247.293915581,separate single solve,0.0,0.0,optimal,yes,yes,0.000037,0.000258,0,de0f393a,Windows-AMD64
crude_blend,1000,p492,8b785238423400708bcd8d67abe195e141cdc63b55a005803d3dd0f543b8ea40,280.287620619,280.287620619,separate single solve,0.0,0.0,optimal,yes,yes,0.000041,0.000271,0,de0f393a,Windows-AMD64
crude_blend,1000,p493,8b785238423400708bcd8d67abe195e141cdc63b55a005803d3dd0f543b8ea40,426.60616389,426.60616389,separate single solve,0.0,0.0,optimal,yes,yes,0.000054,0.000253,1,de0f393a,Windows-AMD64
crude_blend,1000,p494,8b785238423400708bcd8d67abe195e141cdc63b55a005803d3dd0f543b8ea40,63.3256829903,63.3256829903,separate single solve,0.0,0.0,optimal,yes,yes,0.000060,0.000254,3,de0f393a,Windows-AMD64
crude_blend,1000,p495,8b785238423400708bcd8d67abe195e141cdc63b55a005803d3dd0f543b8ea40,437.023516867,437.023516867,separate single solve,0.0,0.0,optimal,yes,yes,0.000056,0.000253,3,de0f393a,Windows-AMD64
crude_blend,1000,p496,8b785238423400708bcd8d67abe195e141cdc63b55a005803d3dd0f543b8ea40,435.093936906,435.093936906,separate single solve,0.0,0.0,optimal,yes,yes,0.000053,0.000261,1,de0f393a,Windows-AMD64
crude_blend,1000,p497,8b785238423400708bcd8d67abe195e141cdc63b55a005803d3dd0f543b8ea40,199.482810559,199.482810559,separate single solve,0.0,0.0,optimal,yes,yes,0.000038,0.000268,0,de0f393a,Windows-AMD64
crude_blend,1000,p498,8b785238423400708bcd8d67abe195e141cdc63b55a005803d3dd0f543b8ea40,276.553604079,276.553604079,separate single solve,0.0,0.0,optimal,yes,yes,0.000052,0.000254,1,de0f393a,Windows-AMD64
crude_blend,1000,p499,8b785238423400708bcd8d67abe195e141cdc63b55a005803d3dd0f543b8ea40,243.497488159,243.497488159,separate single solve,0.0,0.0,optimal,yes,yes,0.000044,0.000252,0,de0f393a,Windows-AMD64
crude_blend,1000,p500,8b785238423400708bcd8d67abe195e141cdc63b55a005803d3dd0f543b8ea40,357.064179333,357.064179333,separate single solve,0.0,0.0,optimal,yes,yes,0.000053,0.000248,2,de0f393a,Windows-AMD64
crude_blend,1000,p501,8b785238423400708bcd8d67abe195e141cdc63b55a005803d3dd0f543b8ea40,331.483025333,331.483025333,separate single solve,0.0,0.0,optimal,yes,yes,0.000059,0.000325,2,de0f393a,Windows-AMD64
crude_blend,1000,p502,8b785238423400708bcd8d67abe195e141cdc63b55a005803d3dd0f543b8ea40,241.161940263,241.161940263,separate single solve,0.0,0.0,optimal,yes,yes,0.000054,0.000443,1,de0f393a,Windows-AMD64
crude_blend,1000,p503,8b785238423400708bcd8d67abe195e141cdc63b55a005803d3dd0f543b8ea40,328.116396222,328.116396222,separate single solve,0.0,0.0,optimal,yes,yes,0.000052,0.000383,2,de0f393a,Windows-AMD64
crude_blend,1000,p504,8b785238423400708bcd8d67abe195e141cdc63b55a005803d3dd0f543b8ea40,86.7996060526,86.7996060526,separate single solve,0.0,0.0,optimal,yes,yes,0.000055,0.000357,1,de0f393a,Windows-AMD64
crude_blend,1000,p505,8b785238423400708bcd8d67abe195e141cdc63b55a005803d3dd0f543b8ea40,78.2852901748,78.2852901748,separate single solve,0.0,0.0,optimal,yes,yes,0.000058,0.000344,3,de0f393a,Windows-AMD64
crude_blend,1000,p506,8b785238423400708bcd8d67abe195e141cdc63b55a005803d3dd0f543b8ea40,105.797307743,105.797307743,separate single solve,0.0,0.0,optimal,yes,yes,0.000039,0.000363,0,de0f393a,Windows-AMD64
crude_blend,1000,p507,8b785238423400708bcd8d67abe195e141cdc63b55a005803d3dd0f543b8ea40,112.79551057,112.79551057,separate single solve,0.0,0.0,optimal,yes,yes,0.000038,0.000352,0,de0f393a,Windows-AMD64
crude_blend,1000,p508,8b785238423400708bcd8d67abe195e141cdc63b55a005803d3dd0f543b8ea40,341.933891469,341.933891469,separate single solve,0.0,0.0,optimal,yes,yes,0.000053,0.000337,1,de0f393a,Windows-AMD64
crude_blend,1000,p509,8b785238423400708bcd8d67abe195e141cdc63b55a005803d3dd0f543b8ea40,40.7323972168,40.7323972168,separate single solve,0.0,0.0,optimal,yes,yes,0.000068,0.000337,3,de0f393a,Windows-AMD64
crude_blend,1000,p510,8b785238423400708bcd8d67abe195e141cdc63b55a005803d3dd0f543b8ea40,518.263837376,518.263837376,separate single solve,0.0,0.0,optimal,yes,yes,0.000038,0.000335,0,de0f393a,Windows-AMD64
crude_blend,1000,p511,8b785238423400708bcd8d67abe195e141cdc63b55a005803d3dd0f543b8ea40,196.857858816,196.857858816,separate single solve,0.0,0.0,optimal,yes,yes,0.000055,0.000348,1,de0f393a,Windows-AMD64
crude_blend,1000,p512,8b785238423400708bcd8d67abe195e141cdc63b55a005803d3dd0f543b8ea40,322.756973974,322.756973974,separate single solve,0.0,0.0,optimal,yes,yes,0.000053,0.000342,1,de0f393a,Windows-AMD64
crude_blend,1000,p513,8b785238423400708bcd8d67abe195e141cdc63b55a005803d3dd0f543b8ea40,124.541203657,124.541203657,separate single solve,0.0,0.0,optimal,yes,yes,0.000057,0.000331,3,de0f393a,Windows-AMD64
crude_blend,1000,p514,8b785238423400708bcd8d67abe195e141cdc63b55a005803d3dd0f543b8ea40,322.334192388,322.334192388,separate single solve,0.0,0.0,optimal,yes,yes,0.000057,0.000335,3,de0f393a,Windows-AMD64
crude_blend,1000,p515,8b785238423400708bcd8d67abe195e141cdc63b55a005803d3dd0f543b8ea40,322.919651055,322.919651055,separate single solve,0.0,0.0,optimal,yes,yes,0.000056,0.000334,3,de0f393a,Windows-AMD64
crude_blend,1000,p516,8b785238423400708bcd8d67abe195e141cdc63b55a005803d3dd0f543b8ea40,238.507741592,238.507741592,separate single solve,0.0,0.0,optimal,yes,yes,0.000037,0.000331,0,de0f393a,Windows-AMD64
crude_blend,1000,p517,8b785238423400708bcd8d67abe195e141cdc63b55a005803d3dd0f543b8ea40,290.417478158,290.417478158,separate single solve,0.0,0.0,optimal,yes,yes,0.000052,0.000350,1,de0f393a,Windows-AMD64
crude_blend,1000,p518,8b785238423400708bcd8d67abe195e141cdc63b55a005803d3dd0f543b8ea40,206.345725346,206.345725346,separate single solve,0.0,0.0,optimal,yes,yes,0.000055,0.000341,1,de0f393a,Windows-AMD64
crude_blend,1000,p519,8b785238423400708bcd8d67abe195e141cdc63b55a005803d3dd0f543b8ea40,386.280978432,386.280978432,separate single solve,0.0,0.0,optimal,yes,yes,0.000038,0.000340,0,de0f393a,Windows-AMD64
crude_blend,1000,p520,8b785238423400708bcd8d67abe195e141cdc63b55a005803d3dd0f543b8ea40,187.37694,187.37694,separate single solve,0.0,0.0,optimal,yes,yes,0.000054,0.000342,1,de0f393a,Windows-AMD64
crude_blend,1000,p521,8b785238423400708bcd8d67abe195e141cdc63b55a005803d3dd0f543b8ea40,273.363360498,273.363360498,separate single solve,0.0,0.0,optimal,yes,yes,0.000058,0.000342,3,de0f393a,Windows-AMD64
crude_blend,1000,p522,8b785238423400708bcd8d67abe195e141cdc63b55a005803d3dd0f543b8ea40,143.982867257,143.982867257,separate single solve,0.0,0.0,optimal,yes,yes,0.000041,0.000338,0,de0f393a,Windows-AMD64
crude_blend,1000,p523,8b785238423400708bcd8d67abe195e141cdc63b55a005803d3dd0f543b8ea40,262.138470941,262.138470941,separate single solve,0.0,0.0,optimal,yes,yes,0.000041,0.000348,0,de0f393a,Windows-AMD64
crude_blend,1000,p524,8b785238423400708bcd8d67abe195e141cdc63b55a005803d3dd0f543b8ea40,185.72507156,185.72507156,separate single solve,0.0,0.0,optimal,yes,yes,0.000057,0.000356,3,de0f393a,Windows-AMD64
crude_blend,1000,p525,8b785238423400708bcd8d67abe195e141cdc63b55a005803d3dd0f543b8ea40,430.491533294,430.491533294,separate single solve,0.0,0.0,optimal,yes,yes,0.000054,0.000333,1,de0f393a,Windows-AMD64
crude_blend,1000,p526,8b785238423400708bcd8d67abe195e141cdc63b55a005803d3dd0f543b8ea40,219.1994275,219.1994275,separate single solve,0.0,0.0,optimal,yes,yes,0.000051,0.000338,1,de0f393a,Windows-AMD64
crude_blend,1000,p527,8b785238423400708bcd8d67abe195e141cdc63b55a005803d3dd0f543b8ea40,378.019998337,378.019998337,separate single solve,0.0,0.0,optimal,yes,yes,0.000054,0.000338,1,de0f393a,Windows-AMD64
crude_blend,1000,p528,8b785238423400708bcd8d67abe195e141cdc63b55a005803d3dd0f543b8ea40,304.699489749,304.699489749,separate single solve,0.0,0.0,optimal,yes,yes,0.000050,0.000335,0,de0f393a,Windows-AMD64
crude_blend,1000,p529,8b785238423400708bcd8d67abe195e141cdc63b55a005803d3dd0f543b8ea40,267.564457692,267.564457692,separate single solve,0.0,0.0,optimal,yes,yes,0.000041,0.000343,0,de0f393a,Windows-AMD64
crude_blend,1000,p530,8b785238423400708bcd8d67abe195e141cdc63b55a005803d3dd0f543b8ea40,397.756939599,397.756939599,separate single solve,0.0,0.0,optimal,yes,yes,0.000060,0.000336,3,de0f393a,Windows-AMD64
crude_blend,1000,p531,8b785238423400708bcd8d67abe195e141cdc63b55a005803d3dd0f543b8ea40,432.775229508,432.775229508,separate single solve,0.0,0.0,optimal,yes,yes,0.000039,0.000336,0,de0f393a,Windows-AMD64
crude_blend,1000,p532,8b785238423400708bcd8d67abe195e141cdc63b55a005803d3dd0f543b8ea40,174.688813708,174.688813708,separate single solve,0.0,0.0,optimal,yes,yes,0.000042,0.000335,0,de0f393a,Windows-AMD64
crude_blend,1000,p533,8b785238423400708bcd8d67abe195e141cdc63b55a005803d3dd0f543b8ea40,174.655127414,174.655127414,separate single solve,0.0,0.0,optimal,yes,yes,0.000041,0.000338,0,de0f393a,Windows-AMD64
crude_blend,1000,p534,8b785238423400708bcd8d67abe195e141cdc63b55a005803d3dd0f543b8ea40,188.713068684,188.713068684,separate single solve,0.0,0.0,optimal,yes,yes,0.000053,0.000355,1,de0f393a,Windows-AMD64
crude_blend,1000,p535,8b785238423400708bcd8d67abe195e141cdc63b55a005803d3dd0f543b8ea40,384.901774,384.901774,separate single solve,0.0,0.0,optimal,yes,yes,0.000054,0.000371,2,de0f393a,Windows-AMD64
crude_blend,1000,p536,8b785238423400708bcd8d67abe195e141cdc63b55a005803d3dd0f543b8ea40,269.574862427,269.574862427,separate single solve,0.0,0.0,optimal,yes,yes,0.000056,0.000344,3,de0f393a,Windows-AMD64
crude_blend,1000,p537,8b785238423400708bcd8d67abe195e141cdc63b55a005803d3dd0f543b8ea40,212.38141,212.38141,separate single solve,0.0,0.0,optimal,yes,yes,0.000053,0.000332,2,de0f393a,Windows-AMD64
crude_blend,1000,p538,8b785238423400708bcd8d67abe195e141cdc63b55a005803d3dd0f543b8ea40,342.435035989,342.435035989,separate single solve,0.0,0.0,optimal,yes,yes,0.000051,0.000332,0,de0f393a,Windows-AMD64
crude_blend,1000,p539,8b785238423400708bcd8d67abe195e141cdc63b55a005803d3dd0f543b8ea40,345.713403269,345.713403269,separate single solve,0.0,0.0,optimal,yes,yes,0.000061,0.000336,3,de0f393a,Windows-AMD64
crude_blend,1000,p540,8b785238423400708bcd8d67abe195e141cdc63b55a005803d3dd0f543b8ea40,487.992119786,487.992119786,separate single solve,0.0,0.0,optimal,yes,yes,0.000062,0.000349,1,de0f393a,Windows-AMD64
crude_blend,1000,p541,8b785238423400708bcd8d67abe195e141cdc63b55a005803d3dd0f543b8ea40,311.525934667,311.525934667,separate single solve,0.0,0.0,optimal,yes,yes,0.000058,0.000350,3,de0f393a,Windows-AMD64
crude_blend,1000,p542,8b785238423400708bcd8d67abe195e141cdc63b55a005803d3dd0f543b8ea40,-5.69289524272,-5.69289524272,separate single solve,0.0,0.0,optimal,yes,yes,0.000058,0.000337,3,de0f393a,Windows-AMD64
crude_blend,1000,p543,8b785238423400708bcd8d67abe195e141cdc63b55a005803d3dd0f543b8ea40,394.033985165,394.033985165,separate single solve,0.0,0.0,optimal,yes,yes,0.000039,0.000335,0,de0f393a,Windows-AMD64
crude_blend,1000,p544,8b785238423400708bcd8d67abe195e141cdc63b55a005803d3dd0f543b8ea40,251.345906405,251.345906405,separate single solve,0.0,0.0,optimal,yes,yes,0.000037,0.000335,0,de0f393a,Windows-AMD64
crude_blend,1000,p545,8b785238423400708bcd8d67abe195e141cdc63b55a005803d3dd0f543b8ea40,65.7977474369,65.7977474369,separate single solve,0.0,0.0,optimal,yes,yes,0.000057,0.000332,3,de0f393a,Windows-AMD64
crude_blend,1000,p546,8b785238423400708bcd8d67abe195e141cdc63b55a005803d3dd0f543b8ea40,364.702381241,364.702381241,separate single solve,0.0,0.0,optimal,yes,yes,0.000038,0.000333,0,de0f393a,Windows-AMD64
crude_blend,1000,p547,8b785238423400708bcd8d67abe195e141cdc63b55a005803d3dd0f543b8ea40,8.78863299459,8.78863299459,separate single solve,0.0,0.0,optimal,yes,yes,0.000041,0.000459,0,de0f393a,Windows-AMD64
crude_blend,1000,p548,8b785238423400708bcd8d67abe195e141cdc63b55a005803d3dd0f543b8ea40,243.717152945,243.717152945,separate single solve,0.0,0.0,optimal,yes,yes,0.000058,0.000437,3,de0f393a,Windows-AMD64
crude_blend,1000,p549,8b785238423400708bcd8d67abe195e141cdc63b55a005803d3dd0f543b8ea40,329.100520958,329.100520958,separate single solve,0.0,0.0,optimal,yes,yes,0.000058,0.000430,3,de0f393a,Windows-AMD64
crude_blend,1000,p550,8b785238423400708bcd8d67abe195e141cdc63b55a005803d3dd0f543b8ea40,325.9725299,325.9725299,separate single solve,0.0,0.0,optimal,yes,yes,0.000042,0.000410,0,de0f393a,Windows-AMD64
crude_blend,1000,p551,8b785238423400708bcd8d67abe195e141cdc63b55a005803d3dd0f543b8ea40,256.836823711,256.836823711,separate single solve,0.0,0.0,optimal,yes,yes,0.000040,0.000356,0,de0f393a,Windows-AMD64
crude_blend,1000,p552,8b785238423400708bcd8d67abe195e141cdc63b55a005803d3dd0f543b8ea40,315.926153269,315.926153269,separate single solve,0.0,0.0,optimal,yes,yes,0.000053,0.000295,1,de0f393a,Windows-AMD64
crude_blend,1000,p553,8b785238423400708bcd8d67abe195e141cdc63b55a005803d3dd0f543b8ea40,262.320777895,262.320777895,separate single solve,0.0,0.0,optimal,yes,yes,0.000053,0.000281,1,de0f393a,Windows-AMD64
crude_blend,1000,p554,8b785238423400708bcd8d67abe195e141cdc63b55a005803d3dd0f543b8ea40,158.462938421,158.462938421,separate single solve,0.0,0.0,optimal,yes,yes,0.000052,0.000270,1,de0f393a,Windows-AMD64
crude_blend,1000,p555,8b785238423400708bcd8d67abe195e141cdc63b55a005803d3dd0f543b8ea40,350.631614173,350.631614173,separate single solve,0.0,0.0,optimal,yes,yes,0.000037,0.000273,0,de0f393a,Windows-AMD64
crude_blend,1000,p556,8b785238423400708bcd8d67abe195e141cdc63b55a005803d3dd0f543b8ea40,201.435137502,201.435137502,separate single solve,0.0,0.0,optimal,yes,yes,0.000056,0.000275,1,de0f393a,Windows-AMD64
crude_blend,1000,p557,8b785238423400708bcd8d67abe195e141cdc63b55a005803d3dd0f543b8ea40,269.836762084,269.836762084,separate single solve,0.0,0.0,optimal,yes,yes,0.000058,0.000267,3,de0f393a,Windows-AMD64
crude_blend,1000,p558,8b785238423400708bcd8d67abe195e141cdc63b55a005803d3dd0f543b8ea40,140.827613786,140.827613786,separate single solve,0.0,0.0,optimal,yes,yes,0.000074,0.000270,3,de0f393a,Windows-AMD64
crude_blend,1000,p559,8b785238423400708bcd8d67abe195e141cdc63b55a005803d3dd0f543b8ea40,364.135411333,364.135411333,separate single solve,0.0,0.0,optimal,yes,yes,0.000088,0.000281,2,de0f393a,Windows-AMD64
crude_blend,1000,p560,8b785238423400708bcd8d67abe195e141cdc63b55a005803d3dd0f543b8ea40,372.468754544,372.468754544,separate single solve,0.0,0.0,optimal,yes,yes,0.000094,0.000272,3,de0f393a,Windows-AMD64
crude_blend,1000,p561,8b785238423400708bcd8d67abe195e141cdc63b55a005803d3dd0f543b8ea40,79.1158583703,79.1158583703,separate single solve,0.0,0.0,optimal,yes,yes,0.000065,0.000273,0,de0f393a,Windows-AMD64
crude_blend,1000,p562,8b785238423400708bcd8d67abe195e141cdc63b55a005803d3dd0f543b8ea40,297.733959165,297.733959165,separate single solve,0.0,0.0,optimal,yes,yes,0.000066,0.000266,1,de0f393a,Windows-AMD64
crude_blend,1000,p563,8b785238423400708bcd8d67abe195e141cdc63b55a005803d3dd0f543b8ea40,349.395088421,349.395088421,separate single solve,0.0,0.0,optimal,yes,yes,0.000081,0.000269,3,de0f393a,Windows-AMD64
crude_blend,1000,p564,8b785238423400708bcd8d67abe195e141cdc63b55a005803d3dd0f543b8ea40,360.390592939,360.390592939,separate single solve,0.0,0.0,optimal,yes,yes,0.000071,0.000288,3,de0f393a,Windows-AMD64
crude_blend,1000,p565,8b785238423400708bcd8d67abe195e141cdc63b55a005803d3dd0f543b8ea40,146.087730168,146.087730168,separate single solve,0.0,0.0,optimal,yes,yes,0.000055,0.000278,0,de0f393a,Windows-AMD64
crude_blend,1000,p566,8b785238423400708bcd8d67abe195e141cdc63b55a005803d3dd0f543b8ea40,230.630625858,230.630625858,separate single solve,0.0,0.0,optimal,yes,yes,0.000057,0.000266,1,de0f393a,Windows-AMD64
crude_blend,1000,p567,8b785238423400708bcd8d67abe195e141cdc63b55a005803d3dd0f543b8ea40,285.466659016,285.466659016,separate single solve,0.0,0.0,optimal,yes,yes,0.000058,0.000278,3,de0f393a,Windows-AMD64
crude_blend,1000,p568,8b785238423400708bcd8d67abe195e141cdc63b55a005803d3dd0f543b8ea40,138.212906563,138.212906563,separate single solve,0.0,0.0,optimal,yes,yes,0.000058,0.000271,3,de0f393a,Windows-AMD64
crude_blend,1000,p569,8b785238423400708bcd8d67abe195e141cdc63b55a005803d3dd0f543b8ea40,164.975361062,164.975361062,separate single solve,0.0,0.0,optimal,yes,yes,0.000042,0.000276,0,de0f393a,Windows-AMD64
crude_blend,1000,p570,8b785238423400708bcd8d67abe195e141cdc63b55a005803d3dd0f543b8ea40,157.267559172,157.267559172,separate single solve,0.0,0.0,optimal,yes,yes,0.000058,0.000306,1,de0f393a,Windows-AMD64
crude_blend,1000,p571,8b785238423400708bcd8d67abe195e141cdc63b55a005803d3dd0f543b8ea40,400.851152746,400.851152746,separate single solve,0.0,0.0,optimal,yes,yes,0.000043,0.000317,0,de0f393a,Windows-AMD64
crude_blend,1000,p572,8b785238423400708bcd8d67abe195e141cdc63b55a005803d3dd0f543b8ea40,249.506280194,249.506280194,separate single solve,0.0,0.0,optimal,yes,yes,0.000056,0.000295,1,de0f393a,Windows-AMD64
crude_blend,1000,p573,8b785238423400708bcd8d67abe195e141cdc63b55a005803d3dd0f543b8ea40,232.481972237,232.481972237,separate single solve,0.0,0.0,optimal,yes,yes,0.000053,0.000285,1,de0f393a,Windows-AMD64
crude_blend,1000,p574,8b785238423400708bcd8d67abe195e141cdc63b55a005803d3dd0f543b8ea40,220.201615124,220.201615124,separate single solve,0.0,0.0,optimal,yes,yes,0.000041,0.000280,0,de0f393a,Windows-AMD64
crude_blend,1000,p575,8b785238423400708bcd8d67abe195e141cdc63b55a005803d3dd0f543b8ea40,232.3372657,232.3372657,separate single solve,0.0,0.0,optimal,yes,yes,0.000039,0.000314,0,de0f393a,Windows-AMD64
crude_blend,1000,p576,8b785238423400708bcd8d67abe195e141cdc63b55a005803d3dd0f543b8ea40,379.769398289,379.769398289,separate single solve,0.0,0.0,optimal,yes,yes,0.000063,0.000278,1,de0f393a,Windows-AMD64
crude_blend,1000,p577,8b785238423400708bcd8d67abe195e141cdc63b55a005803d3dd0f543b8ea40,244.831229372,244.831229372,separate single solve,0.0,0.0,optimal,yes,yes,0.000058,0.000284,3,de0f393a,Windows-AMD64
crude_blend,1000,p578,8b785238423400708bcd8d67abe195e141cdc63b55a005803d3dd0f543b8ea40,74.1804551715,74.1804551715,separate single solve,0.0,0.0,optimal,yes,yes,0.000066,0.000288,3,de0f393a,Windows-AMD64
crude_blend,1000,p579,8b785238423400708bcd8d67abe195e141cdc63b55a005803d3dd0f543b8ea40,303.246173819,303.246173819,separate single solve,0.0,0.0,optimal,yes,yes,0.000061,0.000287,3,de0f393a,Windows-AMD64
crude_blend,1000,p580,8b785238423400708bcd8d67abe195e141cdc63b55a005803d3dd0f543b8ea40,327.768526634,327.768526634,separate single solve,0.0,0.0,optimal,yes,yes,0.000054,0.000276,1,de0f393a,Windows-AMD64
crude_blend,1000,p581,8b785238423400708bcd8d67abe195e141cdc63b55a005803d3dd0f543b8ea40,75.5488713916,75.5488713916,separate single solve,0.0,0.0,optimal,yes,yes,0.000055,0.000279,1,de0f393a,Windows-AMD64
crude_blend,1000,p582,8b785238423400708bcd8d67abe195e141cdc63b55a005803d3dd0f543b8ea40,151.076151184,151.076151184,separate single solve,0.0,0.0,optimal,yes,yes,0.000055,0.000276,1,de0f393a,Windows-AMD64
crude_blend,1000,p583,8b785238423400708bcd8d67abe195e141cdc63b55a005803d3dd0f543b8ea40,318.105482832,318.105482832,separate single solve,0.0,0.0,optimal,yes,yes,0.000049,0.000294,0,de0f393a,Windows-AMD64
crude_blend,1000,p584,8b785238423400708bcd8d67abe195e141cdc63b55a005803d3dd0f543b8ea40,209.229520789,209.229520789,separate single solve,0.0,0.0,optimal,yes,yes,0.000077,0.000284,1,de0f393a,Windows-AMD64
crude_blend,1000,p585,8b785238423400708bcd8d67abe195e141cdc63b55a005803d3dd0f543b8ea40,308.551004773,308.551004773,separate single solve,0.0,0.0,optimal,yes,yes,0.000049,0.000291,0,de0f393a,Windows-AMD64
crude_blend,1000,p586,8b785238423400708bcd8d67abe195e141cdc63b55a005803d3dd0f543b8ea40,373.485124043,373.485124043,separate single solve,0.0,0.0,optimal,yes,yes,0.000043,0.000286,0,de0f393a,Windows-AMD64
crude_blend,1000,p587,8b785238423400708bcd8d67abe195e141cdc63b55a005803d3dd0f543b8ea40,311.0899391,311.0899391,separate single solve,0.0,0.0,optimal,yes,yes,0.000063,0.000279,3,de0f393a,Windows-AMD64
crude_blend,1000,p588,8b785238423400708bcd8d67abe195e141cdc63b55a005803d3dd0f543b8ea40,335.078358005,335.078358005,separate single solve,0.0,0.0,optimal,yes,yes,0.000045,0.000283,0,de0f393a,Windows-AMD64
crude_blend,1000,p589,8b785238423400708bcd8d67abe195e141cdc63b55a005803d3dd0f543b8ea40,220.322608403,220.322608403,separate single solve,0.0,0.0,optimal,yes,yes,0.000043,0.000292,0,de0f393a,Windows-AMD64
crude_blend,1000,p590,8b785238423400708bcd8d67abe195e141cdc63b55a005803d3dd0f543b8ea40,126.674512922,126.674512922,separate single solve,0.0,0.0,optimal,yes,yes,0.000041,0.000282,0,de0f393a,Windows-AMD64
crude_blend,1000,p591,8b785238423400708bcd8d67abe195e141cdc63b55a005803d3dd0f543b8ea40,368.421406586,368.421406586,separate single solve,0.0,0.0,optimal,yes,yes,0.000042,0.000283,0,de0f393a,Windows-AMD64
crude_blend,1000,p592,8b785238423400708bcd8d67abe195e141cdc63b55a005803d3dd0f543b8ea40,232.426185903,232.426185903,separate single solve,0.0,0.0,optimal,yes,yes,0.000039,0.000297,0,de0f393a,Windows-AMD64
crude_blend,1000,p593,8b785238423400708bcd8d67abe195e141cdc63b55a005803d3dd0f543b8ea40,290.893941778,290.893941778,separate single solve,0.0,0.0,optimal,yes,yes,0.000058,0.000282,2,de0f393a,Windows-AMD64
crude_blend,1000,p594,8b785238423400708bcd8d67abe195e141cdc63b55a005803d3dd0f543b8ea40,310.200371676,310.200371676,separate single solve,0.0,0.0,optimal,yes,yes,0.000058,0.000286,1,de0f393a,Windows-AMD64
crude_blend,1000,p595,8b785238423400708bcd8d67abe195e141cdc63b55a005803d3dd0f543b8ea40,215.087278854,215.087278854,separate single solve,0.0,0.0,optimal,yes,yes,0.000060,0.000295,3,de0f393a,Windows-AMD64
crude_blend,1000,p596,8b785238423400708bcd8d67abe195e141cdc63b55a005803d3dd0f543b8ea40,290.948307146,290.948307146,separate single solve,0.0,0.0,optimal,yes,yes,0.000066,0.000285,1,de0f393a,Windows-AMD64
crude_blend,1000,p597,8b785238423400708bcd8d67abe195e141cdc63b55a005803d3dd0f543b8ea40,247.285538783,247.285538783,separate single solve,0.0,0.0,optimal,yes,yes,0.000071,0.000292,3,de0f393a,Windows-AMD64
crude_blend,1000,p598,8b785238423400708bcd8d67abe195e141cdc63b55a005803d3dd0f543b8ea40,234.7009526,234.7009526,separate single solve,0.0,0.0,optimal,yes,yes,0.000044,0.000423,0,de0f393a,Windows-AMD64
crude_blend,1000,p599,8b785238423400708bcd8d67abe195e141cdc63b55a005803d3dd0f543b8ea40,44.2416571053,44.2416571053,separate single solve,0.0,0.0,optimal,yes,yes,0.000066,0.000453,1,de0f393a,Windows-AMD64
crude_blend,1000,p600,8b785238423400708bcd8d67abe195e141cdc63b55a005803d3dd0f543b8ea40,171.518792851,171.518792851,separate single solve,0.0,0.0,optimal,yes,yes,0.000045,0.000383,0,de0f393a,Windows-AMD64
crude_blend,1000,p601,8b785238423400708bcd8d67abe195e141cdc63b55a005803d3dd0f543b8ea40,411.538505269,411.538505269,separate single solve,0.0,0.0,optimal,yes,yes,0.000059,0.000377,1,de0f393a,Windows-AMD64
crude_blend,1000,p602,8b785238423400708bcd8d67abe195e141cdc63b55a005803d3dd0f543b8ea40,349.901527697,349.901527697,separate single solve,0.0,0.0,optimal,yes,yes,0.000038,0.000356,0,de0f393a,Windows-AMD64
crude_blend,1000,p603,8b785238423400708bcd8d67abe195e141cdc63b55a005803d3dd0f543b8ea40,346.745167055,346.745167055,separate single solve,0.0,0.0,optimal,yes,yes,0.000055,0.000357,1,de0f393a,Windows-AMD64
crude_blend,1000,p604,8b785238423400708bcd8d67abe195e141cdc63b55a005803d3dd0f543b8ea40,454.789319854,454.789319854,separate single solve,0.0,0.0,optimal,yes,yes,0.000042,0.000349,0,de0f393a,Windows-AMD64
crude_blend,1000,p605,8b785238423400708bcd8d67abe195e141cdc63b55a005803d3dd0f543b8ea40,333.391405951,333.391405951,separate single solve,0.0,0.0,optimal,yes,yes,0.000043,0.000354,0,de0f393a,Windows-AMD64
crude_blend,1000,p606,8b785238423400708bcd8d67abe195e141cdc63b55a005803d3dd0f543b8ea40,305.445710205,305.445710205,separate single solve,0.0,0.0,optimal,yes,yes,0.000037,0.000343,0,de0f393a,Windows-AMD64
crude_blend,1000,p607,8b785238423400708bcd8d67abe195e141cdc63b55a005803d3dd0f543b8ea40,103.347920906,103.347920906,separate single solve,0.0,0.0,optimal,yes,yes,0.000057,0.000354,3,de0f393a,Windows-AMD64
crude_blend,1000,p608,8b785238423400708bcd8d67abe195e141cdc63b55a005803d3dd0f543b8ea40,297.9382875,297.9382875,separate single solve,0.0,0.0,optimal,yes,yes,0.000053,0.000344,1,de0f393a,Windows-AMD64
crude_blend,1000,p609,8b785238423400708bcd8d67abe195e141cdc63b55a005803d3dd0f543b8ea40,235.230639619,235.230639619,separate single solve,0.0,0.0,optimal,yes,yes,0.000041,0.000363,0,de0f393a,Windows-AMD64
crude_blend,1000,p610,8b785238423400708bcd8d67abe195e141cdc63b55a005803d3dd0f543b8ea40,351.908125146,351.908125146,separate single solve,0.0,0.0,optimal,yes,yes,0.000037,0.000373,0,de0f393a,Windows-AMD64
crude_blend,1000,p611,8b785238423400708bcd8d67abe195e141cdc63b55a005803d3dd0f543b8ea40,333.92738255,333.92738255,separate single solve,0.0,0.0,optimal,yes,yes,0.000058,0.000357,1,de0f393a,Windows-AMD64
crude_blend,1000,p612,8b785238423400708bcd8d67abe195e141cdc63b55a005803d3dd0f543b8ea40,214.494707286,214.494707286,separate single solve,0.0,0.0,optimal,yes,yes,0.000038,0.000356,0,de0f393a,Windows-AMD64
crude_blend,1000,p613,8b785238423400708bcd8d67abe195e141cdc63b55a005803d3dd0f543b8ea40,417.050656892,417.050656892,separate single solve,0.0,0.0,optimal,yes,yes,0.000041,0.000366,0,de0f393a,Windows-AMD64
crude_blend,1000,p614,8b785238423400708bcd8d67abe195e141cdc63b55a005803d3dd0f543b8ea40,224.821969059,224.821969059,separate single solve,0.0,0.0,optimal,yes,yes,0.000048,0.000371,0,de0f393a,Windows-AMD64
crude_blend,1000,p615,8b785238423400708bcd8d67abe195e141cdc63b55a005803d3dd0f543b8ea40,77.9476900297,77.9476900297,separate single solve,0.0,0.0,optimal,yes,yes,0.000043,0.000360,0,de0f393a,Windows-AMD64
crude_blend,1000,p616,8b785238423400708bcd8d67abe195e141cdc63b55a005803d3dd0f543b8ea40,229.829851778,229.829851778,separate single solve,0.0,0.0,optimal,yes,yes,0.000055,0.000381,2,de0f393a,Windows-AMD64
crude_blend,1000,p617,8b785238423400708bcd8d67abe195e141cdc63b55a005803d3dd0f543b8ea40,254.653724246,254.653724246,separate single solve,0.0,0.0,optimal,yes,yes,0.000057,0.000366,3,de0f393a,Windows-AMD64
crude_blend,1000,p618,8b785238423400708bcd8d67abe195e141cdc63b55a005803d3dd0f543b8ea40,23.8231996405,23.8231996405,separate single solve,0.0,0.0,optimal,yes,yes,0.000041,0.000361,0,de0f393a,Windows-AMD64
crude_blend,1000,p619,8b785238423400708bcd8d67abe195e141cdc63b55a005803d3dd0f543b8ea40,126.051058889,126.051058889,separate single solve,0.0,0.0,optimal,yes,yes,0.000057,0.000340,2,de0f393a,Windows-AMD64
crude_blend,1000,p620,8b785238423400708bcd8d67abe195e141cdc63b55a005803d3dd0f543b8ea40,384.15528097,384.15528097,separate single solve,0.0,0.0,optimal,yes,yes,0.000041,0.000364,0,de0f393a,Windows-AMD64
crude_blend,1000,p621,8b785238423400708bcd8d67abe195e141cdc63b55a005803d3dd0f543b8ea40,128.221420078,128.221420078,separate single solve,0.0,0.0,optimal,yes,yes,0.000059,0.000386,3,de0f393a,Windows-AMD64
crude_blend,1000,p622,8b785238423400708bcd8d67abe195e141cdc63b55a005803d3dd0f543b8ea40,274.70867668,274.70867668,separate single solve,0.0,0.0,optimal,yes,yes,0.000055,0.000371,1,de0f393a,Windows-AMD64
crude_blend,1000,p623,8b785238423400708bcd8d67abe195e141cdc63b55a005803d3dd0f543b8ea40,351.052185132,351.052185132,separate single solve,0.0,0.0,optimal,yes,yes,0.000053,0.000364,1,de0f393a,Windows-AMD64
crude_blend,1000,p624,8b785238423400708bcd8d67abe195e141cdc63b55a005803d3dd0f543b8ea40,350.759032382,350.759032382,separate single solve,0.0,0.0,optimal,yes,yes,0.000052,0.000353,1,de0f393a,Windows-AMD64
crude_blend,1000,p625,8b785238423400708bcd8d67abe195e141cdc63b55a005803d3dd0f543b8ea40,409.418919948,409.418919948,separate single solve,0.0,0.0,optimal,yes,yes,0.000056,0.000374,3,de0f393a,Windows-AMD64
crude_blend,1000,p626,8b785238423400708bcd8d67abe195e141cdc63b55a005803d3dd0f543b8ea40,424.045817579,424.045817579,separate single solve,0.0,0.0,optimal,yes,yes,0.000063,0.000362,1,de0f393a,Windows-AMD64
crude_blend,1000,p627,8b785238423400708bcd8d67abe195e141cdc63b55a005803d3dd0f543b8ea40,237.073419259,237.073419259,separate single solve,0.0,0.0,optimal,yes,yes,0.000057,0.000369,0,de0f393a,Windows-AMD64
crude_blend,1000,p628,8b785238423400708bcd8d67abe195e141cdc63b55a005803d3dd0f543b8ea40,188.093578553,188.093578553,separate single solve,0.0,0.0,optimal,yes,yes,0.000057,0.000359,1,de0f393a,Windows-AMD64
crude_blend,1000,p629,8b785238423400708bcd8d67abe195e141cdc63b55a005803d3dd0f543b8ea40,358.0301471,358.0301471,separate single solve,0.0,0.0,optimal,yes,yes,0.000057,0.000352,3,de0f393a,Windows-AMD64
crude_blend,1000,p630,8b785238423400708bcd8d67abe195e141cdc63b55a005803d3dd0f543b8ea40,247.873531579,247.873531579,separate single solve,0.0,0.0,optimal,yes,yes,0.000052,0.000359,1,de0f393a,Windows-AMD64
crude_blend,1000,p631,8b785238423400708bcd8d67abe195e141cdc63b55a005803d3dd0f543b8ea40,273.351633515,273.351633515,separate single solve,0.0,0.0,optimal,yes,yes,0.000057,0.000360,3,de0f393a,Windows-AMD64
crude_blend,1000,p632,8b785238423400708bcd8d67abe195e141cdc63b55a005803d3dd0f543b8ea40,48.6493528867,48.6493528867,separate single solve,0.0,0.0,optimal,yes,yes,0.000053,0.000375,1,de0f393a,Windows-AMD64
crude_blend,1000,p633,8b785238423400708bcd8d67abe195e141cdc63b55a005803d3dd0f543b8ea40,236.007048668,236.007048668,separate single solve,0.0,0.0,optimal,yes,yes,0.000038,0.000364,0,de0f393a,Windows-AMD64
crude_blend,1000,p634,8b785238423400708bcd8d67abe195e141cdc63b55a005803d3dd0f543b8ea40,339.733440722,339.733440722,separate single solve,0.0,0.0,optimal,yes,yes,0.000041,0.000364,0,de0f393a,Windows-AMD64
crude_blend,1000,p635,8b785238423400708bcd8d67abe195e141cdc63b55a005803d3dd0f543b8ea40,-15.5053348803,-15.5053348803,separate single solve,0.0,0.0,optimal,yes,yes,0.000056,0.000367,3,de0f393a,Windows-AMD64
crude_blend,1000,p636,8b785238423400708bcd8d67abe195e141cdc63b55a005803d3dd0f543b8ea40,352.281257184,352.281257184,separate single solve,0.0,0.0,optimal,yes,yes,0.000054,0.000367,1,de0f393a,Windows-AMD64
crude_blend,1000,p637,8b785238423400708bcd8d67abe195e141cdc63b55a005803d3dd0f543b8ea40,302.798807074,302.798807074,separate single solve,0.0,0.0,optimal,yes,yes,0.000053,0.000358,1,de0f393a,Windows-AMD64
crude_blend,1000,p638,8b785238423400708bcd8d67abe195e141cdc63b55a005803d3dd0f543b8ea40,169.7598058,169.7598058,separate single solve,0.0,0.0,optimal,yes,yes,0.000040,0.000367,0,de0f393a,Windows-AMD64
crude_blend,1000,p639,8b785238423400708bcd8d67abe195e141cdc63b55a005803d3dd0f543b8ea40,213.395792708,213.395792708,separate single solve,0.0,0.0,optimal,yes,yes,0.000037,0.000359,0,de0f393a,Windows-AMD64
crude_blend,1000,p640,8b785238423400708bcd8d67abe195e141cdc63b55a005803d3dd0f543b8ea40,50.6757359946,50.6757359946,separate single solve,0.0,0.0,optimal,yes,yes,0.000039,0.000348,0,de0f393a,Windows-AMD64
crude_blend,1000,p641,8b785238423400708bcd8d67abe195e141cdc63b55a005803d3dd0f543b8ea40,97.6549738568,97.6549738568,separate single solve,0.0,0.0,optimal,yes,yes,0.000038,0.000318,0,de0f393a,Windows-AMD64
crude_blend,1000,p642,8b785238423400708bcd8d67abe195e141cdc63b55a005803d3dd0f543b8ea40,332.480785754,332.480785754,separate single solve,0.0,0.0,optimal,yes,yes,0.000037,0.000287,0,de0f393a,Windows-AMD64
crude_blend,1000,p643,8b785238423400708bcd8d67abe195e141cdc63b55a005803d3dd0f543b8ea40,161.746309551,161.746309551,separate single solve,0.0,0.0,optimal,yes,yes,0.000038,0.000294,0,de0f393a,Windows-AMD64
crude_blend,1000,p644,8b785238423400708bcd8d67abe195e141cdc63b55a005803d3dd0f543b8ea40,211.952590712,211.952590712,separate single solve,0.0,0.0,optimal,yes,yes,0.000056,0.000295,3,de0f393a,Windows-AMD64
crude_blend,1000,p645,8b785238423400708bcd8d67abe195e141cdc63b55a005803d3dd0f543b8ea40,367.106356222,367.106356222,separate single solve,0.0,0.0,optimal,yes,yes,0.000054,0.000275,2,de0f393a,Windows-AMD64
crude_blend,1000,p646,8b785238423400708bcd8d67abe195e141cdc63b55a005803d3dd0f543b8ea40,256.345198214,256.345198214,separate single solve,0.0,0.0,optimal,yes,yes,0.000040,0.000287,0,de0f393a,Windows-AMD64
crude_blend,1000,p647,8b785238423400708bcd8d67abe195e141cdc63b55a005803d3dd0f543b8ea40,208.237179556,208.237179556,separate single solve,0.0,0.0,optimal,yes,yes,0.000054,0.000273,2,de0f393a,Windows-AMD64
crude_blend,1000,p648,8b785238423400708bcd8d67abe195e141cdc63b55a005803d3dd0f543b8ea40,99.6203785761,99.6203785761,separate single solve,0.0,0.0,optimal,yes,yes,0.000055,0.000288,1,de0f393a,Windows-AMD64
crude_blend,1000,p649,8b785238423400708bcd8d67abe195e141cdc63b55a005803d3dd0f543b8ea40,404.810531294,404.810531294,separate single solve,0.0,0.0,optimal,yes,yes,0.000054,0.000288,1,de0f393a,Windows-AMD64
crude_blend,1000,p650,8b785238423400708bcd8d67abe195e141cdc63b55a005803d3dd0f543b8ea40,183.269614068,183.269614068,separate single solve,0.0,0.0,optimal,yes,yes,0.000039,0.000278,0,de0f393a,Windows-AMD64
crude_blend,1000,p651,8b785238423400708bcd8d67abe195e141cdc63b55a005803d3dd0f543b8ea40,274.228677767,274.228677767,separate single solve,0.0,0.0,optimal,yes,yes,0.000057,0.000295,3,de0f393a,Windows-AMD64
crude_blend,1000,p652,8b785238423400708bcd8d67abe195e141cdc63b55a005803d3dd0f543b8ea40,314.300780222,314.300780222,separate single solve,0.0,0.0,optimal,yes,yes,0.000054,0.000290,2,de0f393a,Windows-AMD64
crude_blend,1000,p653,8b785238423400708bcd8d67abe195e141cdc63b55a005803d3dd0f543b8ea40,317.800862889,317.800862889,separate single solve,0.0,0.0,optimal,yes,yes,0.000056,0.000290,2,de0f393a,Windows-AMD64
crude_blend,1000,p654,8b785238423400708bcd8d67abe195e141cdc63b55a005803d3dd0f543b8ea40,244.690720576,244.690720576,separate single solve,0.0,0.0,optimal,yes,yes,0.000046,0.000284,0,de0f393a,Windows-AMD64
crude_blend,1000,p655,8b785238423400708bcd8d67abe195e141cdc63b55a005803d3dd0f543b8ea40,156.927026511,156.927026511,separate single solve,0.0,0.0,optimal,yes,yes,0.000039,0.000282,0,de0f393a,Windows-AMD64
crude_blend,1000,p656,8b785238423400708bcd8d67abe195e141cdc63b55a005803d3dd0f543b8ea40,382.797173126,382.797173126,separate single solve,0.0,0.0,optimal,yes,yes,0.000058,0.000275,3,de0f393a,Windows-AMD64
crude_blend,1000,p657,8b785238423400708bcd8d67abe195e141cdc63b55a005803d3dd0f543b8ea40,163.055844731,163.055844731,separate single solve,0.0,0.0,optimal,yes,yes,0.000053,0.000281,1,de0f393a,Windows-AMD64
crude_blend,1000,p658,8b785238423400708bcd8d67abe195e141cdc63b55a005803d3dd0f543b8ea40,275.583178924,275.583178924,separate single solve,0.0,0.0,optimal,yes,yes,0.000056,0.000290,0,de0f393a,Windows-AMD64
crude_blend,1000,p659,8b785238423400708bcd8d67abe195e141cdc63b55a005803d3dd0f543b8ea40,189.404131657,189.404131657,separate single solve,0.0,0.0,optimal,yes,yes,0.000043,0.000287,0,de0f393a,Windows-AMD64
crude_blend,1000,p660,8b785238423400708bcd8d67abe195e141cdc63b55a005803d3dd0f543b8ea40,76.4722590757,76.4722590757,separate single solve,0.0,0.0,optimal,yes,yes,0.000039,0.000294,0,de0f393a,Windows-AMD64
crude_blend,1000,p661,8b785238423400708bcd8d67abe195e141cdc63b55a005803d3dd0f543b8ea40,245.892221638,245.892221638,separate single solve,0.0,0.0,optimal,yes,yes,0.000041,0.000293,0,de0f393a,Windows-AMD64
crude_blend,1000,p662,8b785238423400708bcd8d67abe195e141cdc63b55a005803d3dd0f543b8ea40,282.202839392,282.202839392,separate single solve,0.0,0.0,optimal,yes,yes,0.000067,0.000286,3,de0f393a,Windows-AMD64
crude_blend,1000,p663,8b785238423400708bcd8d67abe195e141cdc63b55a005803d3dd0f543b8ea40,366.707983254,366.707983254,separate single solve,0.0,0.0,optimal,yes,yes,0.000044,0.000289,0,de0f393a,Windows-AMD64
crude_blend,1000,p664,8b785238423400708bcd8d67abe195e141cdc63b55a005803d3dd0f543b8ea40,258.461067241,258.461067241,separate single solve,0.0,0.0,optimal,yes,yes,0.000041,0.000287,0,de0f393a,Windows-AMD64
crude_blend,1000,p665,8b785238423400708bcd8d67abe195e141cdc63b55a005803d3dd0f543b8ea40,117.244670746,117.244670746,separate single solve,0.0,0.0,optimal,yes,yes,0.000043,0.000340,0,de0f393a,Windows-AMD64
crude_blend,1000,p666,8b785238423400708bcd8d67abe195e141cdc63b55a005803d3dd0f543b8ea40,250.710757042,250.710757042,separate single solve,0.0,0.0,optimal,yes,yes,0.000058,0.000291,3,de0f393a,Windows-AMD64
crude_blend,1000,p667,8b785238423400708bcd8d67abe195e141cdc63b55a005803d3dd0f543b8ea40,152.266540667,152.266540667,separate single solve,0.0,0.0,optimal,yes,yes,0.000054,0.000273,2,de0f393a,Windows-AMD64
crude_blend,1000,p668,8b785238423400708bcd8d67abe195e141cdc63b55a005803d3dd0f543b8ea40,357.840270906,357.840270906,separate single solve,0.0,0.0,optimal,yes,yes,0.000055,0.000278,1,de0f393a,Windows-AMD64
crude_blend,1000,p669,8b785238423400708bcd8d67abe195e141cdc63b55a005803d3dd0f543b8ea40,29.3793070676,29.3793070676,separate single solve,0.0,0.0,optimal,yes,yes,0.000043,0.000280,0,de0f393a,Windows-AMD64
crude_blend,1000,p670,8b785238423400708bcd8d67abe195e141cdc63b55a005803d3dd0f543b8ea40,280.095362868,280.095362868,separate single solve,0.0,0.0,optimal,yes,yes,0.000041,0.000273,0,de0f393a,Windows-AMD64
crude_blend,1000,p671,8b785238423400708bcd8d67abe195e141cdc63b55a005803d3dd0f543b8ea40,275.541132168,275.541132168,separate single solve,0.0,0.0,optimal,yes,yes,0.000059,0.000272,3,de0f393a,Windows-AMD64
crude_blend,1000,p672,8b785238423400708bcd8d67abe195e141cdc63b55a005803d3dd0f543b8ea40,187.894826,187.894826,separate single solve,0.0,0.0,optimal,yes,yes,0.000054,0.000279,2,de0f393a,Windows-AMD64
crude_blend,1000,p673,8b785238423400708bcd8d67abe195e141cdc63b55a005803d3dd0f543b8ea40,166.422184586,166.422184586,separate single solve,0.0,0.0,optimal,yes,yes,0.000043,0.000279,0,de0f393a,Windows-AMD64
crude_blend,1000,p674,8b785238423400708bcd8d67abe195e141cdc63b55a005803d3dd0f543b8ea40,132.363820699,132.363820699,separate single solve,0.0,0.0,optimal,yes,yes,0.000054,0.000280,1,de0f393a,Windows-AMD64
crude_blend,1000,p675,8b785238423400708bcd8d67abe195e141cdc63b55a005803d3dd0f543b8ea40,199.383144605,199.383144605,separate single solve,0.0,0.0,optimal,yes,yes,0.000054,0.000281,1,de0f393a,Windows-AMD64
crude_blend,1000,p676,8b785238423400708bcd8d67abe195e141cdc63b55a005803d3dd0f543b8ea40,17.1035279094,17.1035279094,separate single solve,0.0,0.0,optimal,yes,yes,0.000058,0.000300,3,de0f393a,Windows-AMD64
crude_blend,1000,p677,8b785238423400708bcd8d67abe195e141cdc63b55a005803d3dd0f543b8ea40,368.935662222,368.935662222,separate single solve,0.0,0.0,optimal,yes,yes,0.000058,0.000283,2,de0f393a,Windows-AMD64
crude_blend,1000,p678,8b785238423400708bcd8d67abe195e141cdc63b55a005803d3dd0f543b8ea40,193.196757579,193.196757579,separate single solve,0.0,0.0,optimal,yes,yes,0.000085,0.000283,3,de0f393a,Windows-AMD64
crude_blend,1000,p679,8b785238423400708bcd8d67abe195e141cdc63b55a005803d3dd0f543b8ea40,344.524681111,344.524681111,separate single solve,0.0,0.0,optimal,yes,yes,0.000067,0.000296,2,de0f393a,Windows-AMD64
crude_blend,1000,p680,8b785238423400708bcd8d67abe195e141cdc63b55a005803d3dd0f543b8ea40,281.605196686,281.605196686,separate single solve,0.0,0.0,optimal,yes,yes,0.000054,0.000285,1,de0f393a,Windows-AMD64
crude_blend,1000,p681,8b785238423400708bcd8d67abe195e141cdc63b55a005803d3dd0f543b8ea40,373.811551192,373.811551192,separate single solve,0.0,0.0,optimal,yes,yes,0.000045,0.000293,0,de0f393a,Windows-AMD64
crude_blend,1000,p682,8b785238423400708bcd8d67abe195e141cdc63b55a005803d3dd0f543b8ea40,156.356748127,156.356748127,separate single solve,0.0,0.0,optimal,yes,yes,0.000039,0.000269,0,de0f393a,Windows-AMD64
crude_blend,1000,p683,8b785238423400708bcd8d67abe195e141cdc63b55a005803d3dd0f543b8ea40,368.625411036,368.625411036,separate single solve,0.0,0.0,optimal,yes,yes,0.000054,0.000262,1,de0f393a,Windows-AMD64
crude_blend,1000,p684,8b785238423400708bcd8d67abe195e141cdc63b55a005803d3dd0f543b8ea40,115.197270673,115.197270673,separate single solve,0.0,0.0,optimal,yes,yes,0.000058,0.000291,3,de0f393a,Windows-AMD64
crude_blend,1000,p685,8b785238423400708bcd8d67abe195e141cdc63b55a005803d3dd0f543b8ea40,297.811145789,297.811145789,separate single solve,0.0,0.0,optimal,yes,yes,0.000054,0.000274,1,de0f393a,Windows-AMD64
crude_blend,1000,p686,8b785238423400708bcd8d67abe195e141cdc63b55a005803d3dd0f543b8ea40,187.184263223,187.184263223,separate single solve,0.0,0.0,optimal,yes,yes,0.000060,0.000269,3,de0f393a,Windows-AMD64
crude_blend,1000,p687,8b785238423400708bcd8d67abe195e141cdc63b55a005803d3dd0f543b8ea40,64.2619061892,64.2619061892,separate single solve,0.0,0.0,optimal,yes,yes,0.000040,0.000267,0,de0f393a,Windows-AMD64
crude_blend,1000,p688,8b785238423400708bcd8d67abe195e141cdc63b55a005803d3dd0f543b8ea40,457.736462563,457.736462563,separate single solve,0.0,0.0,optimal,yes,yes,0.000056,0.000255,1,de0f393a,Windows-AMD64
crude_blend,1000,p689,8b785238423400708bcd8d67abe195e141cdc63b55a005803d3dd0f543b8ea40,286.518077333,286.518077333,separate single solve,0.0,0.0,optimal,yes,yes,0.000058,0.000311,2,de0f393a,Windows-AMD64
crude_blend,1000,p690,8b785238423400708bcd8d67abe195e141cdc63b55a005803d3dd0f543b8ea40,138.812102997,138.812102997,separate single solve,0.0,0.0,optimal,yes,yes,0.000072,0.000341,3,de0f393a,Windows-AMD64
crude_blend,1000,p691,8b785238423400708bcd8d67abe195e141cdc63b55a005803d3dd0f543b8ea40,346.986659249,346.986659249,separate single solve,0.0,0.0,optimal,yes,yes,0.000071,0.000310,3,de0f393a,Windows-AMD64
crude_blend,1000,p692,8b785238423400708bcd8d67abe195e141cdc63b55a005803d3dd0f543b8ea40,174.763958578,174.763958578,separate single solve,0.0,0.0,optimal,yes,yes,0.000043,0.000265,0,de0f393a,Windows-AMD64
crude_blend,1000,p693,8b785238423400708bcd8d67abe195e141cdc63b55a005803d3dd0f543b8ea40,158.539866762,158.539866762,separate single solve,0.0,0.0,optimal,yes,yes,0.000039,0.000272,0,de0f393a,Windows-AMD64
crude_blend,1000,p694,8b785238423400708bcd8d67abe195e141cdc63b55a005803d3dd0f543b8ea40,310.308729877,310.308729877,separate single solve,0.0,0.0,optimal,yes,yes,0.000058,0.000311,3,de0f393a,Windows-AMD64
crude_blend,1000,p695,8b785238423400708bcd8d67abe195e141cdc63b55a005803d3dd0f543b8ea40,428.596013759,428.596013759,separate single solve,0.0,0.0,optimal,yes,yes,0.000048,0.000357,0,de0f393a,Windows-AMD64
crude_blend,1000,p696,8b785238423400708bcd8d67abe195e141cdc63b55a005803d3dd0f543b8ea40,185.886830122,185.886830122,separate single solve,0.0,0.0,optimal,yes,yes,0.000043,0.000352,0,de0f393a,Windows-AMD64
crude_blend,1000,p697,8b785238423400708bcd8d67abe195e141cdc63b55a005803d3dd0f543b8ea40,275.292359189,275.292359189,separate single solve,0.0,0.0,optimal,yes,yes,0.000041,0.000342,0,de0f393a,Windows-AMD64
crude_blend,1000,p698,8b785238423400708bcd8d67abe195e141cdc63b55a005803d3dd0f543b8ea40,72.5277189622,72.5277189622,separate single solve,0.0,0.0,optimal,yes,yes,0.000039,0.000378,0,de0f393a,Windows-AMD64
crude_blend,1000,p699,8b785238423400708bcd8d67abe195e141cdc63b55a005803d3dd0f543b8ea40,430.594057124,430.594057124,separate single solve,0.0,0.0,optimal,yes,yes,0.000037,0.000356,0,de0f393a,Windows-AMD64
crude_blend,1000,p700,8b785238423400708bcd8d67abe195e141cdc63b55a005803d3dd0f543b8ea40,312.197222124,312.197222124,separate single solve,0.0,0.0,optimal,yes,yes,0.000042,0.000337,0,de0f393a,Windows-AMD64
crude_blend,1000,p701,8b785238423400708bcd8d67abe195e141cdc63b55a005803d3dd0f543b8ea40,408.954920913,408.954920913,separate single solve,0.0,0.0,optimal,yes,yes,0.000057,0.000336,1,de0f393a,Windows-AMD64
crude_blend,1000,p702,8b785238423400708bcd8d67abe195e141cdc63b55a005803d3dd0f543b8ea40,208.616370238,208.616370238,separate single solve,0.0,0.0,optimal,yes,yes,0.000037,0.000337,0,de0f393a,Windows-AMD64
crude_blend,1000,p703,8b785238423400708bcd8d67abe195e141cdc63b55a005803d3dd0f543b8ea40,142.300452711,142.300452711,separate single solve,0.0,0.0,optimal,yes,yes,0.000038,0.000331,0,de0f393a,Windows-AMD64
crude_blend,1000,p704,8b785238423400708bcd8d67abe195e141cdc63b55a005803d3dd0f543b8ea40,108.024851097,108.024851097,separate single solve,0.0,0.0,optimal,yes,yes,0.000039,0.000332,0,de0f393a,Windows-AMD64
crude_blend,1000,p705,8b785238423400708bcd8d67abe195e141cdc63b55a005803d3dd0f543b8ea40,364.452897557,364.452897557,separate single solve,0.0,0.0,optimal,yes,yes,0.000040,0.000349,0,de0f393a,Windows-AMD64
crude_blend,1000,p706,8b785238423400708bcd8d67abe195e141cdc63b55a005803d3dd0f543b8ea40,416.652336741,416.652336741,separate single solve,0.0,0.0,optimal,yes,yes,0.000040,0.000338,0,de0f393a,Windows-AMD64
crude_blend,1000,p707,8b785238423400708bcd8d67abe195e141cdc63b55a005803d3dd0f543b8ea40,363.631051638,363.631051638,separate single solve,0.0,0.0,optimal,yes,yes,0.000054,0.000337,1,de0f393a,Windows-AMD64
crude_blend,1000,p708,8b785238423400708bcd8d67abe195e141cdc63b55a005803d3dd0f543b8ea40,268.199224622,268.199224622,separate single solve,0.0,0.0,optimal,yes,yes,0.000043,0.000337,0,de0f393a,Windows-AMD64
crude_blend,1000,p709,8b785238423400708bcd8d67abe195e141cdc63b55a005803d3dd0f543b8ea40,413.738056422,413.738056422,separate single solve,0.0,0.0,optimal,yes,yes,0.000049,0.000339,0,de0f393a,Windows-AMD64
crude_blend,1000,p710,8b785238423400708bcd8d67abe195e141cdc63b55a005803d3dd0f543b8ea40,202.834488947,202.834488947,separate single solve,0.0,0.0,optimal,yes,yes,0.000056,0.000340,1,de0f393a,Windows-AMD64
crude_blend,1000,p711,8b785238423400708bcd8d67abe195e141cdc63b55a005803d3dd0f543b8ea40,224.913663333,224.913663333,separate single solve,0.0,0.0,optimal,yes,yes,0.000055,0.000355,2,de0f393a,Windows-AMD64
crude_blend,1000,p712,8b785238423400708bcd8d67abe195e141cdc63b55a005803d3dd0f543b8ea40,314.301304295,314.301304295,separate single solve,0.0,0.0,optimal,yes,yes,0.000044,0.000345,0,de0f393a,Windows-AMD64
crude_blend,1000,p713,8b785238423400708bcd8d67abe195e141cdc63b55a005803d3dd0f543b8ea40,324.266733049,324.266733049,separate single solve,0.0,0.0,optimal,yes,yes,0.000040,0.000339,0,de0f393a,Windows-AMD64
crude_blend,1000,p714,8b785238423400708bcd8d67abe195e141cdc63b55a005803d3dd0f543b8ea40,320.996398667,320.996398667,separate single solve,0.0,0.0,optimal,yes,yes,0.000057,0.000345,1,de0f393a,Windows-AMD64
crude_blend,1000,p715,8b785238423400708bcd8d67abe195e141cdc63b55a005803d3dd0f543b8ea40,317.281158222,317.281158222,separate single solve,0.0,0.0,optimal,yes,yes,0.000055,0.000343,2,de0f393a,Windows-AMD64
crude_blend,1000,p716,8b785238423400708bcd8d67abe195e141cdc63b55a005803d3dd0f543b8ea40,291.236060615,291.236060615,separate single solve,0.0,0.0,optimal,yes,yes,0.000056,0.000342,1,de0f393a,Windows-AMD64
crude_blend,1000,p717,8b785238423400708bcd8d67abe195e141cdc63b55a005803d3dd0f543b8ea40,364.076147217,364.076147217,separate single solve,0.0,0.0,optimal,yes,yes,0.000196,0.000353,1,de0f393a,Windows-AMD64
crude_blend,1000,p718,8b785238423400708bcd8d67abe195e141cdc63b55a005803d3dd0f543b8ea40,155.953855822,155.953855822,separate single solve,0.0,0.0,optimal,yes,yes,0.000086,0.000339,0,de0f393a,Windows-AMD64
crude_blend,1000,p719,8b785238423400708bcd8d67abe195e141cdc63b55a005803d3dd0f543b8ea40,292.495318889,292.495318889,separate single solve,0.0,0.0,optimal,yes,yes,0.000076,0.000342,2,de0f393a,Windows-AMD64
crude_blend,1000,p720,8b785238423400708bcd8d67abe195e141cdc63b55a005803d3dd0f543b8ea40,310.980453811,310.980453811,separate single solve,0.0,0.0,optimal,yes,yes,0.000048,0.000338,0,de0f393a,Windows-AMD64
crude_blend,1000,p721,8b785238423400708bcd8d67abe195e141cdc63b55a005803d3dd0f543b8ea40,281.038846974,281.038846974,separate single solve,0.0,0.0,optimal,yes,yes,0.000061,0.000342,1,de0f393a,Windows-AMD64
crude_blend,1000,p722,8b785238423400708bcd8d67abe195e141cdc63b55a005803d3dd0f543b8ea40,342.296710667,342.296710667,separate single solve,0.0,0.0,optimal,yes,yes,0.000063,0.000359,2,de0f393a,Windows-AMD64
crude_blend,1000,p723,8b785238423400708bcd8d67abe195e141cdc63b55a005803d3dd0f543b8ea40,483.227286777,483.227286777,separate single solve,0.0,0.0,optimal,yes,yes,0.000066,0.000337,1,de0f393a,Windows-AMD64
crude_blend,1000,p724,8b785238423400708bcd8d67abe195e141cdc63b55a005803d3dd0f543b8ea40,135.667045132,135.667045132,separate single solve,0.0,0.0,optimal,yes,yes,0.000063,0.000331,1,de0f393a,Windows-AMD64
crude_blend,1000,p725,8b785238423400708bcd8d67abe195e141cdc63b55a005803d3dd0f543b8ea40,200.081156157,200.081156157,separate single solve,0.0,0.0,optimal,yes,yes,0.000046,0.000335,0,de0f393a,Windows-AMD64
crude_blend,1000,p726,8b785238423400708bcd8d67abe195e141cdc63b55a005803d3dd0f543b8ea40,322.437999868,322.437999868,separate single solve,0.0,0.0,optimal,yes,yes,0.000055,0.000332,1,de0f393a,Windows-AMD64
crude_blend,1000,p727,8b785238423400708bcd8d67abe195e141cdc63b55a005803d3dd0f543b8ea40,274.903997515,274.903997515,separate single solve,0.0,0.0,optimal,yes,yes,0.000055,0.000337,1,de0f393a,Windows-AMD64
crude_blend,1000,p728,8b785238423400708bcd8d67abe195e141cdc63b55a005803d3dd0f543b8ea40,242.358352222,242.358352222,separate single solve,0.0,0.0,optimal,yes,yes,0.000056,0.000340,2,de0f393a,Windows-AMD64
crude_blend,1000,p729,8b785238423400708bcd8d67abe195e141cdc63b55a005803d3dd0f543b8ea40,285.440891398,285.440891398,separate single solve,0.0,0.0,optimal,yes,yes,0.000058,0.000317,3,de0f393a,Windows-AMD64
crude_blend,1000,p730,8b785238423400708bcd8d67abe195e141cdc63b55a005803d3dd0f543b8ea40,424.953956505,424.953956505,separate single solve,0.0,0.0,optimal,yes,yes,0.000053,0.000234,1,de0f393a,Windows-AMD64
crude_blend,1000,p731,8b785238423400708bcd8d67abe195e141cdc63b55a005803d3dd0f543b8ea40,368.895030188,368.895030188,separate single solve,0.0,0.0,optimal,yes,yes,0.000058,0.000235,3,de0f393a,Windows-AMD64
crude_blend,1000,p732,8b785238423400708bcd8d67abe195e141cdc63b55a005803d3dd0f543b8ea40,410.249019556,410.249019556,separate single solve,0.0,0.0,optimal,yes,yes,0.000055,0.000232,2,de0f393a,Windows-AMD64
crude_blend,1000,p733,8b785238423400708bcd8d67abe195e141cdc63b55a005803d3dd0f543b8ea40,136.521220667,136.521220667,separate single solve,0.0,0.0,optimal,yes,yes,0.000057,0.000258,3,de0f393a,Windows-AMD64
crude_blend,1000,p734,8b785238423400708bcd8d67abe195e141cdc63b55a005803d3dd0f543b8ea40,85.8976419027,85.8976419027,separate single solve,0.0,0.0,optimal,yes,yes,0.000042,0.000340,0,de0f393a,Windows-AMD64
crude_blend,1000,p735,8b785238423400708bcd8d67abe195e141cdc63b55a005803d3dd0f543b8ea40,98.0291808673,98.0291808673,separate single solve,0.0,0.0,optimal,yes,yes,0.000055,0.000354,1,de0f393a,Windows-AMD64
crude_blend,1000,p736,8b785238423400708bcd8d67abe195e141cdc63b55a005803d3dd0f543b8ea40,269.564219333,269.564219333,separate single solve,0.0,0.0,optimal,yes,yes,0.000053,0.000387,2,de0f393a,Windows-AMD64
crude_blend,1000,p737,8b785238423400708bcd8d67abe195e141cdc63b55a005803d3dd0f543b8ea40,178.247844816,178.247844816,separate single solve,0.0,0.0,optimal,yes,yes,0.000039,0.000435,0,de0f393a,Windows-AMD64
crude_blend,1000,p738,8b785238423400708bcd8d67abe195e141cdc63b55a005803d3dd0f543b8ea40,385.787843133,385.787843133,separate single solve,0.0,0.0,optimal,yes,yes,0.000051,0.000370,1,de0f393a,Windows-AMD64
crude_blend,1000,p739,8b785238423400708bcd8d67abe195e141cdc63b55a005803d3dd0f543b8ea40,374.974369333,374.974369333,separate single solve,0.0,0.0,optimal,yes,yes,0.000051,0.000268,2,de0f393a,Windows-AMD64
crude_blend,1000,p740,8b785238423400708bcd8d67abe195e141cdc63b55a005803d3dd0f543b8ea40,22.9594444757,22.9594444757,separate single solve,0.0,0.0,optimal,yes,yes,0.000040,0.000261,0,de0f393a,Windows-AMD64
crude_blend,1000,p741,8b785238423400708bcd8d67abe195e141cdc63b55a005803d3dd0f543b8ea40,106.387961974,106.387961974,separate single solve,0.0,0.0,optimal,yes,yes,0.000052,0.000255,1,de0f393a,Windows-AMD64
crude_blend,1000,p742,8b785238423400708bcd8d67abe195e141cdc63b55a005803d3dd0f543b8ea40,301.065479751,301.065479751,separate single solve,0.0,0.0,optimal,yes,yes,0.000039,0.000296,0,de0f393a,Windows-AMD64
crude_blend,1000,p743,8b785238423400708bcd8d67abe195e141cdc63b55a005803d3dd0f543b8ea40,191.947381765,191.947381765,separate single solve,0.0,0.0,optimal,yes,yes,0.000045,0.000363,0,de0f393a,Windows-AMD64
crude_blend,1000,p744,8b785238423400708bcd8d67abe195e141cdc63b55a005803d3dd0f543b8ea40,332.406573556,332.406573556,separate single solve,0.0,0.0,optimal,yes,yes,0.000052,0.000356,2,de0f393a,Windows-AMD64
crude_blend,1000,p745,8b785238423400708bcd8d67abe195e141cdc63b55a005803d3dd0f543b8ea40,294.146079638,294.146079638,separate single solve,0.0,0.0,optimal,yes,yes,0.000039,0.000350,0,de0f393a,Windows-AMD64
crude_blend,1000,p746,8b785238423400708bcd8d67abe195e141cdc63b55a005803d3dd0f543b8ea40,320.403230703,320.403230703,separate single solve,0.0,0.0,optimal,yes,yes,0.000035,0.000349,0,de0f393a,Windows-AMD64
crude_blend,1000,p747,8b785238423400708bcd8d67abe195e141cdc63b55a005803d3dd0f543b8ea40,228.580782476,228.580782476,separate single solve,0.0,0.0,optimal,yes,yes,0.000046,0.000323,0,de0f393a,Windows-AMD64
crude_blend,1000,p748,8b785238423400708bcd8d67abe195e141cdc63b55a005803d3dd0f543b8ea40,341.921431715,341.921431715,separate single solve,0.0,0.0,optimal,yes,yes,0.000058,0.000261,3,de0f393a,Windows-AMD64
crude_blend,1000,p749,8b785238423400708bcd8d67abe195e141cdc63b55a005803d3dd0f543b8ea40,240.007935612,240.007935612,separate single solve,0.0,0.0,optimal,yes,yes,0.000054,0.000243,3,de0f393a,Windows-AMD64
crude_blend,1000,p750,8b785238423400708bcd8d67abe195e141cdc63b55a005803d3dd0f543b8ea40,390.435131333,390.435131333,separate single solve,0.0,0.0,optimal,yes,yes,0.000051,0.000242,2,de0f393a,Windows-AMD64
crude_blend,1000,p751,8b785238423400708bcd8d67abe195e141cdc63b55a005803d3dd0f543b8ea40,191.22924793,191.22924793,separate single solve,0.0,0.0,optimal,yes,yes,0.000036,0.000270,0,de0f393a,Windows-AMD64
crude_blend,1000,p752,8b785238423400708bcd8d67abe195e141cdc63b55a005803d3dd0f543b8ea40,192.107890246,192.107890246,separate single solve,0.0,0.0,optimal,yes,yes,0.000036,0.000364,0,de0f393a,Windows-AMD64
crude_blend,1000,p753,8b785238423400708bcd8d67abe195e141cdc63b55a005803d3dd0f543b8ea40,425.921942524,425.921942524,separate single solve,0.0,0.0,optimal,yes,yes,0.000055,0.000358,3,de0f393a,Windows-AMD64
crude_blend,1000,p754,8b785238423400708bcd8d67abe195e141cdc63b55a005803d3dd0f543b8ea40,305.870617294,305.870617294,separate single solve,0.0,0.0,optimal,yes,yes,0.000050,0.000355,1,de0f393a,Windows-AMD64
crude_blend,1000,p755,8b785238423400708bcd8d67abe195e141cdc63b55a005803d3dd0f543b8ea40,259.134660951,259.134660951,separate single solve,0.0,0.0,optimal,yes,yes,0.000051,0.000364,1,de0f393a,Windows-AMD64
crude_blend,1000,p756,8b785238423400708bcd8d67abe195e141cdc63b55a005803d3dd0f543b8ea40,278.380699916,278.380699916,separate single solve,0.0,0.0,optimal,yes,yes,0.000039,0.000349,0,de0f393a,Windows-AMD64
crude_blend,1000,p757,8b785238423400708bcd8d67abe195e141cdc63b55a005803d3dd0f543b8ea40,180.929917911,180.929917911,separate single solve,0.0,0.0,optimal,yes,yes,0.000036,0.000248,0,de0f393a,Windows-AMD64
crude_blend,1000,p758,8b785238423400708bcd8d67abe195e141cdc63b55a005803d3dd0f543b8ea40,65.7700253514,65.7700253514,separate single solve,0.0,0.0,optimal,yes,yes,0.000040,0.000246,0,de0f393a,Windows-AMD64
crude_blend,1000,p759,8b785238423400708bcd8d67abe195e141cdc63b55a005803d3dd0f543b8ea40,235.278728957,235.278728957,separate single solve,0.0,0.0,optimal,yes,yes,0.000036,0.000241,0,de0f393a,Windows-AMD64
crude_blend,1000,p760,8b785238423400708bcd8d67abe195e141cdc63b55a005803d3dd0f543b8ea40,37.165989927,37.165989927,separate single solve,0.0,0.0,optimal,yes,yes,0.000037,0.000287,0,de0f393a,Windows-AMD64
crude_blend,1000,p761,8b785238423400708bcd8d67abe195e141cdc63b55a005803d3dd0f543b8ea40,344.392643689,344.392643689,separate single solve,0.0,0.0,optimal,yes,yes,0.000051,0.000355,1,de0f393a,Windows-AMD64
crude_blend,1000,p762,8b785238423400708bcd8d67abe195e141cdc63b55a005803d3dd0f543b8ea40,270.80979723,270.80979723,separate single solve,0.0,0.0,optimal,yes,yes,0.000049,0.000359,1,de0f393a,Windows-AMD64
crude_blend,1000,p763,8b785238423400708bcd8d67abe195e141cdc63b55a005803d3dd0f543b8ea40,338.542450865,338.542450865,separate single solve,0.0,0.0,optimal,yes,yes,0.000037,0.000348,0,de0f393a,Windows-AMD64
crude_blend,1000,p764,8b785238423400708bcd8d67abe195e141cdc63b55a005803d3dd0f543b8ea40,290.209959333,290.209959333,separate single solve,0.0,0.0,optimal,yes,yes,0.000051,0.000359,2,de0f393a,Windows-AMD64
crude_blend,1000,p765,8b785238423400708bcd8d67abe195e141cdc63b55a005803d3dd0f543b8ea40,134.052204816,134.052204816,separate single solve,0.0,0.0,optimal,yes,yes,0.000039,0.000323,0,de0f393a,Windows-AMD64
crude_blend,1000,p766,8b785238423400708bcd8d67abe195e141cdc63b55a005803d3dd0f543b8ea40,271.754000434,271.754000434,separate single solve,0.0,0.0,optimal,yes,yes,0.000054,0.000243,3,de0f393a,Windows-AMD64
crude_blend,1000,p767,8b785238423400708bcd8d67abe195e141cdc63b55a005803d3dd0f543b8ea40,332.511877184,332.511877184,separate single solve,0.0,0.0,optimal,yes,yes,0.000053,0.000257,3,de0f393a,Windows-AMD64
crude_blend,1000,p768,8b785238423400708bcd8d67abe195e141cdc63b55a005803d3dd0f543b8ea40,360.304724641,360.304724641,separate single solve,0.0,0.0,optimal,yes,yes,0.000051,0.000265,1,de0f393a,Windows-AMD64
crude_blend,1000,p769,8b785238423400708bcd8d67abe195e141cdc63b55a005803d3dd0f543b8ea40,188.771687841,188.771687841,separate single solve,0.0,0.0,optimal,yes,yes,0.000039,0.000273,0,de0f393a,Windows-AMD64
crude_blend,1000,p770,8b785238423400708bcd8d67abe195e141cdc63b55a005803d3dd0f543b8ea40,342.439338546,342.439338546,separate single solve,0.0,0.0,optimal,yes,yes,0.000039,0.000355,0,de0f393a,Windows-AMD64
crude_blend,1000,p771,8b785238423400708bcd8d67abe195e141cdc63b55a005803d3dd0f543b8ea40,313.315894874,313.315894874,separate single solve,0.0,0.0,optimal,yes,yes,0.000054,0.000354,3,de0f393a,Windows-AMD64
crude_blend,1000,p772,8b785238423400708bcd8d67abe195e141cdc63b55a005803d3dd0f543b8ea40,188.356190605,188.356190605,separate single solve,0.0,0.0,optimal,yes,yes,0.000039,0.000354,0,de0f393a,Windows-AMD64
crude_blend,1000,p773,8b785238423400708bcd8d67abe195e141cdc63b55a005803d3dd0f543b8ea40,154.871032732,154.871032732,separate single solve,0.0,0.0,optimal,yes,yes,0.000040,0.000345,0,de0f393a,Windows-AMD64
crude_blend,1000,p774,8b785238423400708bcd8d67abe195e141cdc63b55a005803d3dd0f543b8ea40,299.559137632,299.559137632,separate single solve,0.0,0.0,optimal,yes,yes,0.000052,0.000334,1,de0f393a,Windows-AMD64
crude_blend,1000,p775,8b785238423400708bcd8d67abe195e141cdc63b55a005803d3dd0f543b8ea40,261.116380526,261.116380526,separate single solve,0.0,0.0,optimal,yes,yes,0.000051,0.000241,1,de0f393a,Windows-AMD64
crude_blend,1000,p776,8b785238423400708bcd8d67abe195e141cdc63b55a005803d3dd0f543b8ea40,218.512808859,218.512808859,separate single solve,0.0,0.0,optimal,yes,yes,0.000038,0.000240,0,de0f393a,Windows-AMD64
crude_blend,1000,p777,8b785238423400708bcd8d67abe195e141cdc63b55a005803d3dd0f543b8ea40,245.054203351,245.054203351,separate single solve,0.0,0.0,optimal,yes,yes,0.000038,0.000238,0,de0f393a,Windows-AMD64
crude_blend,1000,p778,8b785238423400708bcd8d67abe195e141cdc63b55a005803d3dd0f543b8ea40,205.112599481,205.112599481,separate single solve,0.0,0.0,optimal,yes,yes,0.000039,0.000265,0,de0f393a,Windows-AMD64
crude_blend,1000,p779,8b785238423400708bcd8d67abe195e141cdc63b55a005803d3dd0f543b8ea40,211.919745995,211.919745995,separate single solve,0.0,0.0,optimal,yes,yes,0.000037,0.000356,0,de0f393a,Windows-AMD64
crude_blend,1000,p780,8b785238423400708bcd8d67abe195e141cdc63b55a005803d3dd0f543b8ea40,273.582724913,273.582724913,separate single solve,0.0,0.0,optimal,yes,yes,0.000052,0.000355,1,de0f393a,Windows-AMD64
crude_blend,1000,p781,8b785238423400708bcd8d67abe195e141cdc63b55a005803d3dd0f543b8ea40,252.6985115,252.6985115,separate single solve,0.0,0.0,optimal,yes,yes,0.000036,0.000359,0,de0f393a,Windows-AMD64
crude_blend,1000,p782,8b785238423400708bcd8d67abe195e141cdc63b55a005803d3dd0f543b8ea40,348.932086408,348.932086408,separate single solve,0.0,0.0,optimal,yes,yes,0.000036,0.000347,0,de0f393a,Windows-AMD64
crude_blend,1000,p783,8b785238423400708bcd8d67abe195e141cdc63b55a005803d3dd0f543b8ea40,481.434243586,481.434243586,separate single solve,0.0,0.0,optimal,yes,yes,0.000050,0.000328,1,de0f393a,Windows-AMD64
crude_blend,1000,p784,8b785238423400708bcd8d67abe195e141cdc63b55a005803d3dd0f543b8ea40,331.105196783,331.105196783,separate single solve,0.0,0.0,optimal,yes,yes,0.000051,0.000243,1,de0f393a,Windows-AMD64
crude_blend,1000,p785,8b785238423400708bcd8d67abe195e141cdc63b55a005803d3dd0f543b8ea40,345.686586059,345.686586059,separate single solve,0.0,0.0,optimal,yes,yes,0.000037,0.000245,0,de0f393a,Windows-AMD64
crude_blend,1000,p786,8b785238423400708bcd8d67abe195e141cdc63b55a005803d3dd0f543b8ea40,204.192012322,204.192012322,separate single solve,0.0,0.0,optimal,yes,yes,0.000037,0.000243,0,de0f393a,Windows-AMD64
crude_blend,1000,p787,8b785238423400708bcd8d67abe195e141cdc63b55a005803d3dd0f543b8ea40,167.447975346,167.447975346,separate single solve,0.0,0.0,optimal,yes,yes,0.000036,0.000277,0,de0f393a,Windows-AMD64
crude_blend,1000,p788,8b785238423400708bcd8d67abe195e141cdc63b55a005803d3dd0f543b8ea40,225.681240259,225.681240259,separate single solve,0.0,0.0,optimal,yes,yes,0.000039,0.000365,0,de0f393a,Windows-AMD64
crude_blend,1000,p789,8b785238423400708bcd8d67abe195e141cdc63b55a005803d3dd0f543b8ea40,268.8363592,268.8363592,separate single solve,0.0,0.0,optimal,yes,yes,0.000038,0.000348,0,de0f393a,Windows-AMD64
crude_blend,1000,p790,8b785238423400708bcd8d67abe195e141cdc63b55a005803d3dd0f543b8ea40,287.207022647,287.207022647,separate single solve,0.0,0.0,optimal,yes,yes,0.000054,0.000353,3,de0f393a,Windows-AMD64
crude_blend,1000,p791,8b785238423400708bcd8d67abe195e141cdc63b55a005803d3dd0f543b8ea40,116.629078097,116.629078097,separate single solve,0.0,0.0,optimal,yes,yes,0.000051,0.000402,1,de0f393a,Windows-AMD64
crude_blend,1000,p792,8b785238423400708bcd8d67abe195e141cdc63b55a005803d3dd0f543b8ea40,322.254979023,322.254979023,separate single solve,0.0,0.0,optimal,yes,yes,0.000058,0.000305,1,de0f393a,Windows-AMD64
crude_blend,1000,p793,8b785238423400708bcd8d67abe195e141cdc63b55a005803d3dd0f543b8ea40,365.324732951,365.324732951,separate single solve,0.0,0.0,optimal,yes,yes,0.000052,0.000185,1,de0f393a,Windows-AMD64
crude_blend,1000,p794,8b785238423400708bcd8d67abe195e141cdc63b55a005803d3dd0f543b8ea40,184.959862705,184.959862705,separate single solve,0.0,0.0,optimal,yes,yes,0.000037,0.000175,0,de0f393a,Windows-AMD64
crude_blend,1000,p795,8b785238423400708bcd8d67abe195e141cdc63b55a005803d3dd0f543b8ea40,176.60434013,176.60434013,separate single solve,0.0,0.0,optimal,yes,yes,0.000035,0.000172,0,de0f393a,Windows-AMD64
crude_blend,1000,p796,8b785238423400708bcd8d67abe195e141cdc63b55a005803d3dd0f543b8ea40,370.533323024,370.533323024,separate single solve,0.0,0.0,optimal,yes,yes,0.000035,0.000189,0,de0f393a,Windows-AMD64
crude_blend,1000,p797,8b785238423400708bcd8d67abe195e141cdc63b55a005803d3dd0f543b8ea40,217.267336381,217.267336381,separate single solve,0.0,0.0,optimal,yes,yes,0.000035,0.000255,0,de0f393a,Windows-AMD64
crude_blend,1000,p798,8b785238423400708bcd8d67abe195e141cdc63b55a005803d3dd0f543b8ea40,248.500639696,248.500639696,separate single solve,0.0,0.0,optimal,yes,yes,0.000051,0.000262,1,de0f393a,Windows-AMD64
crude_blend,1000,p799,8b785238423400708bcd8d67abe195e141cdc63b55a005803d3dd0f543b8ea40,264.542298381,264.542298381,separate single solve,0.0,0.0,optimal,yes,yes,0.000040,0.000379,0,de0f393a,Windows-AMD64
crude_blend,1000,p800,8b785238423400708bcd8d67abe195e141cdc63b55a005803d3dd0f543b8ea40,353.363566194,353.363566194,separate single solve,0.0,0.0,optimal,yes,yes,0.000052,0.000373,1,de0f393a,Windows-AMD64
crude_blend,1000,p801,8b785238423400708bcd8d67abe195e141cdc63b55a005803d3dd0f543b8ea40,-22.5596596375,-22.5596596375,separate single solve,0.0,0.0,optimal,yes,yes,0.000053,0.000364,1,de0f393a,Windows-AMD64
crude_blend,1000,p802,8b785238423400708bcd8d67abe195e141cdc63b55a005803d3dd0f543b8ea40,364.547062795,364.547062795,separate single solve,0.0,0.0,optimal,yes,yes,0.000040,0.000259,0,de0f393a,Windows-AMD64
crude_blend,1000,p803,8b785238423400708bcd8d67abe195e141cdc63b55a005803d3dd0f543b8ea40,294.977546388,294.977546388,separate single solve,0.0,0.0,optimal,yes,yes,0.000056,0.000267,3,de0f393a,Windows-AMD64
crude_blend,1000,p804,8b785238423400708bcd8d67abe195e141cdc63b55a005803d3dd0f543b8ea40,138.897401592,138.897401592,separate single solve,0.0,0.0,optimal,yes,yes,0.000036,0.000284,0,de0f393a,Windows-AMD64
crude_blend,1000,p805,8b785238423400708bcd8d67abe195e141cdc63b55a005803d3dd0f543b8ea40,366.393138,366.393138,separate single solve,0.0,0.0,optimal,yes,yes,0.000052,0.000306,2,de0f393a,Windows-AMD64
crude_blend,1000,p806,8b785238423400708bcd8d67abe195e141cdc63b55a005803d3dd0f543b8ea40,400.216570095,400.216570095,separate single solve,0.0,0.0,optimal,yes,yes,0.000041,0.000376,0,de0f393a,Windows-AMD64
crude_blend,1000,p807,8b785238423400708bcd8d67abe195e141cdc63b55a005803d3dd0f543b8ea40,230.254524008,230.254524008,separate single solve,0.0,0.0,optimal,yes,yes,0.000039,0.000366,0,de0f393a,Windows-AMD64
crude_blend,1000,p808,8b785238423400708bcd8d67abe195e141cdc63b55a005803d3dd0f543b8ea40,297.856115599,297.856115599,separate single solve,0.0,0.0,optimal,yes,yes,0.000052,0.000377,1,de0f393a,Windows-AMD64
crude_blend,1000,p809,8b785238423400708bcd8d67abe195e141cdc63b55a005803d3dd0f543b8ea40,249.556310246,249.556310246,separate single solve,0.0,0.0,optimal,yes,yes,0.000036,0.000375,0,de0f393a,Windows-AMD64
crude_blend,1000,p810,8b785238423400708bcd8d67abe195e141cdc63b55a005803d3dd0f543b8ea40,306.644108384,306.644108384,separate single solve,0.0,0.0,optimal,yes,yes,0.000039,0.000341,0,de0f393a,Windows-AMD64
crude_blend,1000,p811,8b785238423400708bcd8d67abe195e141cdc63b55a005803d3dd0f543b8ea40,361.845527819,361.845527819,separate single solve,0.0,0.0,optimal,yes,yes,0.000056,0.000278,3,de0f393a,Windows-AMD64
crude_blend,1000,p812,8b785238423400708bcd8d67abe195e141cdc63b55a005803d3dd0f543b8ea40,335.461771778,335.461771778,separate single solve,0.0,0.0,optimal,yes,yes,0.000052,0.000257,2,de0f393a,Windows-AMD64
crude_blend,1000,p813,8b785238423400708bcd8d67abe195e141cdc63b55a005803d3dd0f543b8ea40,226.431986135,226.431986135,separate single solve,0.0,0.0,optimal,yes,yes,0.000040,0.000256,0,de0f393a,Windows-AMD64
crude_blend,1000,p814,8b785238423400708bcd8d67abe195e141cdc63b55a005803d3dd0f543b8ea40,255.270147562,255.270147562,separate single solve,0.0,0.0,optimal,yes,yes,0.000040,0.000289,0,de0f393a,Windows-AMD64
crude_blend,1000,p815,8b785238423400708bcd8d67abe195e141cdc63b55a005803d3dd0f543b8ea40,446.860565995,446.860565995,separate single solve,0.0,0.0,optimal,yes,yes,0.000040,0.000380,0,de0f393a,Windows-AMD64
crude_blend,1000,p816,8b785238423400708bcd8d67abe195e141cdc63b55a005803d3dd0f543b8ea40,143.060371362,143.060371362,separate single solve,0.0,0.0,optimal,yes,yes,0.000037,0.000367,0,de0f393a,Windows-AMD64
crude_blend,1000,p817,8b785238423400708bcd8d67abe195e141cdc63b55a005803d3dd0f543b8ea40,-25.0319387514,-25.0319387514,separate single solve,0.0,0.0,optimal,yes,yes,0.000043,0.000397,0,de0f393a,Windows-AMD64
crude_blend,1000,p818,8b785238423400708bcd8d67abe195e141cdc63b55a005803d3dd0f543b8ea40,330.926495962,330.926495962,separate single solve,0.0,0.0,optimal,yes,yes,0.000043,0.000363,0,de0f393a,Windows-AMD64
crude_blend,1000,p819,8b785238423400708bcd8d67abe195e141cdc63b55a005803d3dd0f543b8ea40,340.429429632,340.429429632,separate single solve,0.0,0.0,optimal,yes,yes,0.000050,0.000335,0,de0f393a,Windows-AMD64
crude_blend,1000,p820,8b785238423400708bcd8d67abe195e141cdc63b55a005803d3dd0f543b8ea40,251.252328667,251.252328667,separate single solve,0.0,0.0,optimal,yes,yes,0.000052,0.000251,2,de0f393a,Windows-AMD64
crude_blend,1000,p821,8b785238423400708bcd8d67abe195e141cdc63b55a005803d3dd0f543b8ea40,310.777781631,310.777781631,separate single solve,0.0,0.0,optimal,yes,yes,0.000053,0.000249,1,de0f393a,Windows-AMD64
crude_blend,1000,p822,8b785238423400708bcd8d67abe195e141cdc63b55a005803d3dd0f543b8ea40,344.789660354,344.789660354,separate single solve,0.0,0.0,optimal,yes,yes,0.000037,0.000245,0,de0f393a,Windows-AMD64
crude_blend,1000,p823,8b785238423400708bcd8d67abe195e141cdc63b55a005803d3dd0f543b8ea40,302.166336689,302.166336689,separate single solve,0.0,0.0,optimal,yes,yes,0.000036,0.000285,0,de0f393a,Windows-AMD64
crude_blend,1000,p824,8b785238423400708bcd8d67abe195e141cdc63b55a005803d3dd0f543b8ea40,309.671154311,309.671154311,separate single solve,0.0,0.0,optimal,yes,yes,0.000050,0.000391,1,de0f393a,Windows-AMD64
crude_blend,1000,p825,8b785238423400708bcd8d67abe195e141cdc63b55a005803d3dd0f543b8ea40,91.8790561108,91.8790561108,separate single solve,0.0,0.0,optimal,yes,yes,0.000041,0.000358,0,de0f393a,Windows-AMD64
crude_blend,1000,p826,8b785238423400708bcd8d67abe195e141cdc63b55a005803d3dd0f543b8ea40,171.877495478,171.877495478,separate single solve,0.0,0.0,optimal,yes,yes,0.000036,0.000356,0,de0f393a,Windows-AMD64
crude_blend,1000,p827,8b785238423400708bcd8d67abe195e141cdc63b55a005803d3dd0f543b8ea40,287.737296667,287.737296667,separate single solve,0.0,0.0,optimal,yes,yes,0.000052,0.000356,2,de0f393a,Windows-AMD64
crude_blend,1000,p828,8b785238423400708bcd8d67abe195e141cdc63b55a005803d3dd0f543b8ea40,373.662462123,373.662462123,separate single solve,0.0,0.0,optimal,yes,yes,0.000054,0.000338,3,de0f393a,Windows-AMD64
crude_blend,1000,p829,8b785238423400708bcd8d67abe195e141cdc63b55a005803d3dd0f543b8ea40,185.247425889,185.247425889,separate single solve,0.0,0.0,optimal,yes,yes,0.000036,0.000310,0,de0f393a,Windows-AMD64
crude_blend,1000,p830,8b785238423400708bcd8d67abe195e141cdc63b55a005803d3dd0f543b8ea40,387.361844684,387.361844684,separate single solve,0.0,0.0,optimal,yes,yes,0.000036,0.000254,0,de0f393a,Windows-AMD64
crude_blend,1000,p831,8b785238423400708bcd8d67abe195e141cdc63b55a005803d3dd0f543b8ea40,155.598864162,155.598864162,separate single solve,0.0,0.0,optimal,yes,yes,0.000040,0.000251,0,de0f393a,Windows-AMD64
crude_blend,1000,p832,8b785238423400708bcd8d67abe195e141cdc63b55a005803d3dd0f543b8ea40,374.234012408,374.234012408,separate single solve,0.0,0.0,optimal,yes,yes,0.000056,0.000281,3,de0f393a,Windows-AMD64
crude_blend,1000,p833,8b785238423400708bcd8d67abe195e141cdc63b55a005803d3dd0f543b8ea40,215.306158343,215.306158343,separate single solve,0.0,0.0,optimal,yes,yes,0.000056,0.000376,3,de0f393a,Windows-AMD64
crude_blend,1000,p834,8b785238423400708bcd8d67abe195e141cdc63b55a005803d3dd0f543b8ea40,188.313195397,188.313195397,separate single solve,0.0,0.0,optimal,yes,yes,0.000040,0.000362,0,de0f393a,Windows-AMD64
crude_blend,1000,p835,8b785238423400708bcd8d67abe195e141cdc63b55a005803d3dd0f543b8ea40,421.859385307,421.859385307,separate single solve,0.0,0.0,optimal,yes,yes,0.000053,0.000365,1,de0f393a,Windows-AMD64
crude_blend,1000,p836,8b785238423400708bcd8d67abe195e141cdc63b55a005803d3dd0f543b8ea40,-3.83549563784,-3.83549563784,separate single solve,0.0,0.0,optimal,yes,yes,0.000048,0.000366,0,de0f393a,Windows-AMD64
crude_blend,1000,p837,8b785238423400708bcd8d67abe195e141cdc63b55a005803d3dd0f543b8ea40,152.687234973,152.687234973,separate single solve,0.0,0.0,optimal,yes,yes,0.000043,0.000325,0,de0f393a,Windows-AMD64
crude_blend,1000,p838,8b785238423400708bcd8d67abe195e141cdc63b55a005803d3dd0f543b8ea40,304.562152938,304.562152938,separate single solve,0.0,0.0,optimal,yes,yes,0.000040,0.000241,0,de0f393a,Windows-AMD64
crude_blend,1000,p839,8b785238423400708bcd8d67abe195e141cdc63b55a005803d3dd0f543b8ea40,243.895857133,243.895857133,separate single solve,0.0,0.0,optimal,yes,yes,0.000057,0.000254,3,de0f393a,Windows-AMD64
crude_blend,1000,p840,8b785238423400708bcd8d67abe195e141cdc63b55a005803d3dd0f543b8ea40,82.5277387757,82.5277387757,separate single solve,0.0,0.0,optimal,yes,yes,0.000040,0.000239,0,de0f393a,Windows-AMD64
crude_blend,1000,p841,8b785238423400708bcd8d67abe195e141cdc63b55a005803d3dd0f543b8ea40,61.7698857799,61.7698857799,separate single solve,0.0,0.0,optimal,yes,yes,0.000057,0.000334,3,de0f393a,Windows-AMD64
crude_blend,1000,p842,8b785238423400708bcd8d67abe195e141cdc63b55a005803d3dd0f543b8ea40,147.734916053,147.734916053,separate single solve,0.0,0.0,optimal,yes,yes,0.000055,0.000520,1,de0f393a,Windows-AMD64
crude_blend,1000,p843,8b785238423400708bcd8d67abe195e141cdc63b55a005803d3dd0f543b8ea40,250.660994778,250.660994778,separate single solve,0.0,0.0,optimal,yes,yes,0.000040,0.000429,0,de0f393a,Windows-AMD64
crude_blend,1000,p844,8b785238423400708bcd8d67abe195e141cdc63b55a005803d3dd0f543b8ea40,83.6652163784,83.6652163784,separate single solve,0.0,0.0,optimal,yes,yes,0.000042,0.000286,0,de0f393a,Windows-AMD64
crude_blend,1000,p845,8b785238423400708bcd8d67abe195e141cdc63b55a005803d3dd0f543b8ea40,169.29936235,169.29936235,separate single solve,0.0,0.0,optimal,yes,yes,0.000059,0.000260,1,de0f393a,Windows-AMD64
crude_blend,1000,p846,8b785238423400708bcd8d67abe195e141cdc63b55a005803d3dd0f543b8ea40,36.0099862135,36.0099862135,separate single solve,0.0,0.0,optimal,yes,yes,0.000041,0.000237,0,de0f393a,Windows-AMD64
crude_blend,1000,p847,8b785238423400708bcd8d67abe195e141cdc63b55a005803d3dd0f543b8ea40,265.885705502,265.885705502,separate single solve,0.0,0.0,optimal,yes,yes,0.000060,0.000185,1,de0f393a,Windows-AMD64
crude_blend,1000,p848,8b785238423400708bcd8d67abe195e141cdc63b55a005803d3dd0f543b8ea40,219.300604,219.300604,separate single solve,0.0,0.0,optimal,yes,yes,0.000060,0.000179,2,de0f393a,Windows-AMD64
crude_blend,1000,p849,8b785238423400708bcd8d67abe195e141cdc63b55a005803d3dd0f543b8ea40,369.322046159,369.322046159,separate single solve,0.0,0.0,optimal,yes,yes,0.000042,0.000178,0,de0f393a,Windows-AMD64
crude_blend,1000,p850,8b785238423400708bcd8d67abe195e141cdc63b55a005803d3dd0f543b8ea40,381.311609959,381.311609959,separate single solve,0.0,0.0,optimal,yes,yes,0.000044,0.000197,0,de0f393a,Windows-AMD64
crude_blend,1000,p851,8b785238423400708bcd8d67abe195e141cdc63b55a005803d3dd0f543b8ea40,293.533929514,293.533929514,separate single solve,0.0,0.0,optimal,yes,yes,0.000037,0.000270,0,de0f393a,Windows-AMD64
crude_blend,1000,p852,8b785238423400708bcd8d67abe195e141cdc63b55a005803d3dd0f543b8ea40,72.3182240622,72.3182240622,separate single solve,0.0,0.0,optimal,yes,yes,0.000037,0.000307,0,de0f393a,Windows-AMD64
crude_blend,1000,p853,8b785238423400708bcd8d67abe195e141cdc63b55a005803d3dd0f543b8ea40,120.641927065,120.641927065,separate single solve,0.0,0.0,optimal,yes,yes,0.000036,0.000274,0,de0f393a,Windows-AMD64
crude_blend,1000,p854,8b785238423400708bcd8d67abe195e141cdc63b55a005803d3dd0f543b8ea40,130.09697721,130.09697721,separate single solve,0.0,0.0,optimal,yes,yes,0.000052,0.000248,1,de0f393a,Windows-AMD64
crude_blend,1000,p855,8b785238423400708bcd8d67abe195e141cdc63b55a005803d3dd0f543b8ea40,307.73856244,307.73856244,separate single solve,0.0,0.0,optimal,yes,yes,0.000056,0.000277,3,de0f393a,Windows-AMD64
crude_blend,1000,p856,8b785238423400708bcd8d67abe195e141cdc63b55a005803d3dd0f543b8ea40,242.344487508,242.344487508,separate single solve,0.0,0.0,optimal,yes,yes,0.000051,0.000347,1,de0f393a,Windows-AMD64
crude_blend,1000,p857,8b785238423400708bcd8d67abe195e141cdc63b55a005803d3dd0f543b8ea40,454.759516254,454.759516254,separate single solve,0.0,0.0,optimal,yes,yes,0.000039,0.000292,0,de0f393a,Windows-AMD64
crude_blend,1000,p858,8b785238423400708bcd8d67abe195e141cdc63b55a005803d3dd0f543b8ea40,196.874635658,196.874635658,separate single solve,0.0,0.0,optimal,yes,yes,0.000050,0.000232,1,de0f393a,Windows-AMD64
crude_blend,1000,p859,8b785238423400708bcd8d67abe195e141cdc63b55a005803d3dd0f543b8ea40,478.029589619,478.029589619,separate single solve,0.0,0.0,optimal,yes,yes,0.000036,0.000208,0,de0f393a,Windows-AMD64
crude_blend,1000,p860,8b785238423400708bcd8d67abe195e141cdc63b55a005803d3dd0f543b8ea40,299.753775236,299.753775236,separate single solve,0.0,0.0,optimal,yes,yes,0.000056,0.000262,3,de0f393a,Windows-AMD64
crude_blend,1000,p861,8b785238423400708bcd8d67abe195e141cdc63b55a005803d3dd0f543b8ea40,401.501763995,401.501763995,separate single solve,0.0,0.0,optimal,yes,yes,0.000036,0.000252,0,de0f393a,Windows-AMD64
crude_blend,1000,p862,8b785238423400708bcd8d67abe195e141cdc63b55a005803d3dd0f543b8ea40,124.017148421,124.017148421,separate single solve,0.0,0.0,optimal,yes,yes,0.000052,0.000261,1,de0f393a,Windows-AMD64
crude_blend,1000,p863,8b785238423400708bcd8d67abe195e141cdc63b55a005803d3dd0f543b8ea40,108.702692662,108.702692662,separate single solve,0.0,0.0,optimal,yes,yes,0.000038,0.000278,0,de0f393a,Windows-AMD64
crude_blend,1000,p864,8b785238423400708bcd8d67abe195e141cdc63b55a005803d3dd0f543b8ea40,394.045609257,394.045609257,separate single solve,0.0,0.0,optimal,yes,yes,0.000037,0.000238,0,de0f393a,Windows-AMD64
crude_blend,1000,p865,8b785238423400708bcd8d67abe195e141cdc63b55a005803d3dd0f543b8ea40,406.643462057,406.643462057,separate single solve,0.0,0.0,optimal,yes,yes,0.000037,0.000167,0,de0f393a,Windows-AMD64
crude_blend,1000,p866,8b785238423400708bcd8d67abe195e141cdc63b55a005803d3dd0f543b8ea40,376.58772607,376.58772607,separate single solve,0.0,0.0,optimal,yes,yes,0.000037,0.000168,0,de0f393a,Windows-AMD64
crude_blend,1000,p867,8b785238423400708bcd8d67abe195e141cdc63b55a005803d3dd0f543b8ea40,102.032451316,102.032451316,separate single solve,0.0,0.0,optimal,yes,yes,0.000051,0.000161,1,de0f393a,Windows-AMD64
crude_blend,1000,p868,8b785238423400708bcd8d67abe195e141cdc63b55a005803d3dd0f543b8ea40,280.795983597,280.795983597,separate single solve,0.0,0.0,optimal,yes,yes,0.000037,0.000183,0,de0f393a,Windows-AMD64
crude_blend,1000,p869,8b785238423400708bcd8d67abe195e141cdc63b55a005803d3dd0f543b8ea40,313.673057232,313.673057232,separate single solve,0.0,0.0,optimal,yes,yes,0.000039,0.000249,0,de0f393a,Windows-AMD64
crude_blend,1000,p870,8b785238423400708bcd8d67abe195e141cdc63b55a005803d3dd0f543b8ea40,228.537058947,228.537058947,separate single solve,0.0,0.0,optimal,yes,yes,0.000051,0.000247,1,de0f393a,Windows-AMD64
crude_blend,1000,p871,8b785238423400708bcd8d67abe195e141cdc63b55a005803d3dd0f543b8ea40,122.855531579,122.855531579,separate single solve,0.0,0.0,optimal,yes,yes,0.000051,0.000244,1,de0f393a,Windows-AMD64
crude_blend,1000,p872,8b785238423400708bcd8d67abe195e141cdc63b55a005803d3dd0f543b8ea40,128.202489895,128.202489895,separate single solve,0.0,0.0,optimal,yes,yes,0.000041,0.000251,0,de0f393a,Windows-AMD64
crude_blend,1000,p873,8b785238423400708bcd8d67abe195e141cdc63b55a005803d3dd0f543b8ea40,378.187180589,378.187180589,separate single solve,0.0,0.0,optimal,yes,yes,0.000051,0.000230,1,de0f393a,Windows-AMD64
crude_blend,1000,p874,8b785238423400708bcd8d67abe195e141cdc63b55a005803d3dd0f543b8ea40,395.816286984,395.816286984,separate single solve,0.0,0.0,optimal,yes,yes,0.000051,0.000171,1,de0f393a,Windows-AMD64
crude_blend,1000,p875,8b785238423400708bcd8d67abe195e141cdc63b55a005803d3dd0f543b8ea40,112.794882265,112.794882265,separate single solve,0.0,0.0,optimal,yes,yes,0.000051,0.000164,1,de0f393a,Windows-AMD64
crude_blend,1000,p876,8b785238423400708bcd8d67abe195e141cdc63b55a005803d3dd0f543b8ea40,122.045110032,122.045110032,separate single solve,0.0,0.0,optimal,yes,yes,0.000056,0.000165,3,de0f393a,Windows-AMD64
crude_blend,1000,p877,8b785238423400708bcd8d67abe195e141cdc63b55a005803d3dd0f543b8ea40,290.656547786,290.656547786,separate single solve,0.0,0.0,optimal,yes,yes,0.000037,0.000183,0,de0f393a,Windows-AMD64
crude_blend,1000,p878,8b785238423400708bcd8d67abe195e141cdc63b55a005803d3dd0f543b8ea40,228.905002919,228.905002919,separate single solve,0.0,0.0,optimal,yes,yes,0.000054,0.000246,3,de0f393a,Windows-AMD64
crude_blend,1000,p879,8b785238423400708bcd8d67abe195e141cdc63b55a005803d3dd0f543b8ea40,74.8104616649,74.8104616649,separate single solve,0.0,0.0,optimal,yes,yes,0.000043,0.000244,0,de0f393a,Windows-AMD64
crude_blend,1000,p880,8b785238423400708bcd8d67abe195e141cdc63b55a005803d3dd0f543b8ea40,261.481283143,261.481283143,separate single solve,0.0,0.0,optimal,yes,yes,0.000037,0.000244,0,de0f393a,Windows-AMD64
crude_blend,1000,p881,8b785238423400708bcd8d67abe195e141cdc63b55a005803d3dd0f543b8ea40,186.634820884,186.634820884,separate single solve,0.0,0.0,optimal,yes,yes,0.000039,0.000248,0,de0f393a,Windows-AMD64
crude_blend,1000,p882,8b785238423400708bcd8d67abe195e141cdc63b55a005803d3dd0f543b8ea40,374.726237368,374.726237368,separate single solve,0.0,0.0,optimal,yes,yes,0.000051,0.000228,1,de0f393a,Windows-AMD64
crude_blend,1000,p883,8b785238423400708bcd8d67abe195e141cdc63b55a005803d3dd0f543b8ea40,378.694355556,378.694355556,separate single solve,0.0,0.0,optimal,yes,yes,0.000053,0.000165,2,de0f393a,Windows-AMD64
crude_blend,1000,p884,8b785238423400708bcd8d67abe195e141cdc63b55a005803d3dd0f543b8ea40,264.756843556,264.756843556,separate single solve,0.0,0.0,optimal,yes,yes,0.000052,0.000166,2,de0f393a,Windows-AMD64
crude_blend,1000,p885,8b785238423400708bcd8d67abe195e141cdc63b55a005803d3dd0f543b8ea40,358.713717211,358.713717211,separate single solve,0.0,0.0,optimal,yes,yes,0.000036,0.000165,0,de0f393a,Windows-AMD64
crude_blend,1000,p886,8b785238423400708bcd8d67abe195e141cdc63b55a005803d3dd0f543b8ea40,182.423345702,182.423345702,separate single solve,0.0,0.0,optimal,yes,yes,0.000056,0.000193,3,de0f393a,Windows-AMD64
crude_blend,1000,p887,8b785238423400708bcd8d67abe195e141cdc63b55a005803d3dd0f543b8ea40,208.931843158,208.931843158,separate single solve,0.0,0.0,optimal,yes,yes,0.000051,0.000246,1,de0f393a,Windows-AMD64
crude_blend,1000,p888,8b785238423400708bcd8d67abe195e141cdc63b55a005803d3dd0f543b8ea40,222.977262278,222.977262278,separate single solve,0.0,0.0,optimal,yes,yes,0.000053,0.000245,3,de0f393a,Windows-AMD64
crude_blend,1000,p889,8b785238423400708bcd8d67abe195e141cdc63b55a005803d3dd0f543b8ea40,489.310315786,489.310315786,separate single solve,0.0,0.0,optimal,yes,yes,0.000051,0.000248,1,de0f393a,Windows-AMD64
crude_blend,1000,p890,8b785238423400708bcd8d67abe195e141cdc63b55a005803d3dd0f543b8ea40,360.111992078,360.111992078,separate single solve,0.0,0.0,optimal,yes,yes,0.000035,0.000248,0,de0f393a,Windows-AMD64
crude_blend,1000,p891,8b785238423400708bcd8d67abe195e141cdc63b55a005803d3dd0f543b8ea40,326.896774926,326.896774926,separate single solve,0.0,0.0,optimal,yes,yes,0.000053,0.000228,3,de0f393a,Windows-AMD64
crude_blend,1000,p892,8b785238423400708bcd8d67abe195e141cdc63b55a005803d3dd0f543b8ea40,221.949315173,221.949315173,separate single solve,0.0,0.0,optimal,yes,yes,0.000039,0.000166,0,de0f393a,Windows-AMD64
crude_blend,1000,p893,8b785238423400708bcd8d67abe195e141cdc63b55a005803d3dd0f543b8ea40,101.535148444,101.535148444,separate single solve,0.0,0.0,optimal,yes,yes,0.000051,0.000162,2,de0f393a,Windows-AMD64
crude_blend,1000,p894,8b785238423400708bcd8d67abe195e141cdc63b55a005803d3dd0f543b8ea40,218.235333556,218.235333556,separate single solve,0.0,0.0,optimal,yes,yes,0.000051,0.000159,2,de0f393a,Windows-AMD64
crude_blend,1000,p895,8b785238423400708bcd8d67abe195e141cdc63b55a005803d3dd0f543b8ea40,348.839773508,348.839773508,separate single solve,0.0,0.0,optimal,yes,yes,0.000053,0.000185,1,de0f393a,Windows-AMD64
crude_blend,1000,p896,8b785238423400708bcd8d67abe195e141cdc63b55a005803d3dd0f543b8ea40,10.0246486667,10.0246486667,separate single solve,0.0,0.0,optimal,yes,yes,0.000052,0.000247,2,de0f393a,Windows-AMD64
crude_blend,1000,p897,8b785238423400708bcd8d67abe195e141cdc63b55a005803d3dd0f543b8ea40,215.146567243,215.146567243,separate single solve,0.0,0.0,optimal,yes,yes,0.000053,0.000248,1,de0f393a,Windows-AMD64
crude_blend,1000,p898,8b785238423400708bcd8d67abe195e141cdc63b55a005803d3dd0f543b8ea40,310.006027208,310.006027208,separate single solve,0.0,0.0,optimal,yes,yes,0.000040,0.000243,0,de0f393a,Windows-AMD64
crude_blend,1000,p899,8b785238423400708bcd8d67abe195e141cdc63b55a005803d3dd0f543b8ea40,309.572949353,309.572949353,separate single solve,0.0,0.0,optimal,yes,yes,0.000054,0.000238,3,de0f393a,Windows-AMD64
crude_blend,1000,p900,8b785238423400708bcd8d67abe195e141cdc63b55a005803d3dd0f543b8ea40,317.436595643,317.436595643,separate single solve,0.0,0.0,optimal,yes,yes,0.000041,0.000232,0,de0f393a,Windows-AMD64
crude_blend,1000,p901,8b785238423400708bcd8d67abe195e141cdc63b55a005803d3dd0f543b8ea40,306.101981036,306.101981036,separate single solve,0.0,0.0,optimal,yes,yes,0.000053,0.000165,3,de0f393a,Windows-AMD64
crude_blend,1000,p902,8b785238423400708bcd8d67abe195e141cdc63b55a005803d3dd0f543b8ea40,228.812430658,228.812430658,separate single solve,0.0,0.0,optimal,yes,yes,0.000051,0.000159,1,de0f393a,Windows-AMD64
crude_blend,1000,p903,8b785238423400708bcd8d67abe195e141cdc63b55a005803d3dd0f543b8ea40,381.656679864,381.656679864,separate single solve,0.0,0.0,optimal,yes,yes,0.000054,0.000163,3,de0f393a,Windows-AMD64
crude_blend,1000,p904,8b785238423400708bcd8d67abe195e141cdc63b55a005803d3dd0f543b8ea40,395.778865976,395.778865976,separate single solve,0.0,0.0,optimal,yes,yes,0.000039,0.000182,0,de0f393a,Windows-AMD64
crude_blend,1000,p905,8b785238423400708bcd8d67abe195e141cdc63b55a005803d3dd0f543b8ea40,392.928557773,392.928557773,separate single solve,0.0,0.0,optimal,yes,yes,0.000037,0.000259,0,de0f393a,Windows-AMD64
crude_blend,1000,p906,8b785238423400708bcd8d67abe195e141cdc63b55a005803d3dd0f543b8ea40,382.554601333,382.554601333,separate single solve,0.0,0.0,optimal,yes,yes,0.000051,0.000258,1,de0f393a,Windows-AMD64
crude_blend,1000,p907,8b785238423400708bcd8d67abe195e141cdc63b55a005803d3dd0f543b8ea40,30.1277948867,30.1277948867,separate single solve,0.0,0.0,optimal,yes,yes,0.000055,0.000258,3,de0f393a,Windows-AMD64
crude_blend,1000,p908,8b785238423400708bcd8d67abe195e141cdc63b55a005803d3dd0f543b8ea40,213.542474738,213.542474738,separate single solve,0.0,0.0,optimal,yes,yes,0.000037,0.000303,0,de0f393a,Windows-AMD64
crude_blend,1000,p909,8b785238423400708bcd8d67abe195e141cdc63b55a005803d3dd0f543b8ea40,-6.33877778378,-6.33877778378,separate single solve,0.0,0.0,optimal,yes,yes,0.000040,0.000261,0,de0f393a,Windows-AMD64
crude_blend,1000,p910,8b785238423400708bcd8d67abe195e141cdc63b55a005803d3dd0f543b8ea40,247.202682259,247.202682259,separate single solve,0.0,0.0,optimal,yes,yes,0.000058,0.000179,3,de0f393a,Windows-AMD64
crude_blend,1000,p911,8b785238423400708bcd8d67abe195e141cdc63b55a005803d3dd0f543b8ea40,458.514054324,458.514054324,separate single solve,0.0,0.0,optimal,yes,yes,0.000037,0.000168,0,de0f393a,Windows-AMD64
crude_blend,1000,p912,8b785238423400708bcd8d67abe195e141cdc63b55a005803d3dd0f543b8ea40,300.647024816,300.647024816,separate single solve,0.0,0.0,optimal,yes,yes,0.000054,0.000164,3,de0f393a,Windows-AMD64
crude_blend,1000,p913,8b785238423400708bcd8d67abe195e141cdc63b55a005803d3dd0f543b8ea40,366.616710254,366.616710254,separate single solve,0.0,0.0,optimal,yes,yes,0.000036,0.000180,0,de0f393a,Windows-AMD64
crude_blend,1000,p914,8b785238423400708bcd8d67abe195e141cdc63b55a005803d3dd0f543b8ea40,246.557931778,246.557931778,separate single solve,0.0,0.0,optimal,yes,yes,0.000052,0.000243,2,de0f393a,Windows-AMD64
crude_blend,1000,p915,8b785238423400708bcd8d67abe195e141cdc63b55a005803d3dd0f543b8ea40,245.132946408,245.132946408,separate single solve,0.0,0.0,optimal,yes,yes,0.000051,0.000245,1,de0f393a,Windows-AMD64
crude_blend,1000,p916,8b785238423400708bcd8d67abe195e141cdc63b55a005803d3dd0f543b8ea40,330.150084222,330.150084222,separate single solve,0.0,0.0,optimal,yes,yes,0.000051,0.000243,2,de0f393a,Windows-AMD64
crude_blend,1000,p917,8b785238423400708bcd8d67abe195e141cdc63b55a005803d3dd0f543b8ea40,93.9891346514,93.9891346514,separate single solve,0.0,0.0,optimal,yes,yes,0.000039,0.000240,0,de0f393a,Windows-AMD64
crude_blend,1000,p918,8b785238423400708bcd8d67abe195e141cdc63b55a005803d3dd0f543b8ea40,208.155982222,208.155982222,separate single solve,0.0,0.0,optimal,yes,yes,0.000051,0.000227,2,de0f393a,Windows-AMD64
crude_blend,1000,p919,8b785238423400708bcd8d67abe195e141cdc63b55a005803d3dd0f543b8ea40,148.923603649,148.923603649,separate single solve,0.0,0.0,optimal,yes,yes,0.000039,0.000164,0,de0f393a,Windows-AMD64
crude_blend,1000,p920,8b785238423400708bcd8d67abe195e141cdc63b55a005803d3dd0f543b8ea40,286.105127924,286.105127924,separate single solve,0.0,0.0,optimal,yes,yes,0.000036,0.000173,0,de0f393a,Windows-AMD64
crude_blend,1000,p921,8b785238423400708bcd8d67abe195e141cdc63b55a005803d3dd0f543b8ea40,391.585254757,391.585254757,separate single solve,0.0,0.0,optimal,yes,yes,0.000041,0.000165,0,de0f393a,Windows-AMD64
crude_blend,1000,p922,8b785238423400708bcd8d67abe195e141cdc63b55a005803d3dd0f543b8ea40,170.308309961,170.308309961,separate single solve,0.0,0.0,optimal,yes,yes,0.000058,0.000184,3,de0f393a,Windows-AMD64
crude_blend,1000,p923,8b785238423400708bcd8d67abe195e141cdc63b55a005803d3dd0f543b8ea40,447.111288298,447.111288298,separate single solve,0.0,0.0,optimal,yes,yes,0.000053,0.000248,1,de0f393a,Windows-AMD64
crude_blend,1000,p924,8b785238423400708bcd8d67abe195e141cdc63b55a005803d3dd0f543b8ea40,261.705973556,261.705973556,separate single solve,0.0,0.0,optimal,yes,yes,0.000051,0.000246,2,de0f393a,Windows-AMD64
crude_blend,1000,p925,8b785238423400708bcd8d67abe195e141cdc63b55a005803d3dd0f543b8ea40,363.110852867,363.110852867,separate single solve,0.0,0.0,optimal,yes,yes,0.000052,0.000243,1,de0f393a,Windows-AMD64
crude_blend,1000,p926,8b785238423400708bcd8d67abe195e141cdc63b55a005803d3dd0f543b8ea40,221.430291089,221.430291089,separate single solve,0.0,0.0,optimal,yes,yes,0.000037,0.000240,0,de0f393a,Windows-AMD64
crude_blend,1000,p927,8b785238423400708bcd8d67abe195e141cdc63b55a005803d3dd0f543b8ea40,138.472037592,138.472037592,separate single solve,0.0,0.0,optimal,yes,yes,0.000037,0.000230,0,de0f393a,Windows-AMD64
crude_blend,1000,p928,8b785238423400708bcd8d67abe195e141cdc63b55a005803d3dd0f543b8ea40,81.1641058649,81.1641058649,separate single solve,0.0,0.0,optimal,yes,yes,0.000041,0.000178,0,de0f393a,Windows-AMD64
crude_blend,1000,p929,8b785238423400708bcd8d67abe195e141cdc63b55a005803d3dd0f543b8ea40,116.23114,116.23114,separate single solve,0.0,0.0,optimal,yes,yes,0.000053,0.000164,2,de0f393a,Windows-AMD64
crude_blend,1000,p930,8b785238423400708bcd8d67abe195e141cdc63b55a005803d3dd0f543b8ea40,133.7423705,133.7423705,separate single solve,0.0,0.0,optimal,yes,yes,0.000037,0.000169,0,de0f393a,Windows-AMD64
crude_blend,1000,p931,8b785238423400708bcd8d67abe195e141cdc63b55a005803d3dd0f543b8ea40,193.979951053,193.979951053,separate single solve,0.0,0.0,optimal,yes,yes,0.000052,0.000216,1,de0f393a,Windows-AMD64
crude_blend,1000,p932,8b785238423400708bcd8d67abe195e141cdc63b55a005803d3dd0f543b8ea40,400.589350827,400.589350827,separate single solve,0.0,0.0,optimal,yes,yes,0.000040,0.000254,0,de0f393a,Windows-AMD64
crude_blend,1000,p933,8b785238423400708bcd8d67abe195e141cdc63b55a005803d3dd0f543b8ea40,219.660600526,219.660600526,separate single solve,0.0,0.0,optimal,yes,yes,0.000054,0.000243,1,de0f393a,Windows-AMD64
crude_blend,1000,p934,8b785238423400708bcd8d67abe195e141cdc63b55a005803d3dd0f543b8ea40,331.394837314,331.394837314,separate single solve,0.0,0.0,optimal,yes,yes,0.000053,0.000242,1,de0f393a,Windows-AMD64
crude_blend,1000,p935,8b785238423400708bcd8d67abe195e141cdc63b55a005803d3dd0f543b8ea40,456.210554524,456.210554524,separate single solve,0.0,0.0,optimal,yes,yes,0.000052,0.000239,1,de0f393a,Windows-AMD64
crude_blend,1000,p936,8b785238423400708bcd8d67abe195e141cdc63b55a005803d3dd0f543b8ea40,471.392215935,471.392215935,separate single solve,0.0,0.0,optimal,yes,yes,0.000053,0.000224,1,de0f393a,Windows-AMD64
crude_blend,1000,p937,8b785238423400708bcd8d67abe195e141cdc63b55a005803d3dd0f543b8ea40,124.854328592,124.854328592,separate single solve,0.0,0.0,optimal,yes,yes,0.000041,0.000173,0,de0f393a,Windows-AMD64
crude_blend,1000,p938,8b785238423400708bcd8d67abe195e141cdc63b55a005803d3dd0f543b8ea40,124.083660654,124.083660654,separate single solve,0.0,0.0,optimal,yes,yes,0.000053,0.000166,1,de0f393a,Windows-AMD64
crude_blend,1000,p939,8b785238423400708bcd8d67abe195e141cdc63b55a005803d3dd0f543b8ea40,-79.8884007324,-79.8884007324,separate single solve,0.0,0.0,optimal,yes,yes,0.000038,0.000164,0,de0f393a,Windows-AMD64
crude_blend,1000,p940,8b785238423400708bcd8d67abe195e141cdc63b55a005803d3dd0f543b8ea40,225.71521521,225.71521521,separate single solve,0.0,0.0,optimal,yes,yes,0.000056,0.000184,3,de0f393a,Windows-AMD64
crude_blend,1000,p941,8b785238423400708bcd8d67abe195e141cdc63b55a005803d3dd0f543b8ea40,385.463853832,385.463853832,separate single solve,0.0,0.0,optimal,yes,yes,0.000056,0.000246,1,de0f393a,Windows-AMD64
crude_blend,1000,p942,8b785238423400708bcd8d67abe195e141cdc63b55a005803d3dd0f543b8ea40,367.950097631,367.950097631,separate single solve,0.0,0.0,optimal,yes,yes,0.000056,0.000243,1,de0f393a,Windows-AMD64
crude_blend,1000,p943,8b785238423400708bcd8d67abe195e141cdc63b55a005803d3dd0f543b8ea40,65.982104945,65.982104945,separate single solve,0.0,0.0,optimal,yes,yes,0.000073,0.000244,1,de0f393a,Windows-AMD64
crude_blend,1000,p944,8b785238423400708bcd8d67abe195e141cdc63b55a005803d3dd0f543b8ea40,398.452038624,398.452038624,separate single solve,0.0,0.0,optimal,yes,yes,0.000042,0.000239,0,de0f393a,Windows-AMD64
crude_blend,1000,p945,8b785238423400708bcd8d67abe195e141cdc63b55a005803d3dd0f543b8ea40,363.048273625,363.048273625,separate single solve,0.0,0.0,optimal,yes,yes,0.000056,0.000232,1,de0f393a,Windows-AMD64
crude_blend,1000,p946,8b785238423400708bcd8d67abe195e141cdc63b55a005803d3dd0f543b8ea40,282.821737942,282.821737942,separate single solve,0.0,0.0,optimal,yes,yes,0.000055,0.000180,3,de0f393a,Windows-AMD64
crude_blend,1000,p947,8b785238423400708bcd8d67abe195e141cdc63b55a005803d3dd0f543b8ea40,383.289634954,383.289634954,separate single solve,0.0,0.0,optimal,yes,yes,0.000036,0.000178,0,de0f393a,Windows-AMD64
crude_blend,1000,p948,8b785238423400708bcd8d67abe195e141cdc63b55a005803d3dd0f543b8ea40,401.465616222,401.465616222,separate single solve,0.0,0.0,optimal,yes,yes,0.000052,0.000163,2,de0f393a,Windows-AMD64
crude_blend,1000,p949,8b785238423400708bcd8d67abe195e141cdc63b55a005803d3dd0f543b8ea40,130.186855792,130.186855792,separate single solve,0.0,0.0,optimal,yes,yes,0.000037,0.000183,0,de0f393a,Windows-AMD64
crude_blend,1000,p950,8b785238423400708bcd8d67abe195e141cdc63b55a005803d3dd0f543b8ea40,233.468436822,233.468436822,separate single solve,0.0,0.0,optimal,yes,yes,0.000053,0.000250,1,de0f393a,Windows-AMD64
crude_blend,1000,p951,8b785238423400708bcd8d67abe195e141cdc63b55a005803d3dd0f543b8ea40,258.477696462,258.477696462,separate single solve,0.0,0.0,optimal,yes,yes,0.000039,0.000243,0,de0f393a,Windows-AMD64
crude_blend,1000,p952,8b785238423400708bcd8d67abe195e141cdc63b55a005803d3dd0f543b8ea40,341.160568796,341.160568796,separate single solve,0.0,0.0,optimal,yes,yes,0.000052,0.000245,1,de0f393a,Windows-AMD64
crude_blend,1000,p953,8b785238423400708bcd8d67abe195e141cdc63b55a005803d3dd0f543b8ea40,146.579803235,146.579803235,separate single solve,0.0,0.0,optimal,yes,yes,0.000037,0.000252,0,de0f393a,Windows-AMD64
crude_blend,1000,p954,8b785238423400708bcd8d67abe195e141cdc63b55a005803d3dd0f543b8ea40,46.1462163595,46.1462163595,separate single solve,0.0,0.0,optimal,yes,yes,0.000036,0.000235,0,de0f393a,Windows-AMD64
crude_blend,1000,p955,8b785238423400708bcd8d67abe195e141cdc63b55a005803d3dd0f543b8ea40,151.826522444,151.826522444,separate single solve,0.0,0.0,optimal,yes,yes,0.000051,0.000167,2,de0f393a,Windows-AMD64
crude_blend,1000,p956,8b785238423400708bcd8d67abe195e141cdc63b55a005803d3dd0f543b8ea40,325.963874322,325.963874322,separate single solve,0.0,0.0,optimal,yes,yes,0.000039,0.000174,0,de0f393a,Windows-AMD64
crude_blend,1000,p957,8b785238423400708bcd8d67abe195e141cdc63b55a005803d3dd0f543b8ea40,121.389587778,121.389587778,separate single solve,0.0,0.0,optimal,yes,yes,0.000051,0.000165,2,de0f393a,Windows-AMD64
crude_blend,1000,p958,8b785238423400708bcd8d67abe195e141cdc63b55a005803d3dd0f543b8ea40,353.705829416,353.705829416,separate single solve,0.0,0.0,optimal,yes,yes,0.000036,0.000183,0,de0f393a,Windows-AMD64
crude_blend,1000,p959,8b785238423400708bcd8d67abe195e141cdc63b55a005803d3dd0f543b8ea40,129.092613657,129.092613657,separate single solve,0.0,0.0,optimal,yes,yes,0.000051,0.000250,1,de0f393a,Windows-AMD64
crude_blend,1000,p960,8b785238423400708bcd8d67abe195e141cdc63b55a005803d3dd0f543b8ea40,195.598614019,195.598614019,separate single solve,0.0,0.0,optimal,yes,yes,0.000041,0.000242,0,de0f393a,Windows-AMD64
crude_blend,1000,p961,8b785238423400708bcd8d67abe195e141cdc63b55a005803d3dd0f543b8ea40,324.963234421,324.963234421,separate single solve,0.0,0.0,optimal,yes,yes,0.000054,0.000241,1,de0f393a,Windows-AMD64
crude_blend,1000,p962,8b785238423400708bcd8d67abe195e141cdc63b55a005803d3dd0f543b8ea40,294.518746906,294.518746906,separate single solve,0.0,0.0,optimal,yes,yes,0.000054,0.000246,1,de0f393a,Windows-AMD64
crude_blend,1000,p963,8b785238423400708bcd8d67abe195e141cdc63b55a005803d3dd0f543b8ea40,425.724927638,425.724927638,separate single solve,0.0,0.0,optimal,yes,yes,0.000060,0.000226,0,de0f393a,Windows-AMD64
crude_blend,1000,p964,8b785238423400708bcd8d67abe195e141cdc63b55a005803d3dd0f543b8ea40,289.416613372,289.416613372,separate single solve,0.0,0.0,optimal,yes,yes,0.000056,0.000166,1,de0f393a,Windows-AMD64
crude_blend,1000,p965,8b785238423400708bcd8d67abe195e141cdc63b55a005803d3dd0f543b8ea40,231.055015864,231.055015864,separate single solve,0.0,0.0,optimal,yes,yes,0.000058,0.000165,3,de0f393a,Windows-AMD64
crude_blend,1000,p966,8b785238423400708bcd8d67abe195e141cdc63b55a005803d3dd0f543b8ea40,204.315658158,204.315658158,separate single solve,0.0,0.0,optimal,yes,yes,0.000057,0.000168,1,de0f393a,Windows-AMD64
crude_blend,1000,p967,8b785238423400708bcd8d67abe195e141cdc63b55a005803d3dd0f543b8ea40,74.1026613158,74.1026613158,separate single solve,0.0,0.0,optimal,yes,yes,0.000057,0.000182,1,de0f393a,Windows-AMD64
crude_blend,1000,p968,8b785238423400708bcd8d67abe195e141cdc63b55a005803d3dd0f543b8ea40,265.888461224,265.888461224,separate single solve,0.0,0.0,optimal,yes,yes,0.000043,0.000247,0,de0f393a,Windows-AMD64
crude_blend,1000,p969,8b785238423400708bcd8d67abe195e141cdc63b55a005803d3dd0f543b8ea40,302.042714291,302.042714291,separate single solve,0.0,0.0,optimal,yes,yes,0.000060,0.000245,3,de0f393a,Windows-AMD64
crude_blend,1000,p970,8b785238423400708bcd8d67abe195e141cdc63b55a005803d3dd0f543b8ea40,238.962555949,238.962555949,separate single solve,0.0,0.0,optimal,yes,yes,0.000041,0.000245,0,de0f393a,Windows-AMD64
crude_blend,1000,p971,8b785238423400708bcd8d67abe195e141cdc63b55a005803d3dd0f543b8ea40,272.722119778,272.722119778,separate single solve,0.0,0.0,optimal,yes,yes,0.000061,0.000244,2,de0f393a,Windows-AMD64
crude_blend,1000,p972,8b785238423400708bcd8d67abe195e141cdc63b55a005803d3dd0f543b8ea40,401.538081346,401.538081346,separate single solve,0.0,0.0,optimal,yes,yes,0.000088,0.000228,1,de0f393a,Windows-AMD64
crude_blend,1000,p973,8b785238423400708bcd8d67abe195e141cdc63b55a005803d3dd0f543b8ea40,377.703697627,377.703697627,separate single solve,0.0,0.0,optimal,yes,yes,0.000044,0.000169,0,de0f393a,Windows-AMD64
crude_blend,1000,p974,8b785238423400708bcd8d67abe195e141cdc63b55a005803d3dd0f543b8ea40,215.465676949,215.465676949,separate single solve,0.0,0.0,optimal,yes,yes,0.000045,0.000166,0,de0f393a,Windows-AMD64
crude_blend,1000,p975,8b785238423400708bcd8d67abe195e141cdc63b55a005803d3dd0f543b8ea40,366.070283812,366.070283812,separate single solve,0.0,0.0,optimal,yes,yes,0.000057,0.000166,3,de0f393a,Windows-AMD64
crude_blend,1000,p976,8b785238423400708bcd8d67abe195e141cdc63b55a005803d3dd0f543b8ea40,318.796246711,318.796246711,separate single solve,0.0,0.0,optimal,yes,yes,0.000052,0.000194,1,de0f393a,Windows-AMD64
crude_blend,1000,p977,8b785238423400708bcd8d67abe195e141cdc63b55a005803d3dd0f543b8ea40,253.518697916,253.518697916,separate single solve,0.0,0.0,optimal,yes,yes,0.000055,0.000256,3,de0f393a,Windows-AMD64
crude_blend,1000,p978,8b785238423400708bcd8d67abe195e141cdc63b55a005803d3dd0f543b8ea40,95.7365865595,95.7365865595,separate single solve,0.0,0.0,optimal,yes,yes,0.000038,0.000249,0,de0f393a,Windows-AMD64
crude_blend,1000,p979,8b785238423400708bcd8d67abe195e141cdc63b55a005803d3dd0f543b8ea40,275.407147776,275.407147776,separate single solve,0.0,0.0,optimal,yes,yes,0.000036,0.000249,0,de0f393a,Windows-AMD64
crude_blend,1000,p980,8b785238423400708bcd8d67abe195e141cdc63b55a005803d3dd0f543b8ea40,425.350335778,425.350335778,separate single solve,0.0,0.0,optimal,yes,yes,0.000050,0.000245,2,de0f393a,Windows-AMD64
crude_blend,1000,p981,8b785238423400708bcd8d67abe195e141cdc63b55a005803d3dd0f543b8ea40,397.972955612,397.972955612,separate single solve,0.0,0.0,optimal,yes,yes,0.000051,0.000236,1,de0f393a,Windows-AMD64
crude_blend,1000,p982,8b785238423400708bcd8d67abe195e141cdc63b55a005803d3dd0f543b8ea40,334.771190026,334.771190026,separate single solve,0.0,0.0,optimal,yes,yes,0.000050,0.000173,1,de0f393a,Windows-AMD64
crude_blend,1000,p983,8b785238423400708bcd8d67abe195e141cdc63b55a005803d3dd0f543b8ea40,283.278560667,283.278560667,separate single solve,0.0,0.0,optimal,yes,yes,0.000052,0.000169,2,de0f393a,Windows-AMD64
crude_blend,1000,p984,8b785238423400708bcd8d67abe195e141cdc63b55a005803d3dd0f543b8ea40,430.245800032,430.245800032,separate single solve,0.0,0.0,optimal,yes,yes,0.000036,0.000425,0,de0f393a,Windows-AMD64
crude_blend,1000,p985,8b785238423400708bcd8d67abe195e141cdc63b55a005803d3dd0f543b8ea40,297.733262971,297.733262971,separate single solve,0.0,0.0,optimal,yes,yes,0.000051,0.000385,1,de0f393a,Windows-AMD64
crude_blend,1000,p986,8b785238423400708bcd8d67abe195e141cdc63b55a005803d3dd0f543b8ea40,188.420255049,188.420255049,separate single solve,0.0,0.0,optimal,yes,yes,0.000040,0.000413,0,de0f393a,Windows-AMD64
crude_blend,1000,p987,8b785238423400708bcd8d67abe195e141cdc63b55a005803d3dd0f543b8ea40,229.123556838,229.123556838,separate single solve,0.0,0.0,optimal,yes,yes,0.000036,0.000378,0,de0f393a,Windows-AMD64
crude_blend,1000,p988,8b785238423400708bcd8d67abe195e141cdc63b55a005803d3dd0f543b8ea40,358.785847111,358.785847111,separate single solve,0.0,0.0,optimal,yes,yes,0.000051,0.000372,2,de0f393a,Windows-AMD64
crude_blend,1000,p989,8b785238423400708bcd8d67abe195e141cdc63b55a005803d3dd0f543b8ea40,343.170317799,343.170317799,separate single solve,0.0,0.0,optimal,yes,yes,0.000050,0.000404,1,de0f393a,Windows-AMD64
crude_blend,1000,p990,8b785238423400708bcd8d67abe195e141cdc63b55a005803d3dd0f543b8ea40,209.698346667,209.698346667,separate single solve,0.0,0.0,optimal,yes,yes,0.000052,0.000288,1,de0f393a,Windows-AMD64
crude_blend,1000,p991,8b785238423400708bcd8d67abe195e141cdc63b55a005803d3dd0f543b8ea40,172.071863333,172.071863333,separate single solve,0.0,0.0,optimal,yes,yes,0.000070,0.000187,2,de0f393a,Windows-AMD64
crude_blend,1000,p992,8b785238423400708bcd8d67abe195e141cdc63b55a005803d3dd0f543b8ea40,461.568595081,461.568595081,separate single solve,0.0,0.0,optimal,yes,yes,0.000057,0.000177,1,de0f393a,Windows-AMD64
crude_blend,1000,p993,8b785238423400708bcd8d67abe195e141cdc63b55a005803d3dd0f543b8ea40,139.178281919,139.178281919,separate single solve,0.0,0.0,optimal,yes,yes,0.000040,0.000227,0,de0f393a,Windows-AMD64
crude_blend,1000,p994,8b785238423400708bcd8d67abe195e141cdc63b55a005803d3dd0f543b8ea40,357.375622119,357.375622119,separate single solve,0.0,0.0,optimal,yes,yes,0.000039,0.000250,0,de0f393a,Windows-AMD64
crude_blend,1000,p995,8b785238423400708bcd8d67abe195e141cdc63b55a005803d3dd0f543b8ea40,363.853281757,363.853281757,separate single solve,0.0,0.0,optimal,yes,yes,0.000039,0.000294,0,de0f393a,Windows-AMD64
crude_blend,1000,p996,8b785238423400708bcd8d67abe195e141cdc63b55a005803d3dd0f543b8ea40,225.874885543,225.874885543,separate single solve,0.0,0.0,optimal,yes,yes,0.000040,0.000303,0,de0f393a,Windows-AMD64
crude_blend,1000,p997,8b785238423400708bcd8d67abe195e141cdc63b55a005803d3dd0f543b8ea40,403.204230086,403.204230086,separate single solve,0.0,0.0,optimal,yes,yes,0.000042,0.000313,0,de0f393a,Windows-AMD64
crude_blend,1000,p998,8b785238423400708bcd8d67abe195e141cdc63b55a005803d3dd0f543b8ea40,375.572193843,375.572193843,separate single solve,0.0,0.0,optimal,yes,yes,0.000036,0.000315,0,de0f393a,Windows-AMD64
crude_blend,1000,p999,8b785238423400708bcd8d67abe195e141cdc63b55a005803d3dd0f543b8ea40,161.677428219,161.677428219,separate single solve,0.0,0.0,optimal,yes,yes,0.000036,0.000264,0,de0f393a,Windows-AMD64
refinery_daily_year:prices,10,p0,b96923cdf5b105116bfbff5882f8033e1f4c5e82237e217c382d29d08a8c0ea9,-499417.462605,-499417.462605,separate single solve,0.0,0.0,optimal,yes,yes,2.813129,16.956179,3509,de0f393a,Windows-AMD64
refinery_daily_year:prices,10,p1,b96923cdf5b105116bfbff5882f8033e1f4c5e82237e217c382d29d08a8c0ea9,-487057.202477,-487057.202477,separate single solve,0.0,0.0,optimal,yes,yes,1.964756,17.255197,2089,de0f393a,Windows-AMD64
refinery_daily_year:prices,10,p2,b96923cdf5b105116bfbff5882f8033e1f4c5e82237e217c382d29d08a8c0ea9,-494748.646441,-494748.646441,separate single solve,0.0,0.0,optimal,yes,yes,2.002995,16.143708,2806,de0f393a,Windows-AMD64
refinery_daily_year:prices,10,p3,b96923cdf5b105116bfbff5882f8033e1f4c5e82237e217c382d29d08a8c0ea9,-491352.169168,-491352.169168,separate single solve,0.0,0.0,optimal,yes,yes,2.316170,17.710122,2650,de0f393a,Windows-AMD64
refinery_daily_year:prices,10,p4,b96923cdf5b105116bfbff5882f8033e1f4c5e82237e217c382d29d08a8c0ea9,-497330.46596,-497330.46596,separate single solve,0.0,0.0,optimal,yes,yes,1.984111,16.419713,2962,de0f393a,Windows-AMD64
refinery_daily_year:prices,10,p5,b96923cdf5b105116bfbff5882f8033e1f4c5e82237e217c382d29d08a8c0ea9,-492596.450429,-492596.450429,separate single solve,0.0,0.0,optimal,yes,yes,1.971428,17.488626,2614,de0f393a,Windows-AMD64
refinery_daily_year:prices,10,p6,b96923cdf5b105116bfbff5882f8033e1f4c5e82237e217c382d29d08a8c0ea9,-493457.913752,-493457.913752,separate single solve,0.0,0.0,optimal,yes,yes,2.118140,17.081673,2654,de0f393a,Windows-AMD64
refinery_daily_year:prices,10,p7,b96923cdf5b105116bfbff5882f8033e1f4c5e82237e217c382d29d08a8c0ea9,-494088.201433,-494088.201433,separate single solve,0.0,0.0,optimal,yes,yes,2.444659,18.201548,2813,de0f393a,Windows-AMD64
refinery_daily_year:prices,10,p8,b96923cdf5b105116bfbff5882f8033e1f4c5e82237e217c382d29d08a8c0ea9,-490785.666975,-490785.666975,separate single solve,0.0,0.0,optimal,yes,yes,2.334912,16.936718,2556,de0f393a,Windows-AMD64
refinery_daily_year:prices,10,p9,b96923cdf5b105116bfbff5882f8033e1f4c5e82237e217c382d29d08a8c0ea9,-496639.602847,-496639.602847,separate single solve,0.0,0.0,optimal,yes,yes,2.688195,23.062121,2934,de0f393a,Windows-AMD64
refinery_daily_year:demand,10,d0,b96923cdf5b105116bfbff5882f8033e1f4c5e82237e217c382d29d08a8c0ea9,-482520.312412,-482520.312412,separate single solve,0.0,0.0,optimal,yes,yes,0.117167,12.316225,90,de0f393a,Windows-AMD64
refinery_daily_year:demand,10,d1,b96923cdf5b105116bfbff5882f8033e1f4c5e82237e217c382d29d08a8c0ea9,-483702.407615,-483702.407615,separate single solve,0.0,0.0,optimal,yes,yes,0.202366,12.204101,170,de0f393a,Windows-AMD64
refinery_daily_year:demand,10,d2,b96923cdf5b105116bfbff5882f8033e1f4c5e82237e217c382d29d08a8c0ea9,-484118.414055,-484118.414055,separate single solve,0.0,0.0,optimal,yes,yes,0.178922,15.397449,193,de0f393a,Windows-AMD64
refinery_daily_year:demand,10,d3,b96923cdf5b105116bfbff5882f8033e1f4c5e82237e217c382d29d08a8c0ea9,-483937.725992,-483937.725992,separate single solve,0.0,0.0,optimal,yes,yes,0.153714,20.188222,186,de0f393a,Windows-AMD64
refinery_daily_year:demand,10,d4,b96923cdf5b105116bfbff5882f8033e1f4c5e82237e217c382d29d08a8c0ea9,-484252.895665,-484252.895665,separate single solve,0.0,0.0,optimal,yes,yes,0.172798,12.578333,205,de0f393a,Windows-AMD64
refinery_daily_year:demand,10,d5,b96923cdf5b105116bfbff5882f8033e1f4c5e82237e217c382d29d08a8c0ea9,-484004.432821,-484004.432821,separate single solve,0.0,0.0,optimal,yes,yes,0.156898,12.882583,191,de0f393a,Windows-AMD64
refinery_daily_year:demand,10,d6,b96923cdf5b105116bfbff5882f8033e1f4c5e82237e217c382d29d08a8c0ea9,-484050.28425,-484050.28425,separate single solve,0.0,0.0,optimal,yes,yes,0.173006,12.623621,192,de0f393a,Windows-AMD64
refinery_daily_year:demand,10,d7,b96923cdf5b105116bfbff5882f8033e1f4c5e82237e217c382d29d08a8c0ea9,-482797.27166,-482797.27166,separate single solve,0.0,0.0,optimal,yes,yes,0.134235,12.529268,110,de0f393a,Windows-AMD64
refinery_daily_year:demand,10,d8,b96923cdf5b105116bfbff5882f8033e1f4c5e82237e217c382d29d08a8c0ea9,-482974.050877,-482974.050877,separate single solve,0.0,0.0,optimal,yes,yes,0.116743,12.552200,125,de0f393a,Windows-AMD64
refinery_daily_year:demand,10,d9,b96923cdf5b105116bfbff5882f8033e1f4c5e82237e217c382d29d08a8c0ea9,-484217.128425,-484217.128425,separate single solve,0.0,0.0,optimal,yes,yes,0.194780,13.762694,199,de0f393a,Windows-AMD64
