instance,family,parameter,sha256,rows,cols,solver,solver_version,expected_status,status,objective,reference_objective,absolute_gap,relative_gap,verified,verdict,reason,wall_seconds,iterations,git_commit,machine,timestamp_utc
beale,degenerate,Beale 1955,8831df1ce2c54800bb2d6caf89be8b463e15517aa46e6e8cee09cf2ddd1fb9c5,3,4,sankhya,90f5d356,optimal,optimal,-0.05,-0.05,0.0,0.0,1,correct,,0.097,1,90f5d356,laptop-i5-1135G7-7.7GB-Windows-AMD64-shared,2026-09-30T04:09:16+00:00
beale,degenerate,Beale 1955,8831df1ce2c54800bb2d6caf89be8b463e15517aa46e6e8cee09cf2ddd1fb9c5,3,4,highs,1.15.1,optimal,optimal,-0.05,-0.05,0.0,0.0,1,correct,,0.812,1,90f5d356,laptop-i5-1135G7-7.7GB-Windows-AMD64-shared,2026-09-30T04:09:17+00:00
chvatal_cycle,degenerate,Chvatal 1983,243cb13049982ef92150f2a9975aebc915ef02a519f28a9b01fd17b89d94a26f,3,4,sankhya,90f5d356,optimal,optimal,-0.9999999999999982,-1,1.7763568394002505e-15,1.7763568394002505e-15,1,correct,,0.056,1,90f5d356,laptop-i5-1135G7-7.7GB-Windows-AMD64-shared,2026-09-30T04:09:18+00:00
chvatal_cycle,degenerate,Chvatal 1983,243cb13049982ef92150f2a9975aebc915ef02a519f28a9b01fd17b89d94a26f,3,4,highs,1.15.1,optimal,optimal,-1.0,-1,0.0,0.0,1,correct,,0.463,1,90f5d356,laptop-i5-1135G7-7.7GB-Windows-AMD64-shared,2026-09-30T04:09:19+00:00
degenerate_32,degenerate,32n tight rows,e97402e570fa437cc10bd839dd7e3e882459b7f3e5fccfcee142359be3b129bc,192,6,sankhya,90f5d356,optimal,optimal,-753.0,-753.0,0.0,0.0,1,correct,,0.036,0,90f5d356,laptop-i5-1135G7-7.7GB-Windows-AMD64-shared,2026-09-30T04:09:19+00:00
degenerate_32,degenerate,32n tight rows,e97402e570fa437cc10bd839dd7e3e882459b7f3e5fccfcee142359be3b129bc,192,6,highs,1.15.1,optimal,optimal,-753.0,-753.0,0.0,0.0,1,correct,,0.418,0,90f5d356,laptop-i5-1135G7-7.7GB-Windows-AMD64-shared,2026-09-30T04:09:19+00:00
degenerate_64,degenerate,64n tight rows,333481cf1c62f7a4f7ff25654ffa5a772658e0e756d3ba376ed7faecf6a7aa05,384,6,sankhya,90f5d356,optimal,optimal,1063.0,1063.0,0.0,0.0,1,correct,,0.027,0,90f5d356,laptop-i5-1135G7-7.7GB-Windows-AMD64-shared,2026-09-30T04:09:20+00:00
degenerate_64,degenerate,64n tight rows,333481cf1c62f7a4f7ff25654ffa5a772658e0e756d3ba376ed7faecf6a7aa05,384,6,highs,1.15.1,optimal,optimal,1063.0,1063.0,0.0,0.0,1,correct,,0.444,0,90f5d356,laptop-i5-1135G7-7.7GB-Windows-AMD64-shared,2026-09-30T04:09:20+00:00
degenerate_8,degenerate,8n tight rows,82d0299917d2248e4db62e3b439dd95e3d2a0094fd184c3cfc2bbcfd0037d2a0,48,6,sankhya,90f5d356,optimal,optimal,-225.0,-225.0,0.0,0.0,1,correct,,0.028,2,90f5d356,laptop-i5-1135G7-7.7GB-Windows-AMD64-shared,2026-09-30T04:09:20+00:00
degenerate_8,degenerate,8n tight rows,82d0299917d2248e4db62e3b439dd95e3d2a0094fd184c3cfc2bbcfd0037d2a0,48,6,highs,1.15.1,optimal,optimal,-225.0,-225.0,0.0,0.0,1,correct,,0.357,3,90f5d356,laptop-i5-1135G7-7.7GB-Windows-AMD64-shared,2026-09-30T04:09:21+00:00
klee_minty_10,klee_minty,n=10,c368d47b4d7be266b73a5d518b672bf5a0ffb1673f88715beb32f78c9af5061c,10,10,sankhya,90f5d356,optimal,optimal,-9765624.999999998,-9765625.0,1.862645149230957e-09,1.9073486328125e-16,1,correct,,0.032,1,90f5d356,laptop-i5-1135G7-7.7GB-Windows-AMD64-shared,2026-09-30T04:09:21+00:00
klee_minty_10,klee_minty,n=10,c368d47b4d7be266b73a5d518b672bf5a0ffb1673f88715beb32f78c9af5061c,10,10,highs,1.15.1,optimal,optimal,-9765625.0,-9765625.0,0.0,0.0,1,correct,,0.368,0,90f5d356,laptop-i5-1135G7-7.7GB-Windows-AMD64-shared,2026-09-30T04:09:22+00:00
klee_minty_15,klee_minty,n=15,63de1de775a0a06acd275505cc92e512288ed8c73e8de5256857ece273ae1775,15,15,sankhya,90f5d356,optimal,optimal,-30517578125.0,-30517578125.0,0.0,0.0,1,correct,,0.032,11,90f5d356,laptop-i5-1135G7-7.7GB-Windows-AMD64-shared,2026-09-30T04:09:22+00:00
klee_minty_15,klee_minty,n=15,63de1de775a0a06acd275505cc92e512288ed8c73e8de5256857ece273ae1775,15,15,highs,1.15.1,optimal,optimal,-30517578125.0,-30517578125.0,0.0,0.0,1,correct,,1.968,0,90f5d356,laptop-i5-1135G7-7.7GB-Windows-AMD64-shared,2026-09-30T04:09:25+00:00
klee_minty_20,klee_minty,n=20,c0c0faeffc25d6b999c5108bdaa5e9eebf3abb4433d73caec449d7dc8c0d1c45,20,20,sankhya,90f5d356,optimal,feasible,-95367431640624.98,-95367431640625.0,0.015625,1.6384e-16,1,failed,"no verdict: feasible (engine reported optimal but the largest |multiplier| * slack is 1.562e-02, above the 1.0e-06 the independent verifier ac)",0.063,9,90f5d356,laptop-i5-1135G7-7.7GB-Windows-AMD64-shared,2026-09-30T04:09:26+00:00
klee_minty_20,klee_minty,n=20,c0c0faeffc25d6b999c5108bdaa5e9eebf3abb4433d73caec449d7dc8c0d1c45,20,20,highs,1.15.1,optimal,optimal,-95367431640625.0,-95367431640625.0,0.0,0.0,1,correct,,0.285,0,90f5d356,laptop-i5-1135G7-7.7GB-Windows-AMD64-shared,2026-09-30T04:09:26+00:00
klee_minty_25,klee_minty,n=25,17f5b5fdcb140accf469deb1541b61c459b8c04457eef8f25c6233d5f01d5052,25,25,sankhya,90f5d356,optimal,feasible,-2.980232238769531e+17,-2.9802322387695315e+17,64.0,2.1474836479999998e-16,1,failed,"no verdict: feasible (engine reported optimal but the largest |multiplier| * slack is 6.400e+01, above the 1.0e-06 the independent verifier ac)",0.030,7,90f5d356,laptop-i5-1135G7-7.7GB-Windows-AMD64-shared,2026-09-30T04:09:26+00:00
klee_minty_25,klee_minty,n=25,17f5b5fdcb140accf469deb1541b61c459b8c04457eef8f25c6233d5f01d5052,25,25,highs,1.15.1,optimal,optimal,-2.9802322387695315e+17,-2.9802322387695315e+17,0.0,0.0,1,correct,,0.357,0,90f5d356,laptop-i5-1135G7-7.7GB-Windows-AMD64-shared,2026-09-30T04:09:27+00:00
klee_minty_30,klee_minty,n=30,f84fd41b182e6b7db08008069d914ada6328287bdfde6cf979fae340ff7e718e,30,30,sankhya,90f5d356,optimal,feasible,-9.313225746154784e+20,-9.313225746154785e+20,131072.0,1.4073748835532799e-16,1,failed,"no verdict: feasible (engine reported optimal but the largest |multiplier| * slack is 1.311e+05, above the 1.0e-06 the independent verifier ac)",0.052,4,90f5d356,laptop-i5-1135G7-7.7GB-Windows-AMD64-shared,2026-09-30T04:09:27+00:00
klee_minty_30,klee_minty,n=30,f84fd41b182e6b7db08008069d914ada6328287bdfde6cf979fae340ff7e718e,30,30,highs,1.15.1,optimal,unbounded,-114286481244160.0,-9.313225746154785e+20,9.313224603289973e+20,0.9999998772858252,0,wrong,"unbounded, verifier rejects: [FAIL] ray respects the row bounds     17 would be crossed: R13, R14, R15, R16, R17",0.333,13,90f5d356,laptop-i5-1135G7-7.7GB-Windows-AMD64-shared,2026-09-30T04:09:27+00:00
klee_minty_35,klee_minty,n=35,d4c1a32125f293ca1ed1ea4b8ca33359d702673ecc29729fed83dd08e812345f,35,35,sankhya,90f5d356,optimal,optimal,-2.9103830456733713e+24,-2.9103830456733703e+24,1073741824.0,3.6893488147419104e-16,1,correct,,0.032,2,90f5d356,laptop-i5-1135G7-7.7GB-Windows-AMD64-shared,2026-09-30T04:09:28+00:00
klee_minty_35,klee_minty,n=35,d4c1a32125f293ca1ed1ea4b8ca33359d702673ecc29729fed83dd08e812345f,35,35,highs,1.15.1,optimal,unbounded,-3657167399813120.0,-2.9103830456733703e+24,2.910383042016203e+24,0.9999999987434068,0,wrong,"unbounded, verifier rejects: [FAIL] ray respects the row bounds     22 would be crossed: R13, R14, R15, R16, R17",0.379,13,90f5d356,laptop-i5-1135G7-7.7GB-Windows-AMD64-shared,2026-09-30T04:09:28+00:00
klee_minty_40,klee_minty,n=40,0171aeddd4ef377e9fe0e6679e62657ee695d937ff789a379e389dfdc3d6574a,40,40,sankhya,90f5d356,optimal,optimal,-9.094947017729283e+27,-9.094947017729283e+27,0.0,0.0,1,correct,,0.041,2,90f5d356,laptop-i5-1135G7-7.7GB-Windows-AMD64-shared,2026-09-30T04:09:29+00:00
klee_minty_40,klee_minty,n=40,0171aeddd4ef377e9fe0e6679e62657ee695d937ff789a379e389dfdc3d6574a,40,40,highs,1.15.1,optimal,unbounded,-1.1702935679401984e+17,-9.094947017729283e+27,9.094947017612253e+27,0.9999999999871324,0,wrong,"unbounded, verifier rejects: [FAIL] ray respects the row bounds     27 would be crossed: R13, R14, R15, R16, R17",0.316,13,90f5d356,laptop-i5-1135G7-7.7GB-Windows-AMD64-shared,2026-09-30T04:09:29+00:00
near_parallel_12,near_singular,twin rows 1e-12 apart,9ce969731d6dc74a12bffa4213eb00010d198e897ba1dc8dc73bf846c636c5ea,14,10,sankhya,90f5d356,optimal,optimal,60.99999999998114,61.0,1.885780420707306e-11,3.091443312634928e-13,1,correct,,0.024,15,90f5d356,laptop-i5-1135G7-7.7GB-Windows-AMD64-shared,2026-09-30T04:09:29+00:00
near_parallel_12,near_singular,twin rows 1e-12 apart,9ce969731d6dc74a12bffa4213eb00010d198e897ba1dc8dc73bf846c636c5ea,14,10,highs,1.15.1,optimal,optimal,61.0000000000533,61.0,5.3297810609365115e-11,8.737346001535265e-13,1,correct,,0.388,10,90f5d356,laptop-i5-1135G7-7.7GB-Windows-AMD64-shared,2026-09-30T04:09:30+00:00
near_parallel_15,near_singular,twin rows 1e-15 apart,c68a55c1336a92fbd8637309f4fb4d0617b5a5b91a4fe1b4a88f35439ac36ca7,14,10,sankhya,90f5d356,optimal,optimal,-153.0,-153.0,0.0,0.0,1,correct,,0.045,11,90f5d356,laptop-i5-1135G7-7.7GB-Windows-AMD64-shared,2026-09-30T04:09:30+00:00
near_parallel_15,near_singular,twin rows 1e-15 apart,c68a55c1336a92fbd8637309f4fb4d0617b5a5b91a4fe1b4a88f35439ac36ca7,14,10,highs,1.15.1,optimal,optimal,-153.0,-153.0,0.0,0.0,1,correct,,0.302,10,90f5d356,laptop-i5-1135G7-7.7GB-Windows-AMD64-shared,2026-09-30T04:09:30+00:00
near_parallel_6,near_singular,twin rows 1e-6 apart,5bb6f74a0344eb117c863326ea3a28c766fd453ea2b8eff0e3316ebb4c115f41,14,10,sankhya,90f5d356,optimal,optimal,89.00000000000003,89.0,2.842170943040401e-14,3.193450497798203e-16,1,correct,,0.028,16,90f5d356,laptop-i5-1135G7-7.7GB-Windows-AMD64-shared,2026-09-30T04:09:31+00:00
near_parallel_6,near_singular,twin rows 1e-6 apart,5bb6f74a0344eb117c863326ea3a28c766fd453ea2b8eff0e3316ebb4c115f41,14,10,highs,1.15.1,optimal,optimal,89.00000000000001,89.0,1.4210854715202004e-14,1.5967252488991015e-16,1,correct,,0.349,17,90f5d356,laptop-i5-1135G7-7.7GB-Windows-AMD64-shared,2026-09-30T04:09:31+00:00
near_parallel_9,near_singular,twin rows 1e-9 apart,e9fa8bfd054c77731f8b93aa9ab15937b6c74e034f6f60a0030db66c3a988404,14,10,sankhya,90f5d356,optimal,optimal,-245.0,-245.0,0.0,0.0,1,correct,,0.026,9,90f5d356,laptop-i5-1135G7-7.7GB-Windows-AMD64-shared,2026-09-30T04:09:31+00:00
near_parallel_9,near_singular,twin rows 1e-9 apart,e9fa8bfd054c77731f8b93aa9ab15937b6c74e034f6f60a0030db66c3a988404,14,10,highs,1.15.1,optimal,optimal,-244.9999999984445,-245.0,1.555491735416581e-09,6.3489458588431875e-12,1,correct,,0.307,11,90f5d356,laptop-i5-1135G7-7.7GB-Windows-AMD64-shared,2026-09-30T04:09:32+00:00
scaled_25fv47,scaled_netlib,2^+-20,b706de8a49e9e4b81c68caaaa5cb11c2768599ad2ff3a784a52c0576be9fc77f,821,1571,sankhya,90f5d356,optimal,numerical_error,4619.779195666792,0.55018458882867447945812325883916e4,882.0666926199528,0.16032195567270338,1,failed,no verdict: numerical_error (route: the scaled attempt returned optimal after 3.5 s of its 30 s share; neither attempt produced a usable point; the s),60.071,19336,90f5d356,laptop-i5-1135G7-7.7GB-Windows-AMD64-shared,2026-09-30T04:10:32+00:00
scaled_25fv47,scaled_netlib,2^+-20,b706de8a49e9e4b81c68caaaa5cb11c2768599ad2ff3a784a52c0576be9fc77f,821,1571,highs,1.15.1,optimal,infeasible,,0.55018458882867447945812325883916e4,,,0,wrong,"infeasible, verifier rejects: [FAIL] aggregate is bounded above         1 unbounded in the direction used, so the aggregate proves nothing: C474",0.623,0,90f5d356,laptop-i5-1135G7-7.7GB-Windows-AMD64-shared,2026-09-30T04:10:33+00:00
scaled_80bau3b,scaled_netlib,2^+-20,f4134c8d72124f8b0acc73c1f6b07f13b1e38ced8c459917a13d8bff4a2f2db4,2262,9799,sankhya,90f5d356,optimal,numerical_error,458029.7984239796,0.98722419240909025757911711738799e6,529194.3939851106,0.5360427733175128,1,failed,"no verdict: numerical_error (phase 1 stalled at max bound violation 5.226e-05, only just above the 1.0e-07 feasibility tolerance; no column prices as)",30.204,5631,90f5d356,laptop-i5-1135G7-7.7GB-Windows-AMD64-shared,2026-09-30T04:11:04+00:00
scaled_80bau3b,scaled_netlib,2^+-20,f4134c8d72124f8b0acc73c1f6b07f13b1e38ced8c459917a13d8bff4a2f2db4,2262,9799,highs,1.15.1,optimal,infeasible,,0.98722419240909025757911711738799e6,,,0,wrong,"infeasible, verifier rejects: [FAIL] aggregate is bounded above         1 unbounded in the direction used, so the aggregate proves nothing: C1807",18.438,0,90f5d356,laptop-i5-1135G7-7.7GB-Windows-AMD64-shared,2026-09-30T04:11:24+00:00
scaled_adlittle,scaled_netlib,2^+-20,65532604a9d37c966d935b194c176c19656199e816ac5ba95eaa5a72fac9b788,56,97,sankhya,90f5d356,optimal,numerical_error,225367.48291550923,0.22549496316238038228101176621492e6,127.48024687115685,0.0005653352300350828,1,failed,no verdict: numerical_error (engine reported optimal but the returned point violates primal feasibility by 5.417e-06 (5.417e-06 relative to the scale),0.095,138,90f5d356,laptop-i5-1135G7-7.7GB-Windows-AMD64-shared,2026-09-30T04:11:25+00:00
scaled_adlittle,scaled_netlib,2^+-20,65532604a9d37c966d935b194c176c19656199e816ac5ba95eaa5a72fac9b788,56,97,highs,1.15.1,optimal,optimal,196778.8829999431,0.22549496316238038228101176621492e6,28716.080162437283,0.12734688065630384,0,wrong,"optimal, verifier rejects: [FAIL] row activity                      worst violation 4.385e-02 (4.385e-02 relative to the row's terms) on R27; [FAIL] activity agreement                max |ours - solver's| = 4.385e-02; [FAIL] re",0.921,102,90f5d356,laptop-i5-1135G7-7.7GB-Windows-AMD64-shared,2026-09-30T04:11:26+00:00
scaled_afiro,scaled_netlib,2^+-20,ca1af0b51c70b079af924d9ab926a5a5eb7dc161304474ab1890c110d5b0762b,27,32,sankhya,90f5d356,optimal,optimal,-464.75314285714273,-0.46475314285714285714285714285714e3,1.1368683772161603e-13,2.446176846114657e-16,1,correct,,0.051,13,90f5d356,laptop-i5-1135G7-7.7GB-Windows-AMD64-shared,2026-09-30T04:11:27+00:00
scaled_afiro,scaled_netlib,2^+-20,ca1af0b51c70b079af924d9ab926a5a5eb7dc161304474ab1890c110d5b0762b,27,32,highs,1.15.1,optimal,optimal,-464.75314285714285,-0.46475314285714285714285714285714e3,0.0,0.0,0,wrong,"optimal, verifier rejects: [FAIL] row activity                      worst violation 2.043e-02 (2.043e-02 relative to the row's terms) on R4; [FAIL] activity agreement                max |ours - solver's| = 2.043e-02; [FAIL] non",0.885,7,90f5d356,laptop-i5-1135G7-7.7GB-Windows-AMD64-shared,2026-09-30T04:11:28+00:00
scaled_agg,scaled_netlib,2^+-20,942bd47d6d692818e64180cf050e5f0b9ab292fb6689ff07410ae5921819f0b5,488,163,sankhya,90f5d356,optimal,numerical_error,-36328400.11570476,-0.35991767286576506712640824319636e8,336632.8291282505,0.009353050836539529,1,failed,no verdict: numerical_error (engine reported optimal but the returned point violates primal feasibility by 3.484e-02 (3.484e-02 relative to the scale),0.155,215,90f5d356,laptop-i5-1135G7-7.7GB-Windows-AMD64-shared,2026-09-30T04:11:28+00:00
scaled_agg,scaled_netlib,2^+-20,942bd47d6d692818e64180cf050e5f0b9ab292fb6689ff07410ae5921819f0b5,488,163,highs,1.15.1,optimal,infeasible,,-0.35991767286576506712640824319636e8,,,0,wrong,"infeasible, verifier rejects: [FAIL] aggregate is bounded above         1 unbounded in the direction used, so the aggregate proves nothing: C119",0.931,0,90f5d356,laptop-i5-1135G7-7.7GB-Windows-AMD64-shared,2026-09-30T04:11:30+00:00
scaled_agg2,scaled_netlib,2^+-20,959be7c8daa4034a01e40f8d02e6335ec2e12e67f9799e40377da31fffc2e401,516,302,sankhya,90f5d356,optimal,numerical_error,-20396216.355977118,-0.20239252355977109024317661926133e8,156964.00000000745,0.007755424817046289,1,failed,no verdict: numerical_error (engine reported optimal but the returned point violates primal feasibility by 4.268e-02 (3.703e-02 relative to the scale),0.128,337,90f5d356,laptop-i5-1135G7-7.7GB-Windows-AMD64-shared,2026-09-30T04:11:31+00:00
scaled_agg2,scaled_netlib,2^+-20,959be7c8daa4034a01e40f8d02e6335ec2e12e67f9799e40377da31fffc2e401,516,302,highs,1.15.1,optimal,optimal,-42247374.388021685,-0.20239252355977109024317661926133e8,22008122.032044575,1.087397975229311,0,wrong,"optimal, verifier rejects: [FAIL] row activity                      worst violation 7.601e+01 (1.977e+00 relative to the row's terms) on R438; [FAIL] activity agreement                max |ours - solver's| = 1.850e+02; [FAIL] r",1.564,256,90f5d356,laptop-i5-1135G7-7.7GB-Windows-AMD64-shared,2026-09-30T04:11:33+00:00
scaled_agg3,scaled_netlib,2^+-20,f149c7b7585d502a4ea2e526701432f49c491927857f55afef54c7ce67c771e5,516,302,sankhya,90f5d356,optimal,numerical_error,8929457.511027094,0.10312115935089225579061058796215e8,1382658.424062131,0.13408096192531485,1,failed,no verdict: numerical_error (engine reported optimal but the returned point violates primal feasibility by 1.101e-01 (1.101e-01 relative to the scale),0.098,198,90f5d356,laptop-i5-1135G7-7.7GB-Windows-AMD64-shared,2026-09-30T04:11:33+00:00
scaled_agg3,scaled_netlib,2^+-20,f149c7b7585d502a4ea2e526701432f49c491927857f55afef54c7ce67c771e5,516,302,highs,1.15.1,optimal,optimal,-9454260.124148918,0.10312115935089225579061058796215e8,19766376.059238143,1.916810883785619,0,wrong,"optimal, verifier rejects: [FAIL] row activity                      worst violation 2.556e+00 (1.094e+00 relative to the row's terms) on R503; [FAIL] activity agreement                max |ours - solver's| = 2.279e+02; [FAIL] r",1.753,263,90f5d356,laptop-i5-1135G7-7.7GB-Windows-AMD64-shared,2026-09-30T04:11:35+00:00
scaled_bandm,scaled_netlib,2^+-20,46ff11fd9cd06f75f549ece8ff631fb83a6378712d7410440aff10f9b0525daf,305,472,sankhya,90f5d356,optimal,numerical_error,-160.9715714433058,-0.15862801845012064052174123768736e3,2.3435529931851704,0.014773890615812506,1,failed,no verdict: numerical_error (engine reported optimal but the returned point violates primal feasibility by 4.486e-05 (4.486e-05 relative to the scale),0.164,911,90f5d356,laptop-i5-1135G7-7.7GB-Windows-AMD64-shared,2026-09-30T04:11:36+00:00
scaled_bandm,scaled_netlib,2^+-20,46ff11fd9cd06f75f549ece8ff631fb83a6378712d7410440aff10f9b0525daf,305,472,highs,1.15.1,optimal,infeasible,,-0.15862801845012064052174123768736e3,,,0,wrong,"infeasible, verifier rejects: [FAIL] aggregate is bounded above         11 unbounded in the direction used, so the aggregate proves nothing: C8, C88, C240, C278, C280",1.045,0,90f5d356,laptop-i5-1135G7-7.7GB-Windows-AMD64-shared,2026-09-30T04:11:38+00:00
scaled_beaconfd,scaled_netlib,2^+-20,52c0d85efd1968bf2b0c5ddb2fed1bb045a9323fe42edaec85035608f96b7290,173,262,sankhya,90f5d356,optimal,numerical_error,33186.21241720001,0.335924858072e5,406.27338999998756,0.012094174641666724,1,failed,no verdict: numerical_error (engine reported optimal but the returned point violates primal feasibility by 2.810e-04 (2.810e-04 relative to the scale),0.085,135,90f5d356,laptop-i5-1135G7-7.7GB-Windows-AMD64-shared,2026-09-30T04:11:38+00:00
scaled_beaconfd,scaled_netlib,2^+-20,52c0d85efd1968bf2b0c5ddb2fed1bb045a9323fe42edaec85035608f96b7290,173,262,highs,1.15.1,optimal,infeasible,,0.335924858072e5,,,0,wrong,"infeasible, verifier rejects: [FAIL] aggregate is bounded above         1 unbounded in the direction used, so the aggregate proves nothing: C51",1.137,0,90f5d356,laptop-i5-1135G7-7.7GB-Windows-AMD64-shared,2026-09-30T04:11:40+00:00
scaled_blend,scaled_netlib,2^+-20,7e5f424ec78cf6498ef63b9a8da4d39759eddd776e5bed1078db04043d512ace,74,83,sankhya,90f5d356,optimal,feasible,0.0,-0.30812149845828220173774356124984e2,30.81214984582822,1.0,1,failed,no verdict: feasible (engine reported optimal but the reduced costs violate dual feasibility by 4.485e-05 (4.485e-05 relative to the terms the),0.061,85,90f5d356,laptop-i5-1135G7-7.7GB-Windows-AMD64-shared,2026-09-30T04:11:41+00:00
scaled_blend,scaled_netlib,2^+-20,7e5f424ec78cf6498ef63b9a8da4d39759eddd776e5bed1078db04043d512ace,74,83,highs,1.15.1,optimal,unbounded,0.0,-0.30812149845828220173774356124984e2,30.81214984582822,1.0,1,wrong,unbounded on an instance that is optimal,0.971,83,90f5d356,laptop-i5-1135G7-7.7GB-Windows-AMD64-shared,2026-09-30T04:11:42+00:00
scaled_bnl1,scaled_netlib,2^+-20,eb1f98aad5e44fbb6672d154f86ecab8db5656dfeabab5e829c9891959d7cc9e,643,1175,sankhya,90f5d356,optimal,numerical_error,0.0,0.19776295615228892439564398331821e4,1977.6295615228892,1.0,1,failed,"no verdict: numerical_error (phase 1 terminated with max bound violation 2.328e+02, far above the 1.0e-07 feasibility tolerance; route: the scaled at)",14.923,2145,90f5d356,laptop-i5-1135G7-7.7GB-Windows-AMD64-shared,2026-09-30T04:11:57+00:00
scaled_bnl1,scaled_netlib,2^+-20,eb1f98aad5e44fbb6672d154f86ecab8db5656dfeabab5e829c9891959d7cc9e,643,1175,highs,1.15.1,optimal,infeasible,,0.19776295615228892439564398331821e4,,,0,wrong,"infeasible, verifier rejects: [FAIL] aggregate is bounded above         1 unbounded in the direction used, so the aggregate proves nothing: C4",1.205,0,90f5d356,laptop-i5-1135G7-7.7GB-Windows-AMD64-shared,2026-09-30T04:12:00+00:00
scaled_bnl2,scaled_netlib,2^+-20,8a0d6df5972e06b5da49119edc40c0d3e95c8870ef5e5e29285e72a3118ab9b4,2324,3489,sankhya,90f5d356,optimal,numerical_error,40.412850000000006,0.1811236540358545170448413697691e4,1770.8236903585453,0.9776877016891455,1,failed,"no verdict: numerical_error (phase 1 terminated with max bound violation 1.893e+02, far above the 1.0e-07 feasibility tolerance; route: the scaled at)",60.189,6837,90f5d356,laptop-i5-1135G7-7.7GB-Windows-AMD64-shared,2026-09-30T04:13:00+00:00
scaled_bnl2,scaled_netlib,2^+-20,8a0d6df5972e06b5da49119edc40c0d3e95c8870ef5e5e29285e72a3118ab9b4,2324,3489,highs,1.15.1,optimal,infeasible,,0.1811236540358545170448413697691e4,,,0,wrong,"infeasible, verifier rejects: [FAIL] aggregate is bounded above         1 unbounded in the direction used, so the aggregate proves nothing: C935",3.320,0,90f5d356,laptop-i5-1135G7-7.7GB-Windows-AMD64-shared,2026-09-30T04:13:04+00:00
scaled_boeing1,scaled_netlib,2^+-20,101a10731de99a7efbee865b568d4ef1fecc324442250a881eb74f99cf000286,351,384,sankhya,90f5d356,optimal,numerical_error,-392.65355271603386,-0.3352135675071266218429697314682e3,57.43998520890722,0.1713534020596766,1,failed,no verdict: numerical_error (engine reported optimal but the returned point violates primal feasibility by 8.332e-04 (8.332e-04 relative to the scale),0.043,489,90f5d356,laptop-i5-1135G7-7.7GB-Windows-AMD64-shared,2026-09-30T04:13:04+00:00
scaled_boeing1,scaled_netlib,2^+-20,101a10731de99a7efbee865b568d4ef1fecc324442250a881eb74f99cf000286,351,384,highs,1.15.1,optimal,infeasible,,-0.3352135675071266218429697314682e3,,,0,wrong,"infeasible, verifier rejects: [FAIL] aggregate is bounded above         1 unbounded in the direction used, so the aggregate proves nothing: C33",0.396,0,90f5d356,laptop-i5-1135G7-7.7GB-Windows-AMD64-shared,2026-09-30T04:13:05+00:00
scaled_boeing2,scaled_netlib,2^+-20,e9b0608686ff99abc212e855c8e95031b8ab54bd7810a6c1fc49cb77a60654fb,166,143,sankhya,90f5d356,optimal,optimal,-315.01872801520284,-0.31501872801520287870462195913263e3,5.684341886080802e-14,1.804445698163848e-16,1,correct,,0.040,233,90f5d356,laptop-i5-1135G7-7.7GB-Windows-AMD64-shared,2026-09-30T04:13:05+00:00
scaled_boeing2,scaled_netlib,2^+-20,e9b0608686ff99abc212e855c8e95031b8ab54bd7810a6c1fc49cb77a60654fb,166,143,highs,1.15.1,optimal,optimal,-318.10637322958195,-0.31501872801520287870462195913263e3,3.0876452143790516,0.009801465563120554,0,wrong,"optimal, verifier rejects: [FAIL] row activity                      worst violation 8.099e-03 (8.099e-03 relative to the row's terms) on R88; [FAIL] activity agreement                max |ours - solver's| = 9.445e-03; [FAIL] re",0.337,102,90f5d356,laptop-i5-1135G7-7.7GB-Windows-AMD64-shared,2026-09-30T04:13:06+00:00
scaled_bore3d,scaled_netlib,2^+-20,abd50da86e4e2224db18cfda2114ca510780fb0db699acf15e58a7357307fd33,233,315,sankhya,90f5d356,optimal,numerical_error,1372.5858213583049,0.13730803942084927215581987251301e4,0.4945728501877511,0.00036019220161747766,1,failed,no verdict: numerical_error (route: the scaled attempt returned optimal after 0.0 s of its 30 s share; nothing was left for an unscaled retry; engine),60.037,171,90f5d356,laptop-i5-1135G7-7.7GB-Windows-AMD64-shared,2026-09-30T04:14:06+00:00
scaled_bore3d,scaled_netlib,2^+-20,abd50da86e4e2224db18cfda2114ca510780fb0db699acf15e58a7357307fd33,233,315,highs,1.15.1,optimal,optimal,1382.0030599307895,0.13730803942084927215581987251301e4,8.92266572229687,0.006498283538190281,0,wrong,"optimal, verifier rejects: [FAIL] row activity                      worst violation 1.766e-02 (1.766e-02 relative to the row's terms) on R190; [FAIL] activity agreement                max |ours - solver's| = 1.766e-02; [FAIL] r",0.720,29,90f5d356,laptop-i5-1135G7-7.7GB-Windows-AMD64-shared,2026-09-30T04:14:07+00:00
scaled_brandy,scaled_netlib,2^+-20,0ce3786880a754dab96aa063442e4549f4d41e185d286803c8fd2df25ce52fcf,220,249,sankhya,90f5d356,optimal,numerical_error,1513.0230412877927,0.15185098964881283835426751550618e4,5.48685520033564,0.0036133154041505687,1,failed,no verdict: numerical_error (engine reported optimal but the returned point violates primal feasibility by 1.305e-05 (1.305e-05 relative to the scale),0.094,843,90f5d356,laptop-i5-1135G7-7.7GB-Windows-AMD64-shared,2026-09-30T04:14:07+00:00
scaled_brandy,scaled_netlib,2^+-20,0ce3786880a754dab96aa063442e4549f4d41e185d286803c8fd2df25ce52fcf,220,249,highs,1.15.1,optimal,infeasible,,0.15185098964881283835426751550618e4,,,0,wrong,"infeasible, verifier rejects: [FAIL] aggregate is bounded above         1 unbounded in the direction used, so the aggregate proves nothing: C5",0.398,0,90f5d356,laptop-i5-1135G7-7.7GB-Windows-AMD64-shared,2026-09-30T04:14:08+00:00
scaled_capri,scaled_netlib,2^+-20,5d013e8c7cdcdcd7e27339af52d2e09a766ef3782088f98edbdc0f395ad51d13,271,353,sankhya,90f5d356,optimal,numerical_error,2673.0096269716637,0.26900129137681610087717280693754e4,17.003286796497378,0.006320894115217919,1,failed,no verdict: numerical_error (engine reported optimal but the returned point violates primal feasibility by 4.835e-04 (4.835e-04 relative to the scale),0.051,299,90f5d356,laptop-i5-1135G7-7.7GB-Windows-AMD64-shared,2026-09-30T04:14:08+00:00
scaled_capri,scaled_netlib,2^+-20,5d013e8c7cdcdcd7e27339af52d2e09a766ef3782088f98edbdc0f395ad51d13,271,353,highs,1.15.1,optimal,infeasible,,0.26900129137681610087717280693754e4,,,0,wrong,"infeasible, verifier rejects: [FAIL] aggregate is bounded above         1 unbounded in the direction used, so the aggregate proves nothing: C260",0.527,0,90f5d356,laptop-i5-1135G7-7.7GB-Windows-AMD64-shared,2026-09-30T04:14:09+00:00
scaled_cycle,scaled_netlib,2^+-20,b3d387635ed6c12c19d532952f99b98e1b525d501e2751710506fd4a0eee1bbf,1903,2857,sankhya,90f5d356,optimal,numerical_error,0.0,-0.52263930248941017172447233836217e1,5.226393024894102,1.0,1,failed,"no verdict: numerical_error (phase 1 diverged: the largest bound violation grew to 2.975e+08 from a least of 0.000e+00, which cannot happen on faithf)",60.111,3910,90f5d356,laptop-i5-1135G7-7.7GB-Windows-AMD64-shared,2026-09-30T04:15:10+00:00
scaled_cycle,scaled_netlib,2^+-20,b3d387635ed6c12c19d532952f99b98e1b525d501e2751710506fd4a0eee1bbf,1903,2857,highs,1.15.1,optimal,infeasible,,-0.52263930248941017172447233836217e1,,,1,wrong,infeasible on an instance that is optimal,3.226,4464,90f5d356,laptop-i5-1135G7-7.7GB-Windows-AMD64-shared,2026-09-30T04:15:14+00:00
scaled_czprob,scaled_netlib,2^+-20,7b2ba801bb034c4c5ad67845d561b323a6ea4c9df738583d2811dfc1056df873,929,3523,sankhya,90f5d356,optimal,numerical_error,1209884.2087599998,0.21851966988565774858951155947191e7,975312.4900965774,0.44632709293717954,1,failed,"no verdict: numerical_error (phase 1 terminated with max bound violation 2.308e-04, far above the 1.0e-07 feasibility tolerance; no machine-checkable)",3.260,1183,90f5d356,laptop-i5-1135G7-7.7GB-Windows-AMD64-shared,2026-09-30T04:15:18+00:00
scaled_czprob,scaled_netlib,2^+-20,7b2ba801bb034c4c5ad67845d561b323a6ea4c9df738583d2811dfc1056df873,929,3523,highs,1.15.1,optimal,infeasible,,0.21851966988565774858951155947191e7,,,0,wrong,"infeasible, verifier rejects: [FAIL] aggregate is bounded above         1 unbounded in the direction used, so the aggregate proves nothing: C3267",3.352,0,90f5d356,laptop-i5-1135G7-7.7GB-Windows-AMD64-shared,2026-09-30T04:15:23+00:00
scaled_d2q06c,scaled_netlib,2^+-20,85098ddd6b628092464cbec80f63f495aac32cf55a6926c2304f598127100f1a,2171,5167,sankhya,90f5d356,optimal,time_limit,72554.73130724441,0.12278421081418945895739128812392e6,50229.47950694505,0.4090874484094523,0,failed,"no verdict: time_limit (time limit 29.9865s reached inside the basis factorization, which was abandoned; route: the scaled attempt returned time)",62.855,16813,90f5d356,laptop-i5-1135G7-7.7GB-Windows-AMD64-shared,2026-09-30T04:16:27+00:00
scaled_d2q06c,scaled_netlib,2^+-20,85098ddd6b628092464cbec80f63f495aac32cf55a6926c2304f598127100f1a,2171,5167,highs,1.15.1,optimal,infeasible,,0.12278421081418945895739128812392e6,,,0,wrong,"infeasible, verifier rejects: [FAIL] aggregate is bounded above         1 unbounded in the direction used, so the aggregate proves nothing: C3752",5.574,0,90f5d356,laptop-i5-1135G7-7.7GB-Windows-AMD64-shared,2026-09-30T04:16:34+00:00
scaled_d6cube,scaled_netlib,2^+-20,9958b47b3708300dabb751bb3901a3eb748682ab6668a20384f89a4b2d787ab3,415,6184,sankhya,90f5d356,optimal,numerical_error,318.0831641433944,0.31549166666666666666666666666667e3,2.5914974767277386,0.008214155080887731,1,failed,no verdict: numerical_error (engine reported optimal but the returned point violates primal feasibility by 7.629e-06 (7.629e-06 relative to the scale),8.000,15886,90f5d356,laptop-i5-1135G7-7.7GB-Windows-AMD64-shared,2026-09-30T04:16:43+00:00
scaled_d6cube,scaled_netlib,2^+-20,9958b47b3708300dabb751bb3901a3eb748682ab6668a20384f89a4b2d787ab3,415,6184,highs,1.15.1,optimal,optimal,332.164107803388,0.31549166666666666666666666666667e3,16.672441136721318,0.05284590021940775,0,wrong,"optimal, verifier rejects: [FAIL] row activity                      worst violation 2.441e-04 (2.441e-04 relative to the row's terms) on R406; [FAIL] activity agreement                max |ours - solver's| = 2.441e-04; [FAIL] r",60.904,661,90f5d356,laptop-i5-1135G7-7.7GB-Windows-AMD64-shared,2026-09-30T04:17:45+00:00
scaled_degen2,scaled_netlib,2^+-20,6828dd59b95075d6e9c991ad145869b38ab11fdb687a50bedbfb340e378196ec,444,534,sankhya,90f5d356,optimal,feasible,-1428.654999999999,-0.1435178e4,6.523000000001048,0.004545080819244057,1,failed,no verdict: feasible (engine reported optimal but the reduced costs violate dual feasibility by 4.091e-05 (4.091e-05 relative to the terms the),1.462,3159,90f5d356,laptop-i5-1135G7-7.7GB-Windows-AMD64-shared,2026-09-30T04:17:48+00:00
scaled_degen2,scaled_netlib,2^+-20,6828dd59b95075d6e9c991ad145869b38ab11fdb687a50bedbfb340e378196ec,444,534,highs,1.15.1,optimal,infeasible,,-0.1435178e4,,,0,wrong,"infeasible, verifier rejects: [FAIL] aggregate is bounded above         2 unbounded in the direction used, so the aggregate proves nothing: C58, C59",3.362,0,90f5d356,laptop-i5-1135G7-7.7GB-Windows-AMD64-shared,2026-09-30T04:17:53+00:00
scaled_degen3,scaled_netlib,2^+-20,82d085b17c8cf0d6e785e362512cd0a0c173607f7dfe9079b4e5e5f90e71a613,1503,1818,sankhya,90f5d356,optimal,numerical_error,-142.85,-0.987294e3,844.444,0.8553115890504753,1,failed,"no verdict: numerical_error (phase 1 terminated with max bound violation 2.054e+00, far above the 1.0e-07 feasibility tolerance; route: the scaled at)",60.516,13345,90f5d356,laptop-i5-1135G7-7.7GB-Windows-AMD64-shared,2026-09-30T04:18:54+00:00
scaled_degen3,scaled_netlib,2^+-20,82d085b17c8cf0d6e785e362512cd0a0c173607f7dfe9079b4e5e5f90e71a613,1503,1818,highs,1.15.1,optimal,infeasible,,-0.987294e3,,,0,wrong,"infeasible, verifier rejects: [FAIL] aggregate is bounded above         3 unbounded in the direction used, so the aggregate proves nothing: C389, C390, C391",4.115,0,90f5d356,laptop-i5-1135G7-7.7GB-Windows-AMD64-shared,2026-09-30T04:19:00+00:00
scaled_dfl001,scaled_netlib,2^+-20,91ad0d14e629a36e5e5ec52725dec1b53f99b9de83fa50ace8a4bead5595e295,6071,12230,sankhya,90f5d356,optimal,numerical_error,17748.6,0.11266396046671392202377652175477e8,11248647.446671393,0.9984246426340353,1,failed,"no verdict: numerical_error (dual simplex: basic variable 57 is outside its bounds by 1.016e+00, far above the 1.0e-07 feasibility tolerance, and no )",46.244,2885,90f5d356,laptop-i5-1135G7-7.7GB-Windows-AMD64-shared,2026-09-30T04:19:49+00:00
scaled_dfl001,scaled_netlib,2^+-20,91ad0d14e629a36e5e5ec52725dec1b53f99b9de83fa50ace8a4bead5595e295,6071,12230,highs,1.15.1,optimal,infeasible,,0.11266396046671392202377652175477e8,,,0,wrong,"infeasible, verifier rejects: [FAIL] aggregate is bounded above         1 unbounded in the direction used, so the aggregate proves nothing: C4912",35.166,0,90f5d356,laptop-i5-1135G7-7.7GB-Windows-AMD64-shared,2026-09-30T04:20:29+00:00
scaled_e226,scaled_netlib,2^+-20,34fff0c44103e4ec1256b505a59ba3e8fce9eb278c936266eab96a82a07bbc72,223,282,sankhya,90f5d356,optimal,numerical_error,-13.786469353914073,-0.18751929066370549102605687681285e2,4.965459712456477,0.2647972747167364,1,failed,no verdict: numerical_error (engine reported optimal but the returned point violates primal feasibility by 1.224e-06 (1.224e-06 relative to the scale),2.715,426,90f5d356,laptop-i5-1135G7-7.7GB-Windows-AMD64-shared,2026-09-30T04:20:33+00:00
scaled_e226,scaled_netlib,2^+-20,34fff0c44103e4ec1256b505a59ba3e8fce9eb278c936266eab96a82a07bbc72,223,282,highs,1.15.1,optimal,infeasible,,-0.18751929066370549102605687681285e2,,,1,wrong,infeasible on an instance that is optimal,3.184,707,90f5d356,laptop-i5-1135G7-7.7GB-Windows-AMD64-shared,2026-09-30T04:20:45+00:00
scaled_etamacro,scaled_netlib,2^+-20,f8f87a082d3d360f1ab26a612d16dff2355903857966826863a059e37d5246a9,400,688,sankhya,90f5d356,optimal,numerical_error,-851.2395319991308,-0.7557152333749133350792583667773e3,95.52429862421752,0.12640250507803055,1,failed,no verdict: numerical_error (engine reported optimal but the returned point violates primal feasibility by 6.408e-05 (6.408e-05 relative to the scale),0.538,1381,90f5d356,laptop-i5-1135G7-7.7GB-Windows-AMD64-shared,2026-09-30T04:20:46+00:00
scaled_etamacro,scaled_netlib,2^+-20,f8f87a082d3d360f1ab26a612d16dff2355903857966826863a059e37d5246a9,400,688,highs,1.15.1,optimal,infeasible,,-0.7557152333749133350792583667773e3,,,0,wrong,"infeasible, verifier rejects: [FAIL] aggregate is bounded above         1 unbounded in the direction used, so the aggregate proves nothing: C226",2.544,0,90f5d356,laptop-i5-1135G7-7.7GB-Windows-AMD64-shared,2026-09-30T04:20:51+00:00
scaled_fffff800,scaled_netlib,2^+-20,70195b6d7881e85fdd73bfd9873f4443fe3b6820524536a7893760572c29b234,524,854,sankhya,90f5d356,optimal,numerical_error,555088.6851080917,0.555679564817496376532864378969e6,590.8797094046604,0.0010633461203467594,1,failed,no verdict: numerical_error (engine reported optimal but the returned point violates primal feasibility by 1.567e-04 (1.567e-04 relative to the scale),1.457,811,90f5d356,laptop-i5-1135G7-7.7GB-Windows-AMD64-shared,2026-09-30T04:20:53+00:00
scaled_fffff800,scaled_netlib,2^+-20,70195b6d7881e85fdd73bfd9873f4443fe3b6820524536a7893760572c29b234,524,854,highs,1.15.1,optimal,infeasible,,0.555679564817496376532864378969e6,,,0,wrong,"infeasible, verifier rejects: [FAIL] aggregate is bounded above         1 unbounded in the direction used, so the aggregate proves nothing: C820",2.574,0,90f5d356,laptop-i5-1135G7-7.7GB-Windows-AMD64-shared,2026-09-30T04:20:59+00:00
scaled_finnis,scaled_netlib,2^+-20,d11982a8bcbcb5b59b36398636e17a4fa19f950feae74b4a1e83d30124962fa4,497,614,sankhya,90f5d356,optimal,numerical_error,45558.88532659227,0.17279106559561159432297900375543e6,127232.1802690193,0.7363354108063944,1,failed,"no verdict: numerical_error (phase 1 terminated with max bound violation 4.299e+01, far above the 1.0e-07 feasibility tolerance; no machine-checkable)",3.806,336,90f5d356,laptop-i5-1135G7-7.7GB-Windows-AMD64-shared,2026-09-30T04:21:04+00:00
scaled_finnis,scaled_netlib,2^+-20,d11982a8bcbcb5b59b36398636e17a4fa19f950feae74b4a1e83d30124962fa4,497,614,highs,1.15.1,optimal,infeasible,,0.17279106559561159432297900375543e6,,,0,wrong,"infeasible, verifier rejects: [FAIL] aggregate is bounded above         2 unbounded in the direction used, so the aggregate proves nothing: C413, C414",2.614,0,90f5d356,laptop-i5-1135G7-7.7GB-Windows-AMD64-shared,2026-09-30T04:21:08+00:00
scaled_fit1d,scaled_netlib,2^+-20,fdd247badaee14d01cbf12c7f924b2ea733beb612025450299e116207bdf06b1,24,1026,sankhya,90f5d356,optimal,numerical_error,-9142.476951959354,-0.91463780924209269467749025024617e4,3.9011404615739593,0.0004265229823383977,1,failed,no verdict: numerical_error (engine reported optimal but the returned point violates primal feasibility by 1.831e-05 (1.831e-05 relative to the scale),1.597,103,90f5d356,laptop-i5-1135G7-7.7GB-Windows-AMD64-shared,2026-09-30T04:21:14+00:00
scaled_fit1d,scaled_netlib,2^+-20,fdd247badaee14d01cbf12c7f924b2ea733beb612025450299e116207bdf06b1,24,1026,highs,1.15.1,optimal,optimal,-9262.993165113845,-0.91463780924209269467749025024617e4,116.61507269291724,0.01274986355413728,0,wrong,"optimal, verifier rejects: [FAIL] row activity                      worst violation 4.925e-04 (4.925e-04 relative to the row's terms) on R17; [FAIL] activity agreement                max |ours - solver's| = 4.925e-04; [FAIL] re",4.322,78,90f5d356,laptop-i5-1135G7-7.7GB-Windows-AMD64-shared,2026-09-30T04:21:20+00:00
scaled_fit1p,scaled_netlib,2^+-20,182d333d0b133189a5387c27462168c37683facf4907e3967bca3355b84adf20,627,1677,sankhya,90f5d356,optimal,numerical_error,17327.46193367585,0.91463780924209269467749025024617e4,8181.083841254924,0.89446158452974,1,failed,no verdict: numerical_error (engine reported optimal but the returned point violates primal feasibility by 6.936e-05 (6.936e-05 relative to the scale),5.056,6105,90f5d356,laptop-i5-1135G7-7.7GB-Windows-AMD64-shared,2026-09-30T04:21:25+00:00
scaled_fit1p,scaled_netlib,2^+-20,182d333d0b133189a5387c27462168c37683facf4907e3967bca3355b84adf20,627,1677,highs,1.15.1,optimal,kSolveError,,0.91463780924209269467749025024617e4,,,1,failed,no verdict: kSolveError,4.862,-2,90f5d356,laptop-i5-1135G7-7.7GB-Windows-AMD64-shared,2026-09-30T04:21:33+00:00
scaled_fit2d,scaled_netlib,2^+-20,7db48c85e892dbe2400c2a8026c106a8a91331730ba192b442974465496c4249,25,10500,sankhya,90f5d356,optimal,numerical_error,-68464.59411361208,-0.68464293293832069575943518435837e5,0.3008197800081689,4.393819983171719e-06,1,failed,no verdict: numerical_error (engine reported optimal but the returned point violates primal feasibility by 6.847e-06 (6.847e-06 relative to the scale),1.250,278,90f5d356,laptop-i5-1135G7-7.7GB-Windows-AMD64-shared,2026-09-30T04:21:37+00:00
scaled_fit2d,scaled_netlib,2^+-20,7db48c85e892dbe2400c2a8026c106a8a91331730ba192b442974465496c4249,25,10500,highs,,optimal,killed,,-0.68464293293832069575943518435837e5,,,,failed,no verdict: killed (no exit within 3x the time limit),240.929,,90f5d356,laptop-i5-1135G7-7.7GB-Windows-AMD64-shared,2026-09-30T04:25:38+00:00
scaled_fit2p,scaled_netlib,2^+-20,e6d3a0de3c589f5c425ade4cc2808ac6665b2c1dfbcad141cafe123ba3d727de,3000,13525,sankhya,90f5d356,optimal,time_limit,25707.193473637693,0.68464293293832069575943518435837e5,42757.09982019438,0.6245167774783174,0,failed,"no verdict: time_limit (time limit 29.9484s reached inside the basis factorization, which was abandoned; route: the scaled attempt returned time)",32.007,16819,90f5d356,laptop-i5-1135G7-7.7GB-Windows-AMD64-shared,2026-09-30T04:26:14+00:00
scaled_fit2p,scaled_netlib,2^+-20,e6d3a0de3c589f5c425ade4cc2808ac6665b2c1dfbcad141cafe123ba3d727de,3000,13525,highs,1.15.1,optimal,time_limit,,0.68464293293832069575943518435837e5,,,0,failed,no verdict: time_limit,97.677,3403,90f5d356,laptop-i5-1135G7-7.7GB-Windows-AMD64-shared,2026-09-30T04:27:54+00:00
scaled_forplan,scaled_netlib,2^+-20,2ff809fe704f08e011b77b7952dbf8e564a9d70273ffb365a532b6f9239e67f7,161,421,sankhya,90f5d356,optimal,numerical_error,-677.5589651963764,-0.66421896127220457481235119701692e3,13.340003924171924,0.020083744520965337,1,failed,no verdict: numerical_error (engine reported optimal but the returned point violates primal feasibility by 2.252e-04 (2.252e-04 relative to the scale),2.233,307,90f5d356,laptop-i5-1135G7-7.7GB-Windows-AMD64-shared,2026-09-30T04:27:57+00:00
scaled_forplan,scaled_netlib,2^+-20,2ff809fe704f08e011b77b7952dbf8e564a9d70273ffb365a532b6f9239e67f7,161,421,highs,1.15.1,optimal,optimal,-770.6074164963737,-0.66421896127220457481235119701692e3,106.3884552241692,0.16017075908281697,0,wrong,"optimal, verifier rejects: [FAIL] row activity                      worst violation 6.199e-03 (6.199e-03 relative to the row's terms) on R10; [FAIL] activity agreement                max |ours - solver's| = 6.199e-03; [FAIL] re",3.485,169,90f5d356,laptop-i5-1135G7-7.7GB-Windows-AMD64-shared,2026-09-30T04:28:02+00:00
scaled_ganges,scaled_netlib,2^+-20,d9b723c31a13296cdfd793b892adc86221a79c0b92d48177988cb850de1516db,1309,1681,sankhya,90f5d356,optimal,numerical_error,0.0,-0.10958573612927811623444890424357e6,109585.73612927811,1.0,1,failed,"no verdict: numerical_error (dual simplex: basic variable 1494 is outside its bounds by 5.634e+03, far above the 1.0e-07 feasibility tolerance, and n)",13.261,152,90f5d356,laptop-i5-1135G7-7.7GB-Windows-AMD64-shared,2026-09-30T04:28:16+00:00
scaled_ganges,scaled_netlib,2^+-20,d9b723c31a13296cdfd793b892adc86221a79c0b92d48177988cb850de1516db,1309,1681,highs,1.15.1,optimal,infeasible,,-0.10958573612927811623444890424357e6,,,0,wrong,"infeasible, verifier rejects: [FAIL] aggregate is bounded above         1 unbounded in the direction used, so the aggregate proves nothing: C211",6.819,0,90f5d356,laptop-i5-1135G7-7.7GB-Windows-AMD64-shared,2026-09-30T04:28:24+00:00
scaled_gfrd-pnc,scaled_netlib,2^+-20,311f29a32f387ce0ee1b3207b8982ee2bd08471b6f5d370a54f0d8e322bb30f6,616,1092,sankhya,90f5d356,optimal,numerical_error,1644999.9999999995,0.69022359995488088295415596232193e7,5257235.99954881,0.7616714351541253,1,failed,no verdict: numerical_error (engine reported optimal but the returned point violates primal feasibility by 1.335e-01 (1.335e-01 relative to the scale),1.361,204,90f5d356,laptop-i5-1135G7-7.7GB-Windows-AMD64-shared,2026-09-30T04:28:26+00:00
scaled_gfrd-pnc,scaled_netlib,2^+-20,311f29a32f387ce0ee1b3207b8982ee2bd08471b6f5d370a54f0d8e322bb30f6,616,1092,highs,1.15.1,optimal,optimal,1031800.0,0.69022359995488088295415596232193e7,5870435.999548809,0.8505122108158215,0,wrong,"optimal, verifier rejects: [FAIL] row activity                      worst violation 2.670e-01 (2.670e-01 relative to the row's terms) on R7; [FAIL] activity agreement                max |ours - solver's| = 2.670e-01; [FAIL] red",6.740,11,90f5d356,laptop-i5-1135G7-7.7GB-Windows-AMD64-shared,2026-09-30T04:28:34+00:00
scaled_greenbea,scaled_netlib,2^+-20,131b6b3dcc22441e93124c7000fe23bb3ce0726f16ba17ad4ed55c3bc9cceed5,2392,5405,sankhya,90f5d356,optimal,numerical_error,-75211947.56291035,-0.72555248129845987457557870574845e8,2656699.4330643564,0.03661622696555163,1,failed,no verdict: numerical_error (engine reported optimal but the returned point violates primal feasibility by 6.987e-03 (6.987e-03 relative to the scale),15.274,10711,90f5d356,laptop-i5-1135G7-7.7GB-Windows-AMD64-shared,2026-09-30T04:28:51+00:00
scaled_greenbea,scaled_netlib,2^+-20,131b6b3dcc22441e93124c7000fe23bb3ce0726f16ba17ad4ed55c3bc9cceed5,2392,5405,highs,1.15.1,optimal,infeasible,,-0.72555248129845987457557870574845e8,,,0,wrong,"infeasible, verifier rejects: [FAIL] aggregate is bounded above         1 unbounded in the direction used, so the aggregate proves nothing: C2678",16.025,0,90f5d356,laptop-i5-1135G7-7.7GB-Windows-AMD64-shared,2026-09-30T04:29:09+00:00
scaled_greenbeb,scaled_netlib,2^+-20,3ce32573177d2bda0f223c406d9bfb68c04d4302c2ae52683a4018d7f01b16e2,2392,5405,sankhya,90f5d356,optimal,time_limit,-4537881.588350892,-0.43022602612065867539213672544432e7,235621.32714430522,0.054766869700770784,0,failed,"no verdict: time_limit (time limit 37.4059s reached inside the basis factorization, which was abandoned; route: the scaled attempt returned nume)",61.803,2095,90f5d356,laptop-i5-1135G7-7.7GB-Windows-AMD64-shared,2026-09-30T04:30:12+00:00
scaled_greenbeb,scaled_netlib,2^+-20,3ce32573177d2bda0f223c406d9bfb68c04d4302c2ae52683a4018d7f01b16e2,2392,5405,highs,1.15.1,optimal,infeasible,,-0.43022602612065867539213672544432e7,,,0,wrong,"infeasible, verifier rejects: [FAIL] aggregate is bounded above         1 unbounded in the direction used, so the aggregate proves nothing: C1952",17.233,0,90f5d356,laptop-i5-1135G7-7.7GB-Windows-AMD64-shared,2026-09-30T04:30:32+00:00
scaled_grow15,scaled_netlib,2^+-20,d2663a2c690401c659cb5306463e57a8a39a6389752876d0b1203c7cc8563dcd,300,645,sankhya,90f5d356,optimal,numerical_error,-108679789.77536532,-0.10687094129357533671604040930313e9,1808848.4817899913,0.016925540842960014,1,failed,no verdict: numerical_error (engine reported optimal but the returned point violates primal feasibility by 4.257e+00 (1.000e+00 relative to the scale),1.636,2116,90f5d356,laptop-i5-1135G7-7.7GB-Windows-AMD64-shared,2026-09-30T04:30:34+00:00
scaled_grow15,scaled_netlib,2^+-20,d2663a2c690401c659cb5306463e57a8a39a6389752876d0b1203c7cc8563dcd,300,645,highs,1.15.1,optimal,optimal,-82823703.50261685,-0.10687094129357533671604040930313e9,24047237.79095848,0.2250119396338105,0,wrong,"optimal, verifier rejects: [FAIL] row activity                      worst violation 4.212e+00 (1.847e+00 relative to the row's terms) on R265; [FAIL] activity agreement                max |ours - solver's| = 1.961e+02; [FAIL] r",2.227,448,90f5d356,laptop-i5-1135G7-7.7GB-Windows-AMD64-shared,2026-09-30T04:30:37+00:00
scaled_grow22,scaled_netlib,2^+-20,12a150b6919f635864d0ff3d8327978bafbc2464484c9ff399575d2cd4d725a7,440,946,sankhya,90f5d356,optimal,numerical_error,-170760052.29890192,-0.16083433648256296718456039982613e9,9925715.816338956,0.06171391030928936,1,failed,no verdict: numerical_error (engine reported optimal but the returned point violates primal feasibility by 3.815e+00 (1.000e+00 relative to the scale),23.738,5643,90f5d356,laptop-i5-1135G7-7.7GB-Windows-AMD64-shared,2026-09-30T04:31:02+00:00
scaled_grow22,scaled_netlib,2^+-20,12a150b6919f635864d0ff3d8327978bafbc2464484c9ff399575d2cd4d725a7,440,946,highs,1.15.1,optimal,optimal,-180372846.64325258,-0.16083433648256296718456039982613e9,19538510.160689622,0.12148220702118488,0,wrong,"optimal, verifier rejects: [FAIL] row activity                      worst violation 6.851e+00 (1.626e+00 relative to the row's terms) on R139; [FAIL] activity agreement                max |ours - solver's| = 1.451e+03; [FAIL] r",4.731,925,90f5d356,laptop-i5-1135G7-7.7GB-Windows-AMD64-shared,2026-09-30T04:31:08+00:00
scaled_grow7,scaled_netlib,2^+-20,ae513f87387dfed6fbd6b237e3b55d9ea2116f542be5e573ff5299692643a5f0,140,301,sankhya,90f5d356,optimal,numerical_error,-51141655.98204489,-0.47787811814711502616766956242865e8,3353844.167333387,0.07018199913269316,1,failed,no verdict: numerical_error (engine reported optimal but the returned point violates primal feasibility by 9.577e-01 (9.577e-01 relative to the scale),0.920,476,90f5d356,laptop-i5-1135G7-7.7GB-Windows-AMD64-shared,2026-09-30T04:31:10+00:00
scaled_grow7,scaled_netlib,2^+-20,ae513f87387dfed6fbd6b237e3b55d9ea2116f542be5e573ff5299692643a5f0,140,301,highs,1.15.1,optimal,optimal,-43293037.392373,-0.47787811814711502616766956242865e8,4494774.422338501,0.09405692061746133,0,wrong,"optimal, verifier rejects: [FAIL] row activity                      worst violation 3.708e+00 (1.277e+00 relative to the row's terms) on R16; [FAIL] activity agreement                max |ours - solver's| = 1.771e+02; [FAIL] re",2.771,256,90f5d356,laptop-i5-1135G7-7.7GB-Windows-AMD64-shared,2026-09-30T04:31:14+00:00
scaled_israel,scaled_netlib,2^+-20,3d2affd28f2b0ae8fbb75d4d41512735c902c3b1c76ac67388f723220fdc5294,174,142,sankhya,90f5d356,optimal,optimal,-896644.8218630457,-0.89664482186304572966200464196045e6,0.0,0.0,1,correct,,3.981,497,90f5d356,laptop-i5-1135G7-7.7GB-Windows-AMD64-shared,2026-09-30T04:31:18+00:00
scaled_israel,scaled_netlib,2^+-20,3d2affd28f2b0ae8fbb75d4d41512735c902c3b1c76ac67388f723220fdc5294,174,142,highs,1.15.1,optimal,optimal,-1203994.792151211,-0.89664482186304572966200464196045e6,307349.9702881654,0.3427778344267406,0,wrong,"optimal, verifier rejects: [FAIL] row activity                      worst violation 9.693e+00 (1.000e+00 relative to the row's terms) on R0; [FAIL] activity agreement                max |ours - solver's| = 9.693e+00; [FAIL] red",1.124,110,90f5d356,laptop-i5-1135G7-7.7GB-Windows-AMD64-shared,2026-09-30T04:31:20+00:00
scaled_kb2,scaled_netlib,2^+-20,49b0d82d5debdd338e37638cbcdd9259779bd63cb5da53ab57497dd4f945ff9f,43,41,sankhya,90f5d356,optimal,optimal,-1749.9001299062056,-0.17499001299062057129526866493726e4,0.0,0.0,1,correct,,0.733,74,90f5d356,laptop-i5-1135G7-7.7GB-Windows-AMD64-shared,2026-09-30T04:31:21+00:00
scaled_kb2,scaled_netlib,2^+-20,49b0d82d5debdd338e37638cbcdd9259779bd63cb5da53ab57497dd4f945ff9f,43,41,highs,1.15.1,optimal,optimal,-3300.0,-0.17499001299062057129526866493726e4,1550.0998700937944,0.8858219069775596,0,wrong,"optimal, verifier rejects: [FAIL] row activity                      worst violation 1.274e-03 (1.274e-03 relative to the row's terms) on R11; [FAIL] activity agreement                max |ours - solver's| = 1.274e-03; [FAIL] no",1.069,20,90f5d356,laptop-i5-1135G7-7.7GB-Windows-AMD64-shared,2026-09-30T04:31:22+00:00
scaled_lotfi,scaled_netlib,2^+-20,a2376d64fe13645f44886739bb97df89ab8c081564fa0c05f03e8a02c73d3d44,153,308,sankhya,90f5d356,optimal,numerical_error,-26.46180250960884,-0.2526470606188e2,1.1970964477288426,0.04738216406701247,1,failed,no verdict: numerical_error (engine reported optimal but the returned point violates primal feasibility by 9.695e-03 (9.695e-03 relative to the scale),0.889,260,90f5d356,laptop-i5-1135G7-7.7GB-Windows-AMD64-shared,2026-09-30T04:31:23+00:00
scaled_lotfi,scaled_netlib,2^+-20,a2376d64fe13645f44886739bb97df89ab8c081564fa0c05f03e8a02c73d3d44,153,308,highs,1.15.1,optimal,optimal,-31.74739420428,-0.2526470606188e2,6.482688142400001,0.256590681345042,0,wrong,"optimal, verifier rejects: [FAIL] row activity                      worst violation 2.753e-01 (1.901e-01 relative to the row's terms) on R138; [FAIL] activity agreement                max |ours - solver's| = 2.753e-01; [FAIL] n",1.240,143,90f5d356,laptop-i5-1135G7-7.7GB-Windows-AMD64-shared,2026-09-30T04:31:25+00:00
scaled_maros,scaled_netlib,2^+-20,a87c92ce577d3c0b6057365c13fa2b838e5eba9acce64e8452c53ea91ba97e9b,846,1443,sankhya,90f5d356,optimal,numerical_error,58644.32491999999,-0.58063743701125895401208534974734e5,116708.06862112589,2.0099990317858687,1,failed,"no verdict: numerical_error (phase 1 diverged: the largest bound violation grew to 2.184e+09 from a least of 0.000e+00, which cannot happen on faithf)",63.493,2623,90f5d356,laptop-i5-1135G7-7.7GB-Windows-AMD64-shared,2026-09-30T04:32:30+00:00
scaled_maros,scaled_netlib,2^+-20,a87c92ce577d3c0b6057365c13fa2b838e5eba9acce64e8452c53ea91ba97e9b,846,1443,highs,1.15.1,optimal,unbounded,-335761.92232988635,-0.58063743701125895401208534974734e5,277698.17862876045,4.782643366197135,0,wrong,"unbounded, verifier rejects: [FAIL] row activity                    worst violation 3.015e+00 (1.015e+00 relative to the row's terms) on R570; [FAIL] activity agreement              max |ours - solver's| = 3.956e+01",10.176,3221,90f5d356,laptop-i5-1135G7-7.7GB-Windows-AMD64-shared,2026-09-30T04:32:43+00:00
scaled_maros-r7,scaled_netlib,2^+-20,ec4c09a34a045596614e347a5560729d16c73944c3319ff2d6a3ebe3e7267da8,3136,9408,sankhya,90f5d356,optimal,time_limit,92710644.15329424,0.14971851664796437907337543903552e7,91213458.98681459,60.92329861996048,0,failed,"no verdict: time_limit (time limit 59.9759s reached inside the assembly of the normal equations, which was abandoned)",61.859,37,90f5d356,laptop-i5-1135G7-7.7GB-Windows-AMD64-shared,2026-09-30T04:33:48+00:00
scaled_maros-r7,scaled_netlib,2^+-20,ec4c09a34a045596614e347a5560729d16c73944c3319ff2d6a3ebe3e7267da8,3136,9408,highs,1.15.1,optimal,infeasible,,0.14971851664796437907337543903552e7,,,0,wrong,"infeasible, verifier rejects: [FAIL] aggregate is bounded above         1 unbounded in the direction used, so the aggregate proves nothing: C5945",33.393,0,90f5d356,laptop-i5-1135G7-7.7GB-Windows-AMD64-shared,2026-09-30T04:34:27+00:00
scaled_modszk1,scaled_netlib,2^+-20,3fb0edc14930dceb541f8a62a85984e48e12b1077829aaf15525bf3bc3a3b3c1,687,1620,sankhya,90f5d356,optimal,numerical_error,315676.77730693883,0.32061972906431580494333823530763e3,315356.15757787455,983.5831328851714,1,failed,no verdict: numerical_error (engine reported optimal but the returned point violates primal feasibility by 7.700e-02 (7.700e-02 relative to the scale),3.667,1068,90f5d356,laptop-i5-1135G7-7.7GB-Windows-AMD64-shared,2026-09-30T04:34:31+00:00
scaled_modszk1,scaled_netlib,2^+-20,3fb0edc14930dceb541f8a62a85984e48e12b1077829aaf15525bf3bc3a3b3c1,687,1620,highs,1.15.1,optimal,optimal,1129135.9471376964,0.32061972906431580494333823530763e3,1128815.327408632,3520.729465722284,0,wrong,"optimal, verifier rejects: [FAIL] row activity                      worst violation 1.454e+00 (1.000e+00 relative to the row's terms) on R685; [FAIL] activity agreement                max |ours - solver's| = 1.454e+00; [FAIL] r",13.236,342,90f5d356,laptop-i5-1135G7-7.7GB-Windows-AMD64-shared,2026-09-30T04:34:45+00:00
scaled_nesm,scaled_netlib,2^+-20,635be7449fde6c8bc937ac766c26e9b36ae3a361a1232571c0e8d0e87a36e749,662,2923,sankhya,90f5d356,optimal,numerical_error,0.0,0.14076036487562728337980641375835e8,14076036.487562729,1.0,1,failed,"no verdict: numerical_error (dual simplex: basic variable 2864 is outside its bounds by 8.766e+00, far above the 1.0e-07 feasibility tolerance, and n)",60.620,240,90f5d356,laptop-i5-1135G7-7.7GB-Windows-AMD64-shared,2026-09-30T04:35:48+00:00
scaled_nesm,scaled_netlib,2^+-20,635be7449fde6c8bc937ac766c26e9b36ae3a361a1232571c0e8d0e87a36e749,662,2923,highs,1.15.1,optimal,infeasible,,0.14076036487562728337980641375835e8,,,0,wrong,"infeasible, verifier rejects: [FAIL] infeasibility proof                the rows aggregate to at least 7.379150390625e-02, the column bounds allow at most 1.020935039062e-01, a contradiction of -2.830e-02",14.238,0,90f5d356,laptop-i5-1135G7-7.7GB-Windows-AMD64-shared,2026-09-30T04:36:04+00:00
scaled_perold,scaled_netlib,2^+-20,32fceb0ef2fdeb889b249753ccc328841a5610c66c69dbb583fbdf9e8bc53471,625,1376,sankhya,90f5d356,optimal,time_limit,-2012.2996933973018,-0.93807552782351606734833270386511e4,7368.4555848378595,0.7854863884930293,0,failed,"no verdict: time_limit (time limit 29.9961s reached inside the basis factorization, which was abandoned; route: the scaled attempt returned time)",78.169,2720,90f5d356,laptop-i5-1135G7-7.7GB-Windows-AMD64-shared,2026-09-30T04:37:24+00:00
scaled_perold,scaled_netlib,2^+-20,32fceb0ef2fdeb889b249753ccc328841a5610c66c69dbb583fbdf9e8bc53471,625,1376,highs,1.15.1,optimal,kNotset,,-0.93807552782351606734833270386511e4,,,1,failed,no verdict: kNotset,13.644,-2,90f5d356,laptop-i5-1135G7-7.7GB-Windows-AMD64-shared,2026-09-30T04:37:38+00:00
scaled_pilot,scaled_netlib,2^+-20,179c5b95b3c5268fb60865c77e3a2e103fc9cd4ca4396cbaf7670cf84bab4fbb,1441,3652,sankhya,90f5d356,optimal,numerical_error,-0.850356,-0.55748972928406818073034256636894e3,556.6393732840681,0.9984746696569782,1,failed,"no verdict: numerical_error (phase 1 diverged: the largest bound violation grew to 1.281e+21 from a least of 1.570e+08, which cannot happen on faithf)",49.050,956,90f5d356,laptop-i5-1135G7-7.7GB-Windows-AMD64-shared,2026-09-30T04:38:29+00:00
scaled_pilot,scaled_netlib,2^+-20,179c5b95b3c5268fb60865c77e3a2e103fc9cd4ca4396cbaf7670cf84bab4fbb,1441,3652,highs,1.15.1,optimal,infeasible,,-0.55748972928406818073034256636894e3,,,0,wrong,"infeasible, verifier rejects: [FAIL] aggregate is bounded above         2 unbounded in the direction used, so the aggregate proves nothing: C82, C2742",35.353,0,90f5d356,laptop-i5-1135G7-7.7GB-Windows-AMD64-shared,2026-09-30T04:39:08+00:00
scaled_pilot.ja,scaled_netlib,2^+-20,eb89b732b23ef0c6cdacf69f0f5be68295dd9e5f4d41ac1fbef84605dd68bac1,940,1988,sankhya,90f5d356,optimal,time_limit,-3095.18453776748,-0.61131364655813432748848620538024e4,3017.951927813863,0.49368306184652855,0,failed,"no verdict: time_limit (time limit 29.9585s reached inside the basis factorization, which was abandoned; route: the scaled attempt returned time)",39.339,4934,90f5d356,laptop-i5-1135G7-7.7GB-Windows-AMD64-shared,2026-09-30T04:39:49+00:00
scaled_pilot.ja,scaled_netlib,2^+-20,eb89b732b23ef0c6cdacf69f0f5be68295dd9e5f4d41ac1fbef84605dd68bac1,940,1988,highs,1.15.1,optimal,kNotset,,-0.61131364655813432748848620538024e4,,,1,failed,no verdict: kNotset,16.443,-2,90f5d356,laptop-i5-1135G7-7.7GB-Windows-AMD64-shared,2026-09-30T04:40:06+00:00
scaled_pilot.we,scaled_netlib,2^+-20,1753b9d758955ef00993d5e0ab67d1a5ce63bd8c07a8ea600c6ad4453a893943,722,2789,sankhya,90f5d356,optimal,numerical_error,0.0,-0.27201075328449639629439185412556e7,2720107.532844964,1.0,1,failed,"no verdict: numerical_error (phase 1 terminated with max bound violation 3.956e-01, far above the 1.0e-07 feasibility tolerance; route: the scaled at)",60.893,1787,90f5d356,laptop-i5-1135G7-7.7GB-Windows-AMD64-shared,2026-09-30T04:41:09+00:00
scaled_pilot.we,scaled_netlib,2^+-20,1753b9d758955ef00993d5e0ab67d1a5ce63bd8c07a8ea600c6ad4453a893943,722,2789,highs,1.15.1,optimal,infeasible,,-0.27201075328449639629439185412556e7,,,0,wrong,"infeasible, verifier rejects: [FAIL] certificate uses only real bounds  2 lean on an infinite bound: R60, R79",7.255,0,90f5d356,laptop-i5-1135G7-7.7GB-Windows-AMD64-shared,2026-09-30T04:41:17+00:00
scaled_pilot4,scaled_netlib,2^+-20,498c6458bbfa1f0b1217bbddb85edc7d92d7334f7f76269f1bf680a40143ac38,410,1000,sankhya,90f5d356,optimal,time_limit,-337.5295170245588,-0.25811392588838886745830997266797e4,2243.60974185933,0.8692323492958262,0,failed,"no verdict: time_limit (time limit 29.999s reached inside the basis factorization, which was abandoned; route: the scaled attempt returned time_)",41.200,1480,90f5d356,laptop-i5-1135G7-7.7GB-Windows-AMD64-shared,2026-09-30T04:41:59+00:00
scaled_pilot4,scaled_netlib,2^+-20,498c6458bbfa1f0b1217bbddb85edc7d92d7334f7f76269f1bf680a40143ac38,410,1000,highs,1.15.1,optimal,infeasible,,-0.25811392588838886745830997266797e4,,,1,wrong,infeasible on an instance that is optimal,82.999,0,90f5d356,laptop-i5-1135G7-7.7GB-Windows-AMD64-shared,2026-09-30T04:43:23+00:00
scaled_pilot87,scaled_netlib,2^+-20,d45c9b6f6148dde04c00f3e6a729bc27d6c45a9aa2f1ea6083ce3771a781e4eb,2030,4883,sankhya,90f5d356,optimal,time_limit,757.7025486699687,0.3017103473331105277216600201995e3,455.99220133685816,1.5113575167954352,0,failed,"no verdict: time_limit (stopped at the time limit of 29.9879s after 30.23s, 5754 iterations, 0 nodes; route: the scaled attempt returned time_li)",60.834,5754,90f5d356,laptop-i5-1135G7-7.7GB-Windows-AMD64-shared,2026-09-30T04:44:27+00:00
scaled_pilot87,scaled_netlib,2^+-20,d45c9b6f6148dde04c00f3e6a729bc27d6c45a9aa2f1ea6083ce3771a781e4eb,2030,4883,highs,1.15.1,optimal,infeasible,,0.3017103473331105277216600201995e3,,,1,wrong,infeasible on an instance that is optimal,53.933,0,90f5d356,laptop-i5-1135G7-7.7GB-Windows-AMD64-shared,2026-09-30T04:45:27+00:00
scaled_pilotnov,scaled_netlib,2^+-20,c02136da2514edb12e2ac267f3d34239b44ae3b9a9940a4b2c426e491ab15b58,975,2172,sankhya,90f5d356,optimal,numerical_error,0.0,-0.44972761882188711430996211783943e4,4497.2761882188715,1.0,1,failed,"no verdict: numerical_error (phase 1 diverged: the largest bound violation grew to 3.304e+08 from a least of 2.700e+01, which cannot happen on faithf)",14.498,1069,90f5d356,laptop-i5-1135G7-7.7GB-Windows-AMD64-shared,2026-09-30T04:45:43+00:00
scaled_pilotnov,scaled_netlib,2^+-20,c02136da2514edb12e2ac267f3d34239b44ae3b9a9940a4b2c426e491ab15b58,975,2172,highs,1.15.1,optimal,kNotset,,-0.44972761882188711430996211783943e4,,,1,failed,no verdict: kNotset,2.414,-2,90f5d356,laptop-i5-1135G7-7.7GB-Windows-AMD64-shared,2026-09-30T04:45:46+00:00
scaled_recipe,scaled_netlib,2^+-20,7dd78a06a6cb0f72b91bf993aff8523d6a8214a09c4bc5209ca30bb5bb1eb159,91,180,sankhya,90f5d356,optimal,numerical_error,0.0,-0.266616e3,266.616,1.0,1,failed,"no verdict: numerical_error (dual simplex: basic variable 203 is outside its bounds by 8.975e+01, far above the 1.0e-07 feasibility tolerance, and no)",0.765,4,90f5d356,laptop-i5-1135G7-7.7GB-Windows-AMD64-shared,2026-09-30T04:45:49+00:00
scaled_recipe,scaled_netlib,2^+-20,7dd78a06a6cb0f72b91bf993aff8523d6a8214a09c4bc5209ca30bb5bb1eb159,91,180,highs,1.15.1,optimal,infeasible,,-0.266616e3,,,0,wrong,"infeasible, verifier rejects: [FAIL] infeasibility proof                the rows aggregate to at least 0.000000000000e+00, the column bounds allow at most 6.675720214844e-05, a contradiction of -6.676e-05",2.126,0,90f5d356,laptop-i5-1135G7-7.7GB-Windows-AMD64-shared,2026-09-30T04:45:52+00:00
scaled_sc105,scaled_netlib,2^+-20,8e5e148b10d11e2bbd4978c7fa9904c882383b595f6e3b88573b014e1fecfab0,105,103,sankhya,90f5d356,optimal,optimal,-52.20206121170724,-0.52202061211707248062628010857689e2,7.105427357601002e-15,1.3611392333311703e-16,1,correct,,0.400,147,90f5d356,laptop-i5-1135G7-7.7GB-Windows-AMD64-shared,2026-09-30T04:45:53+00:00
scaled_sc105,scaled_netlib,2^+-20,8e5e148b10d11e2bbd4978c7fa9904c882383b595f6e3b88573b014e1fecfab0,105,103,highs,1.15.1,optimal,optimal,-63.49206349206348,-0.52202061211707248062628010857689e2,11.290002280356234,0.21627502857730546,0,wrong,"optimal, verifier rejects: [FAIL] row activity                      worst violation 1.876e-02 (1.876e-02 relative to the row's terms) on R25; [FAIL] activity agreement                max |ours - solver's| = 1.876e-02; [FAIL] no",2.046,15,90f5d356,laptop-i5-1135G7-7.7GB-Windows-AMD64-shared,2026-09-30T04:45:55+00:00
scaled_sc205,scaled_netlib,2^+-20,b2f3ba7b05c24bfa34a24df4eb9b852b78ddcb78152d2fd17c8f7c78f233406d,205,203,sankhya,90f5d356,optimal,feasible,0.0,-0.52202061211707248062628010857689e2,52.202061211707246,1.0,1,failed,no verdict: feasible (route: the scaled attempt returned optimal after 0.1 s of its 30 s share; the unscaled retry produced this answer; engin),0.638,2,90f5d356,laptop-i5-1135G7-7.7GB-Windows-AMD64-shared,2026-09-30T04:46:05+00:00
scaled_sc205,scaled_netlib,2^+-20,b2f3ba7b05c24bfa34a24df4eb9b852b78ddcb78152d2fd17c8f7c78f233406d,205,203,highs,1.15.1,optimal,optimal,-55.16416725623935,-0.52202061211707248062628010857689e2,2.9621060445321064,0.056743085919906185,0,wrong,"optimal, verifier rejects: [FAIL] row activity                      worst violation 2.882e-02 (2.882e-02 relative to the row's terms) on R116; [FAIL] activity agreement                max |ours - solver's| = 2.882e-02; [FAIL] r",2.739,78,90f5d356,laptop-i5-1135G7-7.7GB-Windows-AMD64-shared,2026-09-30T04:46:08+00:00
scaled_sc50a,scaled_netlib,2^+-20,27584a8c4c7d9d87c1baa1b08c197919d587e36cdf2a9001631d67e4bc80e3fa,50,48,sankhya,90f5d356,optimal,optimal,-64.57507705856449,-0.64575077058564509026860413914575e2,1.4210854715202004e-14,2.2006717393947326e-16,1,correct,,0.200,44,90f5d356,laptop-i5-1135G7-7.7GB-Windows-AMD64-shared,2026-09-30T04:46:08+00:00
scaled_sc50a,scaled_netlib,2^+-20,27584a8c4c7d9d87c1baa1b08c197919d587e36cdf2a9001631d67e4bc80e3fa,50,48,highs,1.15.1,optimal,optimal,0.0,-0.64575077058564509026860413914575e2,64.5750770585645,1.0,0,wrong,"optimal, verifier rejects: [FAIL] reduced costs                     max |c - A^T y - d| = 1.112e-04 (1.112e-04 relative to its terms) on C44",1.054,0,90f5d356,laptop-i5-1135G7-7.7GB-Windows-AMD64-shared,2026-09-30T04:46:10+00:00
scaled_sc50b,scaled_netlib,2^+-20,b683bb6a0a8261e75707fee7880d5bc064dcd77e0101c947dcb6814b7fa18dd5,50,48,sankhya,90f5d356,optimal,numerical_error,-90.6344410876133,-0.7e2,20.634441087613297,0.2947777298230471,1,failed,no verdict: numerical_error (engine reported optimal but the returned point violates primal feasibility by 1.150e-04 (1.150e-04 relative to the scale),0.225,31,90f5d356,laptop-i5-1135G7-7.7GB-Windows-AMD64-shared,2026-09-30T04:46:10+00:00
scaled_sc50b,scaled_netlib,2^+-20,b683bb6a0a8261e75707fee7880d5bc064dcd77e0101c947dcb6814b7fa18dd5,50,48,highs,1.15.1,optimal,optimal,-90.63444108761327,-0.7e2,20.63444108761327,0.2947777298230467,0,wrong,"optimal, verifier rejects: [FAIL] row activity                      worst violation 1.150e-04 (1.150e-04 relative to the row's terms) on R35; [FAIL] activity agreement                max |ours - solver's| = 1.150e-04",1.641,10,90f5d356,laptop-i5-1135G7-7.7GB-Windows-AMD64-shared,2026-09-30T04:46:13+00:00
scaled_scagr25,scaled_netlib,2^+-20,b9de8867975ff863486a98fb72b021ee393678383bc115b7a29ec317da05add8,471,500,sankhya,90f5d356,optimal,numerical_error,-253991.368,-0.14753433060768523167790925075974e8,14499441.692768522,0.9827842532003348,1,failed,"no verdict: numerical_error (phase 1 terminated with max bound violation 3.639e+05, far above the 1.0e-07 feasibility tolerance; route: the scaled at)",12.277,516,90f5d356,laptop-i5-1135G7-7.7GB-Windows-AMD64-shared,2026-09-30T04:46:25+00:00
scaled_scagr25,scaled_netlib,2^+-20,b9de8867975ff863486a98fb72b021ee393678383bc115b7a29ec317da05add8,471,500,highs,1.15.1,optimal,infeasible,,-0.14753433060768523167790925075974e8,,,0,wrong,"infeasible, verifier rejects: [FAIL] aggregate is bounded above         2 unbounded in the direction used, so the aggregate proves nothing: C117, C126",1.199,0,90f5d356,laptop-i5-1135G7-7.7GB-Windows-AMD64-shared,2026-09-30T04:46:27+00:00
scaled_scagr7,scaled_netlib,2^+-20,6169cda75306a2ec297517d47b07ccbe6aa84800d85e8d3eb43d5c314c44c6c6,129,140,sankhya,90f5d356,optimal,numerical_error,-253991.368,-0.2331389824330984e7,2077398.4563309841,0.8910558134254166,1,failed,"no verdict: numerical_error (phase 1 terminated with max bound violation 3.526e+03, far above the 1.0e-07 feasibility tolerance; route: the scaled at)",12.875,118,90f5d356,laptop-i5-1135G7-7.7GB-Windows-AMD64-shared,2026-09-30T04:46:41+00:00
scaled_scagr7,scaled_netlib,2^+-20,6169cda75306a2ec297517d47b07ccbe6aa84800d85e8d3eb43d5c314c44c6c6,129,140,highs,1.15.1,optimal,infeasible,,-0.2331389824330984e7,,,0,wrong,"infeasible, verifier rejects: [FAIL] aggregate is bounded above         1 unbounded in the direction used, so the aggregate proves nothing: C96",1.370,0,90f5d356,laptop-i5-1135G7-7.7GB-Windows-AMD64-shared,2026-09-30T04:46:43+00:00
scaled_scfxm1,scaled_netlib,2^+-20,d6b99d9e10afd24ec1a500987ce47d9531d0e6d3954bd8613ae7306e5b3eff50,330,457,sankhya,90f5d356,optimal,numerical_error,0.0,0.18416759028348943683579089143655e5,18416.759028348944,1.0,1,failed,"no verdict: numerical_error (phase 1 terminated with max bound violation 1.172e-01, far above the 1.0e-07 feasibility tolerance; the scaled attempt c)",11.861,729,90f5d356,laptop-i5-1135G7-7.7GB-Windows-AMD64-shared,2026-09-30T04:46:55+00:00
scaled_scfxm1,scaled_netlib,2^+-20,d6b99d9e10afd24ec1a500987ce47d9531d0e6d3954bd8613ae7306e5b3eff50,330,457,highs,1.15.1,optimal,infeasible,,0.18416759028348943683579089143655e5,,,0,wrong,"infeasible, verifier rejects: [FAIL] aggregate is bounded above         1 unbounded in the direction used, so the aggregate proves nothing: C116",1.235,0,90f5d356,laptop-i5-1135G7-7.7GB-Windows-AMD64-shared,2026-09-30T04:46:58+00:00
scaled_scfxm2,scaled_netlib,2^+-20,50987923bf045791376c8b8450b180bd927fb5d8a13bd524fee957bc712f1ef3,660,914,sankhya,90f5d356,optimal,time_limit,-176.18307716590806,0.36660261564998812956939504848248e5,36836.44464216472,1.0048058325185032,0,failed,"no verdict: time_limit (time limit 59.5956s reached inside the basis factorization, which was abandoned; the scaled attempt claimed unbounded bu)",62.501,22292,90f5d356,laptop-i5-1135G7-7.7GB-Windows-AMD64-shared,2026-09-30T04:48:02+00:00
scaled_scfxm2,scaled_netlib,2^+-20,50987923bf045791376c8b8450b180bd927fb5d8a13bd524fee957bc712f1ef3,660,914,highs,1.15.1,optimal,infeasible,,0.36660261564998812956939504848248e5,,,0,wrong,"infeasible, verifier rejects: [FAIL] aggregate is bounded above         1 unbounded in the direction used, so the aggregate proves nothing: C690",30.565,0,90f5d356,laptop-i5-1135G7-7.7GB-Windows-AMD64-shared,2026-09-30T04:48:34+00:00
scaled_scfxm3,scaled_netlib,2^+-20,27c4535fd3aaf6599a8eaa0d5ea87d44c1795b6b9e5f439ec2f20b09c5ec9d99,990,1371,sankhya,90f5d356,optimal,numerical_error,0.0,0.54901254549751454623888724925519e5,54901.25454975145,1.0,1,failed,"no verdict: numerical_error (phase 1 terminated with max bound violation 5.460e+03, far above the 1.0e-07 feasibility tolerance; no machine-checkable)",19.104,1559,90f5d356,laptop-i5-1135G7-7.7GB-Windows-AMD64-shared,2026-09-30T04:48:56+00:00
scaled_scfxm3,scaled_netlib,2^+-20,27c4535fd3aaf6599a8eaa0d5ea87d44c1795b6b9e5f439ec2f20b09c5ec9d99,990,1371,highs,1.15.1,optimal,infeasible,,0.54901254549751454623888724925519e5,,,0,wrong,"infeasible, verifier rejects: [FAIL] aggregate is bounded above         1 unbounded in the direction used, so the aggregate proves nothing: C795",2.138,0,90f5d356,laptop-i5-1135G7-7.7GB-Windows-AMD64-shared,2026-09-30T04:48:59+00:00
scaled_scorpion,scaled_netlib,2^+-20,da3e2666fcf9cc989d573ee033abaea7b0e7d659c54aee5a14a64f6b33d6a9ed,388,358,sankhya,90f5d356,optimal,numerical_error,0.0,0.18781248227381066296479411763586e4,1878.1248227381066,1.0,1,failed,"no verdict: numerical_error (phase 1 stalled at max bound violation 3.662e-06, only just above the 1.0e-07 feasibility tolerance; no column prices as)",0.531,257,90f5d356,laptop-i5-1135G7-7.7GB-Windows-AMD64-shared,2026-09-30T04:49:01+00:00
scaled_scorpion,scaled_netlib,2^+-20,da3e2666fcf9cc989d573ee033abaea7b0e7d659c54aee5a14a64f6b33d6a9ed,388,358,highs,1.15.1,optimal,infeasible,,0.18781248227381066296479411763586e4,,,0,wrong,"infeasible, verifier rejects: [FAIL] aggregate is bounded above         2 unbounded in the direction used, so the aggregate proves nothing: C249, C263",1.841,0,90f5d356,laptop-i5-1135G7-7.7GB-Windows-AMD64-shared,2026-09-30T04:49:03+00:00
scaled_scrs8,scaled_netlib,2^+-20,2bf84d72a1d6704a9b0068ce09c37815d657779d0cd250868a9af59f956b2741,490,1169,sankhya,90f5d356,optimal,numerical_error,840.458734813168,0.90429695380079143579923107948844e3,63.83821898762346,0.07059430944592837,1,failed,no verdict: numerical_error (engine reported optimal but the returned point violates primal feasibility by 1.406e-06 (1.406e-06 relative to the scale),1.944,1313,90f5d356,laptop-i5-1135G7-7.7GB-Windows-AMD64-shared,2026-09-30T04:49:06+00:00
scaled_scrs8,scaled_netlib,2^+-20,2bf84d72a1d6704a9b0068ce09c37815d657779d0cd250868a9af59f956b2741,490,1169,highs,1.15.1,optimal,infeasible,,0.90429695380079143579923107948844e3,,,0,wrong,"infeasible, verifier rejects: [FAIL] aggregate is bounded above         1 unbounded in the direction used, so the aggregate proves nothing: C1132",1.200,0,90f5d356,laptop-i5-1135G7-7.7GB-Windows-AMD64-shared,2026-09-30T04:49:08+00:00
scaled_scsd1,scaled_netlib,2^+-20,fae590ab369dd28a1c77b330fbecaf5d528cca26dcb998ae589b7a5744ff9c2b,77,760,sankhya,90f5d356,optimal,numerical_error,8.000000005590167,0.86666666743333647292533502995263e1,0.6666666687431988,0.07692307709462916,1,failed,no verdict: numerical_error (engine reported optimal but the returned point violates primal feasibility by 3.815e-06 (3.815e-06 relative to the scale),0.374,255,90f5d356,laptop-i5-1135G7-7.7GB-Windows-AMD64-shared,2026-09-30T04:49:09+00:00
scaled_scsd1,scaled_netlib,2^+-20,fae590ab369dd28a1c77b330fbecaf5d528cca26dcb998ae589b7a5744ff9c2b,77,760,highs,1.15.1,optimal,optimal,5.744186053199104,0.86666666743333647292533502995263e1,2.9224806211342615,0.33720930214026684,0,wrong,"optimal, verifier rejects: [FAIL] row activity                      worst violation 2.271e-05 (2.271e-05 relative to the row's terms) on R7; [FAIL] activity agreement                max |ours - solver's| = 2.271e-05; [FAIL] red",2.856,99,90f5d356,laptop-i5-1135G7-7.7GB-Windows-AMD64-shared,2026-09-30T04:49:13+00:00
scaled_scsd6,scaled_netlib,2^+-20,0481ff42c703e8fa40d573e3c6e457182ced47fcbf34ad9e521ba1e2a6690bd5,147,1350,sankhya,90f5d356,optimal,numerical_error,25.57115389784572,0.50500000077144345289985489081569e2,24.928846179298624,0.4936405176478624,1,failed,no verdict: numerical_error (route: the scaled attempt returned optimal after 1.2 s of its 30 s share; neither attempt produced a usable point; the s),23.836,964,90f5d356,laptop-i5-1135G7-7.7GB-Windows-AMD64-shared,2026-09-30T04:49:38+00:00
scaled_scsd6,scaled_netlib,2^+-20,0481ff42c703e8fa40d573e3c6e457182ced47fcbf34ad9e521ba1e2a6690bd5,147,1350,highs,1.15.1,optimal,optimal,18.25000000838525,0.50500000077144345289985489081569e2,32.25000006875909,0.6386138617721514,0,wrong,"optimal, verifier rejects: [FAIL] row activity                      worst violation 3.052e-05 (3.052e-05 relative to the row's terms) on R101; [FAIL] activity agreement                max |ours - solver's| = 3.052e-05; [FAIL] r",7.552,105,90f5d356,laptop-i5-1135G7-7.7GB-Windows-AMD64-shared,2026-09-30T04:49:46+00:00
scaled_scsd8,scaled_netlib,2^+-20,da52d427142db65ff25b331fafc7ec871e1d8a11246c562f7c31ef77c9218bd7,397,2750,sankhya,90f5d356,optimal,numerical_error,442.95098029771805,0.90499999992546440094445846417654e3,462.04901962774636,0.5105514029456361,1,failed,no verdict: numerical_error (engine reported optimal but the returned point violates primal feasibility by 4.937e-05 (4.937e-05 relative to the scale),1.551,3064,90f5d356,laptop-i5-1135G7-7.7GB-Windows-AMD64-shared,2026-09-30T04:49:48+00:00
scaled_scsd8,scaled_netlib,2^+-20,da52d427142db65ff25b331fafc7ec871e1d8a11246c562f7c31ef77c9218bd7,397,2750,highs,1.15.1,optimal,optimal,254.4495832955736,0.90499999992546440094445846417654e3,650.5504166298908,0.7188402394292487,0,wrong,"optimal, verifier rejects: [FAIL] row activity                      worst violation 1.659e-04 (1.659e-04 relative to the row's terms) on R173; [FAIL] activity agreement                max |ours - solver's| = 1.659e-04; [FAIL] r",31.415,9020,90f5d356,laptop-i5-1135G7-7.7GB-Windows-AMD64-shared,2026-09-30T04:50:22+00:00
scaled_sctap1,scaled_netlib,2^+-20,41bdee68bf3de70adcf5172d1fcf9d2f6f89fa03870b0ea3eb58fcaca917a8bb,300,480,sankhya,90f5d356,optimal,feasible,1412.25,0.141225e4,0.0,0.0,1,failed,no verdict: feasible (engine reported optimal but the reduced costs violate dual feasibility by 2.384e-06 (2.384e-06 relative to the terms the),2.547,424,90f5d356,laptop-i5-1135G7-7.7GB-Windows-AMD64-shared,2026-09-30T04:50:26+00:00
scaled_sctap1,scaled_netlib,2^+-20,41bdee68bf3de70adcf5172d1fcf9d2f6f89fa03870b0ea3eb58fcaca917a8bb,300,480,highs,1.15.1,optimal,optimal,1334.8625,0.141225e4,77.38750000000005,0.054797309258275834,0,wrong,"optimal, verifier rejects: [FAIL] row activity                      worst violation 1.831e-03 (1.831e-03 relative to the row's terms) on R150; [FAIL] activity agreement                max |ours - solver's| = 1.831e-03; [FAIL] r",4.932,236,90f5d356,laptop-i5-1135G7-7.7GB-Windows-AMD64-shared,2026-09-30T04:50:33+00:00
scaled_sctap2,scaled_netlib,2^+-20,236167fe7cb46c76bb112741eab9c1c8732bdc5c427e04c5c1b2a2c223ba137a,1090,1880,sankhya,90f5d356,optimal,numerical_error,1698.565,0.17248071428571428571428571428571e4,26.24214285714288,0.015214537443109594,1,failed,no verdict: numerical_error (engine reported optimal but the returned point violates primal feasibility by 2.861e-05 (2.861e-05 relative to the scale),2.230,1076,90f5d356,laptop-i5-1135G7-7.7GB-Windows-AMD64-shared,2026-09-30T04:50:37+00:00
scaled_sctap2,scaled_netlib,2^+-20,236167fe7cb46c76bb112741eab9c1c8732bdc5c427e04c5c1b2a2c223ba137a,1090,1880,highs,1.15.1,optimal,infeasible,,0.17248071428571428571428571428571e4,,,0,wrong,"infeasible, verifier rejects: [FAIL] aggregate is bounded above         3 unbounded in the direction used, so the aggregate proves nothing: C280, C281, C282",7.528,0,90f5d356,laptop-i5-1135G7-7.7GB-Windows-AMD64-shared,2026-09-30T04:50:50+00:00
scaled_sctap3,scaled_netlib,2^+-20,9d47b74fd22053897b7f4d97e08eb60678d3f99523574c4d8a849f25d5e11571,1480,2480,sankhya,90f5d356,optimal,numerical_error,1517.0,0.1424e4,93.0,0.06530898876404495,1,failed,no verdict: numerical_error (engine reported optimal but the returned point violates primal feasibility by 1.431e-05 (1.431e-05 relative to the scale),1.853,1449,90f5d356,laptop-i5-1135G7-7.7GB-Windows-AMD64-shared,2026-09-30T04:50:52+00:00
scaled_sctap3,scaled_netlib,2^+-20,9d47b74fd22053897b7f4d97e08eb60678d3f99523574c4d8a849f25d5e11571,1480,2480,highs,1.15.1,optimal,optimal,2079.8687499999996,0.1424e4,655.8687499999996,0.4605819873595503,0,wrong,"optimal, verifier rejects: [FAIL] row activity                      worst violation 9.766e-04 (9.766e-04 relative to the row's terms) on R171; [FAIL] activity agreement                max |ours - solver's| = 9.766e-04; [FAIL] r",29.581,951,90f5d356,laptop-i5-1135G7-7.7GB-Windows-AMD64-shared,2026-09-30T04:51:23+00:00
scaled_seba,scaled_netlib,2^+-20,6e6714aa167ea423d35518fb39dfb1e6c7cc5c03cc9ad13abec026fd68edc8f0,515,1028,sankhya,90f5d356,optimal,numerical_error,0.0,0.157116e5,15711.6,1.0,1,failed,"no verdict: numerical_error (dual simplex: basic variable 994 is outside its bounds by 1.404e-02, far above the 1.0e-07 feasibility tolerance, and no)",1.832,369,90f5d356,laptop-i5-1135G7-7.7GB-Windows-AMD64-shared,2026-09-30T04:51:26+00:00
scaled_seba,scaled_netlib,2^+-20,6e6714aa167ea423d35518fb39dfb1e6c7cc5c03cc9ad13abec026fd68edc8f0,515,1028,highs,1.15.1,optimal,infeasible,,0.157116e5,,,0,wrong,"infeasible, verifier rejects: [FAIL] aggregate is bounded above         1 unbounded in the direction used, so the aggregate proves nothing: C76",2.364,0,90f5d356,laptop-i5-1135G7-7.7GB-Windows-AMD64-shared,2026-09-30T04:51:31+00:00
scaled_share1b,scaled_netlib,2^+-20,be0f50fd751452b461e46bb6dd3296aed8f43880d1a4ff7e357068b78aa0d050,117,225,sankhya,90f5d356,optimal,numerical_error,-70126.41330754418,-0.7658931857918568112797274346007e5,6462.905271641503,0.08438389832336093,1,failed,no verdict: numerical_error (engine reported optimal but the returned point violates primal feasibility by 1.751e-04 (1.751e-04 relative to the scale),0.686,180,90f5d356,laptop-i5-1135G7-7.7GB-Windows-AMD64-shared,2026-09-30T04:51:33+00:00
scaled_share1b,scaled_netlib,2^+-20,be0f50fd751452b461e46bb6dd3296aed8f43880d1a4ff7e357068b78aa0d050,117,225,highs,1.15.1,optimal,infeasible,,-0.7658931857918568112797274346007e5,,,0,wrong,"infeasible, verifier rejects: [FAIL] aggregate is bounded above         2 unbounded in the direction used, so the aggregate proves nothing: C34, C133",1.073,0,90f5d356,laptop-i5-1135G7-7.7GB-Windows-AMD64-shared,2026-09-30T04:51:35+00:00
scaled_share2b,scaled_netlib,2^+-20,26cf3a8ffa8b3d5d798c63c0213634a498a689e809090cdfd15925b4b9e462a9,96,79,sankhya,90f5d356,optimal,feasible,-415.7322407414176,-0.41573224074141948654519910873841e3,1.8758328224066645e-12,4.512117749302514e-15,1,failed,no verdict: feasible (engine reported optimal but the reduced costs violate dual feasibility by 5.958e-06 (5.958e-06 relative to the terms the),0.418,169,90f5d356,laptop-i5-1135G7-7.7GB-Windows-AMD64-shared,2026-09-30T04:51:36+00:00
scaled_share2b,scaled_netlib,2^+-20,26cf3a8ffa8b3d5d798c63c0213634a498a689e809090cdfd15925b4b9e462a9,96,79,highs,1.15.1,optimal,optimal,-383.36096012939925,-0.41573224074141948654519910873841e3,32.37128061202026,0.07786569681073835,0,wrong,"optimal, verifier rejects: [FAIL] row activity                      worst violation 1.908e-04 (1.908e-04 relative to the row's terms) on R74; [FAIL] activity agreement                max |ours - solver's| = 4.232e-03; [FAIL] re",2.604,113,90f5d356,laptop-i5-1135G7-7.7GB-Windows-AMD64-shared,2026-09-30T04:51:40+00:00
scaled_shell,scaled_netlib,2^+-20,e2cd2a2e8813d68d365c3f3b1f390f5aeca5013cc89edd0dbc459f0b253921dc,536,1775,sankhya,90f5d356,optimal,numerical_error,2458350.0,0.1208825346e10,1206366996.0,0.9979663315232968,1,failed,"no verdict: numerical_error (dual simplex: basic variable 1480 is outside its bounds by 1.470e+03, far above the 1.0e-07 feasibility tolerance, and n)",4.696,25,90f5d356,laptop-i5-1135G7-7.7GB-Windows-AMD64-shared,2026-09-30T04:51:46+00:00
scaled_shell,scaled_netlib,2^+-20,e2cd2a2e8813d68d365c3f3b1f390f5aeca5013cc89edd0dbc459f0b253921dc,536,1775,highs,1.15.1,optimal,infeasible,,0.1208825346e10,,,0,wrong,"infeasible, verifier rejects: [FAIL] aggregate is bounded above         1 unbounded in the direction used, so the aggregate proves nothing: C516",3.313,0,90f5d356,laptop-i5-1135G7-7.7GB-Windows-AMD64-shared,2026-09-30T04:51:55+00:00
scaled_ship04l,scaled_netlib,2^+-20,85e6acfe477c4a26bc01ec258b2cfbfb95dd71560745b5a4fc97ded7fba37590,402,2118,sankhya,90f5d356,optimal,numerical_error,787457.5794633988,0.17933245379703557625562556255626e7,1005866.9585069569,0.5608951069422016,1,failed,no verdict: numerical_error (engine reported optimal but the returned point violates primal feasibility by 5.186e-04 (5.186e-04 relative to the scale),0.854,767,90f5d356,laptop-i5-1135G7-7.7GB-Windows-AMD64-shared,2026-09-30T04:51:56+00:00
scaled_ship04l,scaled_netlib,2^+-20,85e6acfe477c4a26bc01ec258b2cfbfb95dd71560745b5a4fc97ded7fba37590,402,2118,highs,1.15.1,optimal,optimal,471916.8310783611,0.17933245379703557625562556255626e7,1321407.7068919947,0.7368480600770311,0,wrong,"optimal, verifier rejects: [FAIL] row activity                      worst violation 1.314e-02 (1.314e-02 relative to the row's terms) on R59; [FAIL] activity agreement                max |ours - solver's| = 1.314e-02; [FAIL] re",46.952,458,90f5d356,laptop-i5-1135G7-7.7GB-Windows-AMD64-shared,2026-09-30T04:52:44+00:00
scaled_ship04s,scaled_netlib,2^+-20,219cfd8fd0556db5a11a8b61a3255de7d9318af7796602ef9b79a275e3119c96,402,1458,sankhya,90f5d356,optimal,numerical_error,1640706.888370959,0.17987147004453921719954082726049e7,158007.81207443308,0.08784484389620414,1,failed,no verdict: numerical_error (engine reported optimal but the returned point violates primal feasibility by 3.796e-05 (3.796e-05 relative to the scale),0.550,546,90f5d356,laptop-i5-1135G7-7.7GB-Windows-AMD64-shared,2026-09-30T04:52:46+00:00
scaled_ship04s,scaled_netlib,2^+-20,219cfd8fd0556db5a11a8b61a3255de7d9318af7796602ef9b79a275e3119c96,402,1458,highs,1.15.1,optimal,infeasible,,0.17987147004453921719954082726049e7,,,0,wrong,"infeasible, verifier rejects: [FAIL] aggregate is bounded above         1 unbounded in the direction used, so the aggregate proves nothing: C333",2.477,0,90f5d356,laptop-i5-1135G7-7.7GB-Windows-AMD64-shared,2026-09-30T04:52:50+00:00
scaled_ship08l,scaled_netlib,2^+-20,5c6f67c31645e65a53514999ef5beaa5da0b88875ce62a144e37cf964ebc2357,778,4283,sankhya,90f5d356,optimal,numerical_error,1457065.0497968425,0.19090552113891315179803819998425e7,451990.1615922891,0.23676117845926345,1,failed,no verdict: numerical_error (engine reported optimal but the returned point violates primal feasibility by 2.342e-04 (2.342e-04 relative to the scale),0.937,1184,90f5d356,laptop-i5-1135G7-7.7GB-Windows-AMD64-shared,2026-09-30T04:52:52+00:00
scaled_ship08l,scaled_netlib,2^+-20,5c6f67c31645e65a53514999ef5beaa5da0b88875ce62a144e37cf964ebc2357,778,4283,highs,1.15.1,optimal,infeasible,,0.19090552113891315179803819998425e7,,,0,wrong,"infeasible, verifier rejects: [FAIL] aggregate is bounded above         1 unbounded in the direction used, so the aggregate proves nothing: C177",5.436,0,90f5d356,laptop-i5-1135G7-7.7GB-Windows-AMD64-shared,2026-09-30T04:52:59+00:00
scaled_ship08s,scaled_netlib,2^+-20,4608201c63223d9252bf53c7d27692ea9a8014612fc61de8b5603a8eed0cef4b,778,2387,sankhya,90f5d356,optimal,numerical_error,44201.77707912398,0.1920098210534619710172695474693e7,1875896.4334554956,0.9769794186377494,1,failed,"no verdict: numerical_error (phase 1 stalled at max bound violation 5.993e-06, only just above the 1.0e-07 feasibility tolerance; no column prices as)",1.648,551,90f5d356,laptop-i5-1135G7-7.7GB-Windows-AMD64-shared,2026-09-30T04:53:01+00:00
scaled_ship08s,scaled_netlib,2^+-20,4608201c63223d9252bf53c7d27692ea9a8014612fc61de8b5603a8eed0cef4b,778,2387,highs,1.15.1,optimal,infeasible,,0.1920098210534619710172695474693e7,,,0,wrong,"infeasible, verifier rejects: [FAIL] aggregate is bounded above         1 unbounded in the direction used, so the aggregate proves nothing: C198",2.723,0,90f5d356,laptop-i5-1135G7-7.7GB-Windows-AMD64-shared,2026-09-30T04:53:06+00:00
scaled_ship12l,scaled_netlib,2^+-20,bab5971218877ac6ffc5cdc3c728925e69440037d46751a7adc28a8e7fc3a5d2,1151,5427,sankhya,90f5d356,optimal,numerical_error,3625.828185745601,0.1470187919329264822702175543886e7,1466562.0911435194,0.9975337654880203,1,failed,"no verdict: numerical_error (phase 1 stalled at max bound violation 3.499e-07, only just above the 1.0e-07 feasibility tolerance; no column prices as)",0.763,1995,90f5d356,laptop-i5-1135G7-7.7GB-Windows-AMD64-shared,2026-09-30T04:53:07+00:00
scaled_ship12l,scaled_netlib,2^+-20,bab5971218877ac6ffc5cdc3c728925e69440037d46751a7adc28a8e7fc3a5d2,1151,5427,highs,1.15.1,optimal,infeasible,,0.1470187919329264822702175543886e7,,,0,wrong,"infeasible, verifier rejects: [FAIL] aggregate is bounded above         1 unbounded in the direction used, so the aggregate proves nothing: C5332",13.396,0,90f5d356,laptop-i5-1135G7-7.7GB-Windows-AMD64-shared,2026-09-30T04:53:23+00:00
scaled_ship12s,scaled_netlib,2^+-20,1097fd336fbd678ef1600cbf7283d77de8ebe7dcd15f7e01dcd138de451d0c4b,1151,2763,sankhya,90f5d356,optimal,numerical_error,28356.540198458635,0.14892361344061291565686421605401e7,1460879.5942076705,0.9809590033821154,1,failed,"no verdict: numerical_error (phase 1 stalled at max bound violation 1.797e-06, only just above the 1.0e-07 feasibility tolerance; no column prices as)",0.842,809,90f5d356,laptop-i5-1135G7-7.7GB-Windows-AMD64-shared,2026-09-30T04:53:25+00:00
scaled_ship12s,scaled_netlib,2^+-20,1097fd336fbd678ef1600cbf7283d77de8ebe7dcd15f7e01dcd138de451d0c4b,1151,2763,highs,1.15.1,optimal,infeasible,,0.14892361344061291565686421605401e7,,,0,wrong,"infeasible, verifier rejects: [FAIL] aggregate is bounded above         1 unbounded in the direction used, so the aggregate proves nothing: C2737",5.335,0,90f5d356,laptop-i5-1135G7-7.7GB-Windows-AMD64-shared,2026-09-30T04:53:32+00:00
scaled_sierra,scaled_netlib,2^+-20,ecb1dd74f909b08b298d0843be871abde0b46c61fffb32eeed0de5f2241639fe,1227,2036,sankhya,90f5d356,optimal,numerical_error,15228865.54165383,0.1539436218363193e8,165496.64197809994,0.01075047085445764,1,failed,no verdict: numerical_error (route: the scaled attempt returned optimal after 0.5 s of its 30 s share; neither attempt produced a usable point; the s),0.857,626,90f5d356,laptop-i5-1135G7-7.7GB-Windows-AMD64-shared,2026-09-30T04:53:34+00:00
scaled_sierra,scaled_netlib,2^+-20,ecb1dd74f909b08b298d0843be871abde0b46c61fffb32eeed0de5f2241639fe,1227,2036,highs,1.15.1,optimal,kNotset,,0.1539436218363193e8,,,1,failed,no verdict: kNotset,2.469,-2,90f5d356,laptop-i5-1135G7-7.7GB-Windows-AMD64-shared,2026-09-30T04:53:37+00:00
scaled_stair,scaled_netlib,2^+-20,ded856150131800a1fef9273eccda5b2b3d30e7f0488b40ac96c5482e66f4909,356,467,sankhya,90f5d356,optimal,numerical_error,-208.79999,-0.25126695119296330352803637106304e3,42.46696119296328,0.1690113283555158,1,failed,"no verdict: numerical_error (phase 1 terminated with max bound violation 4.518e+03, far above the 1.0e-07 feasibility tolerance; no machine-checkable)",23.143,482,90f5d356,laptop-i5-1135G7-7.7GB-Windows-AMD64-shared,2026-09-30T04:54:01+00:00
scaled_stair,scaled_netlib,2^+-20,ded856150131800a1fef9273eccda5b2b3d30e7f0488b40ac96c5482e66f4909,356,467,highs,1.15.1,optimal,infeasible,,-0.25126695119296330352803637106304e3,,,0,wrong,"infeasible, verifier rejects: [FAIL] aggregate is bounded above         1 unbounded in the direction used, so the aggregate proves nothing: C406",2.981,0,90f5d356,laptop-i5-1135G7-7.7GB-Windows-AMD64-shared,2026-09-30T04:54:05+00:00
scaled_standata,scaled_netlib,2^+-20,0b451cb8aa53bd701071d79c7db40bd38a3b18925be546509eed32be0807eb59,359,1075,sankhya,90f5d356,optimal,feasible,1257.6995,0.12576995e4,0.0,0.0,1,failed,no verdict: feasible (engine reported optimal but the reduced costs violate dual feasibility by 2.237e-06 (2.237e-06 relative to the terms the),0.311,77,90f5d356,laptop-i5-1135G7-7.7GB-Windows-AMD64-shared,2026-09-30T04:54:06+00:00
scaled_standata,scaled_netlib,2^+-20,0b451cb8aa53bd701071d79c7db40bd38a3b18925be546509eed32be0807eb59,359,1075,highs,1.15.1,optimal,infeasible,,0.12576995e4,,,0,wrong,"infeasible, verifier rejects: [FAIL] aggregate is bounded above         1 unbounded in the direction used, so the aggregate proves nothing: C235",1.331,0,90f5d356,laptop-i5-1135G7-7.7GB-Windows-AMD64-shared,2026-09-30T04:54:09+00:00
scaled_standmps,scaled_netlib,2^+-20,2d24b9626ca7b757b8738fc9b9d0d7e0ceb21509b0a1a33a1f21615d622423f6,467,1075,sankhya,90f5d356,optimal,numerical_error,1413.3674999999996,0.14060175e4,7.349999999999682,0.005227530951783802,1,failed,no verdict: numerical_error (engine reported optimal but the returned point violates primal feasibility by 9.346e-07 (9.346e-07 relative to the scale),0.760,380,90f5d356,laptop-i5-1135G7-7.7GB-Windows-AMD64-shared,2026-09-30T04:54:11+00:00
scaled_standmps,scaled_netlib,2^+-20,2d24b9626ca7b757b8738fc9b9d0d7e0ceb21509b0a1a33a1f21615d622423f6,467,1075,highs,1.15.1,optimal,infeasible,,0.14060175e4,,,0,wrong,"infeasible, verifier rejects: [FAIL] infeasibility proof                the rows aggregate to at least 0.000000000000e+00, the column bounds allow at most 9.918212890625e-05, a contradiction of -9.918e-05",2.822,0,90f5d356,laptop-i5-1135G7-7.7GB-Windows-AMD64-shared,2026-09-30T04:54:29+00:00
scaled_stocfor1,scaled_netlib,2^+-20,aaa940e902991f05e382617e2d731fb533d35cabbf1c0249a76e6bd4b1c78963,117,111,sankhya,90f5d356,optimal,numerical_error,0.0,-0.41131976219436406065682760731514e5,41131.97621943641,1.0,1,failed,"no verdict: numerical_error (phase 1 terminated with max bound violation 8.000e+00, far above the 1.0e-07 feasibility tolerance; route: the scaled at)",4.974,95,90f5d356,laptop-i5-1135G7-7.7GB-Windows-AMD64-shared,2026-09-30T04:54:34+00:00
scaled_stocfor1,scaled_netlib,2^+-20,aaa940e902991f05e382617e2d731fb533d35cabbf1c0249a76e6bd4b1c78963,117,111,highs,1.15.1,optimal,infeasible,,-0.41131976219436406065682760731514e5,,,0,wrong,"infeasible, verifier rejects: [FAIL] aggregate is bounded above         1 unbounded in the direction used, so the aggregate proves nothing: C86",1.360,0,90f5d356,laptop-i5-1135G7-7.7GB-Windows-AMD64-shared,2026-09-30T04:54:37+00:00
scaled_stocfor2,scaled_netlib,2^+-20,7e33deecc7841915e170a88c63d7dae2f87ef04c1462e100fd2f9d86841f8194,2157,2031,sankhya,90f5d356,optimal,numerical_error,0.0,-0.39024408537882029604587908772433e5,39024.40853788203,1.0,1,failed,"no verdict: numerical_error (phase 1 terminated with max bound violation 1.710e+04, far above the 1.0e-07 feasibility tolerance; no machine-checkable)",3.458,2252,90f5d356,laptop-i5-1135G7-7.7GB-Windows-AMD64-shared,2026-09-30T04:54:41+00:00
scaled_stocfor2,scaled_netlib,2^+-20,7e33deecc7841915e170a88c63d7dae2f87ef04c1462e100fd2f9d86841f8194,2157,2031,highs,1.15.1,optimal,infeasible,,-0.39024408537882029604587908772433e5,,,0,wrong,"infeasible, verifier rejects: [FAIL] aggregate is bounded above         3 unbounded in the direction used, so the aggregate proves nothing: C28, C742, C1253",7.019,0,90f5d356,laptop-i5-1135G7-7.7GB-Windows-AMD64-shared,2026-09-30T04:54:50+00:00
scaled_stocfor3,scaled_netlib,2^+-20,2cef796ed376bbc08693dee0f22923003fbc29a102373d16875fa392d1081689,16675,15695,sankhya,90f5d356,optimal,time_limit,-5.5919772624807195e-05,-0.39976783943649587403509204700686e5,39976.78388772981,0.9999999986011938,0,failed,"no verdict: time_limit (time limit 29.7081s reached inside the basis factorization, which was abandoned; route: the scaled attempt returned time)",66.981,2240,90f5d356,laptop-i5-1135G7-7.7GB-Windows-AMD64-shared,2026-09-30T04:56:02+00:00
scaled_stocfor3,scaled_netlib,2^+-20,2cef796ed376bbc08693dee0f22923003fbc29a102373d16875fa392d1081689,16675,15695,highs,1.15.1,optimal,infeasible,,-0.39976783943649587403509204700686e5,,,0,wrong,"infeasible, verifier rejects: [FAIL] aggregate is bounded above         4 unbounded in the direction used, so the aggregate proves nothing: C102, C566, C1782, C1836",83.089,0,90f5d356,laptop-i5-1135G7-7.7GB-Windows-AMD64-shared,2026-09-30T04:57:34+00:00
scaled_truss,scaled_netlib,2^+-20,3ec62a09cc11bc30ae5920d05c192091009ebe43e07a5940e8f7690d1e3ae41b,1000,8806,sankhya,90f5d356,optimal,numerical_error,33114.07620149902,0.45881584718561673163624258476816e6,425701.7709841177,0.9278270870445707,1,failed,no verdict: numerical_error (engine reported optimal but the returned point violates primal feasibility by 3.693e-04 (3.693e-04 relative to the scale),28.744,23652,90f5d356,laptop-i5-1135G7-7.7GB-Windows-AMD64-shared,2026-09-30T04:58:05+00:00
scaled_truss,scaled_netlib,2^+-20,3ec62a09cc11bc30ae5920d05c192091009ebe43e07a5940e8f7690d1e3ae41b,1000,8806,highs,1.15.1,optimal,optimal,19413.06248983204,0.45881584718561673163624258476816e6,439402.7846957847,0.9576887707586561,0,wrong,"optimal, verifier rejects: [FAIL] row activity                      worst violation 1.562e-02 (1.562e-02 relative to the row's terms) on R458; [FAIL] activity agreement                max |ours - solver's| = 1.562e-02; [FAIL] r",116.867,1451,90f5d356,laptop-i5-1135G7-7.7GB-Windows-AMD64-shared,2026-09-30T05:00:09+00:00
scaled_tuff,scaled_netlib,2^+-20,f3f5728b498a8e4b23a5b3ec94fa92aa3c9aba03ad21ef9fce9e87946be6ad4f,333,587,sankhya,90f5d356,optimal,numerical_error,0.16681774642856056,0.29214776509361284488226309994302e0,0.12533001866505228,0.12533001866505228,1,failed,no verdict: numerical_error (engine reported optimal but the returned point violates primal feasibility by 9.506e-05 (9.506e-05 relative to the scale),4.856,845,90f5d356,laptop-i5-1135G7-7.7GB-Windows-AMD64-shared,2026-09-30T05:00:16+00:00
scaled_tuff,scaled_netlib,2^+-20,f3f5728b498a8e4b23a5b3ec94fa92aa3c9aba03ad21ef9fce9e87946be6ad4f,333,587,highs,1.15.1,optimal,infeasible,,0.29214776509361284488226309994302e0,,,0,wrong,"infeasible, verifier rejects: [FAIL] aggregate is bounded above         1 unbounded in the direction used, so the aggregate proves nothing: C399",9.964,0,90f5d356,laptop-i5-1135G7-7.7GB-Windows-AMD64-shared,2026-09-30T05:00:31+00:00
scaled_vtp.base,scaled_netlib,2^+-20,8ab32ef16509872b18c57fdc0bc7929738a56783bb646e410e0741682480ebc3,198,203,sankhya,90f5d356,optimal,feasible,129831.46246136134,0.1298314624613613657395984384889e6,2.9103830456733704e-11,2.2416623755890586e-16,1,failed,no verdict: feasible (engine reported optimal but the reduced costs violate dual feasibility by 1.095e-05 (1.095e-05 relative to the terms the),4.635,277,90f5d356,laptop-i5-1135G7-7.7GB-Windows-AMD64-shared,2026-09-30T05:00:38+00:00
scaled_vtp.base,scaled_netlib,2^+-20,8ab32ef16509872b18c57fdc0bc7929738a56783bb646e410e0741682480ebc3,198,203,highs,1.15.1,optimal,infeasible,,0.1298314624613613657395984384889e6,,,0,wrong,"infeasible, verifier rejects: [FAIL] aggregate is bounded above         1 unbounded in the direction used, so the aggregate proves nothing: C114",16.000,0,90f5d356,laptop-i5-1135G7-7.7GB-Windows-AMD64-shared,2026-09-30T05:00:57+00:00
scaled_wood1p,scaled_netlib,2^+-20,9e0e746360e1b013d1e4e151986bb5c86f56935a553e81e066e1f98d20263d83,244,2594,sankhya,90f5d356,optimal,optimal,1.4429015321406657,0.14429024115734092400010936668043e1,8.794327435168725e-07,6.09488719724224e-07,1,correct,,1.737,278,90f5d356,laptop-i5-1135G7-7.7GB-Windows-AMD64-shared,2026-09-30T05:01:05+00:00
scaled_wood1p,scaled_netlib,2^+-20,9e0e746360e1b013d1e4e151986bb5c86f56935a553e81e066e1f98d20263d83,244,2594,highs,1.15.1,optimal,optimal,1.442923203615276,0.14429024115734092400010936668043e1,2.0792041866668498e-05,1.4409873945664745e-05,0,wrong,"optimal, verifier rejects: [FAIL] reduced costs                     max |c - A^T y - d| = 9.080e-06 (9.080e-06 relative to its terms) on C305",56.271,212,90f5d356,laptop-i5-1135G7-7.7GB-Windows-AMD64-shared,2026-09-30T05:02:10+00:00
scaled_woodw,scaled_netlib,2^+-20,fe20ec781ed8e08c48a5867730c132354172c8c91fea7bede633a9facbb06f0a,1098,8405,sankhya,90f5d356,optimal,numerical_error,1.3037623330842294,0.1304476333084229269005552085566e1,0.0007139999999998814,0.0005473460743528713,1,failed,no verdict: numerical_error (engine reported optimal but the returned point violates primal feasibility by 3.486e-07 (3.486e-07 relative to the scale),21.310,4087,90f5d356,laptop-i5-1135G7-7.7GB-Windows-AMD64-shared,2026-09-30T05:02:36+00:00
scaled_woodw,scaled_netlib,2^+-20,fe20ec781ed8e08c48a5867730c132354172c8c91fea7bede633a9facbb06f0a,1098,8405,highs,1.15.1,optimal,kNotset,,0.1304476333084229269005552085566e1,,,1,failed,no verdict: kNotset,70.715,-2,90f5d356,laptop-i5-1135G7-7.7GB-Windows-AMD64-shared,2026-09-30T05:03:54+00:00
singular_basis_20,near_singular,e=2^-20,2deb1a7560ecab0a03747e3054050eab937845cf5964535199bc7166196984c1,2,2,sankhya,90f5d356,optimal,optimal,-2.000000476837158,-2.000000476837158,0.0,0.0,1,correct,,2.920,2,90f5d356,laptop-i5-1135G7-7.7GB-Windows-AMD64-shared,2026-09-30T05:03:58+00:00
singular_basis_20,near_singular,e=2^-20,2deb1a7560ecab0a03747e3054050eab937845cf5964535199bc7166196984c1,2,2,highs,1.15.1,optimal,optimal,-2.000000476837158,-2.000000476837158,0.0,0.0,1,correct,,6.296,2,90f5d356,laptop-i5-1135G7-7.7GB-Windows-AMD64-shared,2026-09-30T05:04:07+00:00
singular_basis_30,near_singular,e=2^-30,1c4cce2263f46a62a08b2c0a6fe456eb5e42795fba0688f0a17c98437a0e2c80,2,2,sankhya,90f5d356,optimal,optimal,-2.0000000009313226,-2.0000000004656613,4.656612873077393e-10,2.3283064359965952e-10,1,correct,,1.381,2,90f5d356,laptop-i5-1135G7-7.7GB-Windows-AMD64-shared,2026-09-30T05:04:11+00:00
singular_basis_30,near_singular,e=2^-30,1c4cce2263f46a62a08b2c0a6fe456eb5e42795fba0688f0a17c98437a0e2c80,2,2,highs,1.15.1,optimal,optimal,-2.0000000009313226,-2.0000000004656613,4.656612873077393e-10,2.3283064359965952e-10,1,correct,,7.240,0,90f5d356,laptop-i5-1135G7-7.7GB-Windows-AMD64-shared,2026-09-30T05:04:20+00:00
singular_basis_40,near_singular,e=2^-40,4946c72cffd5819138e78ffed511b8ac7b07f1b3c1bd25c7ee031dfb9c73f727,2,2,sankhya,90f5d356,optimal,optimal,-2.0000000000009095,-2.0000000000004547,4.547473508864641e-13,2.2737367544318036e-13,1,correct,,2.668,2,90f5d356,laptop-i5-1135G7-7.7GB-Windows-AMD64-shared,2026-09-30T05:04:30+00:00
singular_basis_40,near_singular,e=2^-40,4946c72cffd5819138e78ffed511b8ac7b07f1b3c1bd25c7ee031dfb9c73f727,2,2,highs,1.15.1,optimal,optimal,-2.0000000000009095,-2.0000000000004547,4.547473508864641e-13,2.2737367544318036e-13,1,correct,,4.531,0,90f5d356,laptop-i5-1135G7-7.7GB-Windows-AMD64-shared,2026-09-30T05:04:37+00:00
singular_basis_50,near_singular,e=2^-50,d25c2025181dda714a26e154cbadc7ea8dfcc371a7604b6250b30c1f719e066a,2,2,sankhya,90f5d356,optimal,optimal,-2.000000000000001,-2.0000000000000004,4.440892098500626e-16,2.2204460492503126e-16,1,correct,,0.878,2,90f5d356,laptop-i5-1135G7-7.7GB-Windows-AMD64-shared,2026-09-30T05:04:40+00:00
singular_basis_50,near_singular,e=2^-50,d25c2025181dda714a26e154cbadc7ea8dfcc371a7604b6250b30c1f719e066a,2,2,highs,1.15.1,optimal,optimal,-2.000000000000001,-2.0000000000000004,4.440892098500626e-16,2.2204460492503126e-16,1,correct,,6.679,0,90f5d356,laptop-i5-1135G7-7.7GB-Windows-AMD64-shared,2026-09-30T05:04:48+00:00
thin_infeasible_1e-6_1,thin_infeasible,delta=1e-6,ae51219683886407eb1b7a6808e28925962ef9f2174c52c858f2e19282ff15fc,11,12,sankhya,90f5d356,infeasible,numerical_error,0.0,,,,1,failed,"no verdict: numerical_error (phase 1 stalled at max bound violation 1.746e-07, only just above the 1.0e-07 feasibility tolerance; no column prices as)",4.383,13,90f5d356,laptop-i5-1135G7-7.7GB-Windows-AMD64-shared,2026-09-30T05:04:55+00:00
thin_infeasible_1e-6_1,thin_infeasible,delta=1e-6,ae51219683886407eb1b7a6808e28925962ef9f2174c52c858f2e19282ff15fc,11,12,highs,1.15.1,infeasible,infeasible,,,,,1,correct,,8.133,15,90f5d356,laptop-i5-1135G7-7.7GB-Windows-AMD64-shared,2026-09-30T05:05:04+00:00
thin_infeasible_1e-6_2,thin_infeasible,delta=1e-6,14bca31c673342c7f127a5e5a634354aa7597632a3bc56d4c2a688ad57fdf4d4,11,12,sankhya,90f5d356,infeasible,optimal,-8.999999999999996,,,,1,correct,tolerance-feasible point accepted by the verifier,0.920,9,90f5d356,laptop-i5-1135G7-7.7GB-Windows-AMD64-shared,2026-09-30T05:05:12+00:00
thin_infeasible_1e-6_2,thin_infeasible,delta=1e-6,14bca31c673342c7f127a5e5a634354aa7597632a3bc56d4c2a688ad57fdf4d4,11,12,highs,1.15.1,infeasible,infeasible,,,,,1,correct,,3.589,13,90f5d356,laptop-i5-1135G7-7.7GB-Windows-AMD64-shared,2026-09-30T05:05:17+00:00
thin_infeasible_1e-7_1,thin_infeasible,delta=1e-7,78812554f2bbbc3c3ee2ee0351758344ba6e50fedc37747b991bbce6bf8c3dff,11,12,sankhya,90f5d356,infeasible,optimal,451.00000000000006,,,,1,correct,tolerance-feasible point accepted by the verifier,2.660,14,90f5d356,laptop-i5-1135G7-7.7GB-Windows-AMD64-shared,2026-09-30T05:05:21+00:00
thin_infeasible_1e-7_1,thin_infeasible,delta=1e-7,78812554f2bbbc3c3ee2ee0351758344ba6e50fedc37747b991bbce6bf8c3dff,11,12,highs,1.15.1,infeasible,optimal,450.99999999999994,,,,1,correct,tolerance-feasible point accepted by the verifier,5.529,15,90f5d356,laptop-i5-1135G7-7.7GB-Windows-AMD64-shared,2026-09-30T05:05:28+00:00
thin_infeasible_1e-7_2,thin_infeasible,delta=1e-7,3831b5d8f51f0b4b3a8bbf1e6d29c3fce2a85f32b71b8b475a0d6f64336999d4,11,12,sankhya,90f5d356,infeasible,optimal,-8.999999999999996,,,,1,correct,tolerance-feasible point accepted by the verifier,0.581,9,90f5d356,laptop-i5-1135G7-7.7GB-Windows-AMD64-shared,2026-09-30T05:05:31+00:00
thin_infeasible_1e-7_2,thin_infeasible,delta=1e-7,3831b5d8f51f0b4b3a8bbf1e6d29c3fce2a85f32b71b8b475a0d6f64336999d4,11,12,highs,1.15.1,infeasible,optimal,-8.999999999999954,,,,1,correct,tolerance-feasible point accepted by the verifier,6.586,13,90f5d356,laptop-i5-1135G7-7.7GB-Windows-AMD64-shared,2026-09-30T05:05:41+00:00
thin_infeasible_1e-8_1,thin_infeasible,delta=1e-8,80c61bc728f91f541dcbbf193281fba84431be786b0c5dec2ed0dc7b93a26ad5,11,12,sankhya,90f5d356,infeasible,optimal,451.00000000000006,,,,1,correct,tolerance-feasible point accepted by the verifier,2.137,14,90f5d356,laptop-i5-1135G7-7.7GB-Windows-AMD64-shared,2026-09-30T05:05:44+00:00
thin_infeasible_1e-8_1,thin_infeasible,delta=1e-8,80c61bc728f91f541dcbbf193281fba84431be786b0c5dec2ed0dc7b93a26ad5,11,12,highs,1.15.1,infeasible,optimal,450.99999999999994,,,,1,correct,tolerance-feasible point accepted by the verifier,3.209,15,90f5d356,laptop-i5-1135G7-7.7GB-Windows-AMD64-shared,2026-09-30T05:05:50+00:00
thin_infeasible_1e-8_2,thin_infeasible,delta=1e-8,fbd859b10486ffb2d41c968a84f7118046c88d3b4e876a29f9c194633a214b6c,11,12,sankhya,90f5d356,infeasible,optimal,-8.999999999999996,,,,1,correct,tolerance-feasible point accepted by the verifier,2.548,9,90f5d356,laptop-i5-1135G7-7.7GB-Windows-AMD64-shared,2026-09-30T05:05:54+00:00
thin_infeasible_1e-8_2,thin_infeasible,delta=1e-8,fbd859b10486ffb2d41c968a84f7118046c88d3b4e876a29f9c194633a214b6c,11,12,highs,1.15.1,infeasible,optimal,-8.999999999999954,,,,1,correct,tolerance-feasible point accepted by the verifier,3.595,13,90f5d356,laptop-i5-1135G7-7.7GB-Windows-AMD64-shared,2026-09-30T05:05:59+00:00
thin_infeasible_1e-9_1,thin_infeasible,delta=1e-9,3acbda6c1e1add99487ac01a8e75d773d96a1dc65d8ddfe8af66a5daa00d8ad4,11,12,sankhya,90f5d356,infeasible,optimal,451.00000000000006,,,,1,correct,tolerance-feasible point accepted by the verifier,3.632,14,90f5d356,laptop-i5-1135G7-7.7GB-Windows-AMD64-shared,2026-09-30T05:06:04+00:00
thin_infeasible_1e-9_1,thin_infeasible,delta=1e-9,3acbda6c1e1add99487ac01a8e75d773d96a1dc65d8ddfe8af66a5daa00d8ad4,11,12,highs,1.15.1,infeasible,optimal,450.99999999999994,,,,1,correct,tolerance-feasible point accepted by the verifier,6.271,15,90f5d356,laptop-i5-1135G7-7.7GB-Windows-AMD64-shared,2026-09-30T05:06:12+00:00
thin_infeasible_1e-9_2,thin_infeasible,delta=1e-9,da409826e45276a7959d39f88267aee243b18ab86465ac5fe5b5a61ee7f90aa9,11,12,sankhya,90f5d356,infeasible,optimal,-8.999999999999996,,,,1,correct,tolerance-feasible point accepted by the verifier,0.715,9,90f5d356,laptop-i5-1135G7-7.7GB-Windows-AMD64-shared,2026-09-30T05:06:20+00:00
thin_infeasible_1e-9_2,thin_infeasible,delta=1e-9,da409826e45276a7959d39f88267aee243b18ab86465ac5fe5b5a61ee7f90aa9,11,12,highs,1.15.1,infeasible,optimal,-8.999999999999954,,,,1,correct,tolerance-feasible point accepted by the verifier,5.964,13,90f5d356,laptop-i5-1135G7-7.7GB-Windows-AMD64-shared,2026-09-30T05:06:27+00:00
unbounded_1,unbounded,ray e_u + e_v,75d77e847504bbf5cd85e5c8012a8ca8e62ac1188d0dcefd78629fb04ced434b,8,12,sankhya,90f5d356,unbounded,unbounded,-147.04347826086953,,,,1,correct,,4.260,7,90f5d356,laptop-i5-1135G7-7.7GB-Windows-AMD64-shared,2026-09-30T05:06:32+00:00
unbounded_1,unbounded,ray e_u + e_v,75d77e847504bbf5cd85e5c8012a8ca8e62ac1188d0dcefd78629fb04ced434b,8,12,highs,1.15.1,unbounded,unbounded,-335.3333333333333,,,,1,correct,,2.152,3,90f5d356,laptop-i5-1135G7-7.7GB-Windows-AMD64-shared,2026-09-30T05:06:35+00:00
unbounded_2,unbounded,ray e_u + e_v,c27964ed945564409cff15a4e5d1e82f08b9db82340e099563495d4f4d18e48d,8,12,sankhya,90f5d356,unbounded,unbounded,-1094.1781970649845,,,,1,correct,,5.372,20,90f5d356,laptop-i5-1135G7-7.7GB-Windows-AMD64-shared,2026-09-30T05:06:42+00:00
unbounded_2,unbounded,ray e_u + e_v,c27964ed945564409cff15a4e5d1e82f08b9db82340e099563495d4f4d18e48d,8,12,highs,1.15.1,unbounded,unbounded,-133.68925170068084,,,,1,correct,,2.929,18,90f5d356,laptop-i5-1135G7-7.7GB-Windows-AMD64-shared,2026-09-30T05:06:45+00:00
unbounded_3,unbounded,ray e_u + e_v,3618a6dad768b46abe38ed609c5681858af50b4be75cc0935023e09ba286631f,8,12,sankhya,90f5d356,unbounded,unbounded,-18892.999999999916,,,,1,correct,,4.872,20,90f5d356,laptop-i5-1135G7-7.7GB-Windows-AMD64-shared,2026-09-30T05:06:54+00:00
unbounded_3,unbounded,ray e_u + e_v,3618a6dad768b46abe38ed609c5681858af50b4be75cc0935023e09ba286631f,8,12,highs,1.15.1,unbounded,unbounded,-18893.000000000342,,,,1,correct,,3.449,18,90f5d356,laptop-i5-1135G7-7.7GB-Windows-AMD64-shared,2026-09-30T05:06:59+00:00
unbounded_4,unbounded,ray e_u + e_v,100069ca169880bf8f1997f2b080311023cea0e92fa32f513d72c83ea7a22a33,8,12,sankhya,90f5d356,unbounded,unbounded,-179.72603207096543,,,,1,correct,,15.054,17,90f5d356,laptop-i5-1135G7-7.7GB-Windows-AMD64-shared,2026-09-30T05:07:16+00:00
unbounded_4,unbounded,ray e_u + e_v,100069ca169880bf8f1997f2b080311023cea0e92fa32f513d72c83ea7a22a33,8,12,highs,1.15.1,unbounded,unbounded,-611.015589743589,,,,1,correct,,23.170,15,90f5d356,laptop-i5-1135G7-7.7GB-Windows-AMD64-shared,2026-09-30T05:07:40+00:00
